Provider_Code,Count_Of_Cases,Count_Of_Cases_Str,Effective_Snapshot_Date
RTF,2,2,2016-07-31
RM3,1,1,2017-07-31
REM,2,2,2012-04-30
RYJ,6,6,2013-03-31
RBA,2,2,2014-02-28
RNL,3,3,2015-02-28
RFR,1,1,2016-02-29
RX1,5,5,2016-07-31
RNZ,0,0,2017-07-31
RCF,1,1,2012-04-30
RGQ,2,2,2013-03-31
RBV,0,0,2014-02-28
RAP,3,3,2015-02-28
RDZ,0,0,2016-02-29
RTH,6,6,2016-07-31
RXK,1,1,2017-07-31
RBS,0,0,2012-04-30
R1F,0,0,2013-03-31
RNA,1,1,2014-02-28
RVW,0,0,2015-02-28
RPY,7,7,2016-02-29
RGM,0,0,2016-07-31
RCU,0,0,2017-07-31
RTK,3,3,2012-04-30
RGP,2,2,2013-03-31
RAS,1,1,2014-02-28
RNS,4,4,2015-02-28
RRJ,0,0,2016-02-29
RW6,1,1,2016-07-31
RHQ,1,1,2017-07-31
RF4,5,5,2012-04-30
RNQ,3,3,2013-03-31
RTD,11,11,2014-02-28
RBZ,0,0,2015-02-28
RL4,2,2,2016-02-29
RK9,1,1,2016-07-31
RK5,6,6,2017-07-31
RVL,4,4,2012-04-30
RJZ,5,5,2013-03-31
RCX,7,7,2014-02-28
RJL,3,3,2015-02-28
RET,1,1,2016-02-29
RD3,1,1,2016-07-31
RXW,3,3,2017-07-31
RFF,3,3,2012-04-30
RAX,2,2,2013-03-31
RL1,0,0,2014-02-28
RTF,4,4,2015-02-28
RKE,0,0,2016-02-29
RHU,3,3,2016-07-31
RTR,5,5,2017-07-31
R1H,7,7,2012-04-30
RXN,4,4,2013-03-31
RFR,1,1,2014-02-28
RX1,9,9,2015-02-28
RWD,6,6,2016-02-29
RPC,0,0,2016-07-31
RE9,4,4,2017-07-31
RDD,7,7,2012-04-30
RR8,10,10,2013-03-31
RDZ,1,1,2014-02-28
RTH,3,3,2015-02-28
RRV,10,10,2016-02-29
RHW,1,1,2016-07-31
RJC,4,4,2017-07-31
RC1,1,1,2012-04-30
RJ2,2,2,2013-03-31
RPY,5,5,2014-02-28
RGM,0,0,2015-02-28
RJE,11,11,2016-02-29
RT3,2,2,2016-07-31
RAJ,1,1,2017-07-31
RQ3,0,0,2012-04-30
RBQ,0,0,2013-03-31
RRJ,1,1,2014-02-28
RW6,8,8,2015-02-28
RM2,2,2,2016-02-29
REF,0,0,2016-07-31
RVY,0,0,2017-07-31
RLU,0,0,2012-04-30
REP,0,0,2013-03-31
RL4,2,2,2014-02-28
RGN,4,4,2015-02-28
RHM,3,3,2016-02-29
RH8,1,1,2016-07-31
RJ7,2,2,2017-07-31
RXL,4,4,2012-04-30
RC9,1,1,2013-03-31
RET,1,1,2014-02-28
RK9,4,4,2015-02-28
RRK,7,7,2016-02-29
RAL,9,9,2016-07-31
RBN,5,5,2017-07-31
RMC,3,3,2012-04-30
RWF,7,7,2013-03-31
RKE,0,0,2014-02-28
RD3,0,0,2015-02-28
RA7,2,2,2016-02-29
RQ6,6,6,2016-07-31
RWJ,1,1,2017-07-31
RAE,7,7,2012-04-30
RPA,2,2,2013-03-31
RWD,3,3,2014-02-28
RHU,4,4,2015-02-28
RKB,3,3,2016-02-29
RAN,0,0,2016-07-31
RTP,4,4,2017-07-31
RXH,1,1,2012-04-30
RBT,2,2,2013-03-31
RRV,10,10,2014-02-28
RPC,0,0,2015-02-28
RWE,7,7,2016-02-29
RA2,0,0,2016-07-31
RMP,2,2,2017-07-31
RXQ,2,2,2012-04-30
RQ8,1,1,2013-03-31
RRK,6,6,2014-02-28
RHW,0,0,2015-02-28
RTX,4,4,2016-02-29
RD1,4,4,2016-07-31
RBA,1,1,2017-07-31
RJF,2,2,2012-04-30
RJD,0,0,2013-03-31
RJE,4,4,2014-02-28
RT3,3,3,2015-02-28
RBK,0,0,2016-02-29
RM3,1,1,2016-07-31
RBV,1,1,2017-07-31
RWY,4,4,2012-04-30
RXF,3,3,2013-03-31
RM2,1,1,2014-02-28
REF,2,2,2015-02-28
RWW,9,9,2016-02-29
RNZ,0,0,2016-07-31
REN,1,1,2017-07-31
RGT,2,2,2012-04-30
RD8,2,2,2013-03-31
RHM,5,5,2014-02-28
RH8,0,0,2015-02-28
RWG,2,2,2016-02-29
RXK,3,3,2016-07-31
RNA,4,4,2017-07-31
RW3,2,2,2012-04-30
RP6,0,0,2013-03-31
RA7,2,2,2014-02-28
RAL,7,7,2015-02-28
RGR,1,1,2016-02-29
RCU,1,1,2016-07-31
RAS,1,1,2017-07-31
RQM,1,1,2012-04-30
RM1,2,2,2013-03-31
RKB,3,3,2014-02-28
RQ6,6,6,2015-02-28
RYR,2,2,2016-02-29
RHQ,10,10,2016-07-31
RTD,5,5,2017-07-31
RFS,5,5,2012-04-30
RVJ,17,17,2013-03-31
RWE,0,0,2014-02-28
RAN,0,0,2015-02-28
RA3,0,0,2016-02-29
RK5,1,1,2016-07-31
RQW,4,4,2017-07-31
RLN,1,1,2012-04-30
RNL,5,5,2013-03-31
RTX,4,4,2014-02-28
RA2,0,0,2015-02-28
RBL,9,9,2016-02-29
RXW,0,0,2016-07-31
RCX,5,5,2017-07-31
REN,0,0,2012-04-30
RAP,2,2,2013-03-31
RBK,2,2,2014-02-28
RD1,4,4,2015-02-28
RWP,3,3,2016-02-29
RTR,3,3,2016-07-31
RL1,0,0,2017-07-31
RDE,4,4,2012-04-30
RVW,2,2,2013-03-31
RWW,1,1,2014-02-28
RM3,4,4,2015-02-28
RRF,0,0,2016-02-29
RE9,2,2,2016-07-31
RFR,2,2,2017-07-31
RJR,4,4,2012-04-30
RV8,2,2,2013-03-31
RWG,0,0,2014-02-28
RNZ,4,4,2015-02-28
RLQ,3,3,2016-02-29
RJC,0,0,2016-07-31
RDZ,5,5,2017-07-31
RXP,5,5,2012-04-30
RNS,5,5,2013-03-31
RFW,1,1,2014-02-28
RXK,4,4,2015-02-28
RA4,3,3,2016-02-29
RAJ,1,1,2016-07-31
RPY,5,5,2017-07-31
RJ6,2,2,2012-04-30
RBZ,3,3,2013-03-31
RGR,0,0,2014-02-28
RCU,0,0,2015-02-28
RCB,5,5,2016-02-29
RVY,1,1,2016-07-31
RRJ,0,0,2017-07-31
RN7,4,4,2012-04-30
RJL,4,4,2013-03-31
RYR,3,3,2014-02-28
RHQ,4,4,2015-02-28
REM,6,6,2016-02-29
RJ7,2,2,2016-07-31
RL4,2,2,2017-07-31
RTG,6,6,2012-04-30
RTF,5,5,2013-03-31
RA3,1,1,2014-02-28
RK5,6,6,2015-02-28
RCF,2,2,2016-02-29
RBN,3,3,2016-07-31
RET,0,0,2017-07-31
RP5,3,3,2012-04-30
RX1,20,20,2013-03-31
RBL,3,3,2014-02-28
RXW,1,1,2015-02-28
RBS,0,0,2016-02-29
RWJ,3,3,2016-07-31
RKE,1,1,2017-07-31
RBD,4,4,2012-04-30
RTH,10,10,2013-03-31
RWP,3,3,2014-02-28
RA9,2,2,2015-02-28
RTK,2,2,2016-02-29
RTP,1,1,2016-07-31
RA9,2,2,2017-07-31
RC3,0,0,2012-04-30
RGM,0,0,2013-03-31
RRF,1,1,2014-02-28
RTR,11,11,2015-02-28
RF4,2,2,2016-02-29
RMP,3,3,2016-07-31
RWD,2,2,2017-07-31
RWH,2,2,2012-04-30
RW6,9,9,2013-03-31
RLQ,1,1,2014-02-28
RE9,4,4,2015-02-28
RFF,1,1,2016-02-29
RBA,0,0,2016-07-31
RRV,7,7,2017-07-31
RJN,3,3,2012-04-30
RGN,2,2,2013-03-31
RA4,1,1,2014-02-28
RJC,2,2,2015-02-28
R1H,3,3,2016-02-29
RBV,6,6,2016-07-31
RHM,8,8,2017-07-31
RVV,5,5,2012-04-30
RK9,1,1,2013-03-31
RCB,8,8,2014-02-28
RAJ,0,0,2015-02-28
RDD,3,3,2016-02-29
REN,1,1,2016-07-31
RRK,7,7,2017-07-31
RXR,1,1,2012-04-30
RD3,3,3,2013-03-31
REM,1,1,2014-03-31
RVY,1,1,2015-02-28
RC1,2,2,2016-02-29
RNA,2,2,2016-07-31
RA7,6,6,2017-07-31
RXC,3,3,2012-04-30
RHU,6,6,2013-03-31
RCF,0,0,2014-03-31
RBN,2,2,2015-02-28
RQ3,0,0,2016-02-29
RAS,1,1,2016-07-31
RKB,3,3,2017-07-31
RVR,6,6,2012-04-30
RQW,0,0,2013-03-31
RBS,0,0,2014-03-31
RJ7,4,4,2015-02-28
RXL,5,5,2016-02-29
RTD,6,6,2016-07-31
RWE,5,5,2017-07-31
RDU,1,1,2012-04-30
RPC,0,0,2013-03-31
RTK,3,3,2014-03-31
RWJ,5,5,2015-02-28
RMC,1,1,2016-02-29
RQW,2,2,2016-07-31
RTX,4,4,2017-07-31
RR7,2,2,2012-04-30
RHW,2,2,2013-03-31
RF4,2,2,2014-03-31
RTP,6,6,2015-02-28
RAE,0,0,2016-02-29
RCX,4,4,2016-07-31
RJE,10,10,2017-07-31
RLT,1,1,2012-04-30
RT3,0,0,2013-03-31
RFF,1,1,2014-03-31
RMP,1,1,2015-02-28
RXH,4,4,2016-02-29
RL1,0,0,2016-07-31
RK9,2,2,2017-07-31
RTE,6,6,2012-04-30
REF,2,2,2013-03-31
R1H,5,5,2014-03-31
RBA,2,2,2015-02-28
RXQ,2,2,2016-02-29
RFR,2,2,2016-07-31
RBK,2,2,2017-07-31
RP4,1,1,2012-04-30
RH8,3,3,2013-03-31
RDD,2,2,2014-03-31
RBV,0,0,2015-02-28
RJF,0,0,2016-02-29
RDZ,5,5,2016-07-31
RWW,1,1,2017-07-31
RN3,4,4,2012-04-30
RAL,6,6,2013-03-31
RC1,0,0,2014-03-31
REN,0,0,2015-02-28
RWY,4,4,2016-02-29
RPY,6,6,2016-07-31
RWG,0,0,2017-07-31
RJ1,4,4,2012-04-30
RQ6,1,1,2013-03-31
RQ3,0,0,2014-03-31
RNA,1,1,2015-02-28
RGT,3,3,2016-02-29
RRJ,1,1,2016-07-31
RGR,1,1,2017-07-31
RN5,3,3,2012-04-30
RBB,0,0,2013-03-31
RLU,0,0,2014-03-31
RAS,1,1,2015-02-28
RW3,5,5,2016-02-29
RL4,7,7,2016-07-31
RYR,4,4,2017-07-31
RCD,1,1,2012-04-30
RAN,2,2,2013-03-31
RXL,2,2,2014-03-31
RTD,10,10,2015-02-28
RQM,1,1,2016-02-29
RET,1,1,2016-07-31
RA3,0,0,2017-07-31
RR1,12,12,2012-04-30
RA2,2,2,2013-03-31
RMC,2,2,2014-03-31
RQW,3,3,2015-02-28
RFS,1,1,2016-02-29
RKE,1,1,2016-07-31
RBL,2,2,2017-07-31
RD7,3,3,2012-04-30
RD1,7,7,2013-03-31
RAE,4,4,2014-03-31
RCX,0,0,2015-02-28
RLN,6,6,2016-02-29
RA9,2,2,2016-07-31
RWP,4,4,2017-07-31
RQQ,1,1,2012-04-30
RL4,3,3,2013-03-31
RXH,2,2,2014-03-31
RL1,0,0,2015-02-28
RDE,0,0,2016-02-29
RWD,6,6,2016-07-31
RRF,7,7,2017-07-31
RQX,0,0,2012-04-30
RM3,2,2,2013-03-31
RXQ,2,2,2014-03-31
RFR,5,5,2015-02-28
RJR,0,0,2016-02-29
RRV,7,7,2016-07-31
RLQ,0,0,2017-07-31
RWA,5,5,2012-04-30
RNZ,0,0,2013-03-31
RJF,1,1,2014-03-31
RDZ,2,2,2015-02-28
RXP,0,0,2016-02-29
RM2,3,3,2016-07-31
RA4,1,1,2017-07-31
RYJ,11,11,2012-04-30
RXK,1,1,2013-03-31
RWY,0,0,2014-03-31
RPY,2,2,2015-02-28
RJ6,2,2,2016-02-29
RHM,4,4,2016-07-31
RCB,2,2,2017-07-31
RGQ,2,2,2012-04-30
RCU,2,2,2013-03-31
RGT,5,5,2014-03-31
RRJ,0,0,2015-02-28
RN7,2,2,2016-02-29
RRK,8,8,2016-07-31
REM,6,6,2017-07-31
R1F,0,0,2012-04-30
RHQ,10,10,2013-03-31
RW3,4,4,2014-03-31
RL4,5,5,2015-02-28
RTG,5,5,2016-02-29
RA7,3,3,2016-07-31
RCF,0,0,2017-07-31
RGP,0,0,2012-04-30
RK5,4,4,2013-03-31
RQM,0,0,2014-03-31
RET,0,0,2015-02-28
RP5,2,2,2016-02-29
RKB,5,5,2016-07-31
RBS,0,0,2017-07-31
RNQ,4,4,2012-04-30
RXW,4,4,2013-03-31
RFS,3,3,2014-03-31
RKE,0,0,2015-02-28
RBD,1,1,2016-02-29
RWE,1,1,2016-07-31
RTK,3,3,2017-07-31
RJZ,5,5,2012-04-30
RA9,0,0,2013-03-31
RLN,4,4,2014-03-31
RWD,1,1,2015-02-28
RWH,4,4,2016-02-29
RTX,2,2,2016-07-31
RF4,2,2,2017-07-31
RAX,0,0,2012-04-30
RTR,3,3,2013-03-31
REN,0,0,2014-03-31
RRV,11,11,2015-02-28
RJN,3,3,2016-02-29
RJE,10,10,2016-07-31
RFF,0,0,2017-07-31
RXN,3,3,2012-04-30
RE9,0,0,2013-03-31
RDE,3,3,2014-03-31
RJE,7,7,2015-02-28
RVV,1,1,2016-02-29
RBK,1,1,2016-07-31
R1H,10,10,2017-07-31
RR8,13,13,2012-04-30
RJC,1,1,2013-03-31
RJR,1,1,2014-03-31
RM2,3,3,2015-02-28
RXR,1,1,2016-02-29
RWW,3,3,2016-07-31
RDD,1,1,2017-07-31
RJ2,0,0,2012-04-30
RAJ,3,3,2013-03-31
RXP,3,3,2014-03-31
RHM,4,4,2015-02-28
RXC,3,3,2016-02-29
RWG,3,3,2016-07-31
RC1,0,0,2017-07-31
RBQ,0,0,2012-04-30
RVY,5,5,2013-03-31
RJ6,2,2,2014-03-31
RRK,4,4,2015-02-28
RVR,3,3,2016-02-29
RGR,3,3,2016-07-31
RQ3,0,0,2017-07-31
REP,0,0,2012-04-30
RBN,0,0,2013-03-31
RN7,1,1,2014-03-31
RA7,4,4,2015-02-28
RDU,3,3,2016-02-29
RYR,4,4,2016-07-31
RXL,4,4,2017-07-31
RC9,1,1,2012-04-30
RJ7,5,5,2013-03-31
RTG,3,3,2014-03-31
RKB,3,3,2015-02-28
RR7,6,6,2016-02-29
RA3,0,0,2016-07-31
RMC,6,6,2017-07-31
RWF,7,7,2012-04-30
RWJ,6,6,2013-03-31
RP5,1,1,2014-03-31
RWE,5,5,2015-02-28
RLT,1,1,2016-02-29
RBL,2,2,2016-07-31
RAE,1,1,2017-07-31
RPA,3,3,2012-04-30
RTP,1,1,2013-03-31
RBD,3,3,2014-03-31
RTX,1,1,2015-02-28
RTE,6,6,2016-02-29
RWP,3,3,2016-07-31
RXH,9,9,2017-07-31
RBT,0,0,2012-04-30
RMP,6,6,2013-03-31
RWH,0,0,2014-03-31
RBK,1,1,2015-02-28
RP4,3,3,2016-02-29
RRF,2,2,2016-07-31
RXQ,6,6,2017-07-31
RQ8,1,1,2012-04-30
RBA,1,1,2013-03-31
RJN,1,1,2014-03-31
RWW,2,2,2015-02-28
RN3,2,2,2016-02-29
RLQ,1,1,2016-07-31
RJF,3,3,2017-07-31
RJD,3,3,2012-04-30
RBV,0,0,2013-03-31
RVV,4,4,2014-03-31
RWG,1,1,2015-02-28
RJ1,4,4,2016-02-29
RA4,0,0,2016-07-31
RWY,2,2,2017-07-31
RXF,7,7,2012-04-30
RNA,7,7,2013-03-31
RXR,2,2,2014-03-31
RFW,1,1,2015-02-28
RN5,1,1,2016-02-29
RCB,3,3,2016-07-31
RGT,7,7,2017-07-31
RD8,1,1,2012-04-30
RAS,1,1,2013-03-31
RXC,4,4,2014-03-31
RGR,1,1,2015-02-28
RCD,6,6,2016-02-29
RDE,7,7,2016-08-31
REM,9,9,2017-08-31
RP6,0,0,2012-04-30
RTD,4,4,2013-03-31
RVR,5,5,2014-03-31
RYR,1,1,2015-02-28
RR1,6,6,2016-02-29
RJR,3,3,2016-08-31
RCF,0,0,2017-08-31
RM1,4,4,2012-04-30
RCX,1,1,2013-03-31
RDU,4,4,2014-03-31
RA3,2,2,2015-02-28
RQQ,1,1,2016-02-29
RXP,0,0,2016-08-31
RBS,0,0,2017-08-31
RVJ,3,3,2012-04-30
RL1,0,0,2013-03-31
RR7,2,2,2014-03-31
RBL,2,2,2015-02-28
RQX,0,0,2016-02-29
RJ6,1,1,2016-08-31
RTK,1,1,2017-08-31
RNL,1,1,2012-04-30
RFR,1,1,2013-03-31
RLT,1,1,2014-03-31
RWP,1,1,2015-02-28
RWA,1,1,2016-02-29
RN7,2,2,2016-08-31
RF4,1,1,2017-08-31
RAP,3,3,2012-04-30
RDZ,5,5,2013-03-31
RTE,8,8,2014-03-31
RRF,0,0,2015-02-28
RYJ,6,6,2016-02-29
RTG,2,2,2016-08-31
RFF,1,1,2017-08-31
RVW,0,0,2012-04-30
RPY,4,4,2013-03-31
RP4,1,1,2014-03-31
RLQ,1,1,2015-02-28
RGQ,6,6,2016-02-29
RP5,1,1,2016-08-31
R1H,6,6,2017-08-31
RV8,6,6,2012-04-30
RRJ,0,0,2013-03-31
RN3,3,3,2014-03-31
RA4,4,4,2015-02-28
R1F,1,1,2016-02-29
RBD,1,1,2016-08-31
RDD,1,1,2017-08-31
RNS,3,3,2012-04-30
RET,0,0,2013-03-31
RJ1,6,6,2014-03-31
RCB,9,9,2015-02-28
RGP,1,1,2016-02-29
RWH,1,1,2016-08-31
RC1,1,1,2017-08-31
RBZ,0,0,2012-04-30
RKE,3,3,2013-03-31
RN5,3,3,2014-03-31
RQ3,0,0,2015-03-31
RNQ,1,1,2016-02-29
RJN,0,0,2016-08-31
RQ3,0,0,2017-08-31
RJL,3,3,2012-04-30
RWD,6,6,2013-03-31
RCD,1,1,2014-03-31
RLU,0,0,2015-03-31
RJZ,3,3,2016-02-29
RVV,3,3,2016-08-31
RXL,3,3,2017-08-31
RTF,6,6,2012-04-30
RRV,7,7,2013-03-31
RR1,7,7,2014-03-31
RXL,1,1,2015-03-31
RAX,3,3,2016-02-29
RXR,1,1,2016-08-31
RMC,3,3,2017-08-31
RX1,9,9,2012-04-30
RRK,5,5,2013-03-31
RQQ,0,0,2014-03-31
RMC,3,3,2015-03-31
RXN,7,7,2016-02-29
RXC,5,5,2016-08-31
RAE,0,0,2017-08-31
RTH,11,11,2012-04-30
RJE,5,5,2013-03-31
RQX,0,0,2014-03-31
RAE,3,3,2015-03-31
RR8,8,8,2016-02-29
RVR,3,3,2016-08-31
RXH,4,4,2017-08-31
RGM,0,0,2012-04-30
RM2,0,0,2013-03-31
RWA,4,4,2014-03-31
RXH,7,7,2015-03-31
RJ2,2,2,2016-02-29
RDU,3,3,2016-08-31
RXQ,6,6,2017-08-31
RW6,17,17,2012-04-30
RHM,4,4,2013-03-31
RYJ,7,7,2014-03-31
RXQ,1,1,2015-03-31
RBQ,1,1,2016-02-29
RR7,0,0,2016-08-31
RJF,0,0,2017-08-31
RGN,0,0,2012-04-30
RA7,0,0,2013-03-31
RGQ,2,2,2014-03-31
RJF,1,1,2015-03-31
REP,0,0,2016-02-29
RLT,1,1,2016-08-31
RWY,2,2,2017-08-31
RK9,4,4,2012-04-30
RKB,5,5,2013-03-31
R1F,1,1,2014-03-31
RWY,1,1,2015-03-31
R1K,2,2,2016-02-29
RTE,1,1,2016-08-31
RGT,5,5,2017-08-31
RD3,2,2,2012-04-30
RWE,9,9,2013-03-31
RGP,1,1,2014-03-31
RGT,4,4,2015-03-31
RC9,0,0,2016-02-29
RP4,0,0,2016-08-31
RQM,1,1,2017-08-31
RHU,6,6,2012-04-30
RTX,10,10,2013-03-31
RNQ,0,0,2014-03-31
RW3,6,6,2015-03-31
RWF,0,0,2016-02-29
RN3,2,2,2016-08-31
RFS,0,0,2017-08-31
RQW,1,1,2012-04-30
RBK,2,2,2013-03-31
RJZ,6,6,2014-03-31
RQM,1,1,2015-03-31
RPA,1,1,2016-02-29
RJ1,3,3,2016-08-31
RLN,1,1,2017-08-31
RPC,0,0,2012-04-30
RWW,2,2,2013-03-31
RAX,0,0,2014-03-31
RFS,2,2,2015-03-31
RBT,3,3,2016-02-29
RN5,1,1,2016-08-31
RDE,1,1,2017-08-31
RHW,1,1,2012-04-30
RWG,2,2,2013-03-31
RXN,9,9,2014-03-31
RLN,2,2,2015-03-31
RQ8,1,1,2016-02-29
RCD,4,4,2016-08-31
RJR,2,2,2017-08-31
RT3,3,3,2012-04-30
RFW,6,6,2013-03-31
RR8,9,9,2014-03-31
RDE,7,7,2015-03-31
RXF,1,1,2016-02-29
RR1,12,12,2016-08-31
RXP,0,0,2017-08-31
REF,2,2,2012-04-30
RGR,4,4,2013-03-31
RJ2,4,4,2014-03-31
RJR,8,8,2015-03-31
RD8,1,1,2016-02-29
RQX,1,1,2016-08-31
RJ6,1,1,2017-08-31
RH8,4,4,2012-04-30
RYR,9,9,2013-03-31
RBQ,0,0,2014-03-31
RXP,2,2,2015-03-31
RP6,0,0,2016-02-29
RWA,6,6,2016-08-31
RN7,0,0,2017-08-31
RAL,3,3,2012-04-30
RA3,1,1,2013-03-31
REP,0,0,2014-03-31
RJ6,1,1,2015-03-31
RM1,1,1,2016-02-29
RYJ,8,8,2016-08-31
RTG,7,7,2017-08-31
RQ6,3,3,2012-04-30
RBL,2,2,2013-03-31
R1K,2,2,2014-03-31
RN7,1,1,2015-03-31
RVJ,4,4,2016-02-29
RGQ,0,0,2016-08-31
RP5,2,2,2017-08-31
RBB,0,0,2012-04-30
RWP,5,5,2013-03-31
RC9,1,1,2014-03-31
RTG,4,4,2015-03-31
RNL,1,1,2016-02-29
R1F,1,1,2016-08-31
RBD,0,0,2017-08-31
RAN,2,2,2012-04-30
RRF,1,1,2013-03-31
RWF,3,3,2014-03-31
RP5,5,5,2015-03-31
RAP,6,6,2016-02-29
RGP,3,3,2016-08-31
RWH,2,2,2017-08-31
RA2,2,2,2012-04-30
RLQ,2,2,2013-03-31
RPA,2,2,2014-03-31
RBD,2,2,2015-03-31
RVW,1,1,2016-02-29
RNQ,0,0,2016-08-31
RJN,2,2,2017-08-31
RD1,1,1,2012-04-30
RA4,1,1,2013-03-31
RBT,1,1,2014-03-31
RWH,1,1,2015-03-31
RNS,2,2,2016-02-29
RJZ,6,6,2016-08-31
RVV,1,1,2017-08-31
RL4,2,2,2012-04-30
RCB,7,7,2013-03-31
RQ8,1,1,2014-03-31
RJN,2,2,2015-03-31
RBZ,1,1,2016-02-29
RAX,1,1,2016-08-31
RXR,5,5,2017-08-31
RM3,0,0,2012-04-30
REM,9,9,2013-04-30
RXF,2,2,2014-03-31
RVV,4,4,2015-03-31
RJL,4,4,2016-02-29
RXN,7,7,2016-08-31
RXC,6,6,2017-08-31
RNZ,2,2,2012-04-30
RCF,2,2,2013-04-30
RD8,4,4,2014-03-31
RXR,3,3,2015-03-31
RTF,0,0,2016-02-29
RR8,8,8,2016-08-31
RVR,4,4,2017-08-31
RXK,3,3,2012-04-30
RBS,0,0,2013-04-30
RP6,0,0,2014-03-31
RXC,3,3,2015-03-31
RX1,7,7,2016-02-29
RJ2,2,2,2016-08-31
RDU,6,6,2017-08-31
RCU,1,1,2012-04-30
RTK,1,1,2013-04-30
RM1,3,3,2014-03-31
RVR,0,0,2015-03-31
RTH,5,5,2016-02-29
RBQ,0,0,2016-08-31
RR7,4,4,2017-08-31
RHQ,10,10,2012-04-30
RF4,1,1,2013-04-30
RVJ,8,8,2014-03-31
RDU,2,2,2015-03-31
RGM,0,0,2016-02-29
REP,0,0,2016-08-31
RLT,1,1,2017-08-31
RK5,2,2,2012-04-30
RVL,3,3,2013-04-30
RNL,1,1,2014-03-31
RR7,1,1,2015-03-31
RW6,6,6,2016-02-29
R1K,2,2,2016-08-31
RTE,8,8,2017-08-31
RXW,2,2,2012-04-30
RFF,2,2,2013-04-30
RAP,3,3,2014-03-31
RLT,1,1,2015-03-31
RGN,3,3,2016-02-29
RC9,0,0,2016-08-31
RP4,2,2,2017-08-31
RA9,2,2,2012-04-30
R1H,5,5,2013-04-30
RVW,0,0,2014-03-31
RTE,4,4,2015-03-31
RK9,3,3,2016-02-29
RWF,1,1,2016-08-31
RN3,2,2,2017-08-31
RTR,3,3,2012-04-30
RDD,3,3,2013-04-30
RNS,2,2,2014-03-31
RP4,0,0,2015-03-31
RD3,4,4,2016-02-29
RPA,2,2,2016-08-31
RJ1,3,3,2017-08-31
RE9,1,1,2012-04-30
RC1,0,0,2013-04-30
RBZ,0,0,2014-03-31
RN3,3,3,2015-03-31
RNQ,2,2,2016-03-31
RBT,3,3,2016-08-31
RN5,1,1,2017-08-31
RJC,3,3,2012-04-30
RQ3,0,0,2013-04-30
RJL,3,3,2014-03-31
RJ1,4,4,2015-03-31
RJZ,2,2,2016-03-31
RQ8,2,2,2016-08-31
RCD,0,0,2017-08-31
RAJ,2,2,2012-04-30
RLU,0,0,2013-04-30
RTF,6,6,2014-03-31
RN5,6,6,2015-03-31
RAX,1,1,2016-03-31
RXF,2,2,2016-08-31
RR1,6,6,2017-08-31
RVY,1,1,2012-04-30
RXL,1,1,2013-04-30
RX1,5,5,2014-03-31
RCD,0,0,2015-03-31
RXN,3,3,2016-03-31
RD8,2,2,2016-08-31
RQX,1,1,2017-08-31
RBN,4,4,2012-04-30
RMC,7,7,2013-04-30
RTH,9,9,2014-03-31
RR1,8,8,2015-03-31
RR8,11,11,2016-03-31
RP6,0,0,2016-08-31
RWA,2,2,2017-08-31
RJ7,5,5,2012-04-30
RAE,5,5,2013-04-30
RGM,1,1,2014-03-31
RQQ,0,0,2015-03-31
RJ2,0,0,2016-03-31
RM1,4,4,2016-08-31
RYJ,4,4,2017-08-31
RWJ,1,1,2012-04-30
RXH,3,3,2013-04-30
RW6,5,5,2014-03-31
RQX,1,1,2015-03-31
RBQ,0,0,2016-03-31
RVJ,7,7,2016-08-31
RGQ,2,2,2017-08-31
RTP,6,6,2012-04-30
RXQ,3,3,2013-04-30
RGN,2,2,2014-03-31
RWA,6,6,2015-03-31
REP,0,0,2016-03-31
RNL,2,2,2016-08-31
R1F,0,0,2017-08-31
RMP,1,1,2012-04-30
RJF,1,1,2013-04-30
RK9,2,2,2014-03-31
RYJ,9,9,2015-03-31
R1K,5,5,2016-03-31
RAP,2,2,2016-08-31
RGP,1,1,2017-08-31
RBA,1,1,2012-04-30
RWY,2,2,2013-04-30
RD3,1,1,2014-03-31
RGQ,3,3,2015-03-31
RC9,1,1,2016-03-31
RVW,3,3,2016-08-31
RNQ,2,2,2017-08-31
RBV,0,0,2012-04-30
RGT,6,6,2013-04-30
RHU,1,1,2014-03-31
R1F,2,2,2015-03-31
RWF,1,1,2016-03-31
RGN,2,2,2016-08-31
RJZ,8,8,2017-08-31
RNA,5,5,2012-04-30
RW3,8,8,2013-04-30
RQW,0,0,2014-03-31
RGP,3,3,2015-03-31
RPA,0,0,2016-03-31
RNS,3,3,2016-08-31
RAX,1,1,2017-08-31
RAS,1,1,2012-04-30
RQM,0,0,2013-04-30
RPC,0,0,2014-03-31
RNQ,0,0,2015-03-31
RBT,2,2,2016-03-31
RBZ,0,0,2016-08-31
RXN,4,4,2017-08-31
RTD,7,7,2012-04-30
RFS,4,4,2013-04-30
RHW,2,2,2014-03-31
RJZ,6,6,2015-03-31
RQ8,1,1,2016-03-31
RJL,1,1,2016-08-31
RR8,12,12,2017-08-31
RCX,1,1,2012-04-30
RLN,4,4,2013-04-30
RT3,3,3,2014-03-31
RAX,0,0,2015-03-31
RXF,3,3,2016-03-31
RTF,3,3,2016-08-31
RJ2,0,0,2017-08-31
RL1,0,0,2012-04-30
REN,0,0,2013-04-30
REF,1,1,2014-03-31
RXN,6,6,2015-03-31
RD8,2,2,2016-03-31
RX1,14,14,2016-08-31
RBQ,0,0,2017-08-31
RFR,4,4,2012-04-30
RDE,2,2,2013-04-30
RH8,4,4,2014-03-31
RR8,14,14,2015-03-31
RP6,0,0,2016-03-31
RTH,5,5,2016-08-31
REP,0,0,2017-08-31
RDZ,3,3,2012-04-30
RJR,2,2,2013-04-30
RAL,9,9,2014-03-31
RJ2,6,6,2015-03-31
RM1,8,8,2016-03-31
RGM,0,0,2016-08-31
R1K,4,4,2017-08-31
RPY,1,1,2012-04-30
RXP,5,5,2013-04-30
RQ6,4,4,2014-03-31
RBQ,0,0,2015-03-31
RVJ,0,0,2016-03-31
RW6,6,6,2016-08-31
RC9,1,1,2017-08-31
RRJ,0,0,2012-04-30
RJ6,3,3,2013-04-30
RAN,0,0,2014-03-31
REP,0,0,2015-03-31
RNL,1,1,2016-03-31
RK9,5,5,2016-08-31
RWF,2,2,2017-08-31
RET,1,1,2012-04-30
RN7,0,0,2013-04-30
RA2,2,2,2014-03-31
R1K,5,5,2015-03-31
RAP,5,5,2016-03-31
RD3,1,1,2016-08-31
R0A,11,11,2017-08-31
RKE,1,1,2012-04-30
RTG,7,7,2013-04-30
RD1,2,2,2014-03-31
RC9,2,2,2015-03-31
RVW,5,5,2016-03-31
RHU,4,4,2016-08-31
RPA,1,1,2017-08-31
RWD,1,1,2012-04-30
RP5,0,0,2013-04-30
RM3,1,1,2014-03-31
RWF,0,0,2015-03-31
RNS,1,1,2016-03-31
RPC,0,0,2016-08-31
RBT,2,2,2017-08-31
RRV,5,5,2012-04-30
RBD,1,1,2013-04-30
RNZ,1,1,2014-03-31
RPA,0,0,2015-03-31
RBZ,0,0,2016-03-31
RHW,0,0,2016-08-31
RQ8,7,7,2017-08-31
RRK,7,7,2012-04-30
RC3,2,2,2013-04-30
RXK,2,2,2014-03-31
RBT,4,4,2015-03-31
RJL,2,2,2016-03-31
RT3,2,2,2016-08-31
RXF,8,8,2017-08-31
RJE,5,5,2012-04-30
RWH,1,1,2013-04-30
RCU,1,1,2014-03-31
RQ8,1,1,2015-03-31
RTF,1,1,2016-03-31
REF,5,5,2016-08-31
RD8,3,3,2017-08-31
RM2,4,4,2012-04-30
RJN,2,2,2013-04-30
RHQ,6,6,2014-03-31
RXF,5,5,2015-03-31
RX1,5,5,2016-03-31
RH8,2,2,2016-08-31
RP6,0,0,2017-08-31
RHM,3,3,2012-04-30
RVV,6,6,2013-04-30
RK5,5,5,2014-03-31
RD8,2,2,2015-03-31
RTH,5,5,2016-03-31
RAL,7,7,2016-08-31
RM1,3,3,2017-08-31
RA7,3,3,2012-04-30
RXR,2,2,2013-04-30
RXW,3,3,2014-03-31
RP6,0,0,2015-03-31
RGM,1,1,2016-03-31
RQ6,5,5,2016-08-31
RVJ,3,3,2017-08-31
RKB,5,5,2012-04-30
RXC,3,3,2013-04-30
RA9,0,0,2014-03-31
RM1,4,4,2015-03-31
RW6,4,4,2016-03-31
RAN,0,0,2016-08-31
RNL,4,4,2017-08-31
RWE,14,14,2012-04-30
RVR,2,2,2013-04-30
RTR,3,3,2014-03-31
RVJ,10,10,2015-03-31
RGN,1,1,2016-03-31
RA2,2,2,2016-08-31
RAP,2,2,2017-08-31
RTX,4,4,2012-04-30
RDU,1,1,2013-04-30
RE9,1,1,2014-03-31
RNL,5,5,2015-03-31
RK9,4,4,2016-03-31
RD1,4,4,2016-08-31
RVW,4,4,2017-08-31
RBK,2,2,2012-04-30
RR7,1,1,2013-04-30
RJC,1,1,2014-03-31
RAP,4,4,2015-03-31
RD3,4,4,2016-03-31
RM3,2,2,2016-08-31
RGN,4,4,2017-08-31
RWW,1,1,2012-04-30
RLT,1,1,2013-04-30
RAJ,7,7,2014-03-31
RVW,4,4,2015-03-31
RHU,2,2,2016-03-31
RNZ,0,0,2016-08-31
RNS,0,0,2017-08-31
RWG,1,1,2012-04-30
RTE,4,4,2013-04-30
RVY,4,4,2014-03-31
RNS,1,1,2015-03-31
RPC,0,0,2016-03-31
RXK,3,3,2016-08-31
RBZ,1,1,2017-08-31
RFW,3,3,2012-04-30
RP4,0,0,2013-04-30
RBN,8,8,2014-03-31
RBZ,0,0,2015-03-31
RHW,3,3,2016-03-31
RCU,0,0,2016-08-31
RJL,1,1,2017-08-31
RGR,2,2,2012-04-30
RN3,1,1,2013-04-30
RJ7,2,2,2014-03-31
RJL,0,0,2015-03-31
RT3,0,0,2016-03-31
RHQ,9,9,2016-08-31
RTF,2,2,2017-08-31
RYR,11,11,2012-04-30
RJ1,1,1,2013-04-30
RWJ,1,1,2014-03-31
RTF,3,3,2015-03-31
REF,3,3,2016-03-31
RK5,4,4,2016-08-31
RX1,5,5,2017-08-31
RA3,1,1,2012-04-30
RN5,1,1,2013-04-30
RTP,0,0,2014-03-31
RX1,12,12,2015-03-31
RH8,1,1,2016-03-31
RXW,1,1,2016-08-31
RTH,7,7,2017-08-31
RBL,2,2,2012-04-30
RCD,0,0,2013-04-30
RMP,8,8,2014-03-31
RTH,8,8,2015-03-31
RAL,6,6,2016-03-31
RTR,6,6,2016-08-31
RW6,1,1,2017-08-31
RWP,5,5,2012-04-30
RR1,7,7,2013-04-30
RBA,1,1,2014-03-31
RGM,0,0,2015-03-31
RQ6,1,1,2016-03-31
RE9,0,0,2016-08-31
RD3,2,2,2017-08-31
RRF,4,4,2012-04-30
RD7,7,7,2013-04-30
RBV,0,0,2014-03-31
RW6,5,5,2015-03-31
RAN,0,0,2016-03-31
RJC,0,0,2016-08-31
RHU,2,2,2017-08-31
RLQ,2,2,2012-04-30
RQQ,1,1,2013-04-30
RNA,1,1,2014-03-31
RGN,5,5,2015-03-31
RA2,1,1,2016-03-31
RAJ,3,3,2016-08-31
RPC,0,0,2017-08-31
RA4,0,0,2012-04-30
RQX,0,0,2013-04-30
RAS,0,0,2014-03-31
RK9,1,1,2015-03-31
RD1,7,7,2016-03-31
RVY,1,1,2016-08-31
RHW,2,2,2017-08-31
RCB,3,3,2012-04-30
RWA,5,5,2013-04-30
RTD,5,5,2014-03-31
RD3,2,2,2015-03-31
RM3,0,0,2016-03-31
RJ7,2,2,2016-08-31
RT3,1,1,2017-08-31
REM,2,2,2012-05-31
RYJ,12,12,2013-04-30
RCX,12,12,2014-03-31
RHU,1,1,2015-03-31
RNZ,1,1,2016-03-31
RBN,4,4,2016-08-31
REF,4,4,2017-08-31
RCF,3,3,2012-05-31
RGQ,2,2,2013-04-30
RL1,1,1,2014-03-31
RPC,0,0,2015-03-31
RXK,5,5,2016-03-31
RWJ,4,4,2016-08-31
RH8,0,0,2017-08-31
RBS,0,0,2012-05-31
R1F,0,0,2013-04-30
RFR,4,4,2014-03-31
RHW,3,3,2015-03-31
RCU,0,0,2016-03-31
RTP,4,4,2016-08-31
RAL,5,5,2017-08-31
RTK,3,3,2012-05-31
RGP,2,2,2013-04-30
RDZ,2,2,2014-03-31
RT3,2,2,2015-03-31
RHQ,7,7,2016-03-31
RMP,5,5,2016-08-31
RQ6,5,5,2017-08-31
RF4,7,7,2012-05-31
RNQ,1,1,2013-04-30
RPY,3,3,2014-03-31
REF,2,2,2015-03-31
RK5,3,3,2016-03-31
RBA,1,1,2016-08-31
RAN,1,1,2017-08-31
RVL,1,1,2012-05-31
RJZ,5,5,2013-04-30
RRJ,0,0,2014-03-31
RH8,4,4,2015-03-31
RXW,0,0,2016-03-31
RBV,1,1,2016-08-31
RGM,0,0,2017-08-31
RFF,2,2,2012-05-31
RAX,2,2,2013-04-30
RL4,3,3,2014-03-31
RAL,0,0,2015-03-31
RTR,1,1,2016-03-31
REN,1,1,2016-08-31
RA2,4,4,2017-08-31
R1H,10,10,2012-05-31
RXN,4,4,2013-04-30
RET,1,1,2014-03-31
RQ6,1,1,2015-03-31
RE9,1,1,2016-03-31
RNA,6,6,2016-08-31
RD1,2,2,2017-08-31
RDD,0,0,2012-05-31
RR8,13,13,2013-04-30
RKE,3,3,2014-03-31
RAN,0,0,2015-03-31
RJC,2,2,2016-03-31
RAS,0,0,2016-08-31
RM3,1,1,2017-08-31
RC1,2,2,2012-05-31
RJ2,4,4,2013-04-30
RWD,2,2,2014-03-31
RA2,1,1,2015-03-31
RAJ,1,1,2016-03-31
RTD,10,10,2016-08-31
RNZ,0,0,2017-08-31
RQ3,1,1,2012-05-31
RBQ,0,0,2013-04-30
RRV,9,9,2014-03-31
RD1,5,5,2015-03-31
RVY,1,1,2016-03-31
RQW,2,2,2016-08-31
RXK,1,1,2017-08-31
RLU,0,0,2012-05-31
REP,0,0,2013-04-30
RRK,5,5,2014-03-31
RM3,3,3,2015-03-31
RJ7,1,1,2016-03-31
RCX,0,0,2016-08-31
RCU,0,0,2017-08-31
RXL,5,5,2012-05-31
RC9,1,1,2013-04-30
RJE,13,13,2014-03-31
RNZ,5,5,2015-03-31
RBN,0,0,2016-03-31
RL1,0,0,2016-08-31
RHQ,8,8,2017-08-31
RMC,14,14,2012-05-31
RWF,6,6,2013-04-30
RM2,2,2,2014-03-31
RXK,5,5,2015-03-31
RWJ,5,5,2016-03-31
RFR,1,1,2016-08-31
RK5,6,6,2017-08-31
RAE,8,8,2012-05-31
RPA,1,1,2013-04-30
RHM,5,5,2014-03-31
RCU,0,0,2015-03-31
RTP,0,0,2016-03-31
RDZ,1,1,2016-08-31
RXW,1,1,2017-08-31
RXH,5,5,2012-05-31
RBT,1,1,2013-04-30
RA7,2,2,2014-03-31
RHQ,15,15,2015-03-31
RMP,1,1,2016-03-31
RPY,5,5,2016-08-31
RTR,7,7,2017-08-31
RXQ,4,4,2012-05-31
RQ8,1,1,2013-04-30
RKB,5,5,2014-03-31
RK5,4,4,2015-03-31
RBA,1,1,2016-03-31
RRJ,0,0,2016-08-31
RE9,2,2,2017-08-31
RJF,1,1,2012-05-31
RJD,3,3,2013-04-30
RWE,4,4,2014-03-31
RXW,1,1,2015-03-31
RBV,2,2,2016-03-31
RL4,8,8,2016-08-31
RJC,0,0,2017-08-31
RWY,6,6,2012-05-31
RXF,4,4,2013-04-30
RTX,4,4,2014-03-31
RA9,3,3,2015-03-31
REN,1,1,2016-03-31
RET,3,3,2016-08-31
RAJ,3,3,2017-08-31
RGT,5,5,2012-05-31
RD8,0,0,2013-04-30
RBK,1,1,2014-03-31
RTR,9,9,2015-03-31
RNA,0,0,2016-03-31
RKE,0,0,2016-08-31
RVY,1,1,2017-08-31
RW3,6,6,2012-05-31
RP6,0,0,2013-04-30
RWW,2,2,2014-03-31
RE9,2,2,2015-03-31
RAS,0,0,2016-03-31
RA9,4,4,2016-08-31
RJ7,4,4,2017-08-31
RQM,2,2,2012-05-31
RM1,6,6,2013-04-30
RWG,4,4,2014-03-31
RJC,0,0,2015-03-31
RTD,9,9,2016-03-31
RWD,3,3,2016-08-31
RBN,2,2,2017-08-31
RFS,4,4,2012-05-31
RVJ,5,5,2013-04-30
RFW,3,3,2014-03-31
RAJ,3,3,2015-03-31
RQW,2,2,2016-03-31
RRV,12,12,2016-08-31
RWJ,2,2,2017-08-31
RLN,3,3,2012-05-31
RNL,3,3,2013-04-30
RGR,2,2,2014-03-31
RVY,4,4,2015-03-31
RCX,2,2,2016-03-31
RM2,2,2,2016-08-31
RTP,6,6,2017-08-31
REN,0,0,2012-05-31
RAP,2,2,2013-04-30
RYR,3,3,2014-03-31
RBN,2,2,2015-03-31
RL1,0,0,2016-03-31
RHM,1,1,2016-08-31
RMP,1,1,2017-08-31
RDE,1,1,2012-05-31
RVW,3,3,2013-04-30
RA3,3,3,2014-03-31
RJ7,4,4,2015-03-31
RFR,1,1,2016-03-31
RRK,8,8,2016-08-31
RBA,0,0,2017-08-31
RJR,7,7,2012-05-31
RV8,2,2,2013-04-30
RBL,2,2,2014-03-31
RWJ,3,3,2015-03-31
RDZ,2,2,2016-03-31
RA7,2,2,2016-08-31
RBV,1,1,2017-08-31
RXP,5,5,2012-05-31
RNS,7,7,2013-04-30
RWP,3,3,2014-03-31
RTP,1,1,2015-03-31
RPY,1,1,2016-03-31
RKB,4,4,2016-08-31
REN,0,0,2017-08-31
RJ6,1,1,2012-05-31
RBZ,0,0,2013-04-30
RRF,3,3,2014-03-31
RMP,3,3,2015-03-31
RRJ,1,1,2016-03-31
RWE,7,7,2016-08-31
RNA,1,1,2017-08-31
RN7,2,2,2012-05-31
RJL,4,4,2013-04-30
RLQ,2,2,2014-03-31
RBA,1,1,2015-03-31
RL4,6,6,2016-03-31
RTX,2,2,2016-08-31
RAS,1,1,2017-08-31
RTG,5,5,2012-05-31
RTF,2,2,2013-04-30
RA4,0,0,2014-03-31
RBV,0,0,2015-03-31
RET,1,1,2016-03-31
RJE,12,12,2016-08-31
RTD,11,11,2017-08-31
RP5,4,4,2012-05-31
RX1,8,8,2013-04-30
RCB,4,4,2014-03-31
REN,0,0,2015-03-31
RKE,0,0,2016-03-31
RBK,1,1,2016-08-31
RQW,0,0,2017-08-31
RBD,1,1,2012-05-31
RTH,3,3,2013-04-30
RTK,1,1,2014-04-30
RNA,5,5,2015-03-31
RA9,3,3,2016-03-31
RWW,1,1,2016-08-31
RCX,3,3,2017-08-31
RC3,3,3,2012-05-31
RGM,1,1,2013-04-30
RF4,2,2,2014-04-30
RAS,1,1,2015-03-31
RWD,8,8,2016-03-31
RWG,6,6,2016-08-31
RL1,0,0,2017-08-31
RWH,3,3,2012-05-31
RW6,10,10,2013-04-30
RFF,0,0,2014-04-30
RTD,9,9,2015-03-31
RRV,5,5,2016-03-31
RGR,3,3,2016-08-31
RFR,0,0,2017-08-31
RJN,8,8,2012-05-31
RGN,2,2,2013-04-30
R1H,6,6,2014-04-30
RQW,4,4,2015-03-31
RM2,4,4,2016-03-31
RYR,2,2,2016-08-31
RDZ,2,2,2017-08-31
RVV,2,2,2012-05-31
RK9,2,2,2013-04-30
RDD,3,3,2014-04-30
RCX,3,3,2015-03-31
RHM,4,4,2016-03-31
RA3,0,0,2016-08-31
RPY,6,6,2017-08-31
RXR,1,1,2012-05-31
RD3,2,2,2013-04-30
RC1,0,0,2014-04-30
RL1,0,0,2015-03-31
RRK,4,4,2016-03-31
RBL,3,3,2016-08-31
RRJ,0,0,2017-08-31
RXC,3,3,2012-05-31
RHU,1,1,2013-04-30
RQ3,0,0,2014-04-30
RFR,1,1,2015-03-31
RA7,4,4,2016-03-31
RWP,0,0,2016-08-31
RL4,4,4,2017-08-31
RVR,8,8,2012-05-31
RQW,3,3,2013-04-30
RLU,0,0,2014-04-30
RDZ,5,5,2015-03-31
RKB,2,2,2016-03-31
RRF,0,0,2016-08-31
RET,2,2,2017-08-31
RDU,0,0,2012-05-31
RPC,1,1,2013-04-30
RXL,3,3,2014-04-30
RPY,5,5,2015-03-31
RWE,6,6,2016-03-31
RLQ,4,4,2016-08-31
RKE,0,0,2017-08-31
RR7,1,1,2012-05-31
RHW,2,2,2013-04-30
RMC,3,3,2014-04-30
RRJ,0,0,2015-03-31
RTX,2,2,2016-03-31
RA4,0,0,2016-08-31
RA9,5,5,2017-08-31
RLT,1,1,2012-05-31
RT3,1,1,2013-04-30
RAE,4,4,2014-04-30
RL4,4,4,2015-03-31
RJE,4,4,2016-03-31
RCB,2,2,2016-08-31
RWD,4,4,2017-08-31
RTE,6,6,2012-05-31
REF,5,5,2013-04-30
RXH,4,4,2014-04-30
RET,2,2,2015-03-31
RBK,2,2,2016-03-31
REM,1,1,2016-08-31
RRV,6,6,2017-08-31
RP4,0,0,2012-05-31
RH8,2,2,2013-04-30
RXQ,2,2,2014-04-30
RKE,1,1,2015-03-31
RWW,2,2,2016-03-31
RCF,1,1,2016-08-31
RHM,2,2,2017-08-31
RN3,1,1,2012-05-31
RAL,5,5,2013-04-30
RJF,2,2,2014-04-30
RWD,6,6,2015-03-31
RWG,2,2,2016-03-31
RBS,0,0,2016-08-31
RRK,3,3,2017-08-31
RJ1,5,5,2012-05-31
RQ6,4,4,2013-04-30
RWY,3,3,2014-04-30
RRV,10,10,2015-03-31
RGR,0,0,2016-03-31
RTK,1,1,2016-08-31
RA7,3,3,2017-08-31
RN5,5,5,2012-05-31
RBB,0,0,2013-04-30
RGT,3,3,2014-04-30
RJE,13,13,2015-03-31
RYR,2,2,2016-03-31
RF4,3,3,2016-08-31
RKB,2,2,2017-08-31
RCD,4,4,2012-05-31
RAN,1,1,2013-04-30
RW3,6,6,2014-04-30
RM2,2,2,2015-03-31
RA3,1,1,2016-03-31
RFF,0,0,2016-08-31
RWE,7,7,2017-08-31
RR1,11,11,2012-05-31
RA2,1,1,2013-04-30
RQM,2,2,2014-04-30
RHM,3,3,2015-03-31
RBL,0,0,2016-03-31
R1H,8,8,2016-08-31
RTX,0,0,2017-08-31
RD7,1,1,2012-05-31
RD1,4,4,2013-04-30
RFS,2,2,2014-04-30
RRK,6,6,2015-03-31
RWP,2,2,2016-03-31
RDD,4,4,2016-08-31
RJE,5,5,2017-08-31
RQQ,3,3,2012-05-31
RL4,2,2,2013-04-30
RLN,5,5,2014-04-30
RA7,0,0,2015-03-31
RRF,0,0,2016-03-31
RC1,1,1,2016-08-31
RK9,6,6,2017-08-31
RQX,1,1,2012-05-31
RM3,3,3,2013-04-30
REN,1,1,2014-04-30
RKB,7,7,2015-03-31
RLQ,2,2,2016-03-31
RQ3,1,1,2016-08-31
RBK,0,0,2017-08-31
RWA,6,6,2012-05-31
RNZ,1,1,2013-04-30
RDE,1,1,2014-04-30
RWE,7,7,2015-03-31
RA4,1,1,2016-03-31
RXL,2,2,2016-08-31
RWW,2,2,2017-08-31
RYJ,6,6,2012-05-31
RXK,3,3,2013-04-30
RJR,0,0,2014-04-30
RTX,2,2,2015-03-31
RCB,3,3,2016-03-31
RMC,5,5,2016-08-31
RWG,0,0,2017-08-31
RGQ,1,1,2012-05-31
RCU,0,0,2013-04-30
RXP,3,3,2014-04-30
RBK,2,2,2015-03-31
REM,6,6,2016-03-31
RAE,4,4,2016-08-31
RGR,0,0,2017-08-31
R1F,4,4,2012-05-31
RHQ,9,9,2013-04-30
RJ6,1,1,2014-04-30
RWW,5,5,2015-03-31
RCF,4,4,2016-03-31
RXH,3,3,2016-08-31
RYR,4,4,2017-08-31
RGP,3,3,2012-05-31
RK5,2,2,2013-04-30
RN7,0,0,2014-04-30
RWG,2,2,2015-03-31
RBS,0,0,2016-03-31
RXQ,7,7,2016-08-31
RA3,0,0,2017-08-31
RNQ,5,5,2012-05-31
RXW,1,1,2013-04-30
RTG,7,7,2014-04-30
RFW,1,1,2015-03-31
RTK,2,2,2016-03-31
RJF,1,1,2016-08-31
RBL,8,8,2017-08-31
RJZ,11,11,2012-05-31
RA9,1,1,2013-04-30
RP5,4,4,2014-04-30
RGR,5,5,2015-03-31
RF4,1,1,2016-03-31
RWY,4,4,2016-08-31
RWP,3,3,2017-08-31
RAX,0,0,2012-05-31
RTR,3,3,2013-04-30
RBD,0,0,2014-04-30
RYR,2,2,2015-03-31
RFF,0,0,2016-03-31
RGT,4,4,2016-08-31
RRF,5,5,2017-08-31
RXN,5,5,2012-05-31
RE9,1,1,2013-04-30
RWH,3,3,2014-04-30
RA3,0,0,2015-03-31
R1H,4,4,2016-03-31
RW3,4,4,2016-08-31
RLQ,1,1,2017-08-31
RR8,18,18,2012-05-31
RJC,1,1,2013-04-30
RJN,0,0,2014-04-30
RBL,2,2,2015-03-31
RDD,2,2,2016-03-31
RQM,2,2,2016-08-31
RA4,3,3,2017-08-31
RJ2,2,2,2012-05-31
RAJ,3,3,2013-04-30
RVV,4,4,2014-04-30
RWP,7,7,2015-03-31
RC1,2,2,2016-03-31
RFS,0,0,2016-08-31
RCB,3,3,2017-08-31
RBQ,1,1,2012-05-31
RVY,1,1,2013-04-30
RXR,1,1,2014-04-30
RRF,4,4,2015-03-31
RQ3,0,0,2016-03-31
RLN,2,2,2016-08-31
REM,6,6,2017-09-30
REP,0,0,2012-05-31
RBN,0,0,2013-04-30
RXC,5,5,2014-04-30
RLQ,3,3,2015-03-31
RXL,2,2,2016-03-31
REM,5,5,2016-09-30
RCF,1,1,2017-09-30
RC9,0,0,2012-05-31
RJ7,9,9,2013-04-30
RVR,2,2,2014-04-30
RA4,1,1,2015-03-31
RMC,1,1,2016-03-31
RCF,0,0,2016-09-30
RBS,0,0,2017-09-30
RWF,4,4,2012-05-31
RWJ,1,1,2013-04-30
RDU,1,1,2014-04-30
RCB,5,5,2015-03-31
RAE,5,5,2016-03-31
RBS,0,0,2016-09-30
RTK,1,1,2017-09-30
RPA,1,1,2012-05-31
RTP,3,3,2013-04-30
RR7,0,0,2014-04-30
REM,5,5,2015-03-31
RXH,3,3,2016-03-31
RTK,2,2,2016-09-30
RF4,0,0,2017-09-30
RBT,1,1,2012-05-31
RMP,6,6,2013-04-30
RLT,3,3,2014-04-30
RCF,1,1,2015-03-31
RXQ,3,3,2016-03-31
RF4,4,4,2016-09-30
RFF,1,1,2017-09-30
RQ8,2,2,2012-05-31
RBA,2,2,2013-04-30
RTE,2,2,2014-04-30
RBS,0,0,2015-03-31
RJF,2,2,2016-03-31
RFF,0,0,2016-09-30
R1H,6,6,2017-09-30
RJD,1,1,2012-05-31
RBV,0,0,2013-04-30
RP4,0,0,2014-04-30
RTK,0,0,2015-03-31
RWY,2,2,2016-03-31
R1H,7,7,2016-09-30
RDD,2,2,2017-09-30
RXF,1,1,2012-05-31
RNA,1,1,2013-04-30
RN3,2,2,2014-04-30
RF4,5,5,2015-03-31
RGT,4,4,2016-03-31
RDD,6,6,2016-09-30
RC1,2,2,2017-09-30
RD8,0,0,2012-05-31
RAS,0,0,2013-04-30
RJ1,5,5,2014-04-30
RFF,1,1,2015-03-31
RW3,4,4,2016-03-31
RC1,1,1,2016-09-30
RQ3,0,0,2017-09-30
RP6,0,0,2012-05-31
RTD,9,9,2013-04-30
RN5,4,4,2014-04-30
R1H,11,11,2015-03-31
RQM,3,3,2016-03-31
RQ3,0,0,2016-09-30
RXL,4,4,2017-09-30
RM1,2,2,2012-05-31
RCX,1,1,2013-04-30
RCD,0,0,2014-04-30
RDD,2,2,2015-03-31
RFS,1,1,2016-03-31
RXL,1,1,2016-09-30
RMC,5,5,2017-09-30
RVJ,3,3,2012-05-31
RL1,0,0,2013-04-30
RR1,4,4,2014-04-30
RC1,2,2,2015-03-31
RLN,8,8,2016-03-31
RMC,4,4,2016-09-30
RAE,1,1,2017-09-30
RNL,2,2,2012-05-31
RFR,1,1,2013-04-30
RQQ,3,3,2014-04-30
R1H,5,5,2015-04-30
RDE,2,2,2016-03-31
RAE,4,4,2016-09-30
RXH,5,5,2017-09-30
RAP,3,3,2012-05-31
RDZ,2,2,2013-04-30
RQX,1,1,2014-04-30
RDD,4,4,2015-04-30
RJR,3,3,2016-03-31
RXH,9,9,2016-09-30
RXQ,5,5,2017-09-30
RVW,5,5,2012-05-31
RPY,1,1,2013-04-30
RWA,3,3,2014-04-30
RC1,0,0,2015-04-30
RXP,1,1,2016-03-31
RXQ,4,4,2016-09-30
RJF,3,3,2017-09-30
RV8,1,1,2012-05-31
RRJ,0,0,2013-04-30
RYJ,7,7,2014-04-30
RQ3,0,0,2015-04-30
RJ6,1,1,2016-03-31
RJF,0,0,2016-09-30
RWY,2,2,2017-09-30
RNS,1,1,2012-05-31
RET,1,1,2013-04-30
RGQ,1,1,2014-04-30
RLU,0,0,2015-04-30
RN7,5,5,2016-03-31
RWY,3,3,2016-09-30
RGT,8,8,2017-09-30
RBZ,2,2,2012-05-31
RKE,3,3,2013-04-30
R1F,0,0,2014-04-30
RXL,2,2,2015-04-30
RTG,2,2,2016-03-31
RGT,3,3,2016-09-30
RQM,3,3,2017-09-30
RJL,4,4,2012-05-31
RWD,6,6,2013-04-30
RGP,2,2,2014-04-30
RMC,4,4,2015-04-30
RP5,3,3,2016-03-31
RW3,8,8,2016-09-30
RFS,2,2,2017-09-30
RTF,8,8,2012-05-31
RRV,10,10,2013-04-30
RNQ,3,3,2014-04-30
RAE,4,4,2015-04-30
RBD,0,0,2016-03-31
RQM,2,2,2016-09-30
RLN,2,2,2017-09-30
RX1,13,13,2012-05-31
RRK,9,9,2013-04-30
RJZ,6,6,2014-04-30
RXH,3,3,2015-04-30
RWH,1,1,2016-03-31
RFS,1,1,2016-09-30
RDE,2,2,2017-09-30
RTH,13,13,2012-05-31
RJE,3,3,2013-04-30
RAX,0,0,2014-04-30
RXQ,3,3,2015-04-30
RJN,2,2,2016-03-31
RLN,2,2,2016-09-30
RJR,4,4,2017-09-30
RGM,1,1,2012-05-31
RM2,4,4,2013-04-30
RXN,1,1,2014-04-30
RJF,2,2,2015-04-30
RVV,0,0,2016-03-31
RDE,1,1,2016-09-30
RXP,1,1,2017-09-30
RW6,10,10,2012-05-31
RHM,2,2,2013-04-30
RR8,10,10,2014-04-30
RWY,2,2,2015-04-30
RXR,2,2,2016-03-31
RJR,2,2,2016-09-30
RJ6,1,1,2017-09-30
RGN,3,3,2012-05-31
RA7,6,6,2013-04-30
RJ2,1,1,2014-04-30
RGT,4,4,2015-04-30
RXC,5,5,2016-03-31
RXP,3,3,2016-09-30
RN7,0,0,2017-09-30
RK9,3,3,2012-05-31
RKB,3,3,2013-04-30
RBQ,1,1,2014-04-30
RW3,2,2,2015-04-30
RVR,2,2,2016-03-31
RJ6,0,0,2016-09-30
RTG,11,11,2017-09-30
RD3,4,4,2012-05-31
RWE,6,6,2013-04-30
REP,0,0,2014-04-30
RQM,2,2,2015-04-30
RDU,1,1,2016-03-31
RN7,2,2,2016-09-30
RP5,2,2,2017-09-30
RHU,6,6,2012-05-31
RTX,7,7,2013-04-30
R1K,3,3,2014-04-30
RFS,1,1,2015-04-30
RR7,2,2,2016-03-31
RTG,9,9,2016-09-30
RBD,1,1,2017-09-30
RQW,0,0,2012-05-31
RBK,5,5,2013-04-30
RC9,0,0,2014-04-30
RLN,3,3,2015-04-30
RLT,1,1,2016-03-31
RP5,3,3,2016-09-30
RWH,2,2,2017-09-30
RPC,0,0,2012-05-31
RWW,5,5,2013-04-30
RWF,4,4,2014-04-30
RDE,2,2,2015-04-30
RTE,1,1,2016-03-31
RBD,0,0,2016-09-30
RJN,0,0,2017-09-30
RHW,4,4,2012-05-31
RWG,2,2,2013-04-30
RPA,3,3,2014-04-30
RJR,2,2,2015-04-30
RP4,0,0,2016-03-31
RWH,1,1,2016-09-30
RVV,4,4,2017-09-30
RT3,2,2,2012-05-31
RFW,6,6,2013-04-30
RBT,1,1,2014-04-30
RXP,1,1,2015-04-30
RN3,1,1,2016-03-31
RJN,1,1,2016-09-30
RXR,2,2,2017-09-30
REF,3,3,2012-05-31
RGR,5,5,2013-04-30
RQ8,0,0,2014-04-30
RJ6,0,0,2015-04-30
RJ1,6,6,2016-03-31
RVV,2,2,2016-09-30
RXC,0,0,2017-09-30
RH8,6,6,2012-05-31
RYR,13,13,2013-04-30
RXF,3,3,2014-04-30
RN7,3,3,2015-04-30
RN5,3,3,2016-03-31
RXR,5,5,2016-09-30
RVR,1,1,2017-09-30
RAL,6,6,2012-05-31
RA3,0,0,2013-04-30
RD8,3,3,2014-04-30
RTG,6,6,2015-04-30
RCD,3,3,2016-03-31
RXC,3,3,2016-09-30
RDU,3,3,2017-09-30
RQ6,1,1,2012-05-31
RBL,3,3,2013-04-30
RP6,0,0,2014-04-30
RP5,1,1,2015-04-30
RR1,7,7,2016-03-31
RVR,4,4,2016-09-30
RR7,2,2,2017-09-30
RBB,0,0,2012-05-31
RWP,9,9,2013-04-30
RM1,5,5,2014-04-30
RBD,2,2,2015-04-30
RQQ,0,0,2016-03-31
RDU,3,3,2016-09-30
RLT,0,0,2017-09-30
RAN,1,1,2012-05-31
RRF,6,6,2013-04-30
RVJ,4,4,2014-04-30
RWH,0,0,2015-04-30
RQX,0,0,2016-03-31
RR7,2,2,2016-09-30
RTE,6,6,2017-09-30
RA2,1,1,2012-05-31
RLQ,1,1,2013-04-30
RNL,1,1,2014-04-30
RJN,1,1,2015-04-30
RWA,5,5,2016-03-31
RLT,0,0,2016-09-30
RP4,1,1,2017-09-30
RD1,0,0,2012-05-31
RA4,1,1,2013-04-30
RAP,3,3,2014-04-30
RVV,4,4,2015-04-30
RYJ,5,5,2016-03-31
RTE,4,4,2016-09-30
RN3,2,2,2017-09-30
RL4,6,6,2012-05-31
RCB,7,7,2013-04-30
RVW,0,0,2014-04-30
RXR,2,2,2015-04-30
RGQ,4,4,2016-03-31
RP4,0,0,2016-09-30
RJ1,2,2,2017-09-30
RM3,4,4,2012-05-31
REM,11,11,2013-05-31
RNS,1,1,2014-04-30
RXC,1,1,2015-04-30
R1F,2,2,2016-03-31
RN3,2,2,2016-09-30
RN5,2,2,2017-09-30
RNZ,1,1,2012-05-31
RCF,1,1,2013-05-31
RBZ,2,2,2014-04-30
RVR,3,3,2015-04-30
RGP,1,1,2016-03-31
RJ1,1,1,2016-09-30
RCD,2,2,2017-09-30
RXK,2,2,2012-05-31
RBS,0,0,2013-05-31
RJL,0,0,2014-04-30
RDU,3,3,2015-04-30
R1K,2,2,2016-04-30
RN5,1,1,2016-09-30
RR1,7,7,2017-09-30
RCU,0,0,2012-05-31
RTK,0,0,2013-05-31
RTF,4,4,2014-04-30
RR7,3,3,2015-04-30
RC9,1,1,2016-04-30
RCD,4,4,2016-09-30
RQX,1,1,2017-09-30
RHQ,4,4,2012-05-31
RF4,2,2,2013-05-31
RX1,8,8,2014-04-30
RLT,0,0,2015-04-30
RWF,2,2,2016-04-30
RR1,12,12,2016-09-30
RWA,6,6,2017-09-30
RK5,3,3,2012-05-31
RVL,2,2,2013-05-31
RTH,1,1,2014-04-30
RTE,4,4,2015-04-30
RPA,0,0,2016-04-30
RQX,0,0,2016-09-30
RYJ,4,4,2017-09-30
RXW,2,2,2012-05-31
RFF,3,3,2013-05-31
RGM,0,0,2014-04-30
RP4,0,0,2015-04-30
RBT,2,2,2016-04-30
RWA,5,5,2016-09-30
RGQ,1,1,2017-09-30
RA9,3,3,2012-05-31
R1H,8,8,2013-05-31
RW6,6,6,2014-04-30
RN3,7,7,2015-04-30
RQ8,4,4,2016-04-30
RYJ,3,3,2016-09-30
R1F,2,2,2017-09-30
RTR,6,6,2012-05-31
RDD,1,1,2013-05-31
RGN,0,0,2014-04-30
RJ1,4,4,2015-04-30
RXF,6,6,2016-04-30
RGQ,2,2,2016-09-30
RGP,0,0,2017-09-30
RE9,0,0,2012-05-31
RC1,0,0,2013-05-31
RK9,3,3,2014-04-30
RN5,7,7,2015-04-30
RD8,2,2,2016-04-30
R1F,1,1,2016-09-30
RNQ,2,2,2017-09-30
RJC,3,3,2012-05-31
RQ3,0,0,2013-05-31
RD3,0,0,2014-04-30
RCD,0,0,2015-04-30
RP6,0,0,2016-04-30
RGP,3,3,2016-09-30
RJZ,4,4,2017-09-30
RAJ,1,1,2012-05-31
RLU,0,0,2013-05-31
RHU,4,4,2014-04-30
RR1,2,2,2015-04-30
RM1,4,4,2016-04-30
RNQ,2,2,2016-09-30
RAX,1,1,2017-09-30
RVY,2,2,2012-05-31
RXL,3,3,2013-05-31
RQW,0,0,2014-04-30
RQQ,0,0,2015-04-30
RVJ,0,0,2016-04-30
RJZ,9,9,2016-09-30
RXN,9,9,2017-09-30
RBN,3,3,2012-05-31
RMC,4,4,2013-05-31
RPC,0,0,2014-04-30
RQX,1,1,2015-04-30
RNL,3,3,2016-04-30
RAX,2,2,2016-09-30
RR8,6,6,2017-09-30
RJ7,5,5,2012-05-31
RAE,3,3,2013-05-31
RHW,1,1,2014-04-30
RWA,5,5,2015-04-30
RAP,2,2,2016-04-30
RXN,1,1,2016-09-30
RJ2,1,1,2017-09-30
RWJ,3,3,2012-05-31
RXH,2,2,2013-05-31
RT3,0,0,2014-04-30
RYJ,8,8,2015-04-30
RVW,2,2,2016-04-30
RR8,9,9,2016-09-30
RBQ,0,0,2017-09-30
RTP,2,2,2012-05-31
RXQ,5,5,2013-05-31
REF,5,5,2014-04-30
RGQ,0,0,2015-04-30
RNS,3,3,2016-04-30
RJ2,2,2,2016-09-30
REP,0,0,2017-09-30
RMP,2,2,2012-05-31
RJF,0,0,2013-05-31
RH8,0,0,2014-04-30
R1F,2,2,2015-04-30
RBZ,1,1,2016-04-30
RBQ,0,0,2016-09-30
R1K,4,4,2017-09-30
RBA,3,3,2012-05-31
RWY,0,0,2013-05-31
RAL,7,7,2014-04-30
RGP,3,3,2015-04-30
RJL,0,0,2016-04-30
REP,0,0,2016-09-30
RC9,1,1,2017-09-30
RBV,0,0,2012-05-31
RGT,10,10,2013-05-31
RQ6,0,0,2014-04-30
RNQ,3,3,2015-04-30
RTF,3,3,2016-04-30
R1K,3,3,2016-09-30
RWF,1,1,2017-09-30
RNA,4,4,2012-05-31
RW3,5,5,2013-05-31
RAN,0,0,2014-04-30
RJZ,10,10,2015-04-30
RX1,9,9,2016-04-30
RC9,1,1,2016-09-30
R0A,12,12,2017-09-30
RAS,1,1,2012-05-31
RQM,0,0,2013-05-31
RA2,4,4,2014-04-30
RAX,1,1,2015-04-30
RTH,3,3,2016-04-30
RWF,2,2,2016-09-30
RPA,2,2,2017-09-30
RTD,8,8,2012-05-31
RFS,3,3,2013-05-31
RD1,2,2,2014-04-30
RXN,6,6,2015-04-30
RGM,1,1,2016-04-30
RPA,7,7,2016-09-30
RBT,2,2,2017-09-30
RCX,5,5,2012-05-31
RLN,1,1,2013-05-31
RM3,2,2,2014-04-30
RR8,15,15,2015-04-30
RW6,9,9,2016-04-30
RBT,3,3,2016-09-30
RQ8,3,3,2017-09-30
RL1,1,1,2012-05-31
REN,0,0,2013-05-31
RNZ,5,5,2014-04-30
RJ2,4,4,2015-04-30
RGN,3,3,2016-04-30
RQ8,3,3,2016-09-30
RXF,3,3,2017-09-30
RFR,1,1,2012-05-31
RDE,5,5,2013-05-31
RXK,3,3,2014-04-30
RBQ,0,0,2015-04-30
RK9,0,0,2016-04-30
RXF,5,5,2016-09-30
RD8,0,0,2017-09-30
RDZ,1,1,2012-05-31
RJR,1,1,2013-05-31
RCU,0,0,2014-04-30
REP,0,0,2015-04-30
RD3,2,2,2016-04-30
RD8,0,0,2016-09-30
RP6,0,0,2017-09-30
RPY,2,2,2012-05-31
RXP,2,2,2013-05-31
RHQ,7,7,2014-04-30
R1K,0,0,2015-04-30
RHU,4,4,2016-04-30
RP6,0,0,2016-09-30
RM1,3,3,2017-09-30
RRJ,0,0,2012-05-31
RJ6,1,1,2013-05-31
RK5,5,5,2014-04-30
RC9,0,0,2015-04-30
RPC,0,0,2016-04-30
RM1,4,4,2016-09-30
RVJ,3,3,2017-09-30
RET,0,0,2012-05-31
RN7,2,2,2013-05-31
RXW,1,1,2014-04-30
RWF,1,1,2015-04-30
RHW,3,3,2016-04-30
RVJ,4,4,2016-09-30
RNL,4,4,2017-09-30
RKE,1,1,2012-05-31
RTG,5,5,2013-05-31
RA9,3,3,2014-04-30
RPA,0,0,2015-04-30
RT3,0,0,2016-04-30
RNL,3,3,2016-09-30
RAP,3,3,2017-09-30
RWD,4,4,2012-05-31
RP5,4,4,2013-05-31
RTR,4,4,2014-04-30
RBT,5,5,2015-04-30
REF,1,1,2016-04-30
RAP,1,1,2016-09-30
RVW,0,0,2017-09-30
RRV,3,3,2012-05-31
RBD,3,3,2013-05-31
RE9,0,0,2014-04-30
RQ8,2,2,2015-04-30
RH8,2,2,2016-04-30
RVW,3,3,2016-09-30
RGN,8,8,2017-09-30
RRK,7,7,2012-05-31
RC3,1,1,2013-05-31
RJC,1,1,2014-04-30
RXF,4,4,2015-04-30
RAL,6,6,2016-04-30
RGN,2,2,2016-09-30
RNS,1,1,2017-09-30
RJE,6,6,2012-05-31
RWH,1,1,2013-05-31
RAJ,1,1,2014-04-30
RD8,2,2,2015-04-30
RQ6,8,8,2016-04-30
RNS,0,0,2016-09-30
RBZ,2,2,2017-09-30
RM2,5,5,2012-05-31
RJN,0,0,2013-05-31
RVY,4,4,2014-04-30
RP6,0,0,2015-04-30
RAN,0,0,2016-04-30
RBZ,1,1,2016-09-30
RJL,4,4,2017-09-30
RHM,3,3,2012-05-31
RVV,7,7,2013-05-31
RBN,3,3,2014-04-30
RM1,5,5,2015-04-30
RA2,1,1,2016-04-30
RJL,2,2,2016-09-30
RTF,2,2,2017-09-30
RA7,8,8,2012-05-31
RXR,0,0,2013-05-31
RJ7,3,3,2014-04-30
RVJ,5,5,2015-04-30
RD1,2,2,2016-04-30
RTF,3,3,2016-09-30
RX1,8,8,2017-09-30
RKB,6,6,2012-05-31
RXC,5,5,2013-05-31
RWJ,1,1,2014-04-30
RNL,3,3,2015-04-30
RM3,3,3,2016-04-30
RX1,8,8,2016-09-30
RTH,6,6,2017-09-30
RWE,4,4,2012-05-31
RVR,2,2,2013-05-31
RTP,3,3,2014-04-30
RAP,1,1,2015-04-30
RNZ,2,2,2016-04-30
RTH,7,7,2016-09-30
RW6,2,2,2017-09-30
RTX,2,2,2012-05-31
RDU,1,1,2013-05-31
RMP,3,3,2014-04-30
RVW,4,4,2015-04-30
RXK,2,2,2016-04-30
RGM,0,0,2016-09-30
RD3,2,2,2017-09-30
RBK,0,0,2012-05-31
RR7,2,2,2013-05-31
RBA,1,1,2014-04-30
RNS,1,1,2015-04-30
RCU,0,0,2016-04-30
RW6,2,2,2016-09-30
RHU,4,4,2017-09-30
RWW,0,0,2012-05-31
RLT,0,0,2013-05-31
RBV,0,0,2014-04-30
RBZ,0,0,2015-04-30
RHQ,8,8,2016-04-30
RK9,3,3,2016-09-30
RPC,0,0,2017-09-30
RWG,2,2,2012-05-31
RTE,8,8,2013-05-31
RNA,3,3,2014-04-30
RJL,3,3,2015-04-30
RK5,5,5,2016-04-30
RD3,0,0,2016-09-30
RHW,1,1,2017-09-30
RFW,0,0,2012-05-31
RP4,1,1,2013-05-31
RAS,0,0,2014-04-30
RTF,1,1,2015-04-30
RXW,1,1,2016-04-30
RHU,3,3,2016-09-30
RT3,1,1,2017-09-30
RGR,4,4,2012-05-31
RN3,2,2,2013-05-31
RTD,6,6,2014-04-30
RX1,12,12,2015-04-30
RTR,4,4,2016-04-30
RPC,0,0,2016-09-30
REF,2,2,2017-09-30
RYR,4,4,2012-05-31
RJ1,1,1,2013-05-31
RCX,2,2,2014-04-30
RTH,3,3,2015-04-30
RE9,1,1,2016-04-30
RHW,1,1,2016-09-30
RH8,1,1,2017-09-30
RA3,2,2,2012-05-31
RN5,5,5,2013-05-31
RL1,0,0,2014-04-30
RGM,1,1,2015-04-30
RJC,2,2,2016-04-30
RT3,2,2,2016-09-30
RAL,8,8,2017-09-30
RBL,2,2,2012-05-31
RCD,2,2,2013-05-31
RFR,2,2,2014-04-30
RW6,1,1,2015-04-30
RAJ,0,0,2016-04-30
REF,2,2,2016-09-30
RQ6,0,0,2017-09-30
RWP,7,7,2012-05-31
RR1,5,5,2013-05-31
RDZ,0,0,2014-04-30
RGN,2,2,2015-04-30
RVY,3,3,2016-04-30
RH8,3,3,2016-09-30
RAN,1,1,2017-09-30
RRF,3,3,2012-05-31
RD7,5,5,2013-05-31
RPY,0,0,2014-04-30
RK9,5,5,2015-04-30
RJ7,1,1,2016-04-30
RAL,8,8,2016-09-30
RGM,0,0,2017-09-30
RLQ,0,0,2012-05-31
RQQ,1,1,2013-05-31
RRJ,0,0,2014-04-30
RD3,1,1,2015-04-30
RBN,1,1,2016-04-30
RQ6,3,3,2016-09-30
RA2,0,0,2017-09-30
RA4,1,1,2012-05-31
RQX,0,0,2013-05-31
RL4,2,2,2014-04-30
RHU,2,2,2015-04-30
RWJ,3,3,2016-04-30
RAN,1,1,2016-09-30
RD1,5,5,2017-09-30
RCB,3,3,2012-05-31
RWA,6,6,2013-05-31
RET,0,0,2014-04-30
RPC,0,0,2015-04-30
RTP,2,2,2016-04-30
RA2,1,1,2016-09-30
RM3,2,2,2017-09-30
REM,5,5,2012-06-30
RYJ,6,6,2013-05-31
RKE,2,2,2014-04-30
RHW,3,3,2015-04-30
RMP,2,2,2016-04-30
RD1,4,4,2016-09-30
RNZ,1,1,2017-09-30
RCF,2,2,2012-06-30
RGQ,2,2,2013-05-31
RWD,7,7,2014-04-30
RT3,2,2,2015-04-30
RBA,1,1,2016-04-30
RM3,1,1,2016-09-30
RXK,2,2,2017-09-30
RBS,0,0,2012-06-30
R1F,1,1,2013-05-31
RRV,4,4,2014-04-30
REF,1,1,2015-04-30
RBV,0,0,2016-04-30
RNZ,1,1,2016-09-30
RCU,0,0,2017-09-30
RTK,0,0,2012-06-30
RGP,2,2,2013-05-31
RRK,6,6,2014-04-30
RH8,3,3,2015-04-30
REN,0,0,2016-04-30
RXK,3,3,2016-09-30
RHQ,6,6,2017-09-30
RF4,4,4,2012-06-30
RNQ,4,4,2013-05-31
RJE,9,9,2014-04-30
RAL,7,7,2015-04-30
RNA,2,2,2016-04-30
RCU,0,0,2016-09-30
RK5,2,2,2017-09-30
RVL,2,2,2012-06-30
RJZ,3,3,2013-05-31
RM2,3,3,2014-04-30
RQ6,0,0,2015-04-30
RAS,0,0,2016-04-30
RHQ,12,12,2016-09-30
RXW,3,3,2017-09-30
RFF,5,5,2012-06-30
RAX,3,3,2013-05-31
RHM,2,2,2014-04-30
RAN,0,0,2015-04-30
RTD,7,7,2016-04-30
RK5,0,0,2016-09-30
RTR,7,7,2017-09-30
R1H,5,5,2012-06-30
RXN,5,5,2013-05-31
RA7,5,5,2014-04-30
RA2,2,2,2015-04-30
RQW,2,2,2016-04-30
RXW,3,3,2016-09-30
RE9,0,0,2017-09-30
RDD,3,3,2012-06-30
RR8,18,18,2013-05-31
RKB,1,1,2014-04-30
RD1,4,4,2015-04-30
RCX,3,3,2016-04-30
RTR,5,5,2016-09-30
RJC,0,0,2017-09-30
RC1,2,2,2012-06-30
RJ2,5,5,2013-05-31
RWE,4,4,2014-04-30
RM3,1,1,2015-04-30
RL1,0,0,2016-04-30
RE9,1,1,2016-09-30
RAJ,1,1,2017-09-30
RQ3,0,0,2012-06-30
RBQ,0,0,2013-05-31
RTX,3,3,2014-04-30
RNZ,0,0,2015-04-30
RFR,0,0,2016-04-30
RJC,1,1,2016-09-30
RVY,1,1,2017-09-30
RLU,0,0,2012-06-30
REP,0,0,2013-05-31
RBK,1,1,2014-04-30
RXK,2,2,2015-04-30
RDZ,2,2,2016-04-30
RAJ,3,3,2016-09-30
RJ7,1,1,2017-09-30
RXL,3,3,2012-06-30
RC9,1,1,2013-05-31
RWW,2,2,2014-04-30
RCU,1,1,2015-04-30
RPY,4,4,2016-04-30
RVY,1,1,2016-09-30
RBN,5,5,2017-09-30
RMC,9,9,2012-06-30
RWF,4,4,2013-05-31
RWG,2,2,2014-04-30
RHQ,2,2,2015-04-30
RRJ,1,1,2016-04-30
RJ7,3,3,2016-09-30
RWJ,2,2,2017-09-30
RAE,6,6,2012-06-30
RPA,0,0,2013-05-31
RFW,1,1,2014-04-30
RK5,4,4,2015-04-30
RL4,5,5,2016-04-30
RBN,4,4,2016-09-30
RTP,4,4,2017-09-30
RXH,5,5,2012-06-30
RBT,1,1,2013-05-31
RGR,0,0,2014-04-30
RXW,4,4,2015-04-30
RET,2,2,2016-04-30
RWJ,5,5,2016-09-30
RMP,2,2,2017-09-30
RXQ,3,3,2012-06-30
RQ8,1,1,2013-05-31
RYR,2,2,2014-04-30
RA9,3,3,2015-04-30
RKE,2,2,2016-04-30
RTP,5,5,2016-09-30
RBA,3,3,2017-09-30
RJF,0,0,2012-06-30
RJD,1,1,2013-05-31
RA3,0,0,2014-04-30
RTR,5,5,2015-04-30
RA9,1,1,2016-04-30
RMP,2,2,2016-09-30
RBV,0,0,2017-09-30
RWY,3,3,2012-06-30
RXF,2,2,2013-05-31
RBL,4,4,2014-04-30
RE9,2,2,2015-04-30
RWD,1,1,2016-04-30
RBA,3,3,2016-09-30
REN,2,2,2017-09-30
RGT,3,3,2012-06-30
RD8,2,2,2013-05-31
RWP,2,2,2014-04-30
RJC,0,0,2015-04-30
RRV,5,5,2016-04-30
RBV,2,2,2016-09-30
RNA,6,6,2017-09-30
RW3,4,4,2012-06-30
RP6,0,0,2013-05-31
RRF,3,3,2014-04-30
RAJ,3,3,2015-04-30
RM2,4,4,2016-04-30
REN,0,0,2016-09-30
RAS,1,1,2017-09-30
RQM,2,2,2012-06-30
RM1,11,11,2013-05-31
RLQ,1,1,2014-04-30
RVY,6,6,2015-04-30
RHM,3,3,2016-04-30
RNA,6,6,2016-09-30
RTD,7,7,2017-09-30
RFS,0,0,2012-06-30
RVJ,7,7,2013-05-31
RA4,0,0,2014-04-30
RBN,4,4,2015-04-30
RRK,10,10,2016-04-30
RAS,3,3,2016-09-30
RQW,3,3,2017-09-30
RLN,6,6,2012-06-30
RNL,2,2,2013-05-31
RCB,4,4,2014-04-30
RJ7,3,3,2015-04-30
RA7,2,2,2016-04-30
RTD,10,10,2016-09-30
RCX,5,5,2017-09-30
REN,0,0,2012-06-30
RAP,2,2,2013-05-31
REM,3,3,2014-04-30
RWJ,2,2,2015-04-30
RKB,2,2,2016-04-30
RQW,2,2,2016-09-30
RL1,0,0,2017-09-30
RDE,3,3,2012-06-30
RVW,6,6,2013-05-31
RCF,2,2,2014-04-30
RTP,1,1,2015-04-30
RWE,4,4,2016-04-30
RCX,2,2,2016-09-30
RFR,2,2,2017-09-30
RJR,4,4,2012-06-30
RV8,0,0,2013-05-31
RBS,0,0,2014-04-30
RMP,1,1,2015-04-30
RTX,2,2,2016-04-30
RL1,0,0,2016-09-30
RDZ,1,1,2017-09-30
RXP,8,8,2012-06-30
RNS,2,2,2013-05-31
RWA,6,6,2014-05-31
RBA,3,3,2015-04-30
RJE,6,6,2016-04-30
RFR,2,2,2016-09-30
RPY,5,5,2017-09-30
RJ6,3,3,2012-06-30
RBZ,3,3,2013-05-31
RYJ,10,10,2014-05-31
RBV,3,3,2015-04-30
RBK,1,1,2016-04-30
RDZ,3,3,2016-09-30
RRJ,0,0,2017-09-30
RN7,3,3,2012-06-30
RJL,1,1,2013-05-31
RGQ,2,2,2014-05-31
REN,0,0,2015-04-30
RWW,1,1,2016-04-30
RPY,3,3,2016-09-30
RL4,2,2,2017-09-30
RTG,2,2,2012-06-30
RTF,2,2,2013-05-31
R1F,2,2,2014-05-31
RNA,3,3,2015-04-30
RWG,0,0,2016-04-30
RRJ,0,0,2016-09-30
RET,0,0,2017-09-30
RP5,6,6,2012-06-30
RX1,4,4,2013-05-31
RGP,1,1,2014-05-31
RAS,2,2,2015-04-30
RGR,2,2,2016-04-30
RL4,3,3,2016-09-30
RKE,1,1,2017-09-30
RBD,2,2,2012-06-30
RTH,8,8,2013-05-31
RNQ,2,2,2014-05-31
RTD,5,5,2015-04-30
RYR,5,5,2016-04-30
RET,0,0,2016-09-30
RA9,0,0,2017-09-30
RC3,2,2,2012-06-30
RGM,1,1,2013-05-31
RJZ,8,8,2014-05-31
RQW,2,2,2015-04-30
RA3,3,3,2016-04-30
RKE,0,0,2016-09-30
RWD,8,8,2017-09-30
RWH,0,0,2012-06-30
RW6,8,8,2013-05-31
RAX,2,2,2014-05-31
RCX,1,1,2015-04-30
RBL,1,1,2016-04-30
RA9,2,2,2016-09-30
RRV,6,6,2017-09-30
RJN,6,6,2012-06-30
RGN,3,3,2013-05-31
RXN,1,1,2014-05-31
RL1,0,0,2015-04-30
RWP,2,2,2016-04-30
RWD,6,6,2016-09-30
RHM,3,3,2017-09-30
RVV,5,5,2012-06-30
RK9,2,2,2013-05-31
RR8,13,13,2014-05-31
RFR,0,0,2015-04-30
RRF,3,3,2016-04-30
RRV,7,7,2016-09-30
RRK,2,2,2017-09-30
RXR,4,4,2012-06-30
RD3,0,0,2013-05-31
RJ2,2,2,2014-05-31
RDZ,2,2,2015-04-30
RLQ,3,3,2016-04-30
RM2,2,2,2016-09-30
RA7,3,3,2017-09-30
RXC,1,1,2012-06-30
RHU,2,2,2013-05-31
RBQ,0,0,2014-05-31
RPY,2,2,2015-04-30
RA4,0,0,2016-04-30
RHM,2,2,2016-09-30
RKB,4,4,2017-09-30
RVR,7,7,2012-06-30
RQW,1,1,2013-05-31
REP,0,0,2014-05-31
RRJ,3,3,2015-04-30
RCB,3,3,2016-04-30
RRK,7,7,2016-09-30
RWE,9,9,2017-09-30
RDU,1,1,2012-06-30
RPC,0,0,2013-05-31
R1K,3,3,2014-05-31
RL4,5,5,2015-04-30
REM,2,2,2016-04-30
RA7,5,5,2016-09-30
RTX,2,2,2017-09-30
RR7,2,2,2012-06-30
RHW,3,3,2013-05-31
RC9,0,0,2014-05-31
RET,1,1,2015-04-30
RCF,0,0,2016-04-30
RKB,1,1,2016-09-30
RJE,5,5,2017-09-30
RLT,1,1,2012-06-30
RT3,0,0,2013-05-31
RWF,3,3,2014-05-31
RKE,1,1,2015-04-30
RBS,0,0,2016-04-30
RWE,8,8,2016-09-30
RK9,7,7,2017-09-30
RTE,6,6,2012-06-30
REF,5,5,2013-05-31
RPA,4,4,2014-05-31
RWD,2,2,2015-04-30
RTK,0,0,2016-04-30
RTX,4,4,2016-09-30
RBK,2,2,2017-09-30
RP4,1,1,2012-06-30
RH8,5,5,2013-05-31
RBT,2,2,2014-05-31
RRV,19,19,2015-04-30
RF4,1,1,2016-04-30
RJE,9,9,2016-09-30
RWW,4,4,2017-09-30
RN3,3,3,2012-06-30
RAL,5,5,2013-05-31
RQ8,0,0,2014-05-31
RJE,13,13,2015-04-30
RFF,0,0,2016-04-30
RBK,1,1,2016-09-30
RWG,0,0,2017-09-30
RJ1,8,8,2012-06-30
RQ6,7,7,2013-05-31
RXF,2,2,2014-05-31
RM2,4,4,2015-04-30
R1H,7,7,2016-04-30
RWW,0,0,2016-09-30
RGR,2,2,2017-09-30
RN5,2,2,2012-06-30
RBB,0,0,2013-05-31
RD8,5,5,2014-05-31
RHM,5,5,2015-04-30
RDD,0,0,2016-04-30
RWG,0,0,2016-09-30
RYR,1,1,2017-09-30
RCD,1,1,2012-06-30
RAN,0,0,2013-05-31
RP6,0,0,2014-05-31
RRK,5,5,2015-04-30
RC1,1,1,2016-04-30
RGR,2,2,2016-09-30
RA3,0,0,2017-09-30
RR1,5,5,2012-06-30
RA2,1,1,2013-05-31
RM1,3,3,2014-05-31
RA7,6,6,2015-04-30
RQ3,0,0,2016-04-30
RYR,1,1,2016-09-30
RBL,4,4,2017-09-30
RD7,3,3,2012-06-30
RD1,3,3,2013-05-31
RVJ,3,3,2014-05-31
RKB,4,4,2015-04-30
RXL,0,0,2016-04-30
RA3,0,0,2016-09-30
RWP,7,7,2017-09-30
RQQ,1,1,2012-06-30
RL4,2,2,2013-05-31
RNL,2,2,2014-05-31
RWE,3,3,2015-04-30
RMC,3,3,2016-04-30
RBL,9,9,2016-09-30
RRF,3,3,2017-09-30
RQX,2,2,2012-06-30
RM3,2,2,2013-05-31
RAP,6,6,2014-05-31
RTX,5,5,2015-04-30
RAE,4,4,2016-04-30
RWP,6,6,2016-09-30
RLQ,0,0,2017-09-30
RWA,5,5,2012-06-30
RNZ,2,2,2013-05-31
RVW,1,1,2014-05-31
RBK,1,1,2015-04-30
RXH,4,4,2016-04-30
RRF,2,2,2016-09-30
RA4,0,0,2017-09-30
RYJ,6,6,2012-06-30
RXK,1,1,2013-05-31
RNS,5,5,2014-05-31
RWW,3,3,2015-04-30
RXQ,3,3,2016-04-30
RLQ,2,2,2016-09-30
RCB,5,5,2017-09-30
RGQ,2,2,2012-06-30
RCU,0,0,2013-05-31
RBZ,0,0,2014-05-31
RWG,1,1,2015-04-30
RJF,2,2,2016-04-30
RA4,1,1,2016-09-30
RLN,1,1,2017-10-31
R1F,0,0,2012-06-30
RHQ,4,4,2013-05-31
RJL,1,1,2014-05-31
RGR,2,2,2015-04-30
RWY,2,2,2016-04-30
RCB,1,1,2016-09-30
RJR,4,4,2017-10-31
RGP,1,1,2012-06-30
RK5,4,4,2013-05-31
RTF,4,4,2014-05-31
RYR,0,0,2015-04-30
RGT,3,3,2016-04-30
RQ8,4,4,2016-10-31
RXP,2,2,2017-10-31
RNQ,5,5,2012-06-30
RXW,2,2,2013-05-31
RX1,7,7,2014-05-31
RA3,0,0,2015-04-30
RW3,5,5,2016-04-30
RXF,2,2,2016-10-31
RJ6,3,3,2017-10-31
RJZ,3,3,2012-06-30
RA9,0,0,2013-05-31
RTH,6,6,2014-05-31
RBL,4,4,2015-04-30
RQM,4,4,2016-04-30
RD8,0,0,2016-10-31
RN7,1,1,2017-10-31
RAX,2,2,2012-06-30
RTR,10,10,2013-05-31
RGM,1,1,2014-05-31
RWP,3,3,2015-04-30
RFS,0,0,2016-04-30
RP6,0,0,2016-10-31
RTG,9,9,2017-10-31
RXN,4,4,2012-06-30
RE9,1,1,2013-05-31
RW6,10,10,2014-05-31
RRF,0,0,2015-04-30
RLN,1,1,2016-04-30
RM1,3,3,2016-10-31
RP5,5,5,2017-10-31
RR8,11,11,2012-06-30
RJC,0,0,2013-05-31
RGN,3,3,2014-05-31
RLQ,3,3,2015-04-30
RDE,4,4,2016-04-30
RVJ,1,1,2016-10-31
RBD,0,0,2017-10-31
RJ2,4,4,2012-06-30
RAJ,0,0,2013-05-31
RK9,2,2,2014-05-31
RA4,1,1,2015-04-30
RJR,3,3,2016-04-30
RNL,3,3,2016-10-31
RWH,2,2,2017-10-31
RBQ,0,0,2012-06-30
RVY,0,0,2013-05-31
RD3,4,4,2014-05-31
RCB,7,7,2015-04-30
RXP,2,2,2016-04-30
RAP,2,2,2016-10-31
RJN,2,2,2017-10-31
REP,0,0,2012-06-30
RBN,3,3,2013-05-31
RHU,5,5,2014-05-31
REM,6,6,2015-04-30
RJ6,0,0,2016-04-30
RVW,3,3,2016-10-31
RVV,3,3,2017-10-31
RC9,0,0,2012-06-30
RJ7,3,3,2013-05-31
RQW,0,0,2014-05-31
RCF,0,0,2015-04-30
RN7,0,0,2016-04-30
RGN,3,3,2016-10-31
RXR,3,3,2017-10-31
RWF,6,6,2012-06-30
RWJ,8,8,2013-05-31
RPC,0,0,2014-05-31
RBS,0,0,2015-04-30
RTG,4,4,2016-04-30
RNS,1,1,2016-10-31
RDE,1,1,2017-10-31
RPA,0,0,2012-06-30
RTP,2,2,2013-05-31
RHW,3,3,2014-05-31
RTK,1,1,2015-04-30
RP5,0,0,2016-04-30
RBZ,0,0,2016-10-31
RXC,4,4,2017-10-31
RBT,5,5,2012-06-30
RMP,5,5,2013-05-31
RT3,0,0,2014-05-31
RF4,2,2,2015-04-30
RBD,1,1,2016-04-30
RJL,1,1,2016-10-31
RVR,5,5,2017-10-31
RQ8,2,2,2012-06-30
RBA,0,0,2013-05-31
REF,3,3,2014-05-31
RFF,1,1,2015-04-30
RWH,3,3,2016-04-30
RTF,2,2,2016-10-31
RDU,6,6,2017-10-31
RJD,1,1,2012-06-30
RBV,0,0,2013-05-31
RH8,5,5,2014-05-31
REM,4,4,2015-05-31
RJN,2,2,2016-04-30
RX1,11,11,2016-10-31
RR7,2,2,2017-10-31
RXF,4,4,2012-06-30
RNA,4,4,2013-05-31
RAL,6,6,2014-05-31
RCF,1,1,2015-05-31
RVV,4,4,2016-04-30
RTH,2,2,2016-10-31
RLT,0,0,2017-10-31
RD8,3,3,2012-06-30
RAS,2,2,2013-05-31
RQ6,5,5,2014-05-31
RBS,0,0,2015-05-31
RXR,1,1,2016-04-30
RGM,0,0,2016-10-31
RTE,5,5,2017-10-31
RP6,0,0,2012-06-30
RTD,9,9,2013-05-31
RAN,0,0,2014-05-31
RTK,3,3,2015-05-31
RXC,2,2,2016-04-30
RW6,7,7,2016-10-31
RP4,1,1,2017-10-31
RM1,1,1,2012-06-30
RCX,1,1,2013-05-31
RA2,2,2,2014-05-31
RF4,5,5,2015-05-31
RVR,2,2,2016-04-30
RK9,3,3,2016-10-31
RN3,1,1,2017-10-31
RVJ,5,5,2012-06-30
RL1,0,0,2013-05-31
RD1,0,0,2014-05-31
RFF,0,0,2015-05-31
RDU,1,1,2016-04-30
RD3,3,3,2016-10-31
RJ1,3,3,2017-10-31
RNL,3,3,2012-06-30
RFR,3,3,2013-05-31
RM3,2,2,2014-05-31
R1H,5,5,2015-05-31
RR7,3,3,2016-04-30
RHU,1,1,2016-10-31
RN5,1,1,2017-10-31
RAP,1,1,2012-06-30
RDZ,2,2,2013-05-31
RNZ,2,2,2014-05-31
RDD,4,4,2015-05-31
RLT,0,0,2016-04-30
RPC,0,0,2016-10-31
RCD,1,1,2017-10-31
RVW,6,6,2012-06-30
RPY,1,1,2013-05-31
RXK,2,2,2014-05-31
RC1,0,0,2015-05-31
RTE,5,5,2016-04-30
RHW,4,4,2016-10-31
RQX,0,0,2017-10-31
RV8,2,2,2012-06-30
RRJ,0,0,2013-05-31
RCU,0,0,2014-05-31
RQ3,0,0,2015-05-31
RP4,1,1,2016-04-30
RT3,1,1,2016-10-31
RWA,3,3,2017-10-31
RNS,4,4,2012-06-30
RET,2,2,2013-05-31
RHQ,13,13,2014-05-31
RLU,0,0,2015-05-31
RN3,0,0,2016-04-30
REF,4,4,2016-10-31
RYJ,8,8,2017-10-31
RBZ,0,0,2012-06-30
RKE,0,0,2013-05-31
RK5,6,6,2014-05-31
RXL,5,5,2015-05-31
RJ1,9,9,2016-04-30
RH8,0,0,2016-10-31
R1F,4,4,2017-10-31
RJL,2,2,2012-06-30
RWD,4,4,2013-05-31
RXW,4,4,2014-05-31
RMC,2,2,2015-05-31
RN5,3,3,2016-04-30
RAL,4,4,2016-10-31
RGP,2,2,2017-10-31
RTF,8,8,2012-06-30
RRV,6,6,2013-05-31
RA9,0,0,2014-05-31
RAE,3,3,2015-05-31
RCD,3,3,2016-04-30
RQ6,4,4,2016-10-31
RNQ,2,2,2017-10-31
RX1,14,14,2012-06-30
RRK,8,8,2013-05-31
RTR,7,7,2014-05-31
RXH,5,5,2015-05-31
RR1,5,5,2016-04-30
RAN,0,0,2016-10-31
RJZ,3,3,2017-10-31
RTH,4,4,2012-06-30
RJE,7,7,2013-05-31
RE9,1,1,2014-05-31
RXQ,4,4,2015-05-31
RQQ,1,1,2016-04-30
RA2,6,6,2016-10-31
RAX,4,4,2017-10-31
RGM,2,2,2012-06-30
RM2,3,3,2013-05-31
RJC,0,0,2014-05-31
RJF,1,1,2015-05-31
RQX,0,0,2016-04-30
RD1,3,3,2016-10-31
RXN,2,2,2017-10-31
RW6,7,7,2012-06-30
RHM,5,5,2013-05-31
RAJ,3,3,2014-05-31
RWY,0,0,2015-05-31
RWA,6,6,2016-04-30
RM3,2,2,2016-10-31
RR8,16,16,2017-10-31
RGN,1,1,2012-06-30
RA7,4,4,2013-05-31
RVY,2,2,2014-05-31
RGT,9,9,2015-05-31
RYJ,5,5,2016-04-30
RNZ,3,3,2016-10-31
RJ2,3,3,2017-10-31
RK9,6,6,2012-06-30
RKB,4,4,2013-05-31
RBN,5,5,2014-05-31
RW3,2,2,2015-05-31
RGQ,1,1,2016-04-30
RXK,2,2,2016-10-31
RBQ,0,0,2017-10-31
RD3,0,0,2012-06-30
RWE,7,7,2013-05-31
RJ7,3,3,2014-05-31
RQM,0,0,2015-05-31
R1F,0,0,2016-04-30
RCU,0,0,2016-10-31
REP,0,0,2017-10-31
RHU,5,5,2012-06-30
RTX,3,3,2013-05-31
RWJ,1,1,2014-05-31
RFS,1,1,2015-05-31
RGP,0,0,2016-04-30
RHQ,7,7,2016-10-31
R1K,6,6,2017-10-31
RQW,1,1,2012-06-30
RBK,1,1,2013-05-31
RTP,0,0,2014-05-31
RLN,2,2,2015-05-31
RNQ,2,2,2016-04-30
RK5,1,1,2016-10-31
RC9,1,1,2017-10-31
RPC,0,0,2012-06-30
RWW,4,4,2013-05-31
RMP,4,4,2014-05-31
RDE,2,2,2015-05-31
RJZ,5,5,2016-04-30
RXW,2,2,2016-10-31
RWF,1,1,2017-10-31
RHW,2,2,2012-06-30
RWG,4,4,2013-05-31
RBA,0,0,2014-05-31
RJR,1,1,2015-05-31
RAX,0,0,2016-04-30
RTR,2,2,2016-10-31
R0A,7,7,2017-10-31
RT3,1,1,2012-06-30
RFW,0,0,2013-05-31
RBV,3,3,2014-05-31
RXP,1,1,2015-05-31
RXN,2,2,2016-04-30
RE9,0,0,2016-10-31
RPA,1,1,2017-10-31
REF,4,4,2012-06-30
RGR,1,1,2013-05-31
RNA,1,1,2014-05-31
RJ6,2,2,2015-05-31
RR8,7,7,2016-04-30
RJC,0,0,2016-10-31
RBT,0,0,2017-10-31
RH8,6,6,2012-06-30
RYR,5,5,2013-05-31
RAS,1,1,2014-05-31
RN7,4,4,2015-05-31
RJ2,1,1,2016-04-30
RAJ,2,2,2016-10-31
RQ8,2,2,2017-10-31
RAL,2,2,2012-06-30
RA3,1,1,2013-05-31
RTD,7,7,2014-05-31
RTG,5,5,2015-05-31
RBQ,0,0,2016-04-30
RVY,1,1,2016-10-31
RXF,4,4,2017-10-31
RQ6,4,4,2012-06-30
RBL,4,4,2013-05-31
RCX,3,3,2014-05-31
RP5,6,6,2015-05-31
REP,0,0,2016-04-30
RJ7,6,6,2016-10-31
RD8,1,1,2017-10-31
RBB,1,1,2012-06-30
RWP,6,6,2013-05-31
RL1,1,1,2014-05-31
RBD,2,2,2015-05-31
REM,6,6,2016-05-31
RBN,3,3,2016-10-31
RP6,0,0,2017-10-31
RAN,0,0,2012-06-30
RRF,4,4,2013-05-31
RFR,3,3,2014-05-31
RWH,0,0,2015-05-31
RCF,3,3,2016-05-31
RWJ,3,3,2016-10-31
RM1,4,4,2017-10-31
RA2,3,3,2012-06-30
RLQ,2,2,2013-05-31
RDZ,1,1,2014-05-31
RJN,4,4,2015-05-31
RBS,0,0,2016-05-31
RTP,0,0,2016-10-31
RVJ,0,0,2017-10-31
RD1,5,5,2012-06-30
RA4,1,1,2013-05-31
RPY,3,3,2014-05-31
RVV,3,3,2015-05-31
RTK,1,1,2016-05-31
RMP,7,7,2016-10-31
RNL,4,4,2017-10-31
RL4,2,2,2012-06-30
RCB,5,5,2013-05-31
RRJ,1,1,2014-05-31
RXR,1,1,2015-05-31
RF4,2,2,2016-05-31
RBA,2,2,2016-10-31
RAP,0,0,2017-10-31
RM3,7,7,2012-06-30
REM,6,6,2013-06-30
RL4,1,1,2014-05-31
RXC,3,3,2015-05-31
RFF,0,0,2016-05-31
RBV,0,0,2016-10-31
RVW,1,1,2017-10-31
RNZ,1,1,2012-06-30
RCF,0,0,2013-06-30
RET,0,0,2014-05-31
RVR,1,1,2015-05-31
R1H,4,4,2016-05-31
REN,0,0,2016-10-31
RGN,2,2,2017-10-31
RXK,2,2,2012-06-30
RBS,0,0,2013-06-30
RKE,4,4,2014-05-31
RDU,1,1,2015-05-31
RDD,1,1,2016-05-31
RNA,2,2,2016-10-31
RNS,1,1,2017-10-31
RCU,0,0,2012-06-30
RTK,0,0,2013-06-30
RWD,8,8,2014-05-31
RR7,4,4,2015-05-31
RC1,1,1,2016-05-31
RAS,0,0,2016-10-31
RBZ,1,1,2017-10-31
RHQ,7,7,2012-06-30
RF4,3,3,2013-06-30
RRV,10,10,2014-05-31
RLT,1,1,2015-05-31
RQ3,0,0,2016-05-31
RTD,9,9,2016-10-31
RJL,5,5,2017-10-31
RK5,1,1,2012-06-30
RVL,0,0,2013-06-30
RRK,6,6,2014-05-31
RTE,4,4,2015-05-31
RXL,1,1,2016-05-31
RQW,1,1,2016-10-31
RTF,2,2,2017-10-31
RXW,5,5,2012-06-30
RFF,1,1,2013-06-30
RJE,5,5,2014-05-31
RP4,1,1,2015-05-31
RMC,2,2,2016-05-31
RCX,1,1,2016-10-31
RX1,8,8,2017-10-31
RA9,1,1,2012-06-30
R1H,3,3,2013-06-30
RM2,2,2,2014-05-31
RN3,3,3,2015-05-31
RAE,3,3,2016-05-31
RL1,0,0,2016-10-31
RTH,2,2,2017-10-31
RTR,7,7,2012-06-30
RDD,1,1,2013-06-30
RHM,6,6,2014-05-31
RJ1,2,2,2015-05-31
RXH,2,2,2016-05-31
RFR,1,1,2016-10-31
RW6,2,2,2017-10-31
RE9,1,1,2012-06-30
RC1,0,0,2013-06-30
RA7,4,4,2014-05-31
RN5,6,6,2015-05-31
RXQ,5,5,2016-05-31
RDZ,2,2,2016-10-31
RD3,3,3,2017-10-31
RJC,2,2,2012-06-30
RQ3,0,0,2013-06-30
RKB,3,3,2014-05-31
RCD,2,2,2015-05-31
RJF,0,0,2016-05-31
RPY,2,2,2016-10-31
RHU,6,6,2017-10-31
RAJ,1,1,2012-06-30
RLU,0,0,2013-06-30
RWE,6,6,2014-05-31
RR1,5,5,2015-05-31
RWY,3,3,2016-05-31
RRJ,1,1,2016-10-31
RPC,0,0,2017-10-31
RVY,2,2,2012-06-30
RXL,0,0,2013-06-30
RTX,2,2,2014-05-31
RQQ,0,0,2015-05-31
RGT,1,1,2016-05-31
RL4,3,3,2016-10-31
RHW,1,1,2017-10-31
RBN,3,3,2012-06-30
RMC,3,3,2013-06-30
RBK,5,5,2014-05-31
RQX,0,0,2015-05-31
RW3,6,6,2016-05-31
RET,0,0,2016-10-31
RT3,0,0,2017-10-31
RJ7,5,5,2012-06-30
RAE,2,2,2013-06-30
RWW,3,3,2014-05-31
RWA,5,5,2015-05-31
RQM,0,0,2016-05-31
RKE,0,0,2016-10-31
REF,1,1,2017-10-31
RWJ,5,5,2012-06-30
RXH,2,2,2013-06-30
RWG,2,2,2014-05-31
RYJ,8,8,2015-05-31
RFS,0,0,2016-05-31
RA9,0,0,2016-10-31
RH8,0,0,2017-10-31
RTP,0,0,2012-06-30
RXQ,4,4,2013-06-30
RFW,1,1,2014-05-31
RGQ,2,2,2015-05-31
RLN,8,8,2016-05-31
RWD,4,4,2016-10-31
RAL,7,7,2017-10-31
RMP,5,5,2012-06-30
RJF,1,1,2013-06-30
RGR,1,1,2014-05-31
R1F,4,4,2015-05-31
RDE,4,4,2016-05-31
RRV,7,7,2016-10-31
RQ6,3,3,2017-10-31
RBA,2,2,2012-06-30
RWY,3,3,2013-06-30
RYR,5,5,2014-05-31
RGP,3,3,2015-05-31
RJR,2,2,2016-05-31
RM2,6,6,2016-10-31
RAN,1,1,2017-10-31
RBV,2,2,2012-06-30
RGT,4,4,2013-06-30
RA3,1,1,2014-05-31
RNQ,2,2,2015-05-31
RXP,2,2,2016-05-31
RHM,3,3,2016-10-31
RGM,2,2,2017-10-31
RNA,5,5,2012-06-30
RW3,3,3,2013-06-30
RBL,3,3,2014-05-31
RJZ,9,9,2015-05-31
RJ6,2,2,2016-05-31
RRK,8,8,2016-10-31
RA2,1,1,2017-10-31
RAS,2,2,2012-06-30
RQM,0,0,2013-06-30
RWP,4,4,2014-05-31
RAX,2,2,2015-05-31
RN7,0,0,2016-05-31
RA7,1,1,2016-10-31
RD1,6,6,2017-10-31
RTD,6,6,2012-06-30
RFS,2,2,2013-06-30
RRF,2,2,2014-05-31
RXN,10,10,2015-05-31
RTG,3,3,2016-05-31
RKB,4,4,2016-10-31
RM3,1,1,2017-10-31
RCX,1,1,2012-06-30
RLN,7,7,2013-06-30
RLQ,4,4,2014-05-31
RR8,7,7,2015-05-31
RP5,4,4,2016-05-31
RWE,5,5,2016-10-31
RNZ,1,1,2017-10-31
RL1,0,0,2012-06-30
REN,1,1,2013-06-30
RA4,1,1,2014-05-31
RJ2,4,4,2015-05-31
RBD,1,1,2016-05-31
RTX,4,4,2016-10-31
RXK,5,5,2017-10-31
RFR,0,0,2012-06-30
RDE,0,0,2013-06-30
RCB,2,2,2014-05-31
RBQ,0,0,2015-05-31
RWH,2,2,2016-05-31
RJE,6,6,2016-10-31
RCU,0,0,2017-10-31
RDZ,1,1,2012-06-30
RJR,0,0,2013-06-30
REM,3,3,2014-05-31
REP,0,0,2015-05-31
RJN,5,5,2016-05-31
RBK,3,3,2016-10-31
RHQ,4,4,2017-10-31
RPY,1,1,2012-06-30
RXP,1,1,2013-06-30
RCF,1,1,2014-05-31
R1K,9,9,2015-05-31
RVV,4,4,2016-05-31
RWW,0,0,2016-10-31
RK5,4,4,2017-10-31
RRJ,1,1,2012-06-30
RJ6,0,0,2013-06-30
RBS,0,0,2014-05-31
RC9,1,1,2015-05-31
RXR,2,2,2016-05-31
RWG,1,1,2016-10-31
RXW,3,3,2017-10-31
RET,1,1,2012-06-30
RN7,2,2,2013-06-30
RTK,2,2,2014-05-31
RWF,1,1,2015-05-31
RXC,7,7,2016-05-31
RGR,3,3,2016-10-31
RTR,5,5,2017-10-31
RKE,0,0,2012-06-30
RTG,6,6,2013-06-30
RF4,2,2,2014-05-31
RPA,10,10,2015-05-31
RVR,4,4,2016-05-31
RYR,10,10,2016-10-31
RE9,2,2,2017-10-31
RWD,7,7,2012-06-30
RP5,5,5,2013-06-30
RFF,0,0,2014-05-31
RBT,6,6,2015-05-31
RDU,2,2,2016-05-31
RA3,0,0,2016-10-31
RJC,4,4,2017-10-31
RRV,6,6,2012-06-30
RBD,1,1,2013-06-30
R1H,8,8,2014-05-31
RQ8,3,3,2015-05-31
RR7,1,1,2016-05-31
RBL,2,2,2016-10-31
RAJ,1,1,2017-10-31
RRK,5,5,2012-06-30
RC3,0,0,2013-06-30
RDD,2,2,2014-05-31
RXF,7,7,2015-05-31
RLT,0,0,2016-05-31
RWP,4,4,2016-10-31
RVY,2,2,2017-10-31
RJE,10,10,2012-06-30
RWH,4,4,2013-06-30
RC1,1,1,2014-05-31
RD8,1,1,2015-05-31
RTE,3,3,2016-05-31
RRF,2,2,2016-10-31
RJ7,4,4,2017-10-31
RM2,5,5,2012-06-30
RJN,0,0,2013-06-30
RQ3,0,0,2014-05-31
RP6,0,0,2015-05-31
RP4,0,0,2016-05-31
RLQ,0,0,2016-10-31
RBN,1,1,2017-10-31
RHM,2,2,2012-06-30
RVV,5,5,2013-06-30
RLU,0,0,2014-05-31
RM1,1,1,2015-05-31
RN3,5,5,2016-05-31
RA4,3,3,2016-10-31
RWJ,0,0,2017-10-31
RA7,5,5,2012-06-30
RXR,1,1,2013-06-30
RXL,4,4,2014-05-31
RVJ,9,9,2015-05-31
RJ1,2,2,2016-05-31
RCB,3,3,2016-10-31
RTP,3,3,2017-10-31
RKB,8,8,2012-06-30
RXC,1,1,2013-06-30
RMC,2,2,2014-05-31
RNL,3,3,2015-05-31
RN5,3,3,2016-05-31
REM,3,3,2016-10-31
RMP,2,2,2017-10-31
RWE,3,3,2012-06-30
RVR,1,1,2013-06-30
RAE,7,7,2014-05-31
RAP,2,2,2015-05-31
RCD,3,3,2016-05-31
RCF,3,3,2016-10-31
RBA,0,0,2017-10-31
RTX,6,6,2012-06-30
RDU,1,1,2013-06-30
RXH,2,2,2014-05-31
RVW,4,4,2015-05-31
RR1,4,4,2016-05-31
RBS,0,0,2016-10-31
RBV,2,2,2017-10-31
RBK,1,1,2012-06-30
RR7,1,1,2013-06-30
RXQ,1,1,2014-05-31
RNS,3,3,2015-05-31
RQX,1,1,2016-05-31
RTK,4,4,2016-10-31
REN,0,0,2017-10-31
RWW,4,4,2012-06-30
RLT,0,0,2013-06-30
RJF,1,1,2014-05-31
RBZ,2,2,2015-05-31
RWA,3,3,2016-05-31
RF4,3,3,2016-10-31
RNA,1,1,2017-10-31
RWG,4,4,2012-06-30
RTE,5,5,2013-06-30
RWY,4,4,2014-05-31
RJL,2,2,2015-05-31
RYJ,10,10,2016-05-31
RFF,3,3,2016-10-31
RAS,0,0,2017-10-31
RFW,1,1,2012-06-30
RP4,1,1,2013-06-30
RGT,4,4,2014-05-31
RTF,2,2,2015-05-31
RGQ,7,7,2016-05-31
R1H,3,3,2016-10-31
RTD,6,6,2017-10-31
RGR,2,2,2012-06-30
RN3,2,2,2013-06-30
RW3,8,8,2014-05-31
RX1,8,8,2015-05-31
R1F,1,1,2016-05-31
RDD,4,4,2016-10-31
RQW,0,0,2017-10-31
RYR,8,8,2012-06-30
RJ1,1,1,2013-06-30
RQM,0,0,2014-05-31
RTH,4,4,2015-05-31
RGP,1,1,2016-05-31
RC1,1,1,2016-10-31
RCX,7,7,2017-10-31
RA3,1,1,2012-06-30
RN5,5,5,2013-06-30
RFS,3,3,2014-05-31
RGM,0,0,2015-05-31
RNQ,4,4,2016-05-31
RQ3,1,1,2016-10-31
RL1,0,0,2017-10-31
RBL,3,3,2012-06-30
RCD,1,1,2013-06-30
RLN,2,2,2014-05-31
RW6,3,3,2015-05-31
RJZ,5,5,2016-05-31
RXL,5,5,2016-10-31
RFR,2,2,2017-10-31
RWP,7,7,2012-06-30
RR1,8,8,2013-06-30
REN,0,0,2014-05-31
RGN,3,3,2015-05-31
RAX,2,2,2016-05-31
RMC,5,5,2016-10-31
RDZ,6,6,2017-10-31
RRF,4,4,2012-06-30
RD7,6,6,2013-06-30
RDE,2,2,2014-05-31
RK9,4,4,2015-05-31
RXN,6,6,2016-05-31
RAE,5,5,2016-10-31
RPY,5,5,2017-10-31
RLQ,1,1,2012-06-30
RQQ,1,1,2013-06-30
RJR,2,2,2014-05-31
RD3,1,1,2015-05-31
RR8,14,14,2016-05-31
RXH,5,5,2016-10-31
RRJ,0,0,2017-10-31
RA4,1,1,2012-06-30
RQX,0,0,2013-06-30
RXP,0,0,2014-05-31
RHU,2,2,2015-05-31
RJ2,1,1,2016-05-31
RXQ,3,3,2016-10-31
RL4,3,3,2017-10-31
RCB,6,6,2012-06-30
RWA,6,6,2013-06-30
RJ6,1,1,2014-05-31
RPC,0,0,2015-05-31
RBQ,0,0,2016-05-31
RJF,1,1,2016-10-31
RET,1,1,2017-10-31
RVW,9,9,2012-07-31
RYJ,8,8,2013-06-30
RN7,1,1,2014-05-31
RHW,3,3,2015-05-31
REP,0,0,2016-05-31
RWY,3,3,2016-10-31
RKE,3,3,2017-10-31
RV8,4,4,2012-07-31
RGQ,0,0,2013-06-30
RTG,5,5,2014-05-31
RT3,3,3,2015-05-31
R1K,1,1,2016-05-31
RGT,6,6,2016-10-31
RA9,2,2,2017-10-31
RNS,3,3,2012-07-31
R1F,2,2,2013-06-30
RP5,7,7,2014-05-31
REF,3,3,2015-05-31
RC9,0,0,2016-05-31
RW3,9,9,2016-10-31
RWD,6,6,2017-10-31
RBZ,1,1,2012-07-31
RGP,1,1,2013-06-30
RBD,0,0,2014-05-31
RH8,3,3,2015-05-31
RWF,2,2,2016-05-31
RQM,0,0,2016-10-31
RRV,6,6,2017-10-31
RJL,1,1,2012-07-31
RNQ,2,2,2013-06-30
RWH,1,1,2014-05-31
RAL,9,9,2015-05-31
RPA,0,0,2016-05-31
RFS,2,2,2016-10-31
RHM,1,1,2017-10-31
RTF,0,0,2012-07-31
RJZ,3,3,2013-06-30
RJN,2,2,2014-05-31
RQ6,4,4,2015-05-31
RBT,0,0,2016-05-31
RLN,3,3,2016-10-31
RRK,14,14,2017-10-31
RX1,18,18,2012-07-31
RAX,3,3,2013-06-30
RVV,3,3,2014-05-31
RAN,0,0,2015-05-31
RQ8,3,3,2016-05-31
RDE,4,4,2016-10-31
RA7,1,1,2017-10-31
RTH,4,4,2012-07-31
RXN,4,4,2013-06-30
RXR,4,4,2014-05-31
RA2,0,0,2015-05-31
RXF,3,3,2016-05-31
RJR,0,0,2016-10-31
RKB,2,2,2017-10-31
RGM,1,1,2012-07-31
RR8,10,10,2013-06-30
RXC,3,3,2014-05-31
RD1,4,4,2015-05-31
RD8,0,0,2016-05-31
RXP,1,1,2016-10-31
RWE,7,7,2017-10-31
RW6,8,8,2012-07-31
RJ2,4,4,2013-06-30
RVR,3,3,2014-05-31
RM3,4,4,2015-05-31
RP6,0,0,2016-05-31
RJ6,1,1,2016-10-31
RTX,4,4,2017-10-31
RGN,6,6,2012-07-31
RBQ,1,1,2013-06-30
RDU,3,3,2014-05-31
RNZ,1,1,2015-05-31
RM1,2,2,2016-05-31
RN7,2,2,2016-10-31
RJE,8,8,2017-10-31
RK9,1,1,2012-07-31
REP,0,0,2013-06-30
RR7,1,1,2014-05-31
RXK,2,2,2015-05-31
RVJ,1,1,2016-05-31
RTG,2,2,2016-10-31
RK9,6,6,2017-10-31
RD3,3,3,2012-07-31
RC9,3,3,2013-06-30
RLT,1,1,2014-05-31
RCU,0,0,2015-05-31
RNL,2,2,2016-05-31
RP5,2,2,2016-10-31
RBK,1,1,2017-10-31
RHU,2,2,2012-07-31
RWF,4,4,2013-06-30
RTE,5,5,2014-05-31
RHQ,7,7,2015-05-31
RAP,4,4,2016-05-31
RBD,3,3,2016-10-31
RWW,1,1,2017-10-31
RQW,2,2,2012-07-31
RPA,3,3,2013-06-30
RP4,1,1,2014-05-31
RK5,8,8,2015-05-31
RVW,4,4,2016-05-31
RWH,2,2,2016-10-31
RWG,3,3,2017-10-31
RPC,0,0,2012-07-31
RBT,1,1,2013-06-30
RN3,0,0,2014-05-31
RXW,3,3,2015-05-31
RGN,3,3,2016-05-31
RJN,2,2,2016-10-31
RGR,6,6,2017-10-31
RHW,0,0,2012-07-31
RQ8,0,0,2013-06-30
RJ1,5,5,2014-05-31
RA9,4,4,2015-05-31
RNS,0,0,2016-05-31
RVV,6,6,2016-10-31
RYR,2,2,2017-10-31
RT3,3,3,2012-07-31
RJD,4,4,2013-06-30
RN5,1,1,2014-05-31
RTR,8,8,2015-05-31
RBZ,3,3,2016-05-31
RXR,5,5,2016-10-31
RA3,0,0,2017-10-31
REF,0,0,2012-07-31
RXF,2,2,2013-06-30
RCD,2,2,2014-05-31
RE9,1,1,2015-05-31
RJL,3,3,2016-05-31
RXC,4,4,2016-10-31
RBL,8,8,2017-10-31
RH8,6,6,2012-07-31
RD8,0,0,2013-06-30
RR1,9,9,2014-05-31
RJC,2,2,2015-05-31
RTF,2,2,2016-05-31
RVR,2,2,2016-10-31
RWP,3,3,2017-10-31
RAL,4,4,2012-07-31
RP6,0,0,2013-06-30
RQQ,0,0,2014-05-31
RAJ,1,1,2015-05-31
RX1,6,6,2016-05-31
RDU,5,5,2016-10-31
RRF,1,1,2017-10-31
RQ6,7,7,2012-07-31
RM1,1,1,2013-06-30
RQX,1,1,2014-05-31
RVY,3,3,2015-05-31
RTH,11,11,2016-05-31
RR7,5,5,2016-10-31
RLQ,0,0,2017-10-31
RBB,0,0,2012-07-31
RVJ,4,4,2013-06-30
REM,10,10,2014-06-30
RBN,5,5,2015-05-31
RGM,0,0,2016-05-31
RLT,0,0,2016-10-31
RA4,0,0,2017-10-31
RAN,0,0,2012-07-31
RNL,2,2,2013-06-30
RCF,0,0,2014-06-30
RJ7,3,3,2015-05-31
RW6,5,5,2016-05-31
RTE,1,1,2016-10-31
RCB,7,7,2017-10-31
RA2,2,2,2012-07-31
RAP,4,4,2013-06-30
RBS,0,0,2014-06-30
RWJ,2,2,2015-05-31
RK9,1,1,2016-05-31
RP4,0,0,2016-10-31
REM,4,4,2017-10-31
RD1,2,2,2012-07-31
RVW,1,1,2013-06-30
RTK,0,0,2014-06-30
RTP,3,3,2015-05-31
RD3,3,3,2016-05-31
RN3,2,2,2016-10-31
RCF,0,0,2017-10-31
RL4,5,5,2012-07-31
RV8,4,4,2013-06-30
RF4,0,0,2014-06-30
RMP,3,3,2015-05-31
RHU,1,1,2016-05-31
RJ1,1,1,2016-10-31
RBS,0,0,2017-10-31
RM3,6,6,2012-07-31
RNS,4,4,2013-06-30
RFF,0,0,2014-06-30
RBA,3,3,2015-05-31
RPC,1,1,2016-05-31
RN5,3,3,2016-10-31
RTK,2,2,2017-10-31
RNZ,6,6,2012-07-31
RBZ,3,3,2013-06-30
R1H,5,5,2014-06-30
RBV,3,3,2015-05-31
RHW,2,2,2016-05-31
RCD,4,4,2016-10-31
RF4,1,1,2017-10-31
RXK,2,2,2012-07-31
RJL,1,1,2013-06-30
RDD,5,5,2014-06-30
REN,1,1,2015-05-31
RT3,0,0,2016-05-31
RR1,5,5,2016-10-31
RFF,0,0,2017-10-31
RCU,1,1,2012-07-31
RTF,1,1,2013-06-30
RC1,2,2,2014-06-30
RNA,3,3,2015-05-31
REF,2,2,2016-05-31
RQX,1,1,2016-10-31
R1H,6,6,2017-10-31
RHQ,5,5,2012-07-31
RX1,17,17,2013-06-30
RQ3,0,0,2014-06-30
RAS,2,2,2015-05-31
RH8,1,1,2016-05-31
RWA,3,3,2016-10-31
RDD,1,1,2017-10-31
RK5,0,0,2012-07-31
RTH,5,5,2013-06-30
RLU,0,0,2014-06-30
RTD,3,3,2015-05-31
RAL,2,2,2016-05-31
RYJ,8,8,2016-10-31
RC1,0,0,2017-10-31
RXW,2,2,2012-07-31
RGM,0,0,2013-06-30
RXL,3,3,2014-06-30
RQW,1,1,2015-05-31
RQ6,6,6,2016-05-31
RGQ,4,4,2016-10-31
RQ3,1,1,2017-10-31
RA9,6,6,2012-07-31
RW6,3,3,2013-06-30
RMC,3,3,2014-06-30
RCX,1,1,2015-05-31
RAN,0,0,2016-05-31
R1F,1,1,2016-10-31
RXL,3,3,2017-10-31
RTR,5,5,2012-07-31
RGN,4,4,2013-06-30
RAE,4,4,2014-06-30
RL1,0,0,2015-05-31
RA2,1,1,2016-05-31
RGP,1,1,2016-10-31
RMC,2,2,2017-10-31
RE9,2,2,2012-07-31
RK9,3,3,2013-06-30
RXH,1,1,2014-06-30
RFR,4,4,2015-05-31
RD1,2,2,2016-05-31
RNQ,1,1,2016-10-31
RAE,3,3,2017-10-31
RJC,3,3,2012-07-31
RD3,1,1,2013-06-30
RXQ,3,3,2014-06-30
RDZ,1,1,2015-05-31
RM3,2,2,2016-05-31
RJZ,4,4,2016-10-31
RXH,4,4,2017-10-31
RAJ,0,0,2012-07-31
RHU,1,1,2013-06-30
RJF,6,6,2014-06-30
RPY,3,3,2015-05-31
RNZ,0,0,2016-05-31
RAX,1,1,2016-10-31
RXQ,7,7,2017-10-31
RVY,0,0,2012-07-31
RQW,3,3,2013-06-30
RWY,1,1,2014-06-30
RRJ,1,1,2015-05-31
RXK,1,1,2016-05-31
RXN,6,6,2016-10-31
RJF,3,3,2017-10-31
RBN,1,1,2012-07-31
RPC,0,0,2013-06-30
RGT,5,5,2014-06-30
RL4,11,11,2015-05-31
RCU,0,0,2016-05-31
RR8,4,4,2016-10-31
RWY,1,1,2017-10-31
RJ7,8,8,2012-07-31
RHW,5,5,2013-06-30
RW3,4,4,2014-06-30
RET,3,3,2015-05-31
RHQ,5,5,2016-05-31
RJ2,5,5,2016-10-31
RGT,5,5,2017-10-31
RWJ,7,7,2012-07-31
RT3,2,2,2013-06-30
RQM,0,0,2014-06-30
RKE,1,1,2015-05-31
RK5,1,1,2016-05-31
RBQ,0,0,2016-10-31
RQM,0,0,2017-10-31
RTP,2,2,2012-07-31
REF,2,2,2013-06-30
RFS,3,3,2014-06-30
RWD,3,3,2015-05-31
RXW,3,3,2016-05-31
REP,0,0,2016-10-31
RFS,0,0,2017-10-31
RMP,4,4,2012-07-31
RH8,4,4,2013-06-30
RLN,2,2,2014-06-30
RRV,10,10,2015-05-31
RTR,3,3,2016-05-31
R1K,0,0,2016-10-31
REM,3,3,2017-11-30
RBA,1,1,2012-07-31
RAL,2,2,2013-06-30
RDE,0,0,2014-06-30
RJE,12,12,2015-05-31
RE9,0,0,2016-05-31
RC9,0,0,2016-10-31
RCF,1,1,2017-11-30
RBV,1,1,2012-07-31
RQ6,2,2,2013-06-30
RJR,0,0,2014-06-30
RM2,4,4,2015-05-31
RJC,2,2,2016-05-31
RWF,1,1,2016-10-31
RBS,0,0,2017-11-30
RNA,4,4,2012-07-31
RBB,0,0,2013-06-30
RXP,1,1,2014-06-30
RHM,4,4,2015-05-31
RAJ,0,0,2016-05-31
RPA,4,4,2016-10-31
RTK,2,2,2017-11-30
RAS,0,0,2012-07-31
RAN,1,1,2013-06-30
RJ6,2,2,2014-06-30
RRK,6,6,2015-05-31
RVY,5,5,2016-05-31
RBT,1,1,2016-10-31
RF4,2,2,2017-11-30
RTD,7,7,2012-07-31
RA2,3,3,2013-06-30
RN7,1,1,2014-06-30
RA7,1,1,2015-05-31
RJ7,2,2,2016-05-31
RJZ,10,10,2016-11-30
RFF,1,1,2017-11-30
RCX,1,1,2012-07-31
RD1,4,4,2013-06-30
RTG,4,4,2014-06-30
RKB,3,3,2015-05-31
RBN,1,1,2016-05-31
RAX,1,1,2016-11-30
R1H,11,11,2017-11-30
RL1,0,0,2012-07-31
RL4,4,4,2013-06-30
RP5,4,4,2014-06-30
RWE,1,1,2015-05-31
RWJ,2,2,2016-05-31
RXN,5,5,2016-11-30
RDD,1,1,2017-11-30
RFR,2,2,2012-07-31
RM3,2,2,2013-06-30
RBD,2,2,2014-06-30
RTX,1,1,2015-05-31
RTP,1,1,2016-05-31
RR8,11,11,2016-11-30
RC1,1,1,2017-11-30
RDZ,3,3,2012-07-31
RNZ,3,3,2013-06-30
RWH,0,0,2014-06-30
RBK,0,0,2015-05-31
RMP,1,1,2016-05-31
RJ2,3,3,2016-11-30
RQ3,0,0,2017-11-30
RPY,0,0,2012-07-31
RXK,6,6,2013-06-30
RJN,2,2,2014-06-30
RWW,5,5,2015-05-31
RBA,1,1,2016-05-31
RBQ,1,1,2016-11-30
RXL,7,7,2017-11-30
RRJ,0,0,2012-07-31
RCU,0,0,2013-06-30
RVV,8,8,2014-06-30
RWG,3,3,2015-05-31
RBV,3,3,2016-05-31
REP,0,0,2016-11-30
RMC,1,1,2017-11-30
RET,1,1,2012-07-31
RHQ,8,8,2013-06-30
RXR,3,3,2014-06-30
RGR,2,2,2015-05-31
REN,1,1,2016-05-31
R1K,5,5,2016-11-30
RAE,2,2,2017-11-30
RKE,1,1,2012-07-31
RK5,2,2,2013-06-30
RXC,4,4,2014-06-30
RYR,5,5,2015-05-31
RNA,3,3,2016-05-31
RC9,0,0,2016-11-30
RXH,9,9,2017-11-30
RWD,9,9,2012-07-31
RXW,2,2,2013-06-30
RVR,5,5,2014-06-30
RA3,0,0,2015-05-31
RAS,0,0,2016-05-31
RWF,3,3,2016-11-30
RXQ,1,1,2017-11-30
RRV,4,4,2012-07-31
RA9,0,0,2013-06-30
RDU,4,4,2014-06-30
RBL,5,5,2015-05-31
RTD,6,6,2016-05-31
R0A,16,16,2016-11-30
RJF,2,2,2017-11-30
RRK,11,11,2012-07-31
RTR,3,3,2013-06-30
RR7,1,1,2014-06-30
RWP,3,3,2015-05-31
RQW,0,0,2016-05-31
RPA,1,1,2016-11-30
RWY,6,6,2017-11-30
RJE,7,7,2012-07-31
RE9,1,1,2013-06-30
RLT,0,0,2014-06-30
RRF,2,2,2015-05-31
RCX,0,0,2016-05-31
RBT,1,1,2016-11-30
RGT,4,4,2017-11-30
RM2,6,6,2012-07-31
RJC,3,3,2013-06-30
RTE,3,3,2014-06-30
RLQ,0,0,2015-05-31
RL1,0,0,2016-05-31
RQ8,3,3,2016-11-30
RQM,1,1,2017-11-30
RHM,3,3,2012-07-31
RAJ,4,4,2013-06-30
RP4,3,3,2014-06-30
RA4,1,1,2015-05-31
RFR,0,0,2016-05-31
RXF,4,4,2016-11-30
RFS,2,2,2017-11-30
RA7,1,1,2012-07-31
RVY,1,1,2013-06-30
RN3,1,1,2014-06-30
RCB,8,8,2015-05-31
RDZ,3,3,2016-05-31
RD8,1,1,2016-11-30
RLN,2,2,2017-11-30
RKB,7,7,2012-07-31
RBN,2,2,2013-06-30
RJ1,8,8,2014-06-30
RJN,2,2,2015-06-30
RPY,3,3,2016-05-31
RP6,0,0,2016-11-30
RJR,2,2,2017-11-30
RWE,8,8,2012-07-31
RJ7,4,4,2013-06-30
RN5,2,2,2014-06-30
RVV,1,1,2015-06-30
RRJ,0,0,2016-05-31
RM1,2,2,2016-11-30
RXP,0,0,2017-11-30
RTX,5,5,2012-07-31
RWJ,7,7,2013-06-30
RCD,1,1,2014-06-30
RXR,1,1,2015-06-30
RL4,6,6,2016-05-31
RVJ,3,3,2016-11-30
RJ6,0,0,2017-11-30
RBK,0,0,2012-07-31
RTP,1,1,2013-06-30
RR1,8,8,2014-06-30
RXC,5,5,2015-06-30
RET,1,1,2016-05-31
RNL,3,3,2016-11-30
RN7,2,2,2017-11-30
RWW,3,3,2012-07-31
RMP,2,2,2013-06-30
RQQ,0,0,2014-06-30
RVR,3,3,2015-06-30
RKE,1,1,2016-05-31
RAP,3,3,2016-11-30
RTG,7,7,2017-11-30
RWG,7,7,2012-07-31
RBA,0,0,2013-06-30
RQX,0,0,2014-06-30
RDU,3,3,2015-06-30
RA9,5,5,2016-05-31
RVW,5,5,2016-11-30
RP5,1,1,2017-11-30
RFW,0,0,2012-07-31
RBV,0,0,2013-06-30
RWA,4,4,2014-06-30
RR7,4,4,2015-06-30
RWD,5,5,2016-05-31
RGN,1,1,2016-11-30
RBD,2,2,2017-11-30
RGR,5,5,2012-07-31
RNA,5,5,2013-06-30
RYJ,7,7,2014-06-30
RLT,1,1,2015-06-30
RRV,7,7,2016-05-31
RNS,4,4,2016-11-30
RWH,2,2,2017-11-30
RYR,3,3,2012-07-31
RAS,0,0,2013-06-30
RGQ,1,1,2014-06-30
RTE,0,0,2015-06-30
RM2,4,4,2016-05-31
RBZ,0,0,2016-11-30
RJN,1,1,2017-11-30
RA3,0,0,2012-07-31
RTD,3,3,2013-06-30
R1F,2,2,2014-06-30
RP4,0,0,2015-06-30
RHM,2,2,2016-05-31
RJL,3,3,2016-11-30
RVV,1,1,2017-11-30
RBL,2,2,2012-07-31
RCX,4,4,2013-06-30
RGP,0,0,2014-06-30
RN3,0,0,2015-06-30
RRK,7,7,2016-05-31
RTF,2,2,2016-11-30
RXR,3,3,2017-11-30
RWP,10,10,2012-07-31
RL1,0,0,2013-06-30
RNQ,4,4,2014-06-30
RJ1,7,7,2015-06-30
RA7,5,5,2016-05-31
RX1,9,9,2016-11-30
RDE,2,2,2017-11-30
RRF,1,1,2012-07-31
RFR,0,0,2013-06-30
RJZ,10,10,2014-06-30
RN5,3,3,2015-06-30
RKB,3,3,2016-05-31
RTH,1,1,2016-11-30
RXC,3,3,2017-11-30
RLQ,0,0,2012-07-31
RDZ,3,3,2013-06-30
RAX,0,0,2014-06-30
RCD,2,2,2015-06-30
RWE,5,5,2016-05-31
RGM,0,0,2016-11-30
RVR,5,5,2017-11-30
RA4,0,0,2012-07-31
RPY,0,0,2013-06-30
RXN,5,5,2014-06-30
RR1,2,2,2015-06-30
RTX,2,2,2016-05-31
RW6,3,3,2016-11-30
RDU,3,3,2017-11-30
RCB,5,5,2012-07-31
RRJ,0,0,2013-06-30
RR8,9,9,2014-06-30
RQQ,1,1,2015-06-30
RJE,10,10,2016-05-31
RK9,3,3,2016-11-30
RR7,3,3,2017-11-30
REM,12,12,2012-07-31
RET,1,1,2013-06-30
RJ2,4,4,2014-06-30
RQX,3,3,2015-06-30
RBK,3,3,2016-05-31
RD3,3,3,2016-11-30
RLT,0,0,2017-11-30
RCF,1,1,2012-07-31
RKE,3,3,2013-06-30
RBQ,0,0,2014-06-30
RWA,4,4,2015-06-30
RWW,2,2,2016-05-31
RHU,5,5,2016-11-30
RTE,6,6,2017-11-30
RBS,0,0,2012-07-31
RWD,8,8,2013-06-30
REP,1,1,2014-06-30
RYJ,7,7,2015-06-30
RWG,3,3,2016-05-31
RPC,0,0,2016-11-30
RP4,1,1,2017-11-30
RTK,1,1,2012-07-31
RRV,9,9,2013-06-30
R1K,4,4,2014-06-30
RGQ,2,2,2015-06-30
RGR,1,1,2016-05-31
RHW,0,0,2016-11-30
RN3,0,0,2017-11-30
RF4,6,6,2012-07-31
RRK,7,7,2013-06-30
RC9,0,0,2014-06-30
R1F,1,1,2015-06-30
RYR,6,6,2016-05-31
RT3,0,0,2016-11-30
RJ1,2,2,2017-11-30
RVL,2,2,2012-07-31
RJE,4,4,2013-06-30
RWF,3,3,2014-06-30
RGP,3,3,2015-06-30
RA3,2,2,2016-05-31
REF,2,2,2016-11-30
RN5,2,2,2017-11-30
RFF,2,2,2012-07-31
RM2,4,4,2013-06-30
RPA,2,2,2014-06-30
RNQ,5,5,2015-06-30
RBL,2,2,2016-05-31
RH8,1,1,2016-11-30
RCD,2,2,2017-11-30
R1H,8,8,2012-07-31
RHM,1,1,2013-06-30
RBT,1,1,2014-06-30
RJZ,9,9,2015-06-30
RWP,4,4,2016-05-31
RAL,7,7,2016-11-30
RQX,0,0,2017-11-30
RDD,1,1,2012-07-31
RA7,4,4,2013-06-30
RQ8,1,1,2014-06-30
RAX,3,3,2015-06-30
RRF,2,2,2016-05-31
RQ6,5,5,2016-11-30
RWA,3,3,2017-11-30
RC1,1,1,2012-07-31
RKB,4,4,2013-06-30
RXF,2,2,2014-06-30
RXN,4,4,2015-06-30
RLQ,1,1,2016-05-31
RAN,0,0,2016-11-30
RYJ,8,8,2017-11-30
RQ3,0,0,2012-07-31
RWE,2,2,2013-06-30
RD8,2,2,2014-06-30
RR8,16,16,2015-06-30
RA4,0,0,2016-05-31
RA2,0,0,2016-11-30
R1F,2,2,2017-11-30
RLU,0,0,2012-07-31
RTX,2,2,2013-06-30
RP6,0,0,2014-06-30
RJ2,3,3,2015-06-30
RCB,1,1,2016-05-31
RD1,4,4,2016-11-30
RGP,2,2,2017-11-30
RXL,5,5,2012-07-31
RBK,3,3,2013-06-30
RM1,7,7,2014-06-30
RBQ,0,0,2015-06-30
RP4,0,0,2016-06-30
RM3,3,3,2016-11-30
RNQ,2,2,2017-11-30
RMC,1,1,2012-07-31
RWW,3,3,2013-06-30
RVJ,2,2,2014-06-30
REP,0,0,2015-06-30
RN3,1,1,2016-06-30
RNZ,4,4,2016-11-30
RJZ,7,7,2017-11-30
RAE,3,3,2012-07-31
RWG,2,2,2013-06-30
RNL,1,1,2014-06-30
R1K,3,3,2015-06-30
RJ1,2,2,2016-06-30
RXK,3,3,2016-11-30
RAX,1,1,2017-11-30
RXH,0,0,2012-07-31
RFW,1,1,2013-06-30
RAP,6,6,2014-06-30
RC9,0,0,2015-06-30
RN5,2,2,2016-06-30
RCU,2,2,2016-11-30
RXN,5,5,2017-11-30
RXQ,1,1,2012-07-31
RGR,2,2,2013-06-30
RVW,1,1,2014-06-30
RWF,1,1,2015-06-30
RCD,2,2,2016-06-30
RHQ,7,7,2016-11-30
RR8,11,11,2017-11-30
RJF,5,5,2012-07-31
RYR,7,7,2013-06-30
RNS,1,1,2014-06-30
RPA,1,1,2015-06-30
RR1,3,3,2016-06-30
RK5,1,1,2016-11-30
RJ2,0,0,2017-11-30
RWY,1,1,2012-07-31
RA3,0,0,2013-06-30
RBZ,0,0,2014-06-30
RBT,6,6,2015-06-30
RQX,0,0,2016-06-30
RXW,2,2,2016-11-30
RBQ,0,0,2017-11-30
RGT,6,6,2012-07-31
RBL,1,1,2013-06-30
RJL,3,3,2014-06-30
RQ8,2,2,2015-06-30
RWA,3,3,2016-06-30
RTR,5,5,2016-11-30
REP,0,0,2017-11-30
RW3,3,3,2012-07-31
RWP,1,1,2013-06-30
RTF,4,4,2014-06-30
RXF,3,3,2015-06-30
RYJ,6,6,2016-06-30
RE9,2,2,2016-11-30
R1K,5,5,2017-11-30
RQM,0,0,2012-07-31
RRF,4,4,2013-06-30
RX1,16,16,2014-06-30
RD8,1,1,2015-06-30
RGQ,2,2,2016-06-30
RJC,1,1,2016-11-30
RC9,0,0,2017-11-30
RFS,0,0,2012-07-31
RLQ,1,1,2013-06-30
RTH,7,7,2014-06-30
RP6,0,0,2015-06-30
R1F,0,0,2016-06-30
RAJ,2,2,2016-11-30
RWF,3,3,2017-11-30
RLN,8,8,2012-07-31
RA4,0,0,2013-06-30
RGM,0,0,2014-06-30
RM1,6,6,2015-06-30
RGP,1,1,2016-06-30
RVY,1,1,2016-11-30
R0A,12,12,2017-11-30
REN,0,0,2012-07-31
RCB,9,9,2013-06-30
RW6,4,4,2014-06-30
RVJ,7,7,2015-06-30
RNQ,0,0,2016-06-30
RJ7,4,4,2016-11-30
RPA,1,1,2017-11-30
RDE,1,1,2012-07-31
REM,7,7,2013-07-31
RGN,2,2,2014-06-30
RNL,2,2,2015-06-30
RJZ,5,5,2016-06-30
RBN,2,2,2016-11-30
RBT,0,0,2017-11-30
RJR,1,1,2012-07-31
RCF,0,0,2013-07-31
RK9,2,2,2014-06-30
RAP,2,2,2015-06-30
RAX,0,0,2016-06-30
RWJ,1,1,2016-11-30
RQ8,4,4,2017-11-30
RXP,6,6,2012-07-31
RBS,0,0,2013-07-31
RD3,0,0,2014-06-30
RVW,0,0,2015-06-30
RXN,6,6,2016-06-30
RTP,1,1,2016-11-30
RXF,1,1,2017-11-30
RJ6,1,1,2012-07-31
RTK,0,0,2013-07-31
RHU,3,3,2014-06-30
RNS,3,3,2015-06-30
RR8,11,11,2016-06-30
RMP,3,3,2016-11-30
RD8,0,0,2017-11-30
RN7,0,0,2012-07-31
RF4,3,3,2013-07-31
RPC,0,0,2014-06-30
RBZ,2,2,2015-06-30
RJ2,3,3,2016-06-30
RBA,0,0,2016-11-30
RP6,0,0,2017-11-30
RTG,4,4,2012-07-31
RVL,3,3,2013-07-31
RHW,0,0,2014-06-30
RJL,3,3,2015-06-30
RBQ,0,0,2016-06-30
RBV,5,5,2016-11-30
RM1,4,4,2017-11-30
RP5,4,4,2012-07-31
RFF,0,0,2013-07-31
RT3,3,3,2014-06-30
RTF,0,0,2015-06-30
REP,0,0,2016-06-30
REN,0,0,2016-11-30
RVJ,1,1,2017-11-30
RBD,1,1,2012-07-31
R1H,5,5,2013-07-31
REF,2,2,2014-06-30
RX1,13,13,2015-06-30
R1K,7,7,2016-06-30
RNA,2,2,2016-11-30
RNL,3,3,2017-11-30
RC3,1,1,2012-07-31
RDD,1,1,2013-07-31
RH8,0,0,2014-06-30
RTH,8,8,2015-06-30
RC9,2,2,2016-06-30
RAS,3,3,2016-11-30
RAP,1,1,2017-11-30
RWH,2,2,2012-07-31
RC1,7,7,2013-07-31
RAL,4,4,2014-06-30
RGM,1,1,2015-06-30
RWF,4,4,2016-06-30
RTD,7,7,2016-11-30
RVW,5,5,2017-11-30
RJN,7,7,2012-07-31
RQ3,0,0,2013-07-31
RQ6,2,2,2014-06-30
RW6,6,6,2015-06-30
RPA,0,0,2016-06-30
RQW,0,0,2016-11-30
RGN,6,6,2017-11-30
RVV,2,2,2012-07-31
RLU,0,0,2013-07-31
RAN,0,0,2014-06-30
RGN,4,4,2015-06-30
RBT,5,5,2016-06-30
RCX,3,3,2016-11-30
RNS,3,3,2017-11-30
RXR,3,3,2012-07-31
RXL,5,5,2013-07-31
RA2,0,0,2014-06-30
RK9,6,6,2015-06-30
RQ8,1,1,2016-06-30
RL1,0,0,2016-11-30
RBZ,0,0,2017-11-30
RXC,2,2,2012-07-31
RMC,3,3,2013-07-31
RD1,1,1,2014-06-30
RD3,2,2,2015-06-30
RXF,1,1,2016-06-30
RFR,3,3,2016-11-30
RJL,3,3,2017-11-30
RVR,6,6,2012-07-31
RAE,6,6,2013-07-31
RM3,1,1,2014-06-30
RHU,1,1,2015-06-30
RD8,0,0,2016-06-30
RDZ,2,2,2016-11-30
RTF,2,2,2017-11-30
RDU,0,0,2012-07-31
RXH,7,7,2013-07-31
RNZ,1,1,2014-06-30
RPC,0,0,2015-06-30
RP6,0,0,2016-06-30
RPY,4,4,2016-11-30
RX1,12,12,2017-11-30
RR7,3,3,2012-07-31
RXQ,1,1,2013-07-31
RXK,2,2,2014-06-30
RHW,3,3,2015-06-30
RM1,4,4,2016-06-30
RRJ,0,0,2016-11-30
RTH,6,6,2017-11-30
RLT,2,2,2012-07-31
RJF,1,1,2013-07-31
RCU,0,0,2014-06-30
RT3,4,4,2015-06-30
RVJ,5,5,2016-06-30
RL4,4,4,2016-11-30
RW6,2,2,2017-11-30
RTE,8,8,2012-07-31
RWY,0,0,2013-07-31
RHQ,5,5,2014-06-30
REF,3,3,2015-06-30
RNL,3,3,2016-06-30
RET,0,0,2016-11-30
RD3,2,2,2017-11-30
RP4,1,1,2012-07-31
RGT,7,7,2013-07-31
RK5,5,5,2014-06-30
RH8,1,1,2015-06-30
RAP,3,3,2016-06-30
RKE,0,0,2016-11-30
RHU,5,5,2017-11-30
RN3,3,3,2012-07-31
RW3,5,5,2013-07-31
RXW,4,4,2014-06-30
RAL,4,4,2015-06-30
RVW,4,4,2016-06-30
RA9,0,0,2016-11-30
RPC,0,0,2017-11-30
RJ1,5,5,2012-07-31
RQM,1,1,2013-07-31
RA9,1,1,2014-06-30
RQ6,4,4,2015-06-30
RGN,4,4,2016-06-30
RWD,5,5,2016-11-30
RHW,0,0,2017-11-30
RN5,1,1,2012-07-31
RFS,2,2,2013-07-31
RTR,4,4,2014-06-30
RAN,0,0,2015-06-30
RNS,2,2,2016-06-30
RRV,7,7,2016-11-30
RT3,0,0,2017-11-30
RCD,2,2,2012-07-31
RLN,3,3,2013-07-31
RE9,0,0,2014-06-30
RA2,2,2,2015-06-30
RBZ,0,0,2016-06-30
RHM,2,2,2016-11-30
REF,3,3,2017-11-30
RR1,6,6,2012-07-31
REN,0,0,2013-07-31
RJC,1,1,2014-06-30
RD1,5,5,2015-06-30
RJL,3,3,2016-06-30
RRK,7,7,2016-11-30
RH8,4,4,2017-11-30
RD7,1,1,2012-07-31
RDE,1,1,2013-07-31
RAJ,1,1,2014-06-30
RM3,0,0,2015-06-30
RTF,0,0,2016-06-30
RA7,3,3,2016-11-30
RAL,7,7,2017-11-30
RQQ,0,0,2012-07-31
RJR,3,3,2013-07-31
RVY,4,4,2014-06-30
RNZ,3,3,2015-06-30
RX1,8,8,2016-06-30
RKB,1,1,2016-11-30
RQ6,3,3,2017-11-30
RQX,0,0,2012-07-31
RXP,2,2,2013-07-31
RBN,4,4,2014-06-30
RXK,4,4,2015-06-30
RTH,5,5,2016-06-30
RWE,7,7,2016-11-30
RAN,0,0,2017-11-30
RWA,1,1,2012-07-31
RJ6,0,0,2013-07-31
RJ7,5,5,2014-06-30
RCU,0,0,2015-06-30
RGM,0,0,2016-06-30
RTX,3,3,2016-11-30
RGM,0,0,2017-11-30
RYJ,9,9,2012-07-31
RN7,1,1,2013-07-31
RWJ,0,0,2014-06-30
RHQ,6,6,2015-06-30
RW6,5,5,2016-06-30
RJE,6,6,2016-11-30
RA2,4,4,2017-11-30
RGQ,4,4,2012-07-31
RTG,9,9,2013-07-31
RTP,2,2,2014-06-30
RK5,4,4,2015-06-30
RK9,4,4,2016-06-30
RBK,1,1,2016-11-30
RD1,2,2,2017-11-30
R1F,0,0,2012-07-31
RP5,5,5,2013-07-31
RMP,2,2,2014-06-30
RXW,3,3,2015-06-30
RD3,1,1,2016-06-30
RWW,1,1,2016-11-30
RM3,1,1,2017-11-30
RGP,1,1,2012-07-31
RBD,5,5,2013-07-31
RBA,3,3,2014-06-30
RA9,4,4,2015-06-30
RHU,1,1,2016-06-30
RWG,0,0,2016-11-30
RNZ,2,2,2017-11-30
RNQ,5,5,2012-07-31
RC3,1,1,2013-07-31
RBV,1,1,2014-06-30
RTR,5,5,2015-06-30
RPC,0,0,2016-06-30
RGR,3,3,2016-11-30
RXK,1,1,2017-11-30
RJZ,9,9,2012-07-31
RWH,1,1,2013-07-31
REN,0,0,2014-06-30
RE9,4,4,2015-06-30
RHW,1,1,2016-06-30
RYR,3,3,2016-11-30
RCU,0,0,2017-11-30
RAX,3,3,2012-07-31
RJN,1,1,2013-07-31
RNA,3,3,2014-06-30
RJC,3,3,2015-06-30
RT3,1,1,2016-06-30
RA3,1,1,2016-11-30
RHQ,6,6,2017-11-30
RXN,4,4,2012-07-31
RVV,3,3,2013-07-31
RAS,1,1,2014-06-30
RAJ,1,1,2015-06-30
REF,3,3,2016-06-30
RBL,3,3,2016-11-30
RK5,2,2,2017-11-30
RR8,8,8,2012-07-31
RXR,3,3,2013-07-31
RTD,7,7,2014-06-30
RVY,3,3,2015-06-30
RH8,1,1,2016-06-30
RWP,5,5,2016-11-30
RXW,2,2,2017-11-30
RJ2,3,3,2012-07-31
RXC,2,2,2013-07-31
RQW,0,0,2014-06-30
RBN,4,4,2015-06-30
RAL,6,6,2016-06-30
RRF,1,1,2016-11-30
RTR,2,2,2017-11-30
RBQ,0,0,2012-07-31
RVR,5,5,2013-07-31
RCX,4,4,2014-06-30
RJ7,3,3,2015-06-30
RQ6,1,1,2016-06-30
RLQ,1,1,2016-11-30
RE9,0,0,2017-11-30
REP,0,0,2012-07-31
RDU,4,4,2013-07-31
RL1,1,1,2014-06-30
RWJ,2,2,2015-06-30
RAN,0,0,2016-06-30
RA4,0,0,2016-11-30
RJC,0,0,2017-11-30
RC9,4,4,2012-07-31
RR7,2,2,2013-07-31
RFR,3,3,2014-06-30
RTP,3,3,2015-06-30
RA2,0,0,2016-06-30
RCB,2,2,2016-11-30
RAJ,4,4,2017-11-30
RWF,6,6,2012-07-31
RLT,0,0,2013-07-31
RDZ,0,0,2014-06-30
RMP,2,2,2015-06-30
RD1,8,8,2016-06-30
REM,4,4,2016-11-30
RVY,4,4,2017-11-30
RPA,1,1,2012-07-31
RTE,1,1,2013-07-31
RPY,4,4,2014-06-30
RBA,1,1,2015-06-30
RM3,0,0,2016-06-30
RCF,1,1,2016-11-30
RJ7,0,0,2017-11-30
RBT,4,4,2012-07-31
RP4,3,3,2013-07-31
RRJ,0,0,2014-06-30
RBV,0,0,2015-06-30
RNZ,1,1,2016-06-30
RBS,1,1,2016-11-30
RBN,1,1,2017-11-30
RQ8,0,0,2012-07-31
RN3,3,3,2013-07-31
RL4,2,2,2014-06-30
REN,0,0,2015-06-30
RXK,2,2,2016-06-30
RTK,3,3,2016-11-30
RWJ,1,1,2017-11-30
RJD,0,0,2012-07-31
RJ1,6,6,2013-07-31
RET,0,0,2014-06-30
RNA,2,2,2015-06-30
RCU,0,0,2016-06-30
RF4,2,2,2016-11-30
RTP,2,2,2017-11-30
RXF,5,5,2012-07-31
RN5,4,4,2013-07-31
RKE,2,2,2014-06-30
RAS,1,1,2015-06-30
RHQ,8,8,2016-06-30
RFF,0,0,2016-11-30
RMP,2,2,2017-11-30
RD8,1,1,2012-07-31
RCD,1,1,2013-07-31
RWD,7,7,2014-06-30
RTD,6,6,2015-06-30
RK5,4,4,2016-06-30
R1H,8,8,2016-11-30
RBA,2,2,2017-11-30
RP6,0,0,2012-07-31
RR1,7,7,2013-07-31
RRV,7,7,2014-06-30
RQW,2,2,2015-06-30
RXW,3,3,2016-06-30
RDD,6,6,2016-11-30
RBV,3,3,2017-11-30
RM1,7,7,2012-07-31
RD7,3,3,2013-07-31
RJE,3,3,2014-06-30
RCX,6,6,2015-06-30
RTR,1,1,2016-06-30
RC1,2,2,2016-11-30
REN,0,0,2017-11-30
RVJ,8,8,2012-07-31
RQQ,1,1,2013-07-31
RM2,4,4,2014-06-30
RL1,0,0,2015-06-30
RE9,0,0,2016-06-30
RQ3,0,0,2016-11-30
RNA,5,5,2017-11-30
RNL,6,6,2012-07-31
RQX,0,0,2013-07-31
RHM,2,2,2014-06-30
RFR,1,1,2015-06-30
RJC,3,3,2016-06-30
RXL,5,5,2016-11-30
RAS,3,3,2017-11-30
RAP,2,2,2012-07-31
RWA,6,6,2013-07-31
RRK,4,4,2014-06-30
RDZ,1,1,2015-06-30
RAJ,1,1,2016-06-30
RMC,3,3,2016-11-30
RTD,7,7,2017-11-30
REM,8,8,2012-08-31
RYJ,3,3,2013-07-31
RA7,4,4,2014-06-30
RPY,0,0,2015-06-30
RVY,1,1,2016-06-30
RAE,0,0,2016-11-30
RQW,1,1,2017-11-30
RCF,2,2,2012-08-31
RGQ,2,2,2013-07-31
RKB,3,3,2014-06-30
RRJ,0,0,2015-06-30
RJ7,2,2,2016-06-30
RXH,4,4,2016-11-30
RCX,4,4,2017-11-30
RBS,0,0,2012-08-31
R1F,0,0,2013-07-31
RWE,5,5,2014-06-30
RL4,5,5,2015-06-30
RBN,2,2,2016-06-30
RXQ,0,0,2016-11-30
RL1,0,0,2017-11-30
RTK,2,2,2012-08-31
RGP,0,0,2013-07-31
RTX,3,3,2014-06-30
RET,0,0,2015-06-30
RWJ,2,2,2016-06-30
RJF,2,2,2016-11-30
RFR,0,0,2017-11-30
RF4,5,5,2012-08-31
RNQ,1,1,2013-07-31
RBK,1,1,2014-06-30
RKE,1,1,2015-06-30
RTP,3,3,2016-06-30
RWY,1,1,2016-11-30
RDZ,2,2,2017-11-30
RVL,1,1,2012-08-31
RJZ,5,5,2013-07-31
RWW,2,2,2014-06-30
RWD,4,4,2015-06-30
RMP,1,1,2016-06-30
RGT,4,4,2016-11-30
RPY,1,1,2017-11-30
RFF,2,2,2012-08-31
RAX,1,1,2013-07-31
RWG,1,1,2014-06-30
RRV,3,3,2015-06-30
RBA,0,0,2016-06-30
RQM,0,0,2016-11-30
RRJ,0,0,2017-11-30
R1H,14,14,2012-08-31
RXN,3,3,2013-07-31
RFW,1,1,2014-06-30
RJE,7,7,2015-06-30
RBV,1,1,2016-06-30
RFS,1,1,2016-11-30
RL4,2,2,2017-11-30
RDD,4,4,2012-08-31
RR8,14,14,2013-07-31
RGR,3,3,2014-06-30
RM2,2,2,2015-06-30
REN,1,1,2016-06-30
RLN,4,4,2016-11-30
RET,0,0,2017-11-30
RC1,1,1,2012-08-31
RJ2,3,3,2013-07-31
RYR,3,3,2014-06-30
RHM,3,3,2015-06-30
RNA,2,2,2016-06-30
RDE,3,3,2016-11-30
RKE,0,0,2017-11-30
RQ3,0,0,2012-08-31
RBQ,0,0,2013-07-31
RA3,2,2,2014-06-30
RRK,2,2,2015-06-30
RAS,1,1,2016-06-30
RJR,1,1,2016-11-30
RA9,4,4,2017-11-30
RLU,0,0,2012-08-31
REP,1,1,2013-07-31
RBL,0,0,2014-06-30
RA7,3,3,2015-06-30
RTD,0,0,2016-06-30
RXP,2,2,2016-11-30
RWD,4,4,2017-11-30
RXL,1,1,2012-08-31
RC9,1,1,2013-07-31
RWP,2,2,2014-06-30
RKB,5,5,2015-06-30
RQW,2,2,2016-06-30
RJ6,0,0,2016-11-30
RRV,5,5,2017-11-30
RMC,2,2,2012-08-31
RWF,4,4,2013-07-31
RRF,0,0,2014-06-30
RWE,4,4,2015-06-30
RCX,2,2,2016-06-30
RN7,1,1,2016-11-30
RHM,1,1,2017-11-30
RAE,3,3,2012-08-31
RPA,2,2,2013-07-31
RLQ,0,0,2014-06-30
RTX,3,3,2015-06-30
RL1,0,0,2016-06-30
RTG,5,5,2016-11-30
RRK,12,12,2017-11-30
RXH,3,3,2012-08-31
RBT,1,1,2013-07-31
RA4,1,1,2014-06-30
RBK,1,1,2015-06-30
RFR,2,2,2016-06-30
RP5,4,4,2016-11-30
RA7,1,1,2017-11-30
RXQ,3,3,2012-08-31
RQ8,1,1,2013-07-31
RCB,6,6,2014-06-30
RWW,4,4,2015-06-30
RDZ,1,1,2016-06-30
RBD,3,3,2016-11-30
RKB,4,4,2017-11-30
RJF,2,2,2012-08-31
RJD,3,3,2013-07-31
RJF,4,4,2014-07-31
RWG,3,3,2015-06-30
RPY,3,3,2016-06-30
RWH,1,1,2016-11-30
RWE,4,4,2017-11-30
RWY,2,2,2012-08-31
RXF,1,1,2013-07-31
RWY,4,4,2014-07-31
RGR,1,1,2015-06-30
RRJ,1,1,2016-06-30
RJN,0,0,2016-11-30
RTX,0,0,2017-11-30
RGT,4,4,2012-08-31
RD8,2,2,2013-07-31
RGT,7,7,2014-07-31
RYR,2,2,2015-06-30
RL4,2,2,2016-06-30
RVV,3,3,2016-11-30
RJE,8,8,2017-11-30
RW3,5,5,2012-08-31
RP6,0,0,2013-07-31
RW3,7,7,2014-07-31
RA3,0,0,2015-06-30
RET,0,0,2016-06-30
RXR,4,4,2016-11-30
RK9,3,3,2017-11-30
RQM,1,1,2012-08-31
RM1,2,2,2013-07-31
RQM,2,2,2014-07-31
RBL,2,2,2015-06-30
RKE,1,1,2016-06-30
RXC,2,2,2016-11-30
RBK,0,0,2017-11-30
RFS,1,1,2012-08-31
RVJ,7,7,2013-07-31
RFS,3,3,2014-07-31
RWP,3,3,2015-06-30
RA9,4,4,2016-06-30
RVR,1,1,2016-11-30
RWW,3,3,2017-11-30
RLN,3,3,2012-08-31
RNL,2,2,2013-07-31
RLN,4,4,2014-07-31
RRF,0,0,2015-06-30
RWD,5,5,2016-06-30
RDU,5,5,2016-11-30
RWG,5,5,2017-11-30
REN,0,0,2012-08-31
RAP,1,1,2013-07-31
RDE,1,1,2014-07-31
RLQ,1,1,2015-06-30
RRV,10,10,2016-06-30
RR7,3,3,2016-11-30
RGR,4,4,2017-11-30
RDE,2,2,2012-08-31
RVW,3,3,2013-07-31
RJR,0,0,2014-07-31
RA4,0,0,2015-06-30
RM2,4,4,2016-06-30
RLT,0,0,2016-11-30
RYR,3,3,2017-11-30
RJR,1,1,2012-08-31
RV8,2,2,2013-07-31
RXP,0,0,2014-07-31
RCB,6,6,2015-06-30
RHM,4,4,2016-06-30
RTE,4,4,2016-11-30
RA3,1,1,2017-11-30
RXP,4,4,2012-08-31
RNS,1,1,2013-07-31
RJ6,2,2,2014-07-31
REM,0,0,2015-06-30
RRK,7,7,2016-06-30
RP4,0,0,2016-11-30
RBL,3,3,2017-11-30
RJ6,6,6,2012-08-31
RBZ,0,0,2013-07-31
RN7,1,1,2014-07-31
RCF,3,3,2015-06-30
RA7,1,1,2016-06-30
RN3,1,1,2016-11-30
RWP,3,3,2017-11-30
RN7,7,7,2012-08-31
RJL,3,3,2013-07-31
RTG,5,5,2014-07-31
RBS,0,0,2015-06-30
RKB,3,3,2016-06-30
RJ1,3,3,2016-11-30
RRF,2,2,2017-11-30
RTG,8,8,2012-08-31
RTF,4,4,2013-07-31
RP5,5,5,2014-07-31
RTK,0,0,2015-06-30
RWE,6,6,2016-06-30
RN5,9,9,2016-11-30
RLQ,0,0,2017-11-30
RP5,5,5,2012-08-31
RX1,6,6,2013-07-31
RBD,2,2,2014-07-31
RF4,0,0,2015-06-30
RTX,0,0,2016-06-30
RCD,3,3,2016-11-30
RA4,0,0,2017-11-30
RBD,0,0,2012-08-31
RTH,1,1,2013-07-31
RWH,2,2,2014-07-31
RFF,1,1,2015-06-30
RJE,10,10,2016-06-30
RR1,7,7,2016-11-30
RCB,4,4,2017-11-30
RC3,2,2,2012-08-31
RGM,0,0,2013-07-31
REM,6,6,2014-07-31
R1H,2,2,2015-06-30
RBK,0,0,2016-06-30
RQX,0,0,2016-11-30
REM,5,5,2017-12-31
RWH,0,0,2012-08-31
RW6,1,1,2013-07-31
RCF,1,1,2014-07-31
RDD,2,2,2015-06-30
RWW,1,1,2016-06-30
RWA,4,4,2016-11-30
RCF,1,1,2017-12-31
RJN,0,0,2012-08-31
RGN,2,2,2013-07-31
RBS,0,0,2014-07-31
RC1,0,0,2015-06-30
RWG,1,1,2016-06-30
RYJ,5,5,2016-11-30
RBS,0,0,2017-12-31
RVV,3,3,2012-08-31
RK9,7,7,2013-07-31
RTK,1,1,2014-07-31
RQ3,0,0,2015-06-30
RGR,3,3,2016-06-30
RGQ,3,3,2016-11-30
RTK,0,0,2017-12-31
RXR,4,4,2012-08-31
RD3,1,1,2013-07-31
RF4,4,4,2014-07-31
RLU,0,0,2015-06-30
RYR,2,2,2016-06-30
R1F,2,2,2016-11-30
RF4,0,0,2017-12-31
RXC,4,4,2012-08-31
RHU,3,3,2013-07-31
RFF,1,1,2014-07-31
RXL,9,9,2015-06-30
RA3,0,0,2016-06-30
RGP,5,5,2016-11-30
RFF,0,0,2017-12-31
RVR,5,5,2012-08-31
RQW,3,3,2013-07-31
R1H,6,6,2014-07-31
RMC,2,2,2015-06-30
RBL,2,2,2016-06-30
RNQ,2,2,2016-11-30
R1H,9,9,2017-12-31
RDU,0,0,2012-08-31
RPC,0,0,2013-07-31
RDD,6,6,2014-07-31
RAE,4,4,2015-06-30
RWP,2,2,2016-06-30
REM,5,5,2016-12-31
RDD,5,5,2017-12-31
RR7,0,0,2012-08-31
RHW,9,9,2013-07-31
RC1,0,0,2014-07-31
RXH,9,9,2015-06-30
RRF,4,4,2016-06-30
RCF,2,2,2016-12-31
RC1,1,1,2017-12-31
RLT,1,1,2012-08-31
RT3,1,1,2013-07-31
RQ3,0,0,2014-07-31
RXQ,6,6,2015-06-30
RLQ,2,2,2016-06-30
RBS,0,0,2016-12-31
RQ3,1,1,2017-12-31
RTE,10,10,2012-08-31
REF,5,5,2013-07-31
RLU,0,0,2014-07-31
RJF,2,2,2015-06-30
RA4,1,1,2016-06-30
RTK,0,0,2016-12-31
RXL,0,0,2017-12-31
RP4,2,2,2012-08-31
RH8,2,2,2013-07-31
RXL,4,4,2014-07-31
RWY,1,1,2015-06-30
RCB,3,3,2016-06-30
RF4,3,3,2016-12-31
RMC,2,2,2017-12-31
RN3,4,4,2012-08-31
RAL,6,6,2013-07-31
RMC,1,1,2014-07-31
RGT,4,4,2015-06-30
REM,6,6,2016-06-30
RFF,2,2,2016-12-31
RAE,3,3,2017-12-31
RJ1,5,5,2012-08-31
RQ6,7,7,2013-07-31
RAE,4,4,2014-07-31
RW3,7,7,2015-06-30
RCF,1,1,2016-06-30
R1H,0,0,2016-12-31
RXH,3,3,2017-12-31
RN5,1,1,2012-08-31
RBB,0,0,2013-07-31
RXH,4,4,2014-07-31
RQM,0,0,2015-06-30
RBS,0,0,2016-06-30
RDD,2,2,2016-12-31
RXQ,3,3,2017-12-31
RCD,3,3,2012-08-31
RAN,1,1,2013-07-31
RXQ,4,4,2014-07-31
RFS,0,0,2015-06-30
RTK,0,0,2016-06-30
RC1,2,2,2016-12-31
RJF,4,4,2017-12-31
RR1,4,4,2012-08-31
RA2,6,6,2013-07-31
RJN,0,0,2014-07-31
RLN,5,5,2015-06-30
RF4,2,2,2016-06-30
RQ3,0,0,2016-12-31
RWY,4,4,2017-12-31
RD7,2,2,2012-08-31
RD1,5,5,2013-07-31
RVV,7,7,2014-07-31
RDE,5,5,2015-06-30
RFF,0,0,2016-06-30
RXL,2,2,2016-12-31
RGT,6,6,2017-12-31
RQQ,2,2,2012-08-31
RM3,0,0,2013-07-31
RXR,3,3,2014-07-31
RJR,3,3,2015-06-30
R1H,3,3,2016-06-30
RMC,4,4,2016-12-31
RQM,0,0,2017-12-31
RQX,1,1,2012-08-31
RNZ,2,2,2013-07-31
RXC,2,2,2014-07-31
RXP,5,5,2015-06-30
RDD,1,1,2016-06-30
RAE,2,2,2016-12-31
RFS,2,2,2017-12-31
RWA,2,2,2012-08-31
RXK,5,5,2013-07-31
RVR,5,5,2014-07-31
RJ6,0,0,2015-06-30
RC1,2,2,2016-06-30
RXH,4,4,2016-12-31
RLN,2,2,2017-12-31
RYJ,6,6,2012-08-31
RCU,1,1,2013-07-31
RDU,2,2,2014-07-31
RN7,0,0,2015-06-30
RQ3,0,0,2016-06-30
RXQ,2,2,2016-12-31
RJR,1,1,2017-12-31
RGQ,3,3,2012-08-31
RHQ,8,8,2013-07-31
RR7,4,4,2014-07-31
RTG,6,6,2015-06-30
RXL,2,2,2016-06-30
RJF,2,2,2016-12-31
RXP,4,4,2017-12-31
R1F,4,4,2012-08-31
RK5,2,2,2013-07-31
RLT,0,0,2014-07-31
RP5,2,2,2015-06-30
RMC,1,1,2016-06-30
RWY,2,2,2016-12-31
RJ6,0,0,2017-12-31
RGP,2,2,2012-08-31
RXW,2,2,2013-07-31
RTE,3,3,2014-07-31
RBD,2,2,2015-06-30
RAE,3,3,2016-06-30
RGT,5,5,2016-12-31
RN7,1,1,2017-12-31
RNQ,3,3,2012-08-31
RA9,4,4,2013-07-31
RP4,2,2,2014-07-31
RWH,2,2,2015-06-30
RXH,2,2,2016-06-30
RQM,0,0,2016-12-31
RTG,3,3,2017-12-31
RJZ,9,9,2012-08-31
RTR,4,4,2013-07-31
RN3,3,3,2014-07-31
REM,3,3,2015-07-31
RXQ,2,2,2016-06-30
RFS,1,1,2016-12-31
RP5,0,0,2017-12-31
RAX,1,1,2012-08-31
RE9,1,1,2013-07-31
RJ1,6,6,2014-07-31
RCF,1,1,2015-07-31
RJF,1,1,2016-06-30
RLN,2,2,2016-12-31
RBD,1,1,2017-12-31
RXN,6,6,2012-08-31
RJC,2,2,2013-07-31
RN5,5,5,2014-07-31
RBS,2,2,2015-07-31
RWY,1,1,2016-06-30
RDE,0,0,2016-12-31
RWH,0,0,2017-12-31
RR8,11,11,2012-08-31
RAJ,2,2,2013-07-31
RCD,1,1,2014-07-31
RTK,1,1,2015-07-31
RGT,3,3,2016-06-30
RJR,2,2,2016-12-31
RJN,0,0,2017-12-31
RJ2,5,5,2012-08-31
RVY,2,2,2013-07-31
RR1,7,7,2014-07-31
RF4,4,4,2015-07-31
RW3,6,6,2016-06-30
RXP,3,3,2016-12-31
RVV,2,2,2017-12-31
RBQ,1,1,2012-08-31
RBN,2,2,2013-07-31
RQQ,1,1,2014-07-31
RFF,1,1,2015-07-31
RQM,1,1,2016-06-30
RJ6,2,2,2016-12-31
RXR,3,3,2017-12-31
REP,0,0,2012-08-31
RJ7,2,2,2013-07-31
RQX,0,0,2014-07-31
R1H,2,2,2015-07-31
RFS,0,0,2016-06-30
RN7,0,0,2016-12-31
RDE,4,4,2017-12-31
RC9,0,0,2012-08-31
RWJ,4,4,2013-07-31
RWA,7,7,2014-07-31
RDD,3,3,2015-07-31
RLN,2,2,2016-06-30
RTG,4,4,2016-12-31
RXC,5,5,2017-12-31
RWF,4,4,2012-08-31
RTP,4,4,2013-07-31
RYJ,6,6,2014-07-31
RC1,1,1,2015-07-31
RDE,4,4,2016-06-30
RP5,2,2,2016-12-31
RVR,3,3,2017-12-31
RPA,1,1,2012-08-31
RMP,2,2,2013-07-31
RGQ,1,1,2014-07-31
RQ3,0,0,2015-07-31
RJR,1,1,2016-06-30
RBD,2,2,2016-12-31
RDU,6,6,2017-12-31
RBT,0,0,2012-08-31
RBA,0,0,2013-07-31
R1F,1,1,2014-07-31
RLU,0,0,2015-07-31
RXP,0,0,2016-06-30
RWH,2,2,2016-12-31
RR7,3,3,2017-12-31
RQ8,4,4,2012-08-31
RBV,0,0,2013-07-31
RGP,1,1,2014-07-31
RXL,2,2,2015-07-31
RJ6,2,2,2016-06-30
RJN,0,0,2016-12-31
RLT,2,2,2017-12-31
RJD,1,1,2012-08-31
RNA,3,3,2013-07-31
RNQ,1,1,2014-07-31
RMC,1,1,2015-07-31
RN7,3,3,2016-06-30
RVV,5,5,2016-12-31
RTE,6,6,2017-12-31
RXF,2,2,2012-08-31
RAS,1,1,2013-07-31
RJZ,6,6,2014-07-31
RAE,2,2,2015-07-31
RTG,5,5,2016-06-30
RXR,2,2,2016-12-31
RP4,0,0,2017-12-31
RD8,0,0,2012-08-31
RTD,3,3,2013-07-31
RAX,0,0,2014-07-31
RXH,4,4,2015-07-31
RP5,3,3,2016-06-30
RXC,2,2,2016-12-31
RN3,4,4,2017-12-31
RP6,0,0,2012-08-31
RCX,1,1,2013-07-31
RXN,6,6,2014-07-31
RXQ,2,2,2015-07-31
RBD,0,0,2016-06-30
RVR,1,1,2016-12-31
RJ1,2,2,2017-12-31
RM1,4,4,2012-08-31
RL1,0,0,2013-07-31
RR8,10,10,2014-07-31
RJF,3,3,2015-07-31
RWH,2,2,2016-06-30
RDU,2,2,2016-12-31
RN5,1,1,2017-12-31
RVJ,7,7,2012-08-31
RFR,0,0,2013-07-31
RJ2,1,1,2014-07-31
RWY,1,1,2015-07-31
RJN,4,4,2016-06-30
RR7,0,0,2016-12-31
RCD,0,0,2017-12-31
RNL,3,3,2012-08-31
RDZ,0,0,2013-07-31
RBQ,1,1,2014-07-31
RGT,2,2,2015-07-31
RVV,3,3,2016-06-30
RLT,0,0,2016-12-31
RQX,0,0,2017-12-31
RAP,2,2,2012-08-31
RPY,2,2,2013-07-31
REP,0,0,2014-07-31
RW3,11,11,2015-07-31
RXR,3,3,2016-06-30
RTE,2,2,2016-12-31
RWA,2,2,2017-12-31
RVW,9,9,2012-08-31
RRJ,0,0,2013-07-31
R1K,1,1,2014-07-31
RQM,4,4,2015-07-31
RXC,7,7,2016-06-30
RP4,0,0,2016-12-31
RYJ,6,6,2017-12-31
RV8,3,3,2012-08-31
RL4,2,2,2013-07-31
RC9,0,0,2014-07-31
RFS,1,1,2015-07-31
RVR,6,6,2016-06-30
RN3,3,3,2016-12-31
R1F,2,2,2017-12-31
RNS,0,0,2012-08-31
RET,1,1,2013-07-31
RWF,5,5,2014-07-31
RLN,7,7,2015-07-31
RDU,2,2,2016-06-30
RJ1,4,4,2016-12-31
RGP,0,0,2017-12-31
RBZ,0,0,2012-08-31
RKE,0,0,2013-07-31
RPA,0,0,2014-07-31
RDE,3,3,2015-07-31
RR7,2,2,2016-06-30
RN5,3,3,2016-12-31
RNQ,1,1,2017-12-31
RJL,3,3,2012-08-31
RWD,3,3,2013-07-31
RBT,3,3,2014-07-31
RJR,0,0,2015-07-31
RLT,1,1,2016-06-30
RCD,2,2,2016-12-31
RJZ,11,11,2017-12-31
RTF,2,2,2012-08-31
RRV,12,12,2013-07-31
RQ8,2,2,2014-07-31
RXP,1,1,2015-07-31
RTE,2,2,2016-06-30
RR1,6,6,2016-12-31
RAX,1,1,2017-12-31
RX1,7,7,2012-08-31
RRK,5,5,2013-07-31
RXF,1,1,2014-07-31
RJ6,8,8,2015-07-31
REM,4,4,2016-07-31
RQX,0,0,2016-12-31
RXN,4,4,2017-12-31
RTH,6,6,2012-08-31
RJE,3,3,2013-07-31
RD8,0,0,2014-07-31
RN7,2,2,2015-07-31
RCF,0,0,2016-07-31
RWA,1,1,2016-12-31
RR8,6,6,2017-12-31
RGM,0,0,2012-08-31
RM2,2,2,2013-07-31
RP6,0,0,2014-07-31
RTG,6,6,2015-07-31
RBS,0,0,2016-07-31
RYJ,2,2,2016-12-31
RJ2,1,1,2017-12-31
RW6,5,5,2012-08-31
RHM,2,2,2013-07-31
RM1,3,3,2014-07-31
RP5,3,3,2015-07-31
RTK,2,2,2016-07-31
RGQ,3,3,2016-12-31
RBQ,0,0,2017-12-31
RGN,6,6,2012-08-31
RA7,3,3,2013-07-31
RVJ,8,8,2014-07-31
RBD,5,5,2015-07-31
RF4,6,6,2016-07-31
R1F,4,4,2016-12-31
REP,0,0,2017-12-31
RK9,2,2,2012-08-31
RKB,2,2,2013-07-31
RNL,3,3,2014-07-31
RWH,0,0,2015-07-31
RFF,3,3,2016-07-31
RGP,3,3,2016-12-31
R1K,2,2,2017-12-31
RD3,2,2,2012-08-31
RWE,6,6,2013-07-31
RAP,3,3,2014-07-31
RJN,6,6,2015-07-31
R1H,6,6,2016-07-31
RNQ,1,1,2016-12-31
RC9,1,1,2017-12-31
RHU,1,1,2012-08-31
RTX,3,3,2013-07-31
RVW,0,0,2014-07-31
RVV,1,1,2015-07-31
RDD,5,5,2016-07-31
RJZ,9,9,2016-12-31
RWF,2,2,2017-12-31
RQW,0,0,2012-08-31
RBK,1,1,2013-07-31
RNS,3,3,2014-07-31
RXR,1,1,2015-07-31
RC1,0,0,2016-07-31
RAX,0,0,2016-12-31
R0A,6,6,2017-12-31
RPC,0,0,2012-08-31
RWW,0,0,2013-07-31
RBZ,3,3,2014-07-31
RXC,2,2,2015-07-31
RQ3,0,0,2016-07-31
RXN,6,6,2016-12-31
RPA,4,4,2017-12-31
RHW,4,4,2012-08-31
RWG,2,2,2013-07-31
RJL,4,4,2014-07-31
RVR,1,1,2015-07-31
RXL,0,0,2016-07-31
RR8,8,8,2016-12-31
RBT,2,2,2017-12-31
RT3,2,2,2012-08-31
RFW,1,1,2013-07-31
RTF,1,1,2014-07-31
RDU,6,6,2015-07-31
RMC,2,2,2016-07-31
RJ2,1,1,2016-12-31
RQ8,5,5,2017-12-31
REF,1,1,2012-08-31
RGR,1,1,2013-07-31
RX1,14,14,2014-07-31
RR7,7,7,2015-07-31
RAE,3,3,2016-07-31
RBQ,2,2,2016-12-31
RXF,2,2,2017-12-31
RH8,2,2,2012-08-31
RYR,2,2,2013-07-31
RTH,6,6,2014-07-31
RLT,0,0,2015-07-31
RXH,7,7,2016-07-31
REP,0,0,2016-12-31
RD8,1,1,2017-12-31
RAL,11,11,2012-08-31
RA3,0,0,2013-07-31
RGM,1,1,2014-07-31
RTE,4,4,2015-07-31
RXQ,2,2,2016-07-31
R1K,4,4,2016-12-31
RP6,0,0,2017-12-31
RQ6,3,3,2012-08-31
RBL,1,1,2013-07-31
RW6,2,2,2014-07-31
RP4,1,1,2015-07-31
RJF,1,1,2016-07-31
RC9,2,2,2016-12-31
RM1,2,2,2017-12-31
RBB,0,0,2012-08-31
RWP,3,3,2013-07-31
RGN,3,3,2014-07-31
RN3,2,2,2015-07-31
RWY,4,4,2016-07-31
RWF,1,1,2016-12-31
RVJ,3,3,2017-12-31
RAN,1,1,2012-08-31
RRF,0,0,2013-07-31
RK9,4,4,2014-07-31
RJ1,6,6,2015-07-31
RGT,8,8,2016-07-31
R0A,9,9,2016-12-31
RNL,0,0,2017-12-31
RA2,2,2,2012-08-31
RLQ,0,0,2013-07-31
RD3,0,0,2014-07-31
RN5,1,1,2015-07-31
RW3,5,5,2016-07-31
RPA,1,1,2016-12-31
RAP,2,2,2017-12-31
RD1,3,3,2012-08-31
RA4,1,1,2013-07-31
RHU,5,5,2014-07-31
RCD,2,2,2015-07-31
RQM,0,0,2016-07-31
RBT,2,2,2016-12-31
RVW,1,1,2017-12-31
RL4,4,4,2012-08-31
RCB,4,4,2013-07-31
RPC,0,0,2014-07-31
RR1,6,6,2015-07-31
RFS,1,1,2016-07-31
RQ8,2,2,2016-12-31
RGN,2,2,2017-12-31
RM3,3,3,2012-08-31
RFS,4,4,2013-08-31
RHW,3,3,2014-07-31
RQQ,1,1,2015-07-31
RLN,1,1,2016-07-31
RXF,2,2,2016-12-31
RNS,0,0,2017-12-31
RNZ,2,2,2012-08-31
RLN,4,4,2013-08-31
RT3,1,1,2014-07-31
RQX,1,1,2015-07-31
RDE,2,2,2016-07-31
RD8,1,1,2016-12-31
RBZ,1,1,2017-12-31
RXK,6,6,2012-08-31
REN,0,0,2013-08-31
REF,0,0,2014-07-31
RWA,3,3,2015-07-31
RJR,0,0,2016-07-31
RP6,0,0,2016-12-31
RJL,3,3,2017-12-31
RCU,0,0,2012-08-31
RDE,1,1,2013-08-31
RH8,3,3,2014-07-31
RYJ,3,3,2015-07-31
RXP,1,1,2016-07-31
RM1,2,2,2016-12-31
RTF,8,8,2017-12-31
RHQ,14,14,2012-08-31
RJR,3,3,2013-08-31
RAL,4,4,2014-07-31
RGQ,1,1,2015-07-31
RJ6,1,1,2016-07-31
RVJ,2,2,2016-12-31
RX1,9,9,2017-12-31
RK5,1,1,2012-08-31
RXP,1,1,2013-08-31
RQ6,3,3,2014-07-31
R1F,4,4,2015-07-31
RN7,4,4,2016-07-31
RNL,1,1,2016-12-31
RTH,1,1,2017-12-31
RXW,4,4,2012-08-31
RJ6,0,0,2013-08-31
RAN,0,0,2014-07-31
RGP,4,4,2015-07-31
RTG,7,7,2016-07-31
RAP,5,5,2016-12-31
RW6,6,6,2017-12-31
RA9,2,2,2012-08-31
RN7,1,1,2013-08-31
RA2,4,4,2014-07-31
RNQ,2,2,2015-07-31
RP5,3,3,2016-07-31
RVW,2,2,2016-12-31
RD3,3,3,2017-12-31
RTR,1,1,2012-08-31
RTG,8,8,2013-08-31
RD1,2,2,2014-07-31
RJZ,5,5,2015-07-31
RBD,2,2,2016-07-31
RGN,3,3,2016-12-31
RHU,5,5,2017-12-31
RE9,0,0,2012-08-31
RP5,3,3,2013-08-31
RM3,0,0,2014-07-31
RAX,2,2,2015-07-31
RWH,1,1,2016-07-31
RNS,2,2,2016-12-31
RPC,0,0,2017-12-31
RJC,4,4,2012-08-31
RBD,3,3,2013-08-31
RNZ,1,1,2014-07-31
RXN,6,6,2015-07-31
RJN,4,4,2016-07-31
RBZ,0,0,2016-12-31
RHW,5,5,2017-12-31
RAJ,1,1,2012-08-31
RC3,1,1,2013-08-31
RXK,2,2,2014-07-31
RR8,13,13,2015-07-31
RVV,5,5,2016-07-31
RJL,3,3,2016-12-31
RT3,0,0,2017-12-31
RVY,0,0,2012-08-31
RWH,2,2,2013-08-31
RCU,0,0,2014-07-31
RJ2,7,7,2015-07-31
RXR,4,4,2016-07-31
RTF,1,1,2016-12-31
REF,1,1,2017-12-31
RBN,2,2,2012-08-31
RJN,2,2,2013-08-31
RHQ,9,9,2014-07-31
RBQ,1,1,2015-07-31
RXC,2,2,2016-07-31
RX1,8,8,2016-12-31
RH8,0,0,2017-12-31
RJ7,6,6,2012-08-31
RVV,3,3,2013-08-31
RK5,7,7,2014-07-31
REP,0,0,2015-07-31
RVR,1,1,2016-07-31
RTH,3,3,2016-12-31
RAL,8,8,2017-12-31
RWJ,7,7,2012-08-31
RXR,2,2,2013-08-31
RXW,4,4,2014-07-31
R1K,6,6,2015-07-31
RDU,3,3,2016-07-31
RGM,0,0,2016-12-31
RQ6,5,5,2017-12-31
RTP,1,1,2012-08-31
RXC,4,4,2013-08-31
RA9,2,2,2014-07-31
RC9,2,2,2015-07-31
RR7,2,2,2016-07-31
RW6,7,7,2016-12-31
RAN,0,0,2017-12-31
RMP,1,1,2012-08-31
RVR,7,7,2013-08-31
RTR,4,4,2014-07-31
RWF,3,3,2015-07-31
RLT,0,0,2016-07-31
RK9,5,5,2016-12-31
RGM,0,0,2017-12-31
RBA,0,0,2012-08-31
RDU,0,0,2013-08-31
RE9,1,1,2014-07-31
RPA,1,1,2015-07-31
RTE,5,5,2016-07-31
RD3,2,2,2016-12-31
RA2,1,1,2017-12-31
RBV,0,0,2012-08-31
RR7,1,1,2013-08-31
RJC,1,1,2014-07-31
RBT,2,2,2015-07-31
RP4,0,0,2016-07-31
RHU,2,2,2016-12-31
RD1,2,2,2017-12-31
RNA,2,2,2012-08-31
RLT,2,2,2013-08-31
RAJ,2,2,2014-07-31
RQ8,1,1,2015-07-31
RN3,0,0,2016-07-31
RPC,1,1,2016-12-31
RM3,6,6,2017-12-31
RAS,3,3,2012-08-31
RTE,8,8,2013-08-31
RVY,3,3,2014-07-31
RXF,1,1,2015-07-31
RJ1,4,4,2016-07-31
RHW,1,1,2016-12-31
RNZ,1,1,2017-12-31
RTD,8,8,2012-08-31
RP4,2,2,2013-08-31
RBN,5,5,2014-07-31
RD8,1,1,2015-07-31
RN5,1,1,2016-07-31
RT3,1,1,2016-12-31
RXK,1,1,2017-12-31
RCX,1,1,2012-08-31
RN3,3,3,2013-08-31
RJ7,3,3,2014-07-31
RP6,0,0,2015-07-31
RCD,1,1,2016-07-31
REF,3,3,2016-12-31
RCU,0,0,2017-12-31
RL1,0,0,2012-08-31
RJ1,3,3,2013-08-31
RWJ,1,1,2014-07-31
RM1,6,6,2015-07-31
RR1,3,3,2016-07-31
RH8,1,1,2016-12-31
RHQ,5,5,2017-12-31
RFR,2,2,2012-08-31
RN5,5,5,2013-08-31
RTP,2,2,2014-07-31
RVJ,9,9,2015-07-31
RQX,0,0,2016-07-31
RAL,4,4,2016-12-31
RK5,1,1,2017-12-31
RDZ,3,3,2012-08-31
RCD,0,0,2013-08-31
RMP,5,5,2014-07-31
RNL,1,1,2015-07-31
RWA,2,2,2016-07-31
RQ6,3,3,2016-12-31
RXW,6,6,2017-12-31
RPY,1,1,2012-08-31
RR1,7,7,2013-08-31
RBA,1,1,2014-07-31
RAP,2,2,2015-07-31
RYJ,3,3,2016-07-31
RAN,1,1,2016-12-31
RTR,1,1,2017-12-31
RRJ,0,0,2012-08-31
RD7,2,2,2013-08-31
RBV,4,4,2014-07-31
RVW,3,3,2015-07-31
RGQ,1,1,2016-07-31
RA2,1,1,2016-12-31
RE9,0,0,2017-12-31
RET,0,0,2012-08-31
RQQ,1,1,2013-08-31
REN,0,0,2014-07-31
RNS,3,3,2015-07-31
R1F,0,0,2016-07-31
RD1,4,4,2016-12-31
RJC,1,1,2017-12-31
RKE,2,2,2012-08-31
RQX,0,0,2013-08-31
RNA,2,2,2014-07-31
RBZ,2,2,2015-07-31
RGP,0,0,2016-07-31
RM3,1,1,2016-12-31
RAJ,7,7,2017-12-31
RWD,11,11,2012-08-31
RWA,4,4,2013-08-31
RAS,2,2,2014-07-31
RJL,2,2,2015-07-31
RNQ,1,1,2016-07-31
RNZ,0,0,2016-12-31
RVY,2,2,2017-12-31
RRV,3,3,2012-08-31
RYJ,3,3,2013-08-31
RTD,7,7,2014-07-31
RTF,2,2,2015-07-31
RJZ,7,7,2016-07-31
RXK,1,1,2016-12-31
RJ7,0,0,2017-12-31
RRK,6,6,2012-08-31
RGQ,2,2,2013-08-31
RQW,2,2,2014-07-31
RX1,13,13,2015-07-31
RAX,2,2,2016-07-31
RCU,1,1,2016-12-31
RBN,0,0,2017-12-31
RJE,6,6,2012-08-31
R1F,0,0,2013-08-31
RCX,5,5,2014-07-31
RTH,8,8,2015-07-31
RXN,3,3,2016-07-31
RHQ,14,14,2016-12-31
RWJ,2,2,2017-12-31
RM2,4,4,2012-08-31
RGP,2,2,2013-08-31
RL1,0,0,2014-07-31
RGM,1,1,2015-07-31
RR8,10,10,2016-07-31
RK5,3,3,2016-12-31
RTP,2,2,2017-12-31
RHM,3,3,2012-08-31
RNQ,2,2,2013-08-31
RFR,2,2,2014-07-31
RW6,3,3,2015-07-31
RJ2,2,2,2016-07-31
RXW,2,2,2016-12-31
RMP,3,3,2017-12-31
RA7,6,6,2012-08-31
RJZ,4,4,2013-08-31
RDZ,2,2,2014-07-31
RGN,3,3,2015-07-31
RBQ,0,0,2016-07-31
RTR,3,3,2016-12-31
RBA,2,2,2017-12-31
RKB,5,5,2012-08-31
RAX,4,4,2013-08-31
RPY,3,3,2014-07-31
RK9,7,7,2015-07-31
REP,0,0,2016-07-31
RE9,1,1,2016-12-31
RBV,1,1,2017-12-31
RWE,5,5,2012-08-31
RXN,3,3,2013-08-31
RRJ,0,0,2014-07-31
RD3,0,0,2015-07-31
R1K,2,2,2016-07-31
RJC,0,0,2016-12-31
REN,0,0,2017-12-31
RTX,1,1,2012-08-31
RR8,8,8,2013-08-31
RL4,3,3,2014-07-31
RHU,6,6,2015-07-31
RC9,2,2,2016-07-31
RAJ,2,2,2016-12-31
RNA,1,1,2017-12-31
RBK,2,2,2012-08-31
RJ2,3,3,2013-08-31
RET,1,1,2014-07-31
RPC,0,0,2015-07-31
RWF,8,8,2016-07-31
RVY,1,1,2016-12-31
RAS,3,3,2017-12-31
RWW,1,1,2012-08-31
RBQ,1,1,2013-08-31
RKE,0,0,2014-07-31
RHW,1,1,2015-07-31
RPA,1,1,2016-07-31
RJ7,4,4,2016-12-31
RTD,6,6,2017-12-31
RWG,4,4,2012-08-31
REP,0,0,2013-08-31
RWD,6,6,2014-07-31
RT3,2,2,2015-07-31
RBT,2,2,2016-07-31
RBN,1,1,2016-12-31
RQW,0,0,2017-12-31
RFW,2,2,2012-08-31
RC9,1,1,2013-08-31
RRV,12,12,2014-07-31
REF,3,3,2015-07-31
RQ8,1,1,2016-07-31
RWJ,2,2,2016-12-31
RCX,1,1,2017-12-31
RGR,2,2,2012-08-31
RWF,2,2,2013-08-31
RJE,8,8,2014-07-31
RH8,2,2,2015-07-31
RXF,6,6,2016-07-31
RTP,2,2,2016-12-31
RL1,0,0,2017-12-31
RYR,4,4,2012-08-31
RPA,0,0,2013-08-31
RM2,4,4,2014-07-31
RAL,9,9,2015-07-31
RD8,3,3,2016-07-31
RMP,2,2,2016-12-31
RFR,3,3,2017-12-31
RA3,1,1,2012-08-31
RBT,4,4,2013-08-31
RHM,6,6,2014-07-31
RQ6,1,1,2015-07-31
RP6,0,0,2016-07-31
RBA,0,0,2016-12-31
RDZ,3,3,2017-12-31
RBL,3,3,2012-08-31
RQ8,2,2,2013-08-31
RRK,8,8,2014-07-31
RAN,0,0,2015-07-31
RM1,6,6,2016-07-31
RBV,5,5,2016-12-31
RPY,6,6,2017-12-31
RWP,5,5,2012-08-31
RJD,0,0,2013-08-31
RA7,4,4,2014-07-31
RA2,0,0,2015-07-31
RVJ,2,2,2016-07-31
REN,0,0,2016-12-31
RRJ,0,0,2017-12-31
RRF,2,2,2012-08-31
RXF,7,7,2013-08-31
RKB,5,5,2014-07-31
RD1,6,6,2015-07-31
RNL,1,1,2016-07-31
RNA,3,3,2016-12-31
RL4,1,1,2017-12-31
RLQ,2,2,2012-08-31
RD8,1,1,2013-08-31
RWE,7,7,2014-07-31
RM3,0,0,2015-07-31
RAP,2,2,2016-07-31
RAS,0,0,2016-12-31
RET,0,0,2017-12-31
RA4,1,1,2012-08-31
RP6,0,0,2013-08-31
RTX,5,5,2014-07-31
RNZ,1,1,2015-07-31
RVW,3,3,2016-07-31
RTD,9,9,2016-12-31
RKE,0,0,2017-12-31
RCB,4,4,2012-08-31
RM1,4,4,2013-08-31
RBK,1,1,2014-07-31
RXK,2,2,2015-07-31
RGN,2,2,2016-07-31
RQW,2,2,2016-12-31
RA9,2,2,2017-12-31
REM,4,4,2012-09-30
RVJ,2,2,2013-08-31
RWW,1,1,2014-07-31
RCU,1,1,2015-07-31
RNS,1,1,2016-07-31
RCX,0,0,2016-12-31
RWD,8,8,2017-12-31
RCF,1,1,2012-09-30
RNL,2,2,2013-08-31
RWG,1,1,2014-07-31
RHQ,5,5,2015-07-31
RBZ,0,0,2016-07-31
RL1,0,0,2016-12-31
RRV,2,2,2017-12-31
RBS,0,0,2012-09-30
RAP,0,0,2013-08-31
RFW,1,1,2014-07-31
RK5,6,6,2015-07-31
RJL,1,1,2016-07-31
RFR,1,1,2016-12-31
RHM,2,2,2017-12-31
RTK,0,0,2012-09-30
RVW,4,4,2013-08-31
RGR,2,2,2014-07-31
RXW,2,2,2015-07-31
RDZ,0,0,2016-12-31
RRK,9,9,2017-12-31
RF4,7,7,2012-09-30
RV8,1,1,2013-08-31
RYR,1,1,2014-07-31
RA9,3,3,2015-07-31
RPY,4,4,2016-12-31
RA7,2,2,2017-12-31
RVL,0,0,2012-09-30
RNS,3,3,2013-08-31
RA3,0,0,2014-07-31
RTR,4,4,2015-07-31
RRJ,0,0,2016-12-31
RKB,3,3,2017-12-31
RFF,1,1,2012-09-30
RBZ,0,0,2013-08-31
RBL,2,2,2014-07-31
RE9,2,2,2015-07-31
RL4,2,2,2016-12-31
RWE,4,4,2017-12-31
R1H,9,9,2012-09-30
RJL,3,3,2013-08-31
RWP,3,3,2014-07-31
RJC,3,3,2015-07-31
RET,0,0,2016-12-31
RTX,1,1,2017-12-31
RDD,3,3,2012-09-30
RTF,1,1,2013-08-31
RRF,1,1,2014-07-31
RAJ,2,2,2015-07-31
RKE,0,0,2016-12-31
RJE,5,5,2017-12-31
RC1,0,0,2012-09-30
RX1,9,9,2013-08-31
RLQ,2,2,2014-07-31
RVY,3,3,2015-07-31
RA9,4,4,2016-12-31
RK9,1,1,2017-12-31
RQ3,0,0,2012-09-30
RTH,3,3,2013-08-31
RA4,1,1,2014-07-31
RBN,3,3,2015-07-31
RWD,3,3,2016-12-31
RBK,4,4,2017-12-31
RLU,0,0,2012-09-30
RGM,0,0,2013-08-31
RCB,1,1,2014-07-31
RJ7,2,2,2015-07-31
RRV,7,7,2016-12-31
RWW,1,1,2017-12-31
RXL,0,0,2012-09-30
RW6,5,5,2013-08-31
REM,7,7,2014-08-31
RWJ,6,6,2015-07-31
RHM,3,3,2016-12-31
RWG,1,1,2017-12-31
RMC,1,1,2012-09-30
RGN,5,5,2013-08-31
RCF,0,0,2014-08-31
RTP,4,4,2015-07-31
RRK,9,9,2016-12-31
RGR,0,0,2017-12-31
RAE,6,6,2012-09-30
RK9,0,0,2013-08-31
RBS,0,0,2014-08-31
RMP,1,1,2015-07-31
RA7,5,5,2016-12-31
RYR,1,1,2017-12-31
RXH,4,4,2012-09-30
RD3,0,0,2013-08-31
RTK,3,3,2014-08-31
RBA,2,2,2015-07-31
RKB,4,4,2016-12-31
RA3,0,0,2017-12-31
RXQ,7,7,2012-09-30
RHU,5,5,2013-08-31
RF4,6,6,2014-08-31
RBV,2,2,2015-07-31
RWE,0,0,2016-12-31
RBL,6,6,2017-12-31
RJF,4,4,2012-09-30
RQW,2,2,2013-08-31
RFF,2,2,2014-08-31
REN,0,0,2015-07-31
RTX,3,3,2016-12-31
RWP,0,0,2017-12-31
RWY,3,3,2012-09-30
RPC,0,0,2013-08-31
R1H,9,9,2014-08-31
RNA,2,2,2015-07-31
RJE,6,6,2016-12-31
RRF,2,2,2017-12-31
RGT,5,5,2012-09-30
RHW,5,5,2013-08-31
RDD,5,5,2014-08-31
RAS,2,2,2015-07-31
RBK,3,3,2016-12-31
RLQ,2,2,2017-12-31
RW3,7,7,2012-09-30
RT3,1,1,2013-08-31
RC1,0,0,2014-08-31
RTD,9,9,2015-07-31
RWW,4,4,2016-12-31
RA4,0,0,2017-12-31
RQM,2,2,2012-09-30
REF,4,4,2013-08-31
RQ3,0,0,2014-08-31
RQW,1,1,2015-07-31
RWG,1,1,2016-12-31
RCB,3,3,2017-12-31
RFS,3,3,2012-09-30
RH8,3,3,2013-08-31
RLU,0,0,2014-08-31
RCX,5,5,2015-07-31
RGR,2,2,2016-12-31
REM,7,7,2018-01-31
RLN,3,3,2012-09-30
RAL,2,2,2013-08-31
RXL,4,4,2014-08-31
RL1,0,0,2015-07-31
RYR,2,2,2016-12-31
RCF,0,0,2018-01-31
REN,1,1,2012-09-30
RQ6,7,7,2013-08-31
RMC,1,1,2014-08-31
RFR,4,4,2015-07-31
RA3,0,0,2016-12-31
RBS,0,0,2018-01-31
RDE,2,2,2012-09-30
RBB,0,0,2013-08-31
RAE,4,4,2014-08-31
RDZ,1,1,2015-07-31
RBL,3,3,2016-12-31
RTK,1,1,2018-01-31
RJR,4,4,2012-09-30
RAN,3,3,2013-08-31
RXH,6,6,2014-08-31
RPY,4,4,2015-07-31
RWP,6,6,2016-12-31
RF4,3,3,2018-01-31
RXP,4,4,2012-09-30
RA2,4,4,2013-08-31
RXQ,5,5,2014-08-31
RRJ,0,0,2015-07-31
RRF,4,4,2016-12-31
RFF,2,2,2018-01-31
RJ6,3,3,2012-09-30
RD1,5,5,2013-08-31
RJF,0,0,2014-08-31
RL4,3,3,2015-07-31
RLQ,2,2,2016-12-31
R1H,2,2,2018-01-31
RN7,0,0,2012-09-30
RM3,3,3,2013-08-31
RWY,2,2,2014-08-31
RET,0,0,2015-07-31
RA4,1,1,2016-12-31
RDD,2,2,2018-01-31
RTG,3,3,2012-09-30
RNZ,0,0,2013-08-31
RGT,4,4,2014-08-31
RKE,1,1,2015-07-31
RCB,8,8,2016-12-31
RC1,2,2,2018-01-31
RP5,7,7,2012-09-30
RXK,3,3,2013-08-31
RW3,13,13,2014-08-31
RWD,3,3,2015-07-31
RP5,2,2,2017-01-31
RQ3,0,0,2018-01-31
RBD,3,3,2012-09-30
RCU,0,0,2013-08-31
RQM,0,0,2014-08-31
RRV,6,6,2015-07-31
RBD,0,0,2017-01-31
RXL,2,2,2018-01-31
RC3,1,1,2012-09-30
RHQ,10,10,2013-08-31
RFS,3,3,2014-08-31
RJE,14,14,2015-07-31
RWH,1,1,2017-01-31
RMC,1,1,2018-01-31
RWH,2,2,2012-09-30
RK5,4,4,2013-08-31
RLN,1,1,2014-08-31
RM2,4,4,2015-07-31
RJN,0,0,2017-01-31
RAE,1,1,2018-01-31
RJN,1,1,2012-09-30
RXW,6,6,2013-08-31
RDE,2,2,2014-08-31
RHM,2,2,2015-07-31
RVV,6,6,2017-01-31
RXH,7,7,2018-01-31
RVV,2,2,2012-09-30
RA9,1,1,2013-08-31
RJR,1,1,2014-08-31
RRK,9,9,2015-07-31
RXR,3,3,2017-01-31
RXQ,3,3,2018-01-31
RXR,4,4,2012-09-30
RTR,2,2,2013-08-31
RXP,2,2,2014-08-31
RA7,3,3,2015-07-31
RXC,4,4,2017-01-31
RJF,1,1,2018-01-31
RXC,2,2,2012-09-30
RE9,0,0,2013-08-31
RJ6,1,1,2014-08-31
RKB,2,2,2015-07-31
RVR,5,5,2017-01-31
RWY,7,7,2018-01-31
RVR,7,7,2012-09-30
RJC,1,1,2013-08-31
RN7,2,2,2014-08-31
RWE,4,4,2015-07-31
RDU,4,4,2017-01-31
RGT,2,2,2018-01-31
RDU,2,2,2012-09-30
RAJ,2,2,2013-08-31
RTG,5,5,2014-08-31
RTX,4,4,2015-07-31
RR7,1,1,2017-01-31
RQM,0,0,2018-01-31
RR7,1,1,2012-09-30
RVY,2,2,2013-08-31
RP5,2,2,2014-08-31
RBK,2,2,2015-07-31
RLT,1,1,2017-01-31
RFS,0,0,2018-01-31
RLT,3,3,2012-09-30
RBN,3,3,2013-08-31
RBD,1,1,2014-08-31
RWW,1,1,2015-07-31
RTE,7,7,2017-01-31
RLN,1,1,2018-01-31
RTE,1,1,2012-09-30
RJ7,3,3,2013-08-31
RWH,0,0,2014-08-31
RWG,2,2,2015-07-31
RP4,0,0,2017-01-31
RJR,3,3,2018-01-31
RP4,1,1,2012-09-30
RWJ,2,2,2013-08-31
RJN,2,2,2014-08-31
RGR,4,4,2015-07-31
RN3,0,0,2017-01-31
RXP,2,2,2018-01-31
RN3,1,1,2012-09-30
RTP,2,2,2013-08-31
RVV,4,4,2014-08-31
RYR,3,3,2015-07-31
RJ1,2,2,2017-01-31
RJ6,0,0,2018-01-31
RJ1,4,4,2012-09-30
RMP,2,2,2013-08-31
RXR,3,3,2014-08-31
RA3,2,2,2015-07-31
RN5,0,0,2017-01-31
RN7,2,2,2018-01-31
RN5,2,2,2012-09-30
RBA,2,2,2013-08-31
RXC,6,6,2014-08-31
RBL,5,5,2015-07-31
RCD,2,2,2017-01-31
RTG,6,6,2018-01-31
RCD,0,0,2012-09-30
RBV,0,0,2013-08-31
RVR,2,2,2014-08-31
RWP,2,2,2015-07-31
RR1,10,10,2017-01-31
RP5,5,5,2018-01-31
RR1,5,5,2012-09-30
RNA,2,2,2013-08-31
RDU,1,1,2014-08-31
RRF,1,1,2015-07-31
RQX,1,1,2017-01-31
RBD,1,1,2018-01-31
RD7,2,2,2012-09-30
RAS,2,2,2013-08-31
RR7,1,1,2014-08-31
RLQ,5,5,2015-07-31
RWA,4,4,2017-01-31
RWH,3,3,2018-01-31
RQQ,1,1,2012-09-30
RTD,14,14,2013-08-31
RLT,1,1,2014-08-31
RA4,2,2,2015-07-31
RYJ,5,5,2017-01-31
RJN,1,1,2018-01-31
RQX,0,0,2012-09-30
RCX,0,0,2013-08-31
RTE,0,0,2014-08-31
RCB,3,3,2015-07-31
RGQ,1,1,2017-01-31
RVV,4,4,2018-01-31
RWA,7,7,2012-09-30
RL1,0,0,2013-08-31
RP4,2,2,2014-08-31
REM,4,4,2015-08-31
R1F,1,1,2017-01-31
RXR,2,2,2018-01-31
RYJ,5,5,2012-09-30
RFR,3,3,2013-08-31
RN3,4,4,2014-08-31
RCF,1,1,2015-08-31
RGP,0,0,2017-01-31
RDE,3,3,2018-01-31
RGQ,2,2,2012-09-30
RDZ,1,1,2013-08-31
RJ1,4,4,2014-08-31
RBS,0,0,2015-08-31
RNQ,2,2,2017-01-31
RXC,1,1,2018-01-31
R1F,1,1,2012-09-30
RPY,0,0,2013-08-31
RN5,4,4,2014-08-31
RTK,0,0,2015-08-31
RJZ,4,4,2017-01-31
RVR,1,1,2018-01-31
RGP,0,0,2012-09-30
RRJ,0,0,2013-08-31
RCD,0,0,2014-08-31
RF4,4,4,2015-08-31
RAX,5,5,2017-01-31
RDU,5,5,2018-01-31
RNQ,1,1,2012-09-30
RL4,4,4,2013-08-31
RR1,4,4,2014-08-31
RFF,4,4,2015-08-31
RXN,6,6,2017-01-31
RR7,2,2,2018-01-31
RJZ,8,8,2012-09-30
RET,0,0,2013-08-31
RQQ,2,2,2014-08-31
R1H,14,14,2015-08-31
RR8,15,15,2017-01-31
RLT,0,0,2018-01-31
RAX,4,4,2012-09-30
RKE,3,3,2013-08-31
RQX,1,1,2014-08-31
RDD,4,4,2015-08-31
RJ2,1,1,2017-01-31
RTE,4,4,2018-01-31
RXN,6,6,2012-09-30
RWD,8,8,2013-08-31
RWA,6,6,2014-08-31
RC1,0,0,2015-08-31
RBQ,0,0,2017-01-31
RP4,0,0,2018-01-31
RR8,18,18,2012-09-30
RRV,10,10,2013-08-31
RYJ,10,10,2014-08-31
RQ3,0,0,2015-08-31
REP,0,0,2017-01-31
RN3,3,3,2018-01-31
RJ2,5,5,2012-09-30
RRK,11,11,2013-08-31
RGQ,2,2,2014-08-31
RLU,0,0,2015-08-31
R1K,8,8,2017-01-31
RJ1,1,1,2018-01-31
RBQ,1,1,2012-09-30
RJE,6,6,2013-08-31
R1F,0,0,2014-08-31
RXL,8,8,2015-08-31
RC9,0,0,2017-01-31
RN5,3,3,2018-01-31
REP,0,0,2012-09-30
RM2,3,3,2013-08-31
RGP,2,2,2014-08-31
RMC,2,2,2015-08-31
RWF,1,1,2017-01-31
RCD,0,0,2018-01-31
RC9,2,2,2012-09-30
RHM,0,0,2013-08-31
RNQ,7,7,2014-08-31
RAE,4,4,2015-08-31
R0A,9,9,2017-01-31
RQX,1,1,2018-01-31
RWF,3,3,2012-09-30
RA7,3,3,2013-08-31
RJZ,3,3,2014-08-31
RXH,1,1,2015-08-31
RPA,7,7,2017-01-31
RWA,3,3,2018-01-31
RPA,1,1,2012-09-30
RKB,2,2,2013-08-31
RAX,2,2,2014-08-31
RXQ,3,3,2015-08-31
RBT,3,3,2017-01-31
RYJ,2,2,2018-01-31
RBT,0,0,2012-09-30
RWE,5,5,2013-08-31
RXN,9,9,2014-08-31
RJF,3,3,2015-08-31
RQ8,4,4,2017-01-31
R1F,2,2,2018-01-31
RQ8,1,1,2012-09-30
RTX,5,5,2013-08-31
RR8,11,11,2014-08-31
RWY,3,3,2015-08-31
RXF,2,2,2017-01-31
RGP,1,1,2018-01-31
RJD,2,2,2012-09-30
RBK,5,5,2013-08-31
RJ2,5,5,2014-08-31
RGT,4,4,2015-08-31
RD8,0,0,2017-01-31
RNQ,1,1,2018-01-31
RXF,1,1,2012-09-30
RWW,1,1,2013-08-31
RBQ,0,0,2014-08-31
RW3,3,3,2015-08-31
RP6,0,0,2017-01-31
RJZ,10,10,2018-01-31
RD8,3,3,2012-09-30
RWG,2,2,2013-08-31
REP,0,0,2014-08-31
RQM,2,2,2015-08-31
RM1,6,6,2017-01-31
RAX,2,2,2018-01-31
RP6,0,0,2012-09-30
RFW,0,0,2013-08-31
R1K,1,1,2014-08-31
RFS,0,0,2015-08-31
RVJ,3,3,2017-01-31
RXN,1,1,2018-01-31
RM1,3,3,2012-09-30
RGR,4,4,2013-08-31
RC9,0,0,2014-08-31
RLN,10,10,2015-08-31
RNL,3,3,2017-01-31
RR8,7,7,2018-01-31
RVJ,4,4,2012-09-30
RYR,7,7,2013-08-31
RWF,4,4,2014-08-31
RDE,3,3,2015-08-31
RAP,6,6,2017-01-31
RJ2,2,2,2018-01-31
RNL,3,3,2012-09-30
RA3,2,2,2013-08-31
RPA,1,1,2014-08-31
RJR,1,1,2015-08-31
RVW,4,4,2017-01-31
RBQ,0,0,2018-01-31
RAP,1,1,2012-09-30
RBL,1,1,2013-08-31
RBT,1,1,2014-08-31
RXP,2,2,2015-08-31
RGN,4,4,2017-01-31
REP,0,0,2018-01-31
RVW,5,5,2012-09-30
RWP,2,2,2013-08-31
RQ8,1,1,2014-08-31
RJ6,2,2,2015-08-31
RNS,1,1,2017-01-31
R1K,3,3,2018-01-31
RV8,3,3,2012-09-30
RRF,5,5,2013-08-31
RXF,1,1,2014-08-31
RN7,0,0,2015-08-31
RBZ,0,0,2017-01-31
RC9,0,0,2018-01-31
RNS,2,2,2012-09-30
RLQ,0,0,2013-08-31
RD8,3,3,2014-08-31
RTG,5,5,2015-08-31
RJL,2,2,2017-01-31
RWF,2,2,2018-01-31
RBZ,0,0,2012-09-30
RA4,1,1,2013-08-31
RP6,0,0,2014-08-31
RP5,1,1,2015-08-31
RTF,2,2,2017-01-31
R0A,16,16,2018-01-31
RJL,3,3,2012-09-30
RCB,6,6,2013-08-31
RM1,5,5,2014-08-31
RBD,0,0,2015-08-31
RX1,9,9,2017-01-31
RPA,3,3,2018-01-31
RTF,8,8,2012-09-30
REM,11,11,2013-08-31
RVJ,3,3,2014-08-31
RWH,0,0,2015-08-31
RTH,4,4,2017-01-31
RBT,1,1,2018-01-31
RX1,9,9,2012-09-30
RCF,1,1,2013-08-31
RNL,2,2,2014-08-31
RJN,1,1,2015-08-31
RGM,0,0,2017-01-31
RQ8,5,5,2018-01-31
RTH,7,7,2012-09-30
RBS,0,0,2013-08-31
RAP,5,5,2014-08-31
RVV,3,3,2015-08-31
RW6,5,5,2017-01-31
RXF,4,4,2018-01-31
RGM,1,1,2012-09-30
RTK,1,1,2013-08-31
RVW,5,5,2014-08-31
RXR,2,2,2015-08-31
RK9,2,2,2017-01-31
RD8,3,3,2018-01-31
RW6,5,5,2012-09-30
RF4,0,0,2013-08-31
RNS,4,4,2014-08-31
RXC,7,7,2015-08-31
RD3,1,1,2017-01-31
RP6,0,0,2018-01-31
RGN,3,3,2012-09-30
RFF,3,3,2013-08-31
RBZ,0,0,2014-08-31
RVR,3,3,2015-08-31
RHU,6,6,2017-01-31
RM1,3,3,2018-01-31
RK9,2,2,2012-09-30
R1H,6,6,2013-08-31
RJL,1,1,2014-08-31
RDU,5,5,2015-08-31
RPC,0,0,2017-01-31
RVJ,2,2,2018-01-31
RD3,2,2,2012-09-30
RDD,1,1,2013-08-31
RTF,1,1,2014-08-31
RR7,1,1,2015-08-31
RHW,1,1,2017-01-31
RNL,1,1,2018-01-31
RHU,3,3,2012-09-30
RC1,0,0,2013-08-31
RX1,5,5,2014-08-31
RLT,0,0,2015-08-31
RT3,1,1,2017-01-31
RAP,2,2,2018-01-31
RQW,1,1,2012-09-30
RQ3,0,0,2013-08-31
RTH,3,3,2014-08-31
RTE,4,4,2015-08-31
REF,1,1,2017-01-31
RVW,3,3,2018-01-31
RPC,0,0,2012-09-30
RLU,0,0,2013-08-31
RGM,0,0,2014-08-31
RP4,0,0,2015-08-31
RH8,2,2,2017-01-31
RGN,1,1,2018-01-31
RHW,1,1,2012-09-30
RXL,3,3,2013-08-31
RW6,10,10,2014-08-31
RN3,3,3,2015-08-31
RAL,6,6,2017-01-31
RNS,3,3,2018-01-31
RT3,2,2,2012-09-30
RMC,4,4,2013-08-31
RGN,3,3,2014-08-31
RJ1,6,6,2015-08-31
RQ6,5,5,2017-01-31
RBZ,0,0,2018-01-31
REF,5,5,2012-09-30
RAE,1,1,2013-08-31
RK9,4,4,2014-08-31
RN5,6,6,2015-08-31
RAN,0,0,2017-01-31
RJL,2,2,2018-01-31
RH8,1,1,2012-09-30
RXH,4,4,2013-08-31
RD3,2,2,2014-08-31
RCD,5,5,2015-08-31
RA2,1,1,2017-01-31
RTF,5,5,2018-01-31
RAL,4,4,2012-09-30
RXQ,6,6,2013-08-31
RHU,5,5,2014-08-31
RR1,3,3,2015-08-31
RD1,5,5,2017-01-31
RX1,10,10,2018-01-31
RQ6,5,5,2012-09-30
RJF,2,2,2013-08-31
RPC,0,0,2014-08-31
RQQ,1,1,2015-08-31
RM3,6,6,2017-01-31
RTH,10,10,2018-01-31
RBB,0,0,2012-09-30
RWY,4,4,2013-08-31
RHW,3,3,2014-08-31
RQX,1,1,2015-08-31
RNZ,2,2,2017-01-31
RW6,2,2,2018-01-31
RAN,1,1,2012-09-30
RGT,2,2,2013-08-31
RT3,6,6,2014-08-31
RWA,4,4,2015-08-31
RXK,0,0,2017-01-31
RD3,0,0,2018-01-31
RA2,0,0,2012-09-30
RW3,3,3,2013-08-31
REF,1,1,2014-08-31
RYJ,2,2,2015-08-31
RCU,1,1,2017-01-31
RHU,5,5,2018-01-31
RD1,1,1,2012-09-30
RQM,0,0,2013-08-31
RH8,3,3,2014-08-31
RGQ,5,5,2015-08-31
RHQ,12,12,2017-01-31
RPC,0,0,2018-01-31
RL4,4,4,2012-09-30
RCF,0,0,2013-09-30
RAL,5,5,2014-08-31
R1F,3,3,2015-08-31
RK5,3,3,2017-01-31
RHW,1,1,2018-01-31
RM3,7,7,2012-09-30
RBS,0,0,2013-09-30
RQ6,3,3,2014-08-31
RGP,3,3,2015-08-31
RXW,0,0,2017-01-31
RT3,0,0,2018-01-31
RNZ,2,2,2012-09-30
RTK,2,2,2013-09-30
RAN,0,0,2014-08-31
RNQ,2,2,2015-08-31
RTR,1,1,2017-01-31
REF,1,1,2018-01-31
RXK,2,2,2012-09-30
RF4,2,2,2013-09-30
RA2,2,2,2014-08-31
RJZ,6,6,2015-08-31
RE9,1,1,2017-01-31
RH8,3,3,2018-01-31
RCU,0,0,2012-09-30
RFF,2,2,2013-09-30
RD1,3,3,2014-08-31
RAX,0,0,2015-08-31
RJC,3,3,2017-01-31
RAL,4,4,2018-01-31
RHQ,12,12,2012-09-30
R1H,10,10,2013-09-30
RM3,3,3,2014-08-31
RXN,2,2,2015-08-31
RAJ,0,0,2017-01-31
RQ6,1,1,2018-01-31
RK5,2,2,2012-09-30
RDD,5,5,2013-09-30
RNZ,4,4,2014-08-31
RR8,11,11,2015-08-31
RVY,2,2,2017-01-31
RAN,0,0,2018-01-31
RXW,2,2,2012-09-30
RC1,2,2,2013-09-30
RXK,4,4,2014-08-31
RJ2,5,5,2015-08-31
RJ7,3,3,2017-01-31
RGM,0,0,2018-01-31
RA9,1,1,2012-09-30
RQ3,0,0,2013-09-30
RCU,0,0,2014-08-31
RBQ,0,0,2015-08-31
RBN,1,1,2017-01-31
RA2,2,2,2018-01-31
RTR,4,4,2012-09-30
RLU,0,0,2013-09-30
RHQ,13,13,2014-08-31
REP,0,0,2015-08-31
RWJ,5,5,2017-01-31
RD1,1,1,2018-01-31
RE9,1,1,2012-09-30
RXL,2,2,2013-09-30
RK5,5,5,2014-08-31
R1K,3,3,2015-08-31
RTP,1,1,2017-01-31
RM3,1,1,2018-01-31
RJC,3,3,2012-09-30
RMC,2,2,2013-09-30
RXW,1,1,2014-08-31
RC9,1,1,2015-08-31
RMP,1,1,2017-01-31
RNZ,0,0,2018-01-31
RAJ,2,2,2012-09-30
RAE,1,1,2013-09-30
RA9,4,4,2014-08-31
RWF,3,3,2015-08-31
RBA,0,0,2017-01-31
RXK,4,4,2018-01-31
RVY,5,5,2012-09-30
RXH,4,4,2013-09-30
RTR,1,1,2014-08-31
RPA,0,0,2015-08-31
RBV,2,2,2017-01-31
RCU,1,1,2018-01-31
RBN,3,3,2012-09-30
RXQ,1,1,2013-09-30
RE9,0,0,2014-08-31
RBT,4,4,2015-08-31
REN,0,0,2017-01-31
RHQ,14,14,2018-01-31
RJ7,2,2,2012-09-30
RJF,2,2,2013-09-30
RJC,0,0,2014-08-31
RQ8,1,1,2015-08-31
RNA,2,2,2017-01-31
RK5,2,2,2018-01-31
RWJ,3,3,2012-09-30
RWY,2,2,2013-09-30
RAJ,4,4,2014-08-31
RXF,4,4,2015-08-31
RAS,1,1,2017-01-31
RXW,2,2,2018-01-31
RTP,1,1,2012-09-30
RGT,4,4,2013-09-30
RVY,5,5,2014-08-31
RD8,0,0,2015-08-31
RTD,4,4,2017-01-31
RTR,3,3,2018-01-31
RMP,1,1,2012-09-30
RW3,7,7,2013-09-30
RBN,3,3,2014-08-31
RP6,0,0,2015-08-31
RQW,1,1,2017-01-31
RE9,0,0,2018-01-31
RBA,2,2,2012-09-30
RQM,0,0,2013-09-30
RJ7,5,5,2014-08-31
RM1,2,2,2015-08-31
RCX,3,3,2017-01-31
RJC,2,2,2018-01-31
RBV,1,1,2012-09-30
RFS,4,4,2013-09-30
RWJ,1,1,2014-08-31
RVJ,4,4,2015-08-31
RL1,0,0,2017-01-31
RAJ,2,2,2018-01-31
RNA,2,2,2012-09-30
RLN,7,7,2013-09-30
RTP,3,3,2014-08-31
RNL,3,3,2015-08-31
RFR,5,5,2017-01-31
RVY,1,1,2018-01-31
RAS,2,2,2012-09-30
REN,0,0,2013-09-30
RMP,5,5,2014-08-31
RAP,3,3,2015-08-31
RDZ,2,2,2017-01-31
RJ7,0,0,2018-01-31
RTD,6,6,2012-09-30
RDE,0,0,2013-09-30
RBA,0,0,2014-08-31
RVW,4,4,2015-08-31
RPY,3,3,2017-01-31
RBN,2,2,2018-01-31
RCX,1,1,2012-09-30
RJR,1,1,2013-09-30
RBV,3,3,2014-08-31
RNS,3,3,2015-08-31
RRJ,0,0,2017-01-31
RWJ,2,2,2018-01-31
RL1,0,0,2012-09-30
RXP,2,2,2013-09-30
REN,0,0,2014-08-31
RBZ,1,1,2015-08-31
RL4,1,1,2017-01-31
RTP,2,2,2018-01-31
RFR,2,2,2012-09-30
RJ6,2,2,2013-09-30
RNA,6,6,2014-08-31
RJL,4,4,2015-08-31
RET,1,1,2017-01-31
RMP,2,2,2018-01-31
RDZ,1,1,2012-09-30
RN7,1,1,2013-09-30
RAS,0,0,2014-08-31
RTF,2,2,2015-08-31
RKE,0,0,2017-01-31
RBA,1,1,2018-01-31
RPY,0,0,2012-09-30
RTG,4,4,2013-09-30
RTD,6,6,2014-08-31
RX1,6,6,2015-08-31
RA9,1,1,2017-01-31
RBV,1,1,2018-01-31
RRJ,0,0,2012-09-30
RP5,3,3,2013-09-30
RQW,2,2,2014-08-31
RTH,3,3,2015-08-31
RWD,5,5,2017-01-31
REN,0,0,2018-01-31
RET,1,1,2012-09-30
RBD,4,4,2013-09-30
RCX,4,4,2014-08-31
RGM,0,0,2015-08-31
RRV,5,5,2017-01-31
RNA,5,5,2018-01-31
RKE,0,0,2012-09-30
RC3,1,1,2013-09-30
RL1,0,0,2014-08-31
RW6,3,3,2015-08-31
RHM,6,6,2017-01-31
RAS,3,3,2018-01-31
RWD,6,6,2012-09-30
RWH,1,1,2013-09-30
RFR,2,2,2014-08-31
RGN,4,4,2015-08-31
RRK,6,6,2017-01-31
RTD,14,14,2018-01-31
RRV,8,8,2012-09-30
RJN,1,1,2013-09-30
RDZ,3,3,2014-08-31
RK9,3,3,2015-08-31
RA7,4,4,2017-01-31
RQW,2,2,2018-01-31
RRK,7,7,2012-09-30
RVV,4,4,2013-09-30
RPY,2,2,2014-08-31
RD3,2,2,2015-08-31
RKB,1,1,2017-01-31
RCX,3,3,2018-01-31
RJE,4,4,2012-09-30
RXR,3,3,2013-09-30
RRJ,0,0,2014-08-31
RHU,1,1,2015-08-31
RWE,5,5,2017-01-31
RL1,0,0,2018-01-31
RM2,0,0,2012-09-30
RXC,6,6,2013-09-30
RL4,1,1,2014-08-31
RPC,0,0,2015-08-31
RTX,2,2,2017-01-31
RFR,2,2,2018-01-31
RHM,6,6,2012-09-30
RVR,1,1,2013-09-30
RET,0,0,2014-08-31
RHW,5,5,2015-08-31
RJE,5,5,2017-01-31
RDZ,2,2,2018-01-31
RA7,6,6,2012-09-30
RDU,2,2,2013-09-30
RKE,2,2,2014-08-31
RT3,0,0,2015-08-31
RBK,6,6,2017-01-31
RPY,3,3,2018-01-31
RKB,5,5,2012-09-30
RR7,2,2,2013-09-30
RWD,5,5,2014-08-31
REF,2,2,2015-08-31
RWW,4,4,2017-01-31
RRJ,0,0,2018-01-31
RWE,8,8,2012-09-30
RLT,0,0,2013-09-30
RRV,11,11,2014-08-31
RH8,0,0,2015-08-31
RWG,0,0,2017-01-31
RL4,3,3,2018-01-31
RTX,3,3,2012-09-30
RTE,9,9,2013-09-30
RJE,10,10,2014-08-31
RAL,3,3,2015-08-31
RGR,0,0,2017-01-31
RET,0,0,2018-01-31
RBK,0,0,2012-09-30
RP4,1,1,2013-09-30
RM2,3,3,2014-08-31
RQ6,6,6,2015-08-31
RYR,2,2,2017-01-31
RKE,0,0,2018-01-31
RWW,1,1,2012-09-30
RN3,3,3,2013-09-30
RHM,1,1,2014-08-31
RAN,1,1,2015-08-31
RA3,1,1,2017-01-31
RA9,1,1,2018-01-31
RWG,4,4,2012-09-30
RJ1,6,6,2013-09-30
RRK,5,5,2014-08-31
RA2,1,1,2015-08-31
RBL,4,4,2017-01-31
RWD,4,4,2018-01-31
RFW,2,2,2012-09-30
RN5,4,4,2013-09-30
RA7,6,6,2014-08-31
RD1,7,7,2015-08-31
RWP,3,3,2017-01-31
RRV,10,10,2018-01-31
RGR,4,4,2012-09-30
RCD,1,1,2013-09-30
RKB,2,2,2014-08-31
RM3,1,1,2015-08-31
RRF,1,1,2017-01-31
RHM,4,4,2018-01-31
RYR,3,3,2012-09-30
RR1,7,7,2013-09-30
RWE,2,2,2014-08-31
RNZ,2,2,2015-08-31
RLQ,3,3,2017-01-31
RRK,12,12,2018-01-31
RA3,3,3,2012-09-30
RD7,0,0,2013-09-30
RTX,4,4,2014-08-31
RXK,3,3,2015-08-31
RA4,2,2,2017-01-31
RA7,2,2,2018-01-31
RBL,3,3,2012-09-30
RQQ,0,0,2013-09-30
RBK,3,3,2014-08-31
RCU,1,1,2015-08-31
RCB,10,10,2017-01-31
RKB,4,4,2018-01-31
RWP,6,6,2012-09-30
RQX,0,0,2013-09-30
RWW,7,7,2014-08-31
RHQ,3,3,2015-08-31
REM,4,4,2017-01-31
RWE,4,4,2018-01-31
RRF,3,3,2012-09-30
RWA,2,2,2013-09-30
RWG,6,6,2014-08-31
RK5,4,4,2015-08-31
RCF,2,2,2017-01-31
RTX,2,2,2018-01-31
RLQ,0,0,2012-09-30
RYJ,5,5,2013-09-30
RFW,0,0,2014-08-31
RXW,4,4,2015-08-31
RBS,0,0,2017-01-31
RJE,4,4,2018-01-31
RA4,0,0,2012-09-30
RGQ,3,3,2013-09-30
RGR,2,2,2014-08-31
RA9,2,2,2015-08-31
RTK,1,1,2017-01-31
RK9,4,4,2018-01-31
RCB,5,5,2012-09-30
R1F,0,0,2013-09-30
RYR,8,8,2014-08-31
RTR,7,7,2015-08-31
RF4,1,1,2017-01-31
RBK,0,0,2018-01-31
REM,7,7,2012-10-31
RGP,3,3,2013-09-30
RA3,2,2,2014-08-31
RE9,4,4,2015-08-31
RFF,0,0,2017-01-31
RWW,3,3,2018-01-31
RCF,2,2,2012-10-31
RNQ,3,3,2013-09-30
RBL,1,1,2014-08-31
RJC,2,2,2015-08-31
R1H,11,11,2017-01-31
RWG,6,6,2018-01-31
RBS,0,0,2012-10-31
RJZ,7,7,2013-09-30
RWP,1,1,2014-08-31
RAJ,2,2,2015-08-31
RDD,3,3,2017-01-31
RGR,1,1,2018-01-31
RTK,1,1,2012-10-31
RAX,2,2,2013-09-30
RRF,0,0,2014-08-31
RVY,2,2,2015-08-31
RC1,0,0,2017-01-31
RYR,6,6,2018-01-31
RF4,6,6,2012-10-31
RXN,4,4,2013-09-30
RLQ,3,3,2014-08-31
RBN,6,6,2015-08-31
RQ3,0,0,2017-01-31
RA3,0,0,2018-01-31
RVL,0,0,2012-10-31
RR8,10,10,2013-09-30
RA4,1,1,2014-08-31
RJ7,2,2,2015-08-31
RXL,3,3,2017-01-31
RBL,2,2,2018-01-31
RFF,0,0,2012-10-31
RJ2,1,1,2013-09-30
RCB,3,3,2014-08-31
RWJ,8,8,2015-08-31
RMC,4,4,2017-01-31
RWP,3,3,2018-01-31
R1H,3,3,2012-10-31
RBQ,0,0,2013-09-30
REM,6,6,2014-09-30
RTP,4,4,2015-08-31
RAE,0,0,2017-01-31
RRF,0,0,2018-01-31
RDD,3,3,2012-10-31
REP,0,0,2013-09-30
RCF,2,2,2014-09-30
RMP,3,3,2015-08-31
RXH,4,4,2017-01-31
RLQ,2,2,2018-01-31
RC1,1,1,2012-10-31
RC9,3,3,2013-09-30
RBS,0,0,2014-09-30
RBA,1,1,2015-08-31
RXQ,5,5,2017-01-31
RA4,0,0,2018-01-31
RQ3,0,0,2012-10-31
RWF,4,4,2013-09-30
RTK,3,3,2014-09-30
RBV,2,2,2015-08-31
RJF,1,1,2017-01-31
RCB,5,5,2018-01-31
RLU,0,0,2012-10-31
RPA,0,0,2013-09-30
RF4,4,4,2014-09-30
REN,0,0,2015-08-31
RWY,2,2,2017-01-31
REM,3,3,2018-02-28
RXL,2,2,2012-10-31
RBT,3,3,2013-09-30
RFF,2,2,2014-09-30
RNA,5,5,2015-08-31
RGT,3,3,2017-01-31
RCF,0,0,2018-02-28
RMC,2,2,2012-10-31
RQ8,2,2,2013-09-30
R1H,6,6,2014-09-30
RAS,0,0,2015-08-31
RQM,1,1,2017-01-31
RBS,0,0,2018-02-28
RAE,6,6,2012-10-31
RJD,3,3,2013-09-30
RDD,2,2,2014-09-30
RTD,10,10,2015-08-31
RFS,1,1,2017-01-31
RTK,0,0,2018-02-28
RXH,2,2,2012-10-31
RXF,5,5,2013-09-30
RC1,2,2,2014-09-30
RQW,2,2,2015-08-31
RLN,3,3,2017-01-31
RF4,1,1,2018-02-28
RXQ,0,0,2012-10-31
RD8,2,2,2013-09-30
RQ3,0,0,2014-09-30
RCX,3,3,2015-08-31
RDE,3,3,2017-01-31
RFF,3,3,2018-02-28
RJF,2,2,2012-10-31
RP6,0,0,2013-09-30
RLU,0,0,2014-09-30
RL1,0,0,2015-08-31
RJR,3,3,2017-01-31
R1H,4,4,2018-02-28
RWY,3,3,2012-10-31
RM1,3,3,2013-09-30
RXL,8,8,2014-09-30
RFR,0,0,2015-08-31
RXP,1,1,2017-01-31
RDD,4,4,2018-02-28
RGT,4,4,2012-10-31
RVJ,5,5,2013-09-30
RMC,0,0,2014-09-30
RDZ,7,7,2015-08-31
RJ6,3,3,2017-01-31
RC1,0,0,2018-02-28
RW3,8,8,2012-10-31
RNL,1,1,2013-09-30
RAE,3,3,2014-09-30
RPY,6,6,2015-08-31
RN7,2,2,2017-01-31
RQ3,0,0,2018-02-28
RQM,3,3,2012-10-31
RAP,0,0,2013-09-30
RXH,3,3,2014-09-30
RRJ,0,0,2015-08-31
RTG,1,1,2017-01-31
RXL,0,0,2018-02-28
RFS,3,3,2012-10-31
RVW,4,4,2013-09-30
RXQ,2,2,2014-09-30
RL4,10,10,2015-08-31
REM,3,3,2017-02-28
RMC,1,1,2018-02-28
RLN,4,4,2012-10-31
RV8,1,1,2013-09-30
RJF,0,0,2014-09-30
RET,0,0,2015-08-31
RCF,0,0,2017-02-28
RAE,0,0,2018-02-28
REN,0,0,2012-10-31
RNS,1,1,2013-09-30
RWY,0,0,2014-09-30
RKE,0,0,2015-08-31
RBS,0,0,2017-02-28
RXH,3,3,2018-02-28
RDE,1,1,2012-10-31
RBZ,0,0,2013-09-30
RGT,2,2,2014-09-30
RWD,5,5,2015-08-31
RTK,1,1,2017-02-28
RXQ,2,2,2018-02-28
RJR,5,5,2012-10-31
RJL,2,2,2013-09-30
RW3,7,7,2014-09-30
RRV,7,7,2015-08-31
RF4,0,0,2017-02-28
RWY,3,3,2018-02-28
RXP,8,8,2012-10-31
RTF,3,3,2013-09-30
RQM,0,0,2014-09-30
RJE,5,5,2015-08-31
RFF,3,3,2017-02-28
RGT,8,8,2018-02-28
RJ6,2,2,2012-10-31
RX1,11,11,2013-09-30
RFS,1,1,2014-09-30
RM2,2,2,2015-08-31
R1H,4,4,2017-02-28
RQM,2,2,2018-02-28
RN7,1,1,2012-10-31
RTH,5,5,2013-09-30
RLN,4,4,2014-09-30
RHM,2,2,2015-08-31
RDD,1,1,2017-02-28
RFS,3,3,2018-02-28
RTG,6,6,2012-10-31
RGM,0,0,2013-09-30
RDE,2,2,2014-09-30
RRK,3,3,2015-08-31
RC1,0,0,2017-02-28
RLN,1,1,2018-02-28
RP5,4,4,2012-10-31
RW6,4,4,2013-09-30
RJR,0,0,2014-09-30
RA7,1,1,2015-08-31
RQ3,0,0,2017-02-28
RJR,3,3,2018-02-28
RBD,2,2,2012-10-31
RGN,3,3,2013-09-30
RXP,1,1,2014-09-30
RKB,3,3,2015-08-31
RXL,3,3,2017-02-28
RXP,2,2,2018-02-28
RC3,4,4,2012-10-31
RK9,1,1,2013-09-30
RJ6,1,1,2014-09-30
RWE,6,6,2015-08-31
RMC,1,1,2017-02-28
RJ6,0,0,2018-02-28
RWH,0,0,2012-10-31
RD3,0,0,2013-09-30
RN7,6,6,2014-09-30
RTX,3,3,2015-08-31
RAE,0,0,2017-02-28
RN7,3,3,2018-02-28
RJN,0,0,2012-10-31
RHU,2,2,2013-09-30
RTG,6,6,2014-09-30
RBK,0,0,2015-08-31
RXH,4,4,2017-02-28
RP5,0,0,2018-02-28
RVV,2,2,2012-10-31
RQW,1,1,2013-09-30
RP5,4,4,2014-09-30
RWW,0,0,2015-08-31
RXQ,5,5,2017-02-28
RBD,0,0,2018-02-28
RXR,6,6,2012-10-31
RPC,0,0,2013-09-30
RBD,1,1,2014-09-30
RWG,2,2,2015-08-31
RJF,1,1,2017-02-28
RWH,4,4,2018-02-28
RXC,6,6,2012-10-31
RHW,1,1,2013-09-30
RWH,1,1,2014-09-30
RGR,0,0,2015-08-31
RWY,2,2,2017-02-28
RJN,0,0,2018-02-28
RVR,8,8,2012-10-31
RT3,1,1,2013-09-30
RJN,3,3,2014-09-30
RYR,3,3,2015-08-31
RGT,5,5,2017-02-28
RVV,5,5,2018-02-28
RDU,2,2,2012-10-31
REF,4,4,2013-09-30
RVV,6,6,2014-09-30
RA3,1,1,2015-08-31
RQM,1,1,2017-02-28
RXR,3,3,2018-02-28
RR7,3,3,2012-10-31
RH8,0,0,2013-09-30
RXR,3,3,2014-09-30
RBL,3,3,2015-08-31
RFS,1,1,2017-02-28
RDE,2,2,2018-02-28
RLT,2,2,2012-10-31
RAL,7,7,2013-09-30
RXC,2,2,2014-09-30
RWP,4,4,2015-08-31
RLN,1,1,2017-02-28
RXC,2,2,2018-02-28
RTE,6,6,2012-10-31
RQ6,3,3,2013-09-30
RVR,6,6,2014-09-30
RRF,1,1,2015-08-31
RDE,1,1,2017-02-28
RVR,5,5,2018-02-28
RP4,1,1,2012-10-31
RBB,0,0,2013-09-30
RDU,8,8,2014-09-30
RLQ,0,0,2015-08-31
RJR,5,5,2017-02-28
RDU,2,2,2018-02-28
RN3,2,2,2012-10-31
RAN,2,2,2013-09-30
RR7,3,3,2014-09-30
RA4,0,0,2015-08-31
RXP,1,1,2017-02-28
RR7,1,1,2018-02-28
RJ1,6,6,2012-10-31
RA2,1,1,2013-09-30
RLT,1,1,2014-09-30
RCB,8,8,2015-08-31
RJ6,0,0,2017-02-28
RLT,2,2,2018-02-28
RN5,2,2,2012-10-31
RD1,2,2,2013-09-30
RTE,3,3,2014-09-30
RR8,12,12,2015-09-30
RN7,1,1,2017-02-28
RTE,4,4,2018-02-28
RCD,0,0,2012-10-31
RM3,0,0,2013-09-30
RP4,2,2,2014-09-30
RJ2,2,2,2015-09-30
RTG,5,5,2017-02-28
RP4,3,3,2018-02-28
RR1,11,11,2012-10-31
RNZ,1,1,2013-09-30
RN3,1,1,2014-09-30
RBQ,2,2,2015-09-30
RP5,1,1,2017-02-28
RN3,3,3,2018-02-28
RD7,1,1,2012-10-31
RXK,4,4,2013-09-30
RJ1,5,5,2014-09-30
REP,0,0,2015-09-30
RBD,0,0,2017-02-28
RJ1,3,3,2018-02-28
RQQ,1,1,2012-10-31
RCU,0,0,2013-09-30
RN5,5,5,2014-09-30
R1K,6,6,2015-09-30
RWH,2,2,2017-02-28
RN5,3,3,2018-02-28
RQX,3,3,2012-10-31
RHQ,10,10,2013-09-30
RCD,2,2,2014-09-30
RC9,1,1,2015-09-30
RJN,0,0,2017-02-28
RCD,1,1,2018-02-28
RWA,9,9,2012-10-31
RK5,4,4,2013-09-30
RR1,7,7,2014-09-30
RWF,3,3,2015-09-30
RVV,5,5,2017-02-28
RQX,1,1,2018-02-28
RYJ,10,10,2012-10-31
RXW,3,3,2013-09-30
RQQ,1,1,2014-09-30
RPA,1,1,2015-09-30
RXR,2,2,2017-02-28
RWA,2,2,2018-02-28
RGQ,4,4,2012-10-31
RA9,0,0,2013-09-30
RQX,1,1,2014-09-30
RBT,1,1,2015-09-30
RXC,3,3,2017-02-28
RYJ,4,4,2018-02-28
R1F,1,1,2012-10-31
RTR,8,8,2013-09-30
RWA,1,1,2014-09-30
RQ8,2,2,2015-09-30
RVR,1,1,2017-02-28
R1F,2,2,2018-02-28
RGP,1,1,2012-10-31
RE9,1,1,2013-09-30
RYJ,4,4,2014-09-30
RXF,2,2,2015-09-30
RDU,2,2,2017-02-28
RGP,1,1,2018-02-28
RNQ,3,3,2012-10-31
RJC,3,3,2013-09-30
RGQ,2,2,2014-09-30
RD8,1,1,2015-09-30
RR7,0,0,2017-02-28
RNQ,1,1,2018-02-28
RJZ,10,10,2012-10-31
RAJ,1,1,2013-09-30
R1F,1,1,2014-09-30
RP6,0,0,2015-09-30
RLT,0,0,2017-02-28
RJZ,7,7,2018-02-28
RAX,4,4,2012-10-31
RVY,4,4,2013-09-30
RGP,2,2,2014-09-30
RM1,5,5,2015-09-30
RTE,0,0,2017-02-28
RAX,3,3,2018-02-28
RXN,9,9,2012-10-31
RBN,2,2,2013-09-30
RNQ,2,2,2014-09-30
RVJ,3,3,2015-09-30
RP4,0,0,2017-02-28
RXN,7,7,2018-02-28
RR8,14,14,2012-10-31
RJ7,1,1,2013-09-30
RJZ,6,6,2014-09-30
RNL,0,0,2015-09-30
RN3,4,4,2017-02-28
RR8,16,16,2018-02-28
RJ2,5,5,2012-10-31
RWJ,3,3,2013-09-30
RAX,1,1,2014-09-30
RAP,3,3,2015-09-30
RJ1,1,1,2017-02-28
RJ2,2,2,2018-02-28
RBQ,4,4,2012-10-31
RTP,4,4,2013-09-30
RXN,8,8,2014-09-30
RVW,3,3,2015-09-30
RN5,0,0,2017-02-28
RBQ,0,0,2018-02-28
REP,0,0,2012-10-31
RMP,2,2,2013-09-30
RR8,7,7,2014-09-30
RNS,1,1,2015-09-30
RCD,1,1,2017-02-28
REP,0,0,2018-02-28
RC9,4,4,2012-10-31
RBA,3,3,2013-09-30
RJ2,7,7,2014-09-30
RBZ,2,2,2015-09-30
RR1,3,3,2017-02-28
R1K,2,2,2018-02-28
RWF,9,9,2012-10-31
RBV,2,2,2013-09-30
RBQ,1,1,2014-09-30
RJL,2,2,2015-09-30
RQX,0,0,2017-02-28
RC9,0,0,2018-02-28
RPA,1,1,2012-10-31
RNA,6,6,2013-09-30
REP,0,0,2014-09-30
RTF,5,5,2015-09-30
RWA,5,5,2017-02-28
RWF,0,0,2018-02-28
RBT,2,2,2012-10-31
RAS,1,1,2013-09-30
R1K,1,1,2014-09-30
RX1,4,4,2015-09-30
RYJ,2,2,2017-02-28
R0A,12,12,2018-02-28
RQ8,0,0,2012-10-31
RTD,7,7,2013-09-30
RC9,1,1,2014-09-30
RTH,4,4,2015-09-30
RGQ,1,1,2017-02-28
RPA,2,2,2018-02-28
RJD,9,9,2012-10-31
RCX,2,2,2013-09-30
RWF,0,0,2014-09-30
RGM,0,0,2015-09-30
R1F,1,1,2017-02-28
RBT,0,0,2018-02-28
RXF,5,5,2012-10-31
RL1,0,0,2013-09-30
RPA,2,2,2014-09-30
RW6,7,7,2015-09-30
RGP,1,1,2017-02-28
RQ8,3,3,2018-02-28
RD8,2,2,2012-10-31
RFR,7,7,2013-09-30
RBT,2,2,2014-09-30
RGN,3,3,2015-09-30
RNQ,1,1,2017-02-28
RXF,2,2,2018-02-28
RP6,0,0,2012-10-31
RDZ,2,2,2013-09-30
RQ8,1,1,2014-09-30
RK9,2,2,2015-09-30
RJZ,3,3,2017-02-28
RD8,2,2,2018-02-28
RM1,1,1,2012-10-31
RPY,1,1,2013-09-30
RXF,3,3,2014-09-30
RD3,1,1,2015-09-30
RAX,1,1,2017-02-28
RP6,0,0,2018-02-28
RVJ,6,6,2012-10-31
RRJ,0,0,2013-09-30
RD8,1,1,2014-09-30
RHU,1,1,2015-09-30
RXN,6,6,2017-02-28
RM1,3,3,2018-02-28
RNL,4,4,2012-10-31
RL4,3,3,2013-09-30
RP6,0,0,2014-09-30
RPC,0,0,2015-09-30
RR8,10,10,2017-02-28
RVJ,4,4,2018-02-28
RAP,2,2,2012-10-31
RET,1,1,2013-09-30
RM1,3,3,2014-09-30
RHW,4,4,2015-09-30
RJ2,2,2,2017-02-28
RNL,1,1,2018-02-28
RVW,3,3,2012-10-31
RKE,0,0,2013-09-30
RVJ,2,2,2014-09-30
RT3,1,1,2015-09-30
RBQ,0,0,2017-02-28
RAP,8,8,2018-02-28
RV8,3,3,2012-10-31
RWD,7,7,2013-09-30
RNL,5,5,2014-09-30
REF,0,0,2015-09-30
REP,0,0,2017-02-28
RVW,2,2,2018-02-28
RNS,1,1,2012-10-31
RRV,5,5,2013-09-30
RAP,2,2,2014-09-30
RH8,1,1,2015-09-30
R1K,4,4,2017-02-28
RGN,6,6,2018-02-28
RBZ,0,0,2012-10-31
RRK,5,5,2013-09-30
RVW,1,1,2014-09-30
RAL,7,7,2015-09-30
RC9,0,0,2017-02-28
RNS,0,0,2018-02-28
RJL,3,3,2012-10-31
RJE,4,4,2013-09-30
RNS,1,1,2014-09-30
RQ6,1,1,2015-09-30
RWF,0,0,2017-02-28
RBZ,0,0,2018-02-28
RTF,6,6,2012-10-31
RM2,4,4,2013-09-30
RBZ,1,1,2014-09-30
RAN,0,0,2015-09-30
R0A,5,5,2017-02-28
RJL,5,5,2018-02-28
RX1,10,10,2012-10-31
RHM,3,3,2013-09-30
RJL,0,0,2014-09-30
RA2,2,2,2015-09-30
RPA,2,2,2017-02-28
RTF,2,2,2018-02-28
RTH,3,3,2012-10-31
RA7,5,5,2013-09-30
RTF,1,1,2014-09-30
RD1,6,6,2015-09-30
RBT,0,0,2017-02-28
RX1,7,7,2018-02-28
RGM,0,0,2012-10-31
RKB,2,2,2013-09-30
RX1,6,6,2014-09-30
RM3,1,1,2015-09-30
RQ8,3,3,2017-02-28
RTH,12,12,2018-02-28
RW6,4,4,2012-10-31
RWE,9,9,2013-09-30
RTH,6,6,2014-09-30
RNZ,2,2,2015-09-30
RXF,5,5,2017-02-28
RW6,2,2,2018-02-28
RGN,5,5,2012-10-31
RTX,4,4,2013-09-30
RGM,1,1,2014-09-30
RXK,1,1,2015-09-30
RD8,1,1,2017-02-28
RD3,0,0,2018-02-28
RK9,4,4,2012-10-31
RBK,5,5,2013-09-30
RW6,5,5,2014-09-30
RCU,1,1,2015-09-30
RP6,0,0,2017-02-28
RHU,3,3,2018-02-28
RD3,1,1,2012-10-31
RWW,1,1,2013-09-30
RGN,4,4,2014-09-30
RHQ,4,4,2015-09-30
RM1,2,2,2017-02-28
RPC,0,0,2018-02-28
RHU,1,1,2012-10-31
RWG,3,3,2013-09-30
RK9,1,1,2014-09-30
RK5,1,1,2015-09-30
RVJ,4,4,2017-02-28
RHW,1,1,2018-02-28
RQW,4,4,2012-10-31
RFW,3,3,2013-09-30
RD3,2,2,2014-09-30
RXW,4,4,2015-09-30
RNL,2,2,2017-02-28
RT3,2,2,2018-02-28
RPC,0,0,2012-10-31
RGR,3,3,2013-09-30
RHU,1,1,2014-09-30
RA9,3,3,2015-09-30
RAP,0,0,2017-02-28
REF,2,2,2018-02-28
RHW,1,1,2012-10-31
RYR,3,3,2013-09-30
RPC,0,0,2014-09-30
RTR,3,3,2015-09-30
RVW,2,2,2017-02-28
RH8,1,1,2018-02-28
RT3,0,0,2012-10-31
RA3,1,1,2013-09-30
RHW,2,2,2014-09-30
RE9,2,2,2015-09-30
RGN,2,2,2017-02-28
RAL,8,8,2018-02-28
REF,4,4,2012-10-31
RBL,1,1,2013-09-30
RT3,2,2,2014-09-30
RJC,0,0,2015-09-30
RNS,1,1,2017-02-28
RQ6,6,6,2018-02-28
RH8,4,4,2012-10-31
RWP,2,2,2013-09-30
REF,2,2,2014-09-30
RAJ,2,2,2015-09-30
RBZ,0,0,2017-02-28
RAN,0,0,2018-02-28
RAL,3,3,2012-10-31
RRF,6,6,2013-09-30
RH8,5,5,2014-09-30
RVY,5,5,2015-09-30
RJL,4,4,2017-02-28
RGM,1,1,2018-02-28
RQ6,5,5,2012-10-31
RLQ,0,0,2013-09-30
RAL,9,9,2014-09-30
RBN,3,3,2015-09-30
RTF,2,2,2017-02-28
RA2,3,3,2018-02-28
RBB,0,0,2012-10-31
RA4,1,1,2013-09-30
RQ6,4,4,2014-09-30
RJ7,5,5,2015-09-30
RX1,3,3,2017-02-28
RD1,2,2,2018-02-28
RAN,0,0,2012-10-31
RCB,2,2,2013-09-30
RAN,2,2,2014-09-30
RWJ,6,6,2015-09-30
RTH,4,4,2017-02-28
RM3,3,3,2018-02-28
RA2,2,2,2012-10-31
REM,10,10,2013-09-30
RA2,1,1,2014-09-30
RTP,2,2,2015-09-30
RW6,4,4,2017-02-28
RNZ,2,2,2018-02-28
RD1,4,4,2012-10-31
REM,5,5,2013-10-31
RD1,1,1,2014-09-30
RMP,3,3,2015-09-30
RK9,6,6,2017-02-28
RXK,4,4,2018-02-28
RL4,5,5,2012-10-31
RCF,1,1,2013-10-31
RM3,4,4,2014-09-30
RBA,0,0,2015-09-30
RD3,1,1,2017-02-28
RCU,0,0,2018-02-28
RM3,6,6,2012-10-31
RBS,1,1,2013-10-31
RNZ,0,0,2014-09-30
RBV,1,1,2015-09-30
RHU,2,2,2017-02-28
RHQ,7,7,2018-02-28
RNZ,4,4,2012-10-31
RTK,0,0,2013-10-31
RXK,4,4,2014-09-30
REN,0,0,2015-09-30
RPC,0,0,2017-02-28
RK5,3,3,2018-02-28
RXK,5,5,2012-10-31
RF4,3,3,2013-10-31
RCU,0,0,2014-09-30
RNA,5,5,2015-09-30
RHW,1,1,2017-02-28
RXW,2,2,2018-02-28
RCU,1,1,2012-10-31
RFF,0,0,2013-10-31
RHQ,12,12,2014-09-30
RAS,2,2,2015-09-30
RT3,1,1,2017-02-28
RTR,1,1,2018-02-28
RHQ,8,8,2012-10-31
R1H,4,4,2013-10-31
RK5,7,7,2014-09-30
RTD,7,7,2015-09-30
REF,1,1,2017-02-28
RE9,1,1,2018-02-28
RK5,3,3,2012-10-31
RDD,0,0,2013-10-31
RXW,1,1,2014-09-30
RQW,2,2,2015-09-30
RH8,1,1,2017-02-28
RJC,2,2,2018-02-28
RXW,6,6,2012-10-31
RC1,0,0,2013-10-31
RA9,1,1,2014-09-30
RCX,0,0,2015-09-30
RAL,6,6,2017-02-28
RAJ,3,3,2018-02-28
RA9,3,3,2012-10-31
RQ3,0,0,2013-10-31
RTR,4,4,2014-09-30
RL1,0,0,2015-09-30
RQ6,6,6,2017-02-28
RVY,3,3,2018-02-28
RTR,2,2,2012-10-31
RLU,0,0,2013-10-31
RE9,0,0,2014-09-30
RFR,4,4,2015-09-30
RAN,0,0,2017-02-28
RJ7,1,1,2018-02-28
RE9,1,1,2012-10-31
RXL,4,4,2013-10-31
RJC,2,2,2014-09-30
RDZ,3,3,2015-09-30
RGM,0,0,2017-02-28
RBN,2,2,2018-02-28
RJC,5,5,2012-10-31
RMC,2,2,2013-10-31
RAJ,2,2,2014-09-30
RPY,4,4,2015-09-30
RA2,3,3,2017-02-28
RWJ,3,3,2018-02-28
RAJ,0,0,2012-10-31
RAE,4,4,2013-10-31
RVY,3,3,2014-09-30
RRJ,0,0,2015-09-30
RD1,4,4,2017-02-28
RTP,1,1,2018-02-28
RVY,1,1,2012-10-31
RXH,2,2,2013-10-31
RBN,7,7,2014-09-30
RL4,6,6,2015-09-30
RM3,0,0,2017-02-28
RMP,0,0,2018-02-28
RBN,1,1,2012-10-31
RXQ,2,2,2013-10-31
RJ7,3,3,2014-09-30
RET,0,0,2015-09-30
RNZ,0,0,2017-02-28
RBA,0,0,2018-02-28
RJ7,6,6,2012-10-31
RJF,3,3,2013-10-31
RWJ,3,3,2014-09-30
RKE,1,1,2015-09-30
RXK,1,1,2017-02-28
RBV,0,0,2018-02-28
RWJ,3,3,2012-10-31
RWY,0,0,2013-10-31
RTP,0,0,2014-09-30
RWD,7,7,2015-09-30
RCU,1,1,2017-02-28
REN,0,0,2018-02-28
RTP,2,2,2012-10-31
RGT,2,2,2013-10-31
RMP,4,4,2014-09-30
RRV,7,7,2015-09-30
RHQ,11,11,2017-02-28
RNA,0,0,2018-02-28
RMP,1,1,2012-10-31
RW3,5,5,2013-10-31
RBA,0,0,2014-09-30
RJE,11,11,2015-09-30
RK5,2,2,2017-02-28
RAS,3,3,2018-02-28
RBA,6,6,2012-10-31
RQM,3,3,2013-10-31
RBV,0,0,2014-09-30
RM2,3,3,2015-09-30
RXW,1,1,2017-02-28
RTD,7,7,2018-02-28
RBV,2,2,2012-10-31
RFS,2,2,2013-10-31
REN,0,0,2014-09-30
RHM,4,4,2015-09-30
RTR,5,5,2017-02-28
RQW,0,0,2018-02-28
RNA,7,7,2012-10-31
RLN,3,3,2013-10-31
RNA,0,0,2014-09-30
RRK,5,5,2015-09-30
RE9,1,1,2017-02-28
RCX,5,5,2018-02-28
RAS,2,2,2012-10-31
REN,0,0,2013-10-31
RAS,0,0,2014-09-30
RA7,2,2,2015-09-30
RJC,1,1,2017-02-28
RL1,0,0,2018-02-28
RTD,7,7,2012-10-31
RDE,2,2,2013-10-31
RTD,7,7,2014-09-30
RKB,2,2,2015-09-30
RAJ,5,5,2017-02-28
RFR,1,1,2018-02-28
RCX,2,2,2012-10-31
RJR,5,5,2013-10-31
RQW,1,1,2014-09-30
RWE,6,6,2015-09-30
RVY,1,1,2017-02-28
RDZ,1,1,2018-02-28
RL1,0,0,2012-10-31
RXP,3,3,2013-10-31
RCX,6,6,2014-09-30
RTX,5,5,2015-09-30
RJ7,4,4,2017-02-28
RPY,5,5,2018-02-28
RFR,1,1,2012-10-31
RJ6,0,0,2013-10-31
RL1,0,0,2014-09-30
RBK,1,1,2015-09-30
RBN,1,1,2017-02-28
RRJ,0,0,2018-02-28
RDZ,5,5,2012-10-31
RN7,2,2,2013-10-31
RFR,1,1,2014-09-30
RWW,4,4,2015-09-30
RWJ,5,5,2017-02-28
RL4,0,0,2018-02-28
RPY,0,0,2012-10-31
RTG,9,9,2013-10-31
RDZ,1,1,2014-09-30
RWG,3,3,2015-09-30
RTP,5,5,2017-02-28
RET,0,0,2018-02-28
RRJ,0,0,2012-10-31
RP5,1,1,2013-10-31
RPY,4,4,2014-09-30
RGR,0,0,2015-09-30
RMP,2,2,2017-02-28
RKE,1,1,2018-02-28
RET,0,0,2012-10-31
RBD,0,0,2013-10-31
RRJ,0,0,2014-09-30
RYR,5,5,2015-09-30
RBA,0,0,2017-02-28
RA9,1,1,2018-02-28
RKE,1,1,2012-10-31
RC3,1,1,2013-10-31
RL4,7,7,2014-09-30
RA3,1,1,2015-09-30
RBV,2,2,2017-02-28
RWD,2,2,2018-02-28
RWD,8,8,2012-10-31
RWH,1,1,2013-10-31
RET,1,1,2014-09-30
RBL,3,3,2015-09-30
REN,0,0,2017-02-28
RRV,8,8,2018-02-28
RRV,6,6,2012-10-31
RJN,2,2,2013-10-31
RKE,1,1,2014-09-30
RWP,2,2,2015-09-30
RNA,3,3,2017-02-28
RHM,2,2,2018-02-28
RRK,8,8,2012-10-31
RVV,7,7,2013-10-31
RWD,10,10,2014-09-30
RRF,3,3,2015-09-30
RAS,0,0,2017-02-28
RRK,14,14,2018-02-28
RJE,2,2,2012-10-31
RXR,0,0,2013-10-31
RRV,13,13,2014-09-30
RLQ,1,1,2015-09-30
RTD,5,5,2017-02-28
RA7,6,6,2018-02-28
RM2,4,4,2012-10-31
RXC,4,4,2013-10-31
RJE,9,9,2014-09-30
RA4,3,3,2015-09-30
RQW,2,2,2017-02-28
RKB,3,3,2018-02-28
RHM,4,4,2012-10-31
RVR,8,8,2013-10-31
RM2,3,3,2014-09-30
RCB,3,3,2015-09-30
RCX,2,2,2017-02-28
RTG,3,3,2018-02-28
RA7,3,3,2012-10-31
RDU,1,1,2013-10-31
RHM,6,6,2014-09-30
REM,8,8,2015-09-30
RL1,0,0,2017-02-28
RWE,5,5,2018-02-28
RKB,6,6,2012-10-31
RR7,6,6,2013-10-31
RRK,7,7,2014-09-30
RCF,1,1,2015-09-30
RFR,1,1,2017-02-28
RTX,1,1,2018-02-28
RWE,13,13,2012-10-31
RLT,0,0,2013-10-31
RA7,8,8,2014-09-30
RBS,0,0,2015-09-30
RDZ,0,0,2017-02-28
RJE,3,3,2018-02-28
RTX,4,4,2012-10-31
RTE,3,3,2013-10-31
RKB,1,1,2014-09-30
RTK,1,1,2015-09-30
RPY,1,1,2017-02-28
RK9,4,4,2018-02-28
RBK,1,1,2012-10-31
RP4,0,0,2013-10-31
RWE,5,5,2014-09-30
RF4,4,4,2015-09-30
RRJ,0,0,2017-02-28
RBK,0,0,2018-02-28
RWW,1,1,2012-10-31
RN3,0,0,2013-10-31
RTX,4,4,2014-09-30
RFF,2,2,2015-09-30
RL4,1,1,2017-02-28
RWW,2,2,2018-02-28
RWG,8,8,2012-10-31
RJ1,6,6,2013-10-31
RBK,0,0,2014-09-30
R1H,6,6,2015-09-30
RET,1,1,2017-02-28
RWG,6,6,2018-02-28
RFW,2,2,2012-10-31
RN5,0,0,2013-10-31
RWW,1,1,2014-09-30
RDD,4,4,2015-09-30
RKE,0,0,2017-02-28
RGR,0,0,2018-02-28
RGR,4,4,2012-10-31
RCD,1,1,2013-10-31
RWG,4,4,2014-09-30
RC1,8,8,2015-09-30
RA9,2,2,2017-02-28
RYR,3,3,2018-02-28
RYR,10,10,2012-10-31
RR1,11,11,2013-10-31
RFW,0,0,2014-09-30
RQ3,0,0,2015-09-30
RWD,5,5,2017-02-28
RA3,2,2,2018-02-28
RA3,1,1,2012-10-31
RD7,2,2,2013-10-31
RGR,2,2,2014-09-30
RLU,0,0,2015-09-30
RRV,8,8,2017-02-28
RBL,5,5,2018-02-28
RBL,2,2,2012-10-31
RQQ,0,0,2013-10-31
RYR,3,3,2014-09-30
RXL,7,7,2015-09-30
RHM,3,3,2017-02-28
RWP,1,1,2018-02-28
RWP,11,11,2012-10-31
RQX,0,0,2013-10-31
RA3,3,3,2014-09-30
RMC,1,1,2015-09-30
RRK,9,9,2017-02-28
RRF,1,1,2018-02-28
RRF,4,4,2012-10-31
RWA,8,8,2013-10-31
RBL,4,4,2014-09-30
RAE,2,2,2015-09-30
RA7,0,0,2017-02-28
RLQ,5,5,2018-02-28
RLQ,1,1,2012-10-31
RYJ,4,4,2013-10-31
RWP,3,3,2014-09-30
RXH,5,5,2015-09-30
RKB,1,1,2017-02-28
RA4,0,0,2018-02-28
RA4,2,2,2012-10-31
RGQ,4,4,2013-10-31
RRF,2,2,2014-09-30
RXQ,3,3,2015-09-30
RWE,7,7,2017-02-28
RCB,4,4,2018-02-28
RCB,3,3,2012-10-31
R1F,1,1,2013-10-31
RLQ,2,2,2014-09-30
RJF,2,2,2015-09-30
RTX,5,5,2017-02-28
REM,6,6,2012-11-30
RGP,3,3,2013-10-31
RA4,1,1,2014-09-30
RWY,3,3,2015-09-30
RJE,8,8,2017-02-28
RCF,3,3,2012-11-30
RNQ,3,3,2013-10-31
RCB,6,6,2014-09-30
RGT,5,5,2015-09-30
RBK,0,0,2017-02-28
RBS,0,0,2012-11-30
RJZ,10,10,2013-10-31
REM,5,5,2014-10-31
RW3,5,5,2015-09-30
RWW,2,2,2017-02-28
RTK,0,0,2012-11-30
RAX,3,3,2013-10-31
RCF,0,0,2014-10-31
RQM,0,0,2015-09-30
RWG,4,4,2017-02-28
RF4,6,6,2012-11-30
RXN,5,5,2013-10-31
RBS,0,0,2014-10-31
RFS,1,1,2015-09-30
RGR,0,0,2017-02-28
RVL,3,3,2012-11-30
RR8,14,14,2013-10-31
RTK,2,2,2014-10-31
RLN,7,7,2015-09-30
RYR,4,4,2017-02-28
RFF,2,2,2012-11-30
RJ2,6,6,2013-10-31
RF4,3,3,2014-10-31
RDE,1,1,2015-09-30
RA3,2,2,2017-02-28
R1H,9,9,2012-11-30
RBQ,0,0,2013-10-31
RFF,3,3,2014-10-31
RJR,8,8,2015-09-30
RBL,3,3,2017-02-28
RDD,1,1,2012-11-30
REP,0,0,2013-10-31
R1H,7,7,2014-10-31
RXP,0,0,2015-09-30
RWP,3,3,2017-02-28
RC1,0,0,2012-11-30
RC9,1,1,2013-10-31
RDD,3,3,2014-10-31
RJ6,1,1,2015-09-30
RRF,0,0,2017-02-28
RQ3,0,0,2012-11-30
RWF,1,1,2013-10-31
RC1,2,2,2014-10-31
RN7,2,2,2015-09-30
RLQ,0,0,2017-02-28
RLU,0,0,2012-11-30
RPA,1,1,2013-10-31
RQ3,0,0,2014-10-31
RTG,7,7,2015-09-30
RA4,1,1,2017-02-28
RXL,0,0,2012-11-30
RBT,3,3,2013-10-31
RLU,0,0,2014-10-31
RP5,3,3,2015-09-30
RCB,5,5,2017-02-28
RMC,3,3,2012-11-30
RQ8,1,1,2013-10-31
RXL,3,3,2014-10-31
RBD,0,0,2015-09-30
REM,3,3,2017-03-31
RAE,5,5,2012-11-30
RJD,3,3,2013-10-31
RMC,0,0,2014-10-31
RWH,0,0,2015-09-30
RCF,0,0,2017-03-31
RXH,2,2,2012-11-30
RXF,3,3,2013-10-31
RAE,4,4,2014-10-31
RJN,3,3,2015-09-30
RBS,0,0,2017-03-31
RXQ,3,3,2012-11-30
RD8,4,4,2013-10-31
RXH,4,4,2014-10-31
RVV,4,4,2015-09-30
RTK,5,5,2017-03-31
RJF,1,1,2012-11-30
RP6,0,0,2013-10-31
RXQ,5,5,2014-10-31
RXR,4,4,2015-09-30
RF4,2,2,2017-03-31
RWY,0,0,2012-11-30
RM1,6,6,2013-10-31
RJF,1,1,2014-10-31
RXC,6,6,2015-09-30
RFF,0,0,2017-03-31
RGT,9,9,2012-11-30
RVJ,10,10,2013-10-31
RWY,2,2,2014-10-31
RVR,4,4,2015-09-30
R1H,10,10,2017-03-31
RW3,11,11,2012-11-30
RNL,3,3,2013-10-31
RGT,6,6,2014-10-31
RDU,6,6,2015-09-30
RDD,1,1,2017-03-31
RQM,0,0,2012-11-30
RAP,2,2,2013-10-31
RW3,2,2,2014-10-31
RR7,3,3,2015-09-30
RC1,0,0,2017-03-31
RFS,3,3,2012-11-30
RVW,5,5,2013-10-31
RQM,0,0,2014-10-31
RLT,0,0,2015-09-30
RQ3,0,0,2017-03-31
RLN,8,8,2012-11-30
RV8,2,2,2013-10-31
RFS,5,5,2014-10-31
RTE,2,2,2015-09-30
RXL,5,5,2017-03-31
REN,0,0,2012-11-30
RNS,2,2,2013-10-31
RLN,4,4,2014-10-31
RP4,0,0,2015-09-30
RMC,3,3,2017-03-31
RDE,5,5,2012-11-30
RBZ,2,2,2013-10-31
RDE,2,2,2014-10-31
RN3,1,1,2015-09-30
RAE,2,2,2017-03-31
RJR,5,5,2012-11-30
RJL,1,1,2013-10-31
RJR,1,1,2014-10-31
RJ1,7,7,2015-09-30
RXH,3,3,2017-03-31
RXP,6,6,2012-11-30
RTF,4,4,2013-10-31
RXP,3,3,2014-10-31
RN5,2,2,2015-09-30
RXQ,6,6,2017-03-31
RJ6,1,1,2012-11-30
RX1,8,8,2013-10-31
RJ6,1,1,2014-10-31
RCD,5,5,2015-09-30
RJF,1,1,2017-03-31
RN7,1,1,2012-11-30
RTH,6,6,2013-10-31
RN7,2,2,2014-10-31
RR1,5,5,2015-09-30
RWY,5,5,2017-03-31
RTG,6,6,2012-11-30
RGM,1,1,2013-10-31
RTG,5,5,2014-10-31
RQQ,1,1,2015-09-30
RGT,2,2,2017-03-31
RP5,6,6,2012-11-30
RW6,4,4,2013-10-31
RP5,4,4,2014-10-31
RQX,2,2,2015-09-30
RQM,1,1,2017-03-31
RBD,2,2,2012-11-30
RGN,4,4,2013-10-31
RBD,1,1,2014-10-31
RWA,7,7,2015-09-30
RFS,1,1,2017-03-31
RC3,0,0,2012-11-30
RK9,3,3,2013-10-31
RWH,2,2,2014-10-31
RYJ,4,4,2015-09-30
RLN,0,0,2017-03-31
RWH,1,1,2012-11-30
RD3,0,0,2013-10-31
RJN,2,2,2014-10-31
RGQ,0,0,2015-09-30
RDE,2,2,2017-03-31
RJN,2,2,2012-11-30
RHU,1,1,2013-10-31
RVV,4,4,2014-10-31
R1F,0,0,2015-09-30
RJR,1,1,2017-03-31
RVV,3,3,2012-11-30
RQW,1,1,2013-10-31
RXR,0,0,2014-10-31
RGP,4,4,2015-09-30
RXP,0,0,2017-03-31
RXR,2,2,2012-11-30
RPC,0,0,2013-10-31
RXC,7,7,2014-10-31
RNQ,2,2,2015-09-30
RJ6,1,1,2017-03-31
RXC,8,8,2012-11-30
RHW,4,4,2013-10-31
RVR,3,3,2014-10-31
RJZ,8,8,2015-09-30
RN7,2,2,2017-03-31
RVR,5,5,2012-11-30
RT3,1,1,2013-10-31
RDU,3,3,2014-10-31
RAX,4,4,2015-09-30
RTG,5,5,2017-03-31
RDU,1,1,2012-11-30
REF,4,4,2013-10-31
RR7,3,3,2014-10-31
RXN,8,8,2015-09-30
RP5,1,1,2017-03-31
RR7,6,6,2012-11-30
RH8,1,1,2013-10-31
RLT,1,1,2014-10-31
REM,3,3,2015-10-31
RBD,0,0,2017-03-31
RLT,2,2,2012-11-30
RAL,5,5,2013-10-31
RTE,2,2,2014-10-31
RCF,2,2,2015-10-31
RWH,4,4,2017-03-31
RTE,4,4,2012-11-30
RQ6,3,3,2013-10-31
RP4,1,1,2014-10-31
RBS,0,0,2015-10-31
RJN,0,0,2017-03-31
RP4,0,0,2012-11-30
RBB,0,0,2013-10-31
RN3,1,1,2014-10-31
RTK,2,2,2015-10-31
RVV,8,8,2017-03-31
RN3,2,2,2012-11-30
RAN,0,0,2013-10-31
RJ1,2,2,2014-10-31
RF4,2,2,2015-10-31
RXR,0,0,2017-03-31
RJ1,1,1,2012-11-30
RA2,0,0,2013-10-31
RN5,1,1,2014-10-31
RFF,0,0,2015-10-31
RXC,4,4,2017-03-31
RN5,2,2,2012-11-30
RD1,1,1,2013-10-31
RCD,0,0,2014-10-31
R1H,7,7,2015-10-31
RVR,2,2,2017-03-31
RCD,2,2,2012-11-30
RM3,1,1,2013-10-31
RR1,6,6,2014-10-31
RDD,3,3,2015-10-31
RDU,2,2,2017-03-31
RR1,6,6,2012-11-30
RNZ,2,2,2013-10-31
RQQ,3,3,2014-10-31
RC1,1,1,2015-10-31
RR7,1,1,2017-03-31
RD7,2,2,2012-11-30
RXK,3,3,2013-10-31
RQX,1,1,2014-10-31
RQ3,1,1,2015-10-31
RLT,0,0,2017-03-31
RQQ,1,1,2012-11-30
RCU,1,1,2013-10-31
RWA,10,10,2014-10-31
RLU,0,0,2015-10-31
RTE,8,8,2017-03-31
RQX,3,3,2012-11-30
RHQ,8,8,2013-10-31
RYJ,8,8,2014-10-31
RXL,7,7,2015-10-31
RP4,0,0,2017-03-31
RWA,6,6,2012-11-30
RK5,5,5,2013-10-31
RGQ,4,4,2014-10-31
RMC,6,6,2015-10-31
RN3,1,1,2017-03-31
RYJ,6,6,2012-11-30
RXW,4,4,2013-10-31
R1F,0,0,2014-10-31
RAE,2,2,2015-10-31
RJ1,4,4,2017-03-31
RGQ,3,3,2012-11-30
RA9,2,2,2013-10-31
RGP,3,3,2014-10-31
RXH,7,7,2015-10-31
RN5,2,2,2017-03-31
R1F,0,0,2012-11-30
RTR,3,3,2013-10-31
RNQ,2,2,2014-10-31
RXQ,2,2,2015-10-31
RCD,0,0,2017-03-31
RGP,0,0,2012-11-30
RE9,3,3,2013-10-31
RJZ,3,3,2014-10-31
RJF,3,3,2015-10-31
RR1,7,7,2017-03-31
RNQ,1,1,2012-11-30
RJC,1,1,2013-10-31
RAX,2,2,2014-10-31
RWY,4,4,2015-10-31
RQX,0,0,2017-03-31
RJZ,6,6,2012-11-30
RAJ,2,2,2013-10-31
RXN,7,7,2014-10-31
RGT,4,4,2015-10-31
RWA,3,3,2017-03-31
RAX,3,3,2012-11-30
RVY,3,3,2013-10-31
RR8,12,12,2014-10-31
RW3,7,7,2015-10-31
RYJ,6,6,2017-03-31
RXN,4,4,2012-11-30
RBN,1,1,2013-10-31
RJ2,4,4,2014-10-31
RQM,2,2,2015-10-31
RGQ,4,4,2017-03-31
RR8,15,15,2012-11-30
RJ7,0,0,2013-10-31
RBQ,1,1,2014-10-31
RFS,3,3,2015-10-31
R1F,1,1,2017-03-31
RJ2,1,1,2012-11-30
RWJ,0,0,2013-10-31
REP,0,0,2014-10-31
RLN,0,0,2015-10-31
RGP,1,1,2017-03-31
RBQ,1,1,2012-11-30
RTP,3,3,2013-10-31
R1K,5,5,2014-10-31
RDE,1,1,2015-10-31
RNQ,5,5,2017-03-31
REP,0,0,2012-11-30
RMP,4,4,2013-10-31
RC9,2,2,2014-10-31
RJR,1,1,2015-10-31
RJZ,3,3,2017-03-31
RC9,1,1,2012-11-30
RBA,0,0,2013-10-31
RWF,1,1,2014-10-31
RXP,1,1,2015-10-31
RAX,1,1,2017-03-31
RWF,2,2,2012-11-30
RBV,0,0,2013-10-31
RPA,2,2,2014-10-31
RJ6,1,1,2015-10-31
RXN,3,3,2017-03-31
RPA,0,0,2012-11-30
RNA,5,5,2013-10-31
RBT,3,3,2014-10-31
RN7,1,1,2015-10-31
RR8,9,9,2017-03-31
RBT,3,3,2012-11-30
RAS,2,2,2013-10-31
RQ8,1,1,2014-10-31
RTG,7,7,2015-10-31
RJ2,2,2,2017-03-31
RQ8,3,3,2012-11-30
RTD,7,7,2013-10-31
RXF,2,2,2014-10-31
RP5,6,6,2015-10-31
RBQ,0,0,2017-03-31
RJD,2,2,2012-11-30
RCX,0,0,2013-10-31
RD8,6,6,2014-10-31
RBD,2,2,2015-10-31
REP,0,0,2017-03-31
RXF,1,1,2012-11-30
RL1,0,0,2013-10-31
RP6,0,0,2014-10-31
RWH,2,2,2015-10-31
R1K,6,6,2017-03-31
RD8,4,4,2012-11-30
RFR,3,3,2013-10-31
RM1,6,6,2014-10-31
RJN,4,4,2015-10-31
RC9,0,0,2017-03-31
RP6,0,0,2012-11-30
RDZ,2,2,2013-10-31
RVJ,4,4,2014-10-31
RVV,3,3,2015-10-31
RWF,3,3,2017-03-31
RM1,1,1,2012-11-30
RPY,2,2,2013-10-31
RNL,1,1,2014-10-31
RXR,4,4,2015-10-31
R0A,12,12,2017-03-31
RVJ,5,5,2012-11-30
RRJ,0,0,2013-10-31
RAP,1,1,2014-10-31
RXC,3,3,2015-10-31
RPA,0,0,2017-03-31
RNL,8,8,2012-11-30
RL4,3,3,2013-10-31
RVW,2,2,2014-10-31
RVR,1,1,2015-10-31
RBT,0,0,2017-03-31
RAP,1,1,2012-11-30
RET,0,0,2013-10-31
RNS,3,3,2014-10-31
RDU,6,6,2015-10-31
RQ8,5,5,2017-03-31
RVW,6,6,2012-11-30
RKE,3,3,2013-10-31
RBZ,0,0,2014-10-31
RR7,3,3,2015-10-31
RXF,6,6,2017-03-31
RV8,5,5,2012-11-30
RWD,3,3,2013-10-31
RJL,1,1,2014-10-31
RLT,0,0,2015-10-31
RD8,0,0,2017-03-31
RNS,2,2,2012-11-30
RRV,8,8,2013-10-31
RTF,2,2,2014-10-31
RTE,3,3,2015-10-31
RP6,0,0,2017-03-31
RBZ,2,2,2012-11-30
RRK,11,11,2013-10-31
RX1,9,9,2014-10-31
RP4,0,0,2015-10-31
RM1,3,3,2017-03-31
RJL,1,1,2012-11-30
RJE,3,3,2013-10-31
RTH,6,6,2014-10-31
RN3,2,2,2015-10-31
RVJ,1,1,2017-03-31
RTF,4,4,2012-11-30
RM2,2,2,2013-10-31
RGM,0,0,2014-10-31
RJ1,3,3,2015-10-31
RNL,0,0,2017-03-31
RX1,11,11,2012-11-30
RHM,1,1,2013-10-31
RW6,7,7,2014-10-31
RN5,3,3,2015-10-31
RAP,3,3,2017-03-31
RTH,10,10,2012-11-30
RA7,2,2,2013-10-31
RGN,4,4,2014-10-31
RCD,3,3,2015-10-31
RVW,4,4,2017-03-31
RGM,0,0,2012-11-30
RKB,2,2,2013-10-31
RK9,4,4,2014-10-31
RR1,4,4,2015-10-31
RGN,5,5,2017-03-31
RW6,4,4,2012-11-30
RWE,6,6,2013-10-31
RD3,3,3,2014-10-31
RQQ,1,1,2015-10-31
RNS,4,4,2017-03-31
RGN,3,3,2012-11-30
RTX,3,3,2013-10-31
RHU,7,7,2014-10-31
RQX,0,0,2015-10-31
RBZ,1,1,2017-03-31
RK9,3,3,2012-11-30
RBK,1,1,2013-10-31
RPC,1,1,2014-10-31
RWA,5,5,2015-10-31
RJL,1,1,2017-03-31
RD3,4,4,2012-11-30
RWW,4,4,2013-10-31
RHW,4,4,2014-10-31
RYJ,9,9,2015-10-31
RTF,2,2,2017-03-31
RHU,4,4,2012-11-30
RWG,2,2,2013-10-31
RT3,2,2,2014-10-31
RGQ,5,5,2015-10-31
RX1,3,3,2017-03-31
RQW,3,3,2012-11-30
RFW,1,1,2013-10-31
REF,3,3,2014-10-31
R1F,3,3,2015-10-31
RTH,2,2,2017-03-31
RPC,0,0,2012-11-30
RGR,2,2,2013-10-31
RH8,4,4,2014-10-31
RGP,1,1,2015-10-31
RW6,4,4,2017-03-31
RHW,4,4,2012-11-30
RYR,3,3,2013-10-31
RAL,5,5,2014-10-31
RNQ,4,4,2015-10-31
RK9,4,4,2017-03-31
RT3,2,2,2012-11-30
RA3,3,3,2013-10-31
RQ6,6,6,2014-10-31
RJZ,5,5,2015-10-31
RD3,1,1,2017-03-31
REF,1,1,2012-11-30
RBL,2,2,2013-10-31
RAN,1,1,2014-10-31
RAX,2,2,2015-10-31
RHU,1,1,2017-03-31
RH8,6,6,2012-11-30
RWP,2,2,2013-10-31
RA2,1,1,2014-10-31
RXN,1,1,2015-10-31
RPC,0,0,2017-03-31
RAL,2,2,2012-11-30
RRF,0,0,2013-10-31
RD1,2,2,2014-10-31
RR8,10,10,2015-10-31
RHW,2,2,2017-03-31
RQ6,7,7,2012-11-30
RLQ,1,1,2013-10-31
RM3,2,2,2014-10-31
RJ2,5,5,2015-10-31
RT3,1,1,2017-03-31
RBB,0,0,2012-11-30
RA4,2,2,2013-10-31
RNZ,0,0,2014-10-31
RBQ,0,0,2015-10-31
REF,2,2,2017-03-31
RAN,0,0,2012-11-30
RCB,5,5,2013-10-31
RXK,2,2,2014-10-31
REP,0,0,2015-10-31
RH8,1,1,2017-03-31
RA2,2,2,2012-11-30
RJ6,1,1,2013-11-30
RCU,1,1,2014-10-31
R1K,4,4,2015-10-31
RAL,5,5,2017-03-31
RD1,10,10,2012-11-30
RN7,1,1,2013-11-30
RHQ,4,4,2014-10-31
RC9,1,1,2015-10-31
RQ6,4,4,2017-03-31
RL4,2,2,2012-11-30
RTG,5,5,2013-11-30
RK5,3,3,2014-10-31
RWF,3,3,2015-10-31
RAN,0,0,2017-03-31
RM3,4,4,2012-11-30
RP5,5,5,2013-11-30
RXW,2,2,2014-10-31
RPA,2,2,2015-10-31
RGM,0,0,2017-03-31
RNZ,1,1,2012-11-30
RBD,1,1,2013-11-30
RA9,1,1,2014-10-31
RBT,3,3,2015-10-31
RA2,0,0,2017-03-31
RXK,2,2,2012-11-30
RC3,0,0,2013-11-30
RTR,6,6,2014-10-31
RQ8,1,1,2015-10-31
RD1,1,1,2017-03-31
RCU,3,3,2012-11-30
RWH,1,1,2013-11-30
RE9,0,0,2014-10-31
RXF,1,1,2015-10-31
RM3,0,0,2017-03-31
RHQ,9,9,2012-11-30
RJN,5,5,2013-11-30
RJC,0,0,2014-10-31
RD8,1,1,2015-10-31
RNZ,0,0,2017-03-31
RK5,4,4,2012-11-30
RVV,1,1,2013-11-30
RAJ,4,4,2014-10-31
RP6,0,0,2015-10-31
RXK,3,3,2017-03-31
RXW,2,2,2012-11-30
RXR,2,2,2013-11-30
RVY,3,3,2014-10-31
RM1,5,5,2015-10-31
RCU,0,0,2017-03-31
RA9,1,1,2012-11-30
RXC,3,3,2013-11-30
RBN,4,4,2014-10-31
RVJ,3,3,2015-10-31
RHQ,7,7,2017-03-31
RTR,8,8,2012-11-30
RVR,1,1,2013-11-30
RJ7,3,3,2014-10-31
RNL,5,5,2015-10-31
RK5,3,3,2017-03-31
RE9,1,1,2012-11-30
RDU,0,0,2013-11-30
RWJ,3,3,2014-10-31
RAP,3,3,2015-10-31
RXW,3,3,2017-03-31
RJC,0,0,2012-11-30
RR7,0,0,2013-11-30
RTP,1,1,2014-10-31
RVW,2,2,2015-10-31
RTR,5,5,2017-03-31
RAJ,4,4,2012-11-30
RLT,2,2,2013-11-30
RMP,0,0,2014-10-31
RNS,2,2,2015-10-31
RE9,0,0,2017-03-31
RVY,0,0,2012-11-30
RTE,4,4,2013-11-30
RBA,2,2,2014-10-31
RBZ,0,0,2015-10-31
RJC,1,1,2017-03-31
RBN,7,7,2012-11-30
RP4,0,0,2013-11-30
RBV,3,3,2014-10-31
RJL,0,0,2015-10-31
RAJ,2,2,2017-03-31
RJ7,8,8,2012-11-30
RN3,2,2,2013-11-30
REN,0,0,2014-10-31
RTF,4,4,2015-10-31
RVY,3,3,2017-03-31
RWJ,3,3,2012-11-30
RJ1,4,4,2013-11-30
RNA,4,4,2014-10-31
RX1,5,5,2015-10-31
RJ7,3,3,2017-03-31
RTP,3,3,2012-11-30
RN5,2,2,2013-11-30
RAS,1,1,2014-10-31
RTH,8,8,2015-10-31
RBN,4,4,2017-03-31
RMP,3,3,2012-11-30
RCD,2,2,2013-11-30
RTD,10,10,2014-10-31
RGM,1,1,2015-10-31
RWJ,1,1,2017-03-31
RBA,1,1,2012-11-30
RR1,8,8,2013-11-30
RQW,0,0,2014-10-31
RW6,3,3,2015-10-31
RTP,5,5,2017-03-31
RBV,0,0,2012-11-30
RD7,3,3,2013-11-30
RCX,3,3,2014-10-31
RGN,2,2,2015-10-31
RMP,4,4,2017-03-31
RNA,6,6,2012-11-30
RQQ,0,0,2013-11-30
RL1,0,0,2014-10-31
RK9,1,1,2015-10-31
RBA,0,0,2017-03-31
RAS,4,4,2012-11-30
RQX,0,0,2013-11-30
RFR,3,3,2014-10-31
RD3,2,2,2015-10-31
RBV,2,2,2017-03-31
RTD,6,6,2012-11-30
RWA,4,4,2013-11-30
RDZ,3,3,2014-10-31
RHU,3,3,2015-10-31
REN,0,0,2017-03-31
RCX,1,1,2012-11-30
RYJ,1,1,2013-11-30
RPY,4,4,2014-10-31
RPC,0,0,2015-10-31
RNA,0,0,2017-03-31
RL1,0,0,2012-11-30
RGQ,3,3,2013-11-30
RRJ,0,0,2014-10-31
RHW,3,3,2015-10-31
RAS,3,3,2017-03-31
RFR,3,3,2012-11-30
R1F,0,0,2013-11-30
RL4,7,7,2014-10-31
RT3,1,1,2015-10-31
RTD,1,1,2017-03-31
RDZ,1,1,2012-11-30
RGP,0,0,2013-11-30
RET,0,0,2014-10-31
REF,5,5,2015-10-31
RQW,2,2,2017-03-31
RPY,2,2,2012-11-30
RNQ,2,2,2013-11-30
RKE,1,1,2014-10-31
RH8,0,0,2015-10-31
RCX,2,2,2017-03-31
RRJ,0,0,2012-11-30
RJZ,6,6,2013-11-30
RWD,5,5,2014-10-31
RAL,4,4,2015-10-31
RL1,0,0,2017-03-31
RET,0,0,2012-11-30
RAX,3,3,2013-11-30
RRV,3,3,2014-10-31
RQ6,5,5,2015-10-31
RFR,0,0,2017-03-31
RKE,2,2,2012-11-30
RXN,5,5,2013-11-30
RJE,7,7,2014-10-31
RAN,0,0,2015-10-31
RDZ,1,1,2017-03-31
RWD,7,7,2012-11-30
RR8,14,14,2013-11-30
RM2,8,8,2014-10-31
RA2,2,2,2015-10-31
RPY,8,8,2017-03-31
RRV,3,3,2012-11-30
RJ2,4,4,2013-11-30
RHM,1,1,2014-10-31
RD1,9,9,2015-10-31
RRJ,0,0,2017-03-31
RRK,4,4,2012-11-30
RBQ,0,0,2013-11-30
RRK,5,5,2014-10-31
RM3,4,4,2015-10-31
RL4,3,3,2017-03-31
RJE,6,6,2012-11-30
REP,0,0,2013-11-30
RA7,4,4,2014-10-31
RNZ,1,1,2015-10-31
RET,0,0,2017-03-31
RM2,4,4,2012-11-30
RC9,4,4,2013-11-30
RKB,5,5,2014-10-31
RXK,2,2,2015-10-31
RKE,2,2,2017-03-31
RHM,4,4,2012-11-30
RWF,2,2,2013-11-30
RWE,7,7,2014-10-31
RCU,2,2,2015-10-31
RA9,0,0,2017-03-31
RA7,5,5,2012-11-30
RPA,0,0,2013-11-30
RTX,3,3,2014-10-31
RHQ,8,8,2015-10-31
RWD,9,9,2017-03-31
RKB,4,4,2012-11-30
RBT,2,2,2013-11-30
RBK,1,1,2014-10-31
RK5,1,1,2015-10-31
RRV,9,9,2017-03-31
RWE,4,4,2012-11-30
RQ8,0,0,2013-11-30
RWW,3,3,2014-10-31
RXW,3,3,2015-10-31
RHM,5,5,2017-03-31
RTX,2,2,2012-11-30
RXF,6,6,2013-11-30
RWG,1,1,2014-10-31
RA9,1,1,2015-10-31
RRK,6,6,2017-03-31
RBK,0,0,2012-11-30
RD8,3,3,2013-11-30
RFW,0,0,2014-10-31
RTR,3,3,2015-10-31
RA7,0,0,2017-03-31
RWW,1,1,2012-11-30
RP6,0,0,2013-11-30
RGR,1,1,2014-10-31
RE9,3,3,2015-10-31
RKB,0,0,2017-03-31
RWG,3,3,2012-11-30
RM1,2,2,2013-11-30
RYR,2,2,2014-10-31
RJC,2,2,2015-10-31
RWE,5,5,2017-03-31
RFW,2,2,2012-11-30
RVJ,7,7,2013-11-30
RA3,2,2,2014-10-31
RAJ,4,4,2015-10-31
RTX,1,1,2017-03-31
RGR,0,0,2012-11-30
RNL,1,1,2013-11-30
RBL,0,0,2014-10-31
RVY,1,1,2015-10-31
RJE,2,2,2017-03-31
RYR,7,7,2012-11-30
RAP,0,0,2013-11-30
RWP,3,3,2014-10-31
RBN,4,4,2015-10-31
RBK,1,1,2017-03-31
RA3,1,1,2012-11-30
RVW,1,1,2013-11-30
RRF,3,3,2014-10-31
RJ7,4,4,2015-10-31
RWW,5,5,2017-03-31
RBL,1,1,2012-11-30
RV8,1,1,2013-11-30
RLQ,0,0,2014-10-31
RWJ,7,7,2015-10-31
RWG,1,1,2017-03-31
RWP,9,9,2012-11-30
RNS,3,3,2013-11-30
RA4,1,1,2014-10-31
RTP,6,6,2015-10-31
RGR,1,1,2017-03-31
RRF,3,3,2012-11-30
RBZ,0,0,2013-11-30
RCB,2,2,2014-10-31
RMP,4,4,2015-10-31
RYR,5,5,2017-03-31
RLQ,1,1,2012-11-30
RJL,1,1,2013-11-30
REM,2,2,2014-11-30
RBA,2,2,2015-10-31
RA3,1,1,2017-03-31
RA4,2,2,2012-11-30
RTF,3,3,2013-11-30
RCF,2,2,2014-11-30
RBV,3,3,2015-10-31
RBL,3,3,2017-03-31
RCB,4,4,2012-11-30
RX1,3,3,2013-11-30
RVV,3,3,2014-11-30
REN,1,1,2015-10-31
RWP,3,3,2017-03-31
REM,11,11,2012-12-31
RTH,6,6,2013-11-30
RXR,1,1,2014-11-30
RNA,5,5,2015-10-31
RRF,1,1,2017-03-31
RCF,1,1,2012-12-31
RGM,0,0,2013-11-30
RXC,6,6,2014-11-30
RAS,0,0,2015-10-31
RLQ,0,0,2017-03-31
RBS,0,0,2012-12-31
RW6,2,2,2013-11-30
RVR,4,4,2014-11-30
RTD,9,9,2015-10-31
RA4,0,0,2017-03-31
RTK,1,1,2012-12-31
RGN,5,5,2013-11-30
RDU,2,2,2014-11-30
RQW,1,1,2015-10-31
RCB,5,5,2017-03-31
RF4,8,8,2012-12-31
RK9,4,4,2013-11-30
RR7,2,2,2014-11-30
RCX,9,9,2015-10-31
REM,8,8,2017-04-30
RVL,0,0,2012-12-31
RD3,1,1,2013-11-30
RLT,2,2,2014-11-30
RL1,0,0,2015-10-31
RCF,1,1,2017-04-30
RFF,2,2,2012-12-31
RHU,5,5,2013-11-30
RTE,2,2,2014-11-30
RFR,0,0,2015-10-31
RBS,0,0,2017-04-30
R1H,3,3,2012-12-31
RQW,0,0,2013-11-30
RP4,0,0,2014-11-30
RDZ,3,3,2015-10-31
RTK,0,0,2017-04-30
RDD,2,2,2012-12-31
RPC,0,0,2013-11-30
RN3,2,2,2014-11-30
RPY,2,2,2015-10-31
RF4,2,2,2017-04-30
RC1,2,2,2012-12-31
RHW,4,4,2013-11-30
RJ1,2,2,2014-11-30
RRJ,0,0,2015-10-31
RFF,1,1,2017-04-30
RQ3,0,0,2012-12-31
RT3,0,0,2013-11-30
RN5,1,1,2014-11-30
RL4,9,9,2015-10-31
R1H,9,9,2017-04-30
RLU,0,0,2012-12-31
REF,5,5,2013-11-30
RCD,1,1,2014-11-30
RET,2,2,2015-10-31
RDD,5,5,2017-04-30
RXL,1,1,2012-12-31
RH8,3,3,2013-11-30
RR1,1,1,2014-11-30
RKE,1,1,2015-10-31
RC1,0,0,2017-04-30
RMC,11,11,2012-12-31
RAL,4,4,2013-11-30
RQQ,2,2,2014-11-30
RWD,5,5,2015-10-31
RQ3,0,0,2017-04-30
RAE,4,4,2012-12-31
RQ6,4,4,2013-11-30
RQX,1,1,2014-11-30
RRV,7,7,2015-10-31
RXL,1,1,2017-04-30
RXH,4,4,2012-12-31
RBB,0,0,2013-11-30
RWA,1,1,2014-11-30
RJE,6,6,2015-10-31
RMC,4,4,2017-04-30
RXQ,2,2,2012-12-31
RAN,0,0,2013-11-30
RYJ,3,3,2014-11-30
RM2,3,3,2015-10-31
RAE,4,4,2017-04-30
RJF,1,1,2012-12-31
RA2,2,2,2013-11-30
RGQ,1,1,2014-11-30
RHM,3,3,2015-10-31
RXH,1,1,2017-04-30
RWY,2,2,2012-12-31
RD1,3,3,2013-11-30
R1F,0,0,2014-11-30
RRK,5,5,2015-10-31
RXQ,2,2,2017-04-30
RGT,7,7,2012-12-31
RM3,1,1,2013-11-30
RGP,2,2,2014-11-30
RA7,5,5,2015-10-31
RJF,0,0,2017-04-30
RW3,6,6,2012-12-31
RNZ,2,2,2013-11-30
RNQ,5,5,2014-11-30
RKB,4,4,2015-10-31
RWY,0,0,2017-04-30
RQM,0,0,2012-12-31
RXK,3,3,2013-11-30
RJZ,6,6,2014-11-30
RWE,6,6,2015-10-31
RGT,1,1,2017-04-30
RFS,7,7,2012-12-31
RCU,1,1,2013-11-30
RAX,2,2,2014-11-30
RTX,5,5,2015-10-31
RQM,1,1,2017-04-30
RLN,6,6,2012-12-31
RHQ,3,3,2013-11-30
RXN,9,9,2014-11-30
RBK,0,0,2015-10-31
RFS,1,1,2017-04-30
REN,0,0,2012-12-31
RK5,5,5,2013-11-30
RR8,9,9,2014-11-30
RWW,3,3,2015-10-31
RLN,1,1,2017-04-30
RDE,5,5,2012-12-31
RXW,3,3,2013-11-30
RJ2,2,2,2014-11-30
RWG,2,2,2015-10-31
RDE,0,0,2017-04-30
RJR,7,7,2012-12-31
RA9,2,2,2013-11-30
RBQ,0,0,2014-11-30
RGR,3,3,2015-10-31
RJR,3,3,2017-04-30
RXP,3,3,2012-12-31
RTR,4,4,2013-11-30
REP,0,0,2014-11-30
RYR,7,7,2015-10-31
RXP,0,0,2017-04-30
RJ6,1,1,2012-12-31
RE9,3,3,2013-11-30
R1K,6,6,2014-11-30
RA3,0,0,2015-10-31
RJ6,2,2,2017-04-30
RN7,1,1,2012-12-31
RJC,6,6,2013-11-30
RC9,0,0,2014-11-30
RBL,5,5,2015-10-31
RN7,0,0,2017-04-30
RTG,3,3,2012-12-31
RAJ,2,2,2013-11-30
RWF,0,0,2014-11-30
RWP,2,2,2015-10-31
RTG,7,7,2017-04-30
RP5,4,4,2012-12-31
RVY,6,6,2013-11-30
RPA,2,2,2014-11-30
RRF,2,2,2015-10-31
RP5,5,5,2017-04-30
RBD,3,3,2012-12-31
RBN,0,0,2013-11-30
RBT,1,1,2014-11-30
RLQ,1,1,2015-10-31
RBD,3,3,2017-04-30
RC3,0,0,2012-12-31
RJ7,2,2,2013-11-30
RQ8,2,2,2014-11-30
RA4,0,0,2015-10-31
RWH,2,2,2017-04-30
RWH,0,0,2012-12-31
RWJ,3,3,2013-11-30
RXF,1,1,2014-11-30
RCB,5,5,2015-10-31
RJN,0,0,2017-04-30
RJN,0,0,2012-12-31
RTP,3,3,2013-11-30
RD8,5,5,2014-11-30
REM,2,2,2015-11-30
RVV,5,5,2017-04-30
RVV,7,7,2012-12-31
RMP,7,7,2013-11-30
RP6,0,0,2014-11-30
RCF,0,0,2015-11-30
RXR,2,2,2017-04-30
RXR,4,4,2012-12-31
RBA,2,2,2013-11-30
RM1,5,5,2014-11-30
RBS,0,0,2015-11-30
RXC,3,3,2017-04-30
RXC,7,7,2012-12-31
RBV,2,2,2013-11-30
RVJ,2,2,2014-11-30
RTK,1,1,2015-11-30
RVR,1,1,2017-04-30
RVR,2,2,2012-12-31
RNA,8,8,2013-11-30
RNL,3,3,2014-11-30
RF4,5,5,2015-11-30
RDU,3,3,2017-04-30
RDU,3,3,2012-12-31
RAS,1,1,2013-11-30
RAP,4,4,2014-11-30
RFF,0,0,2015-11-30
RR7,1,1,2017-04-30
RR7,2,2,2012-12-31
RTD,10,10,2013-11-30
RVW,1,1,2014-11-30
R1H,8,8,2015-11-30
RLT,0,0,2017-04-30
RLT,1,1,2012-12-31
RCX,0,0,2013-11-30
RNS,1,1,2014-11-30
RDD,2,2,2015-11-30
RTE,1,1,2017-04-30
RTE,4,4,2012-12-31
RL1,0,0,2013-11-30
RBZ,0,0,2014-11-30
RC1,3,3,2015-11-30
RP4,3,3,2017-04-30
RP4,0,0,2012-12-31
RFR,3,3,2013-11-30
RJL,4,4,2014-11-30
RXR,5,5,2015-11-30
RN3,0,0,2017-04-30
RN3,3,3,2012-12-31
RDZ,1,1,2013-11-30
RTF,3,3,2014-11-30
RXC,5,5,2015-11-30
RJ1,2,2,2017-04-30
RJ1,4,4,2012-12-31
RPY,2,2,2013-11-30
RX1,5,5,2014-11-30
RVR,3,3,2015-11-30
RN5,1,1,2017-04-30
RN5,4,4,2012-12-31
RRJ,0,0,2013-11-30
RTH,8,8,2014-11-30
RDU,4,4,2015-11-30
RCD,0,0,2017-04-30
RCD,4,4,2012-12-31
RL4,6,6,2013-11-30
RGM,2,2,2014-11-30
RR7,4,4,2015-11-30
RR1,3,3,2017-04-30
RR1,9,9,2012-12-31
RET,1,1,2013-11-30
RW6,4,4,2014-11-30
RLT,1,1,2015-11-30
RQX,0,0,2017-04-30
RD7,0,0,2012-12-31
RKE,3,3,2013-11-30
RGN,4,4,2014-11-30
RTE,4,4,2015-11-30
RWA,7,7,2017-04-30
RQQ,1,1,2012-12-31
RWD,8,8,2013-11-30
RK9,5,5,2014-11-30
RP4,0,0,2015-11-30
RYJ,5,5,2017-04-30
RQX,1,1,2012-12-31
RRV,6,6,2013-11-30
RD3,0,0,2014-11-30
RN3,6,6,2015-11-30
RGQ,1,1,2017-04-30
RWA,3,3,2012-12-31
RRK,5,5,2013-11-30
RHU,1,1,2014-11-30
RJ1,2,2,2015-11-30
R1F,1,1,2017-04-30
RYJ,7,7,2012-12-31
RJE,9,9,2013-11-30
RPC,0,0,2014-11-30
RN5,1,1,2015-11-30
RGP,0,0,2017-04-30
RGQ,3,3,2012-12-31
RM2,4,4,2013-11-30
RHW,5,5,2014-11-30
RCD,1,1,2015-11-30
RNQ,3,3,2017-04-30
R1F,1,1,2012-12-31
RHM,4,4,2013-11-30
RT3,1,1,2014-11-30
RR1,5,5,2015-11-30
RJZ,5,5,2017-04-30
RGP,0,0,2012-12-31
RA7,3,3,2013-11-30
REF,1,1,2014-11-30
RQQ,0,0,2015-11-30
RAX,1,1,2017-04-30
RNQ,4,4,2012-12-31
RKB,6,6,2013-11-30
RH8,4,4,2014-11-30
RQX,1,1,2015-11-30
RXN,4,4,2017-04-30
RJZ,1,1,2012-12-31
RWE,6,6,2013-11-30
RAL,3,3,2014-11-30
RWA,3,3,2015-11-30
RR8,9,9,2017-04-30
RAX,2,2,2012-12-31
RTX,4,4,2013-11-30
RQ6,10,10,2014-11-30
RYJ,7,7,2015-11-30
RJ2,3,3,2017-04-30
RXN,5,5,2012-12-31
RBK,2,2,2013-11-30
RAN,0,0,2014-11-30
RGQ,4,4,2015-11-30
RBQ,0,0,2017-04-30
RR8,12,12,2012-12-31
RWW,2,2,2013-11-30
RA2,2,2,2014-11-30
R1F,0,0,2015-11-30
REP,0,0,2017-04-30
RJ2,2,2,2012-12-31
RWG,5,5,2013-11-30
RD1,2,2,2014-11-30
RGP,2,2,2015-11-30
R1K,4,4,2017-04-30
RBQ,0,0,2012-12-31
RFW,1,1,2013-11-30
RM3,2,2,2014-11-30
RNQ,1,1,2015-11-30
RC9,1,1,2017-04-30
REP,0,0,2012-12-31
RGR,0,0,2013-11-30
RNZ,0,0,2014-11-30
RJZ,7,7,2015-11-30
RWF,2,2,2017-04-30
RC9,3,3,2012-12-31
RYR,2,2,2013-11-30
RXK,1,1,2014-11-30
RAX,0,0,2015-11-30
R0A,13,13,2017-04-30
RWF,3,3,2012-12-31
RA3,3,3,2013-11-30
RCU,1,1,2014-11-30
RXN,3,3,2015-11-30
RPA,0,0,2017-04-30
RPA,1,1,2012-12-31
RBL,3,3,2013-11-30
RHQ,5,5,2014-11-30
RR8,9,9,2015-11-30
RBT,4,4,2017-04-30
RBT,3,3,2012-12-31
RWP,2,2,2013-11-30
RK5,7,7,2014-11-30
RJ2,3,3,2015-11-30
RQ8,8,8,2017-04-30
RQ8,2,2,2012-12-31
RRF,0,0,2013-11-30
RXW,1,1,2014-11-30
RBQ,0,0,2015-11-30
RXF,1,1,2017-04-30
RJD,2,2,2012-12-31
RLQ,3,3,2013-11-30
RA9,3,3,2014-11-30
REP,0,0,2015-11-30
RD8,1,1,2017-04-30
RXF,2,2,2012-12-31
RA4,0,0,2013-11-30
RTR,7,7,2014-11-30
R1K,3,3,2015-11-30
RP6,0,0,2017-04-30
RD8,2,2,2012-12-31
RCB,8,8,2013-11-30
RE9,3,3,2014-11-30
RC9,1,1,2015-11-30
RM1,2,2,2017-04-30
RP6,0,0,2012-12-31
REM,7,7,2013-11-30
RJC,1,1,2014-11-30
RWF,2,2,2015-11-30
RVJ,2,2,2017-04-30
RM1,6,6,2012-12-31
RCF,2,2,2013-11-30
RAJ,2,2,2014-11-30
RPA,1,1,2015-11-30
RNL,2,2,2017-04-30
RVJ,7,7,2012-12-31
RBS,0,0,2013-11-30
RVY,2,2,2014-11-30
RBT,4,4,2015-11-30
RAP,4,4,2017-04-30
RNL,12,12,2012-12-31
RTK,1,1,2013-11-30
RBN,3,3,2014-11-30
RQ8,3,3,2015-11-30
RVW,6,6,2017-04-30
RAP,1,1,2012-12-31
RF4,4,4,2013-11-30
RJ7,1,1,2014-11-30
RXF,4,4,2015-11-30
RGN,8,8,2017-04-30
RVW,4,4,2012-12-31
RFF,4,4,2013-11-30
RWJ,4,4,2014-11-30
RD8,4,4,2015-11-30
RNS,2,2,2017-04-30
RV8,0,0,2012-12-31
R1H,8,8,2013-11-30
RTP,4,4,2014-11-30
RP6,0,0,2015-11-30
RBZ,1,1,2017-04-30
RNS,4,4,2012-12-31
RDD,0,0,2013-11-30
RMP,9,9,2014-11-30
RM1,9,9,2015-11-30
RJL,0,0,2017-04-30
RBZ,1,1,2012-12-31
RC1,1,1,2013-11-30
RBA,2,2,2014-11-30
RVJ,1,1,2015-11-30
RTF,3,3,2017-04-30
RJL,5,5,2012-12-31
RQ3,0,0,2013-11-30
RBV,1,1,2014-11-30
RNL,2,2,2015-11-30
RX1,3,3,2017-04-30
RTF,3,3,2012-12-31
RLU,0,0,2013-11-30
REN,0,0,2014-11-30
RAP,1,1,2015-11-30
RTH,4,4,2017-04-30
RX1,7,7,2012-12-31
RXL,3,3,2013-11-30
RNA,2,2,2014-11-30
RVW,3,3,2015-11-30
RW6,4,4,2017-04-30
RTH,8,8,2012-12-31
RMC,2,2,2013-11-30
RAS,1,1,2014-11-30
RNS,3,3,2015-11-30
RD3,0,0,2017-04-30
RGM,1,1,2012-12-31
RAE,1,1,2013-11-30
RTD,5,5,2014-11-30
RBZ,1,1,2015-11-30
RHU,6,6,2017-04-30
RW6,3,3,2012-12-31
RXH,4,4,2013-11-30
RQW,2,2,2014-11-30
RJL,3,3,2015-11-30
RPC,0,0,2017-04-30
RGN,2,2,2012-12-31
RXQ,4,4,2013-11-30
RCX,4,4,2014-11-30
RTF,0,0,2015-11-30
RHW,1,1,2017-04-30
RK9,3,3,2012-12-31
RJF,1,1,2013-11-30
RL1,0,0,2014-11-30
RX1,9,9,2015-11-30
RT3,0,0,2017-04-30
RD3,1,1,2012-12-31
RWY,1,1,2013-11-30
RFR,3,3,2014-11-30
RTH,6,6,2015-11-30
REF,0,0,2017-04-30
RHU,3,3,2012-12-31
RGT,1,1,2013-11-30
RDZ,1,1,2014-11-30
RGM,2,2,2015-11-30
RH8,3,3,2017-04-30
RQW,2,2,2012-12-31
RW3,5,5,2013-11-30
RPY,2,2,2014-11-30
RW6,1,1,2015-11-30
RAL,4,4,2017-04-30
RPC,0,0,2012-12-31
RQM,1,1,2013-11-30
RRJ,0,0,2014-11-30
RGN,7,7,2015-11-30
RQ6,5,5,2017-04-30
RHW,3,3,2012-12-31
RFS,3,3,2013-11-30
RL4,4,4,2014-11-30
RK9,2,2,2015-11-30
RAN,0,0,2017-04-30
RT3,1,1,2012-12-31
RLN,2,2,2013-11-30
RET,4,4,2014-11-30
RD3,2,2,2015-11-30
RGM,0,0,2017-04-30
REF,1,1,2012-12-31
REN,0,0,2013-11-30
RKE,1,1,2014-11-30
RHU,1,1,2015-11-30
RA2,2,2,2017-04-30
RH8,2,2,2012-12-31
RDE,0,0,2013-11-30
RWD,5,5,2014-11-30
RPC,0,0,2015-11-30
RD1,2,2,2017-04-30
RAL,4,4,2012-12-31
RJR,2,2,2013-11-30
RRV,7,7,2014-11-30
RHW,1,1,2015-11-30
RM3,0,0,2017-04-30
RQ6,4,4,2012-12-31
RXP,2,2,2013-11-30
RJE,2,2,2014-11-30
RT3,1,1,2015-11-30
RNZ,1,1,2017-04-30
RBB,0,0,2012-12-31
REM,4,4,2013-12-31
RM2,3,3,2014-11-30
REF,2,2,2015-11-30
RXK,1,1,2017-04-30
RAN,1,1,2012-12-31
RCF,0,0,2013-12-31
RHM,5,5,2014-11-30
RH8,4,4,2015-11-30
RCU,1,1,2017-04-30
RA2,2,2,2012-12-31
RBS,0,0,2013-12-31
RRK,5,5,2014-11-30
RAL,6,6,2015-11-30
RHQ,10,10,2017-04-30
RD1,3,3,2012-12-31
RTK,1,1,2013-12-31
RA7,4,4,2014-11-30
RQ6,1,1,2015-11-30
RK5,3,3,2017-04-30
RL4,4,4,2012-12-31
RF4,0,0,2013-12-31
RKB,1,1,2014-11-30
RAN,0,0,2015-11-30
RXW,4,4,2017-04-30
RM3,2,2,2012-12-31
RFF,1,1,2013-12-31
RWE,7,7,2014-11-30
RA2,0,0,2015-11-30
RTR,5,5,2017-04-30
RNZ,2,2,2012-12-31
R1H,7,7,2013-12-31
RTX,7,7,2014-11-30
RD1,4,4,2015-11-30
RE9,0,0,2017-04-30
RXK,1,1,2012-12-31
RDD,1,1,2013-12-31
RBK,0,0,2014-11-30
RM3,2,2,2015-11-30
RJC,0,0,2017-04-30
RCU,0,0,2012-12-31
RC1,0,0,2013-12-31
RWW,1,1,2014-11-30
RNZ,0,0,2015-11-30
RAJ,5,5,2017-04-30
RHQ,6,6,2012-12-31
RQ3,1,1,2013-12-31
RWG,1,1,2014-11-30
RXK,1,1,2015-11-30
RVY,2,2,2017-04-30
RK5,1,1,2012-12-31
RLU,0,0,2013-12-31
RFW,2,2,2014-11-30
RCU,2,2,2015-11-30
RJ7,1,1,2017-04-30
RXW,7,7,2012-12-31
RXL,0,0,2013-12-31
RGR,1,1,2014-11-30
RHQ,7,7,2015-11-30
RBN,1,1,2017-04-30
RA9,1,1,2012-12-31
RMC,0,0,2013-12-31
RYR,3,3,2014-11-30
RK5,1,1,2015-11-30
RWJ,4,4,2017-04-30
RTR,4,4,2012-12-31
RAE,5,5,2013-12-31
RA3,3,3,2014-11-30
RXW,0,0,2015-11-30
RTP,3,3,2017-04-30
RE9,0,0,2012-12-31
RXH,9,9,2013-12-31
RBL,4,4,2014-11-30
RA9,2,2,2015-11-30
RMP,2,2,2017-04-30
RJC,3,3,2012-12-31
RXQ,2,2,2013-12-31
RWP,2,2,2014-11-30
RTR,7,7,2015-11-30
RBA,0,0,2017-04-30
RAJ,4,4,2012-12-31
RJF,4,4,2013-12-31
RRF,2,2,2014-11-30
RE9,1,1,2015-11-30
RBV,2,2,2017-04-30
RVY,1,1,2012-12-31
RWY,1,1,2013-12-31
RLQ,2,2,2014-11-30
RJC,4,4,2015-11-30
REN,0,0,2017-04-30
RBN,1,1,2012-12-31
RGT,2,2,2013-12-31
RA4,1,1,2014-11-30
RAJ,3,3,2015-11-30
RNA,2,2,2017-04-30
RJ7,2,2,2012-12-31
RW3,3,3,2013-12-31
RCB,4,4,2014-11-30
RVY,3,3,2015-11-30
RAS,1,1,2017-04-30
RWJ,3,3,2012-12-31
RQM,2,2,2013-12-31
RBS,0,0,2014-11-30
RBN,3,3,2015-11-30
RTD,4,4,2017-04-30
RTP,1,1,2012-12-31
RFS,3,3,2013-12-31
RTK,1,1,2014-11-30
RJ7,0,0,2015-11-30
RQW,1,1,2017-04-30
RMP,5,5,2012-12-31
RLN,0,0,2013-12-31
RF4,4,4,2014-11-30
RWJ,3,3,2015-11-30
RCX,2,2,2017-04-30
RBA,0,0,2012-12-31
REN,0,0,2013-12-31
RFF,1,1,2014-11-30
RTP,2,2,2015-11-30
RL1,0,0,2017-04-30
RBV,0,0,2012-12-31
RDE,2,2,2013-12-31
R1H,11,11,2014-11-30
RMP,1,1,2015-11-30
RFR,0,0,2017-04-30
RNA,8,8,2012-12-31
RJR,4,4,2013-12-31
RDD,1,1,2014-11-30
RBA,5,5,2015-11-30
RDZ,2,2,2017-04-30
RAS,3,3,2012-12-31
RXP,0,0,2013-12-31
RC1,3,3,2014-11-30
RBV,1,1,2015-11-30
RPY,5,5,2017-04-30
RTD,3,3,2012-12-31
RJ6,4,4,2013-12-31
RQ3,0,0,2014-11-30
REN,0,0,2015-11-30
RRJ,0,0,2017-04-30
RCX,0,0,2012-12-31
RN7,5,5,2013-12-31
RLU,0,0,2014-11-30
RNA,5,5,2015-11-30
RL4,4,4,2017-04-30
RL1,1,1,2012-12-31
RTG,1,1,2013-12-31
RXL,7,7,2014-11-30
RAS,1,1,2015-11-30
RET,1,1,2017-04-30
RFR,2,2,2012-12-31
RP5,11,11,2013-12-31
RMC,1,1,2014-11-30
RTD,15,15,2015-11-30
RKE,2,2,2017-04-30
RDZ,0,0,2012-12-31
RBD,3,3,2013-12-31
RAE,3,3,2014-11-30
RQW,3,3,2015-11-30
RA9,0,0,2017-04-30
RPY,1,1,2012-12-31
RC3,2,2,2013-12-31
RXH,4,4,2014-11-30
RCX,6,6,2015-11-30
RWD,7,7,2017-04-30
RRJ,0,0,2012-12-31
RWH,0,0,2013-12-31
RXQ,3,3,2014-11-30
RL1,0,0,2015-11-30
RRV,1,1,2017-04-30
RET,3,3,2012-12-31
RJN,0,0,2013-12-31
RJF,2,2,2014-11-30
RFR,1,1,2015-11-30
RHM,2,2,2017-04-30
RKE,2,2,2012-12-31
RVV,2,2,2013-12-31
RWY,3,3,2014-11-30
RDZ,4,4,2015-11-30
RRK,7,7,2017-04-30
RWD,6,6,2012-12-31
RXR,4,4,2013-12-31
RGT,5,5,2014-11-30
RPY,4,4,2015-11-30
RA7,2,2,2017-04-30
RRV,5,5,2012-12-31
RXC,4,4,2013-12-31
RW3,4,4,2014-11-30
RRJ,0,0,2015-11-30
RKB,2,2,2017-04-30
RRK,6,6,2012-12-31
RVR,4,4,2013-12-31
RQM,0,0,2014-11-30
RL4,7,7,2015-11-30
RWE,5,5,2017-04-30
RJE,4,4,2012-12-31
RDU,1,1,2013-12-31
RFS,3,3,2014-11-30
RET,0,0,2015-11-30
RTX,1,1,2017-04-30
RM2,4,4,2012-12-31
RR7,1,1,2013-12-31
RLN,8,8,2014-11-30
RKE,0,0,2015-11-30
RJE,7,7,2017-04-30
RHM,3,3,2012-12-31
RLT,1,1,2013-12-31
RDE,3,3,2014-11-30
RWD,2,2,2015-11-30
RK9,1,1,2017-04-30
RA7,1,1,2012-12-31
RTE,3,3,2013-12-31
RJR,4,4,2014-11-30
RRV,8,8,2015-11-30
RBK,0,0,2017-04-30
RKB,7,7,2012-12-31
RP4,2,2,2013-12-31
RXP,1,1,2014-11-30
RJE,7,7,2015-11-30
RWW,1,1,2017-04-30
RWE,10,10,2012-12-31
RN3,2,2,2013-12-31
RJ6,1,1,2014-11-30
RM2,5,5,2015-11-30
RWG,1,1,2017-04-30
RTX,3,3,2012-12-31
RJ1,3,3,2013-12-31
RN7,1,1,2014-11-30
RHM,2,2,2015-11-30
RGR,3,3,2017-04-30
RBK,3,3,2012-12-31
RN5,7,7,2013-12-31
RTG,4,4,2014-11-30
RRK,8,8,2015-11-30
RYR,0,0,2017-04-30
RWW,1,1,2012-12-31
RCD,3,3,2013-12-31
RP5,1,1,2014-11-30
RA7,3,3,2015-11-30
RA3,0,0,2017-04-30
RWG,1,1,2012-12-31
RR1,7,7,2013-12-31
RBD,0,0,2014-11-30
RKB,2,2,2015-11-30
RBL,3,3,2017-04-30
RFW,0,0,2012-12-31
RD7,0,0,2013-12-31
RWH,1,1,2014-11-30
RWE,4,4,2015-11-30
RWP,2,2,2017-04-30
RGR,5,5,2012-12-31
RQQ,0,0,2013-12-31
RJN,2,2,2014-11-30
RTX,3,3,2015-11-30
RRF,1,1,2017-04-30
RYR,4,4,2012-12-31
RQX,1,1,2013-12-31
REM,6,6,2014-12-31
RBK,0,0,2015-11-30
RLQ,3,3,2017-04-30
RA3,4,4,2012-12-31
RWA,6,6,2013-12-31
RCF,2,2,2014-12-31
RWW,2,2,2015-11-30
RA4,0,0,2017-04-30
RBL,1,1,2012-12-31
RYJ,5,5,2013-12-31
RBS,0,0,2014-12-31
RWG,6,6,2015-11-30
RCB,2,2,2017-04-30
RWP,7,7,2012-12-31
RGQ,1,1,2013-12-31
RTK,2,2,2014-12-31
RGR,3,3,2015-11-30
RM1,1,1,2017-05-31
RRF,3,3,2012-12-31
R1F,1,1,2013-12-31
RF4,1,1,2014-12-31
RYR,2,2,2015-11-30
RVJ,3,3,2017-05-31
RLQ,4,4,2012-12-31
RGP,0,0,2013-12-31
RFF,2,2,2014-12-31
RA3,1,1,2015-11-30
RNL,0,0,2017-05-31
RA4,1,1,2012-12-31
RNQ,1,1,2013-12-31
R1H,11,11,2014-12-31
RBL,3,3,2015-11-30
RAP,2,2,2017-05-31
RCB,5,5,2012-12-31
RJZ,7,7,2013-12-31
RDD,3,3,2014-12-31
RWP,0,0,2015-11-30
RVW,3,3,2017-05-31
REM,7,7,2013-01-31
RAX,0,0,2013-12-31
RC1,0,0,2014-12-31
RRF,0,0,2015-11-30
RGN,4,4,2017-05-31
RCF,2,2,2013-01-31
RXN,2,2,2013-12-31
RQ3,0,0,2014-12-31
RLQ,1,1,2015-11-30
RNS,0,0,2017-05-31
RBS,0,0,2013-01-31
RR8,13,13,2013-12-31
RLU,0,0,2014-12-31
RA4,2,2,2015-11-30
RBZ,2,2,2017-05-31
RTK,0,0,2013-01-31
RJ2,5,5,2013-12-31
RXL,5,5,2014-12-31
RCB,3,3,2015-11-30
RJL,1,1,2017-05-31
RF4,5,5,2013-01-31
RBQ,0,0,2013-12-31
RMC,3,3,2014-12-31
RQ3,0,0,2015-11-30
RTF,2,2,2017-05-31
RVL,2,2,2013-01-31
REP,1,1,2013-12-31
RAE,4,4,2014-12-31
RLU,0,0,2015-11-30
RX1,10,10,2017-05-31
RFF,2,2,2013-01-31
RC9,1,1,2013-12-31
RXH,5,5,2014-12-31
RXL,7,7,2015-11-30
RTH,7,7,2017-05-31
R1H,8,8,2013-01-31
RWF,2,2,2013-12-31
RXQ,6,6,2014-12-31
RMC,0,0,2015-11-30
RW6,5,5,2017-05-31
RDD,1,1,2013-01-31
RPA,0,0,2013-12-31
RJF,1,1,2014-12-31
RAE,2,2,2015-11-30
RD3,2,2,2017-05-31
RC1,4,4,2013-01-31
RBT,4,4,2013-12-31
RWY,0,0,2014-12-31
RXH,4,4,2015-11-30
RHU,5,5,2017-05-31
RQ3,0,0,2013-01-31
RQ8,2,2,2013-12-31
RGT,3,3,2014-12-31
RXQ,6,6,2015-11-30
RPC,0,0,2017-05-31
RLU,0,0,2013-01-31
RXF,4,4,2013-12-31
RW3,5,5,2014-12-31
RJF,2,2,2015-11-30
RHW,4,4,2017-05-31
RXL,3,3,2013-01-31
RD8,10,10,2013-12-31
RQM,2,2,2014-12-31
RWY,2,2,2015-11-30
RT3,3,3,2017-05-31
RMC,7,7,2013-01-31
RP6,0,0,2013-12-31
RFS,3,3,2014-12-31
RGT,8,8,2015-11-30
REF,5,5,2017-05-31
RAE,1,1,2013-01-31
RM1,3,3,2013-12-31
RLN,0,0,2014-12-31
RW3,10,10,2015-11-30
RH8,3,3,2017-05-31
RXH,4,4,2013-01-31
RVJ,5,5,2013-12-31
RDE,3,3,2014-12-31
RQM,1,1,2015-11-30
RAL,5,5,2017-05-31
RXQ,1,1,2013-01-31
RNL,0,0,2013-12-31
RJR,2,2,2014-12-31
RFS,3,3,2015-11-30
RQ6,2,2,2017-05-31
RJF,1,1,2013-01-31
RAP,1,1,2013-12-31
RXP,2,2,2014-12-31
RLN,4,4,2015-11-30
RAN,0,0,2017-05-31
RWY,5,5,2013-01-31
RVW,0,0,2013-12-31
RJ6,1,1,2014-12-31
RDE,0,0,2015-11-30
RGM,0,0,2017-05-31
RGT,13,13,2013-01-31
RV8,5,5,2013-12-31
RN7,0,0,2014-12-31
RJR,2,2,2015-11-30
RA2,1,1,2017-05-31
RW3,5,5,2013-01-31
RNS,0,0,2013-12-31
RTG,2,2,2014-12-31
RXP,2,2,2015-11-30
RD1,3,3,2017-05-31
RQM,2,2,2013-01-31
RBZ,1,1,2013-12-31
RP5,1,1,2014-12-31
RJ6,1,1,2015-11-30
RM3,3,3,2017-05-31
RFS,8,8,2013-01-31
RJL,3,3,2013-12-31
RBD,4,4,2014-12-31
RN7,3,3,2015-11-30
RNZ,0,0,2017-05-31
RLN,6,6,2013-01-31
RTF,1,1,2013-12-31
RWH,0,0,2014-12-31
RTG,7,7,2015-11-30
RXK,2,2,2017-05-31
REN,0,0,2013-01-31
RX1,8,8,2013-12-31
RJN,2,2,2014-12-31
RP5,3,3,2015-11-30
RCU,0,0,2017-05-31
RDE,2,2,2013-01-31
RTH,8,8,2013-12-31
RVV,3,3,2014-12-31
RBD,6,6,2015-11-30
RHQ,4,4,2017-05-31
RJR,1,1,2013-01-31
RGM,0,0,2013-12-31
RXR,3,3,2014-12-31
RWH,2,2,2015-11-30
RK5,1,1,2017-05-31
RXP,4,4,2013-01-31
RW6,5,5,2013-12-31
RXC,6,6,2014-12-31
RJN,1,1,2015-11-30
RXW,3,3,2017-05-31
RJ6,5,5,2013-01-31
RGN,2,2,2013-12-31
RVR,4,4,2014-12-31
RVV,2,2,2015-11-30
RTR,2,2,2017-05-31
RN7,3,3,2013-01-31
RK9,4,4,2013-12-31
RDU,2,2,2014-12-31
RXC,2,2,2015-12-31
RE9,0,0,2017-05-31
RTG,2,2,2013-01-31
RD3,0,0,2013-12-31
RR7,3,3,2014-12-31
RVR,4,4,2015-12-31
RJC,1,1,2017-05-31
RP5,10,10,2013-01-31
RHU,7,7,2013-12-31
RLT,1,1,2014-12-31
RDU,2,2,2015-12-31
RAJ,2,2,2017-05-31
RBD,2,2,2013-01-31
RQW,2,2,2013-12-31
RTE,4,4,2014-12-31
RR7,3,3,2015-12-31
RVY,0,0,2017-05-31
RC3,1,1,2013-01-31
RPC,0,0,2013-12-31
RP4,0,0,2014-12-31
RLT,0,0,2015-12-31
RJ7,1,1,2017-05-31
RWH,2,2,2013-01-31
RHW,1,1,2013-12-31
RN3,2,2,2014-12-31
RTE,3,3,2015-12-31
RBN,6,6,2017-05-31
RJN,2,2,2013-01-31
RT3,1,1,2013-12-31
RJ1,2,2,2014-12-31
RP4,0,0,2015-12-31
RWJ,3,3,2017-05-31
RVV,2,2,2013-01-31
REF,4,4,2013-12-31
RN5,1,1,2014-12-31
RN3,2,2,2015-12-31
RTP,4,4,2017-05-31
RXR,3,3,2013-01-31
RH8,3,3,2013-12-31
RCD,1,1,2014-12-31
RJ1,1,1,2015-12-31
RMP,1,1,2017-05-31
RXC,8,8,2013-01-31
RAL,3,3,2013-12-31
RR1,10,10,2014-12-31
RN5,1,1,2015-12-31
RBA,1,1,2017-05-31
RVR,7,7,2013-01-31
RQ6,2,2,2013-12-31
RQQ,0,0,2014-12-31
RCD,1,1,2015-12-31
RBV,3,3,2017-05-31
RDU,1,1,2013-01-31
RBB,0,0,2013-12-31
RQX,0,0,2014-12-31
RR1,9,9,2015-12-31
REN,0,0,2017-05-31
RR7,4,4,2013-01-31
RAN,0,0,2013-12-31
RWA,0,0,2014-12-31
RQQ,0,0,2015-12-31
RNA,1,1,2017-05-31
RLT,1,1,2013-01-31
RA2,2,2,2013-12-31
RYJ,4,4,2014-12-31
RQX,1,1,2015-12-31
RAS,0,0,2017-05-31
RTE,5,5,2013-01-31
RD1,1,1,2013-12-31
RGQ,2,2,2014-12-31
RWA,0,0,2015-12-31
RTD,2,2,2017-05-31
RP4,0,0,2013-01-31
RM3,3,3,2013-12-31
R1F,1,1,2014-12-31
RYJ,9,9,2015-12-31
RQW,0,0,2017-05-31
RN3,1,1,2013-01-31
RNZ,0,0,2013-12-31
RGP,2,2,2014-12-31
RGQ,5,5,2015-12-31
RCX,3,3,2017-05-31
RJ1,4,4,2013-01-31
RXK,4,4,2013-12-31
RNQ,2,2,2014-12-31
R1F,0,0,2015-12-31
RL1,1,1,2017-05-31
RN5,3,3,2013-01-31
RCU,0,0,2013-12-31
RJZ,6,6,2014-12-31
RGP,4,4,2015-12-31
RFR,0,0,2017-05-31
RCD,1,1,2013-01-31
RHQ,7,7,2013-12-31
RAX,4,4,2014-12-31
RNQ,1,1,2015-12-31
RDZ,2,2,2017-05-31
RR1,7,7,2013-01-31
RK5,2,2,2013-12-31
RXN,4,4,2014-12-31
RJZ,8,8,2015-12-31
RPY,5,5,2017-05-31
RD7,3,3,2013-01-31
RXW,2,2,2013-12-31
RR8,12,12,2014-12-31
RAX,0,0,2015-12-31
RRJ,0,0,2017-05-31
RQQ,1,1,2013-01-31
RA9,1,1,2013-12-31
RJ2,1,1,2014-12-31
RXN,5,5,2015-12-31
RL4,5,5,2017-05-31
RQX,1,1,2013-01-31
RTR,10,10,2013-12-31
RBQ,0,0,2014-12-31
RR8,16,16,2015-12-31
RET,1,1,2017-05-31
RWA,4,4,2013-01-31
RE9,1,1,2013-12-31
REP,0,0,2014-12-31
RJ2,0,0,2015-12-31
RKE,3,3,2017-05-31
RYJ,8,8,2013-01-31
RJC,0,0,2013-12-31
R1K,7,7,2014-12-31
RBQ,1,1,2015-12-31
RA9,2,2,2017-05-31
RGQ,0,0,2013-01-31
RAJ,4,4,2013-12-31
RC9,2,2,2014-12-31
REP,0,0,2015-12-31
RWD,11,11,2017-05-31
R1F,1,1,2013-01-31
RVY,2,2,2013-12-31
RWF,4,4,2014-12-31
R1K,3,3,2015-12-31
RRV,5,5,2017-05-31
RGP,1,1,2013-01-31
RBN,0,0,2013-12-31
RPA,2,2,2014-12-31
RC9,3,3,2015-12-31
RHM,3,3,2017-05-31
RNQ,6,6,2013-01-31
RJ7,2,2,2013-12-31
RBT,1,1,2014-12-31
RWF,0,0,2015-12-31
RRK,8,8,2017-05-31
RJZ,6,6,2013-01-31
RWJ,1,1,2013-12-31
RQ8,6,6,2014-12-31
RPA,2,2,2015-12-31
RA7,4,4,2017-05-31
RAX,0,0,2013-01-31
RTP,0,0,2013-12-31
RXF,2,2,2014-12-31
RBT,3,3,2015-12-31
RKB,2,2,2017-05-31
RXN,10,10,2013-01-31
RMP,2,2,2013-12-31
RD8,3,3,2014-12-31
RQ8,1,1,2015-12-31
RWE,0,0,2017-05-31
RR8,11,11,2013-01-31
RBA,1,1,2013-12-31
RP6,0,0,2014-12-31
RXF,2,2,2015-12-31
RTX,1,1,2017-05-31
RJ2,5,5,2013-01-31
RBV,0,0,2013-12-31
RM1,4,4,2014-12-31
RD8,2,2,2015-12-31
RJE,6,6,2017-05-31
RBQ,0,0,2013-01-31
RNA,3,3,2013-12-31
RVJ,3,3,2014-12-31
RP6,0,0,2015-12-31
RK9,2,2,2017-05-31
REP,0,0,2013-01-31
RAS,2,2,2013-12-31
RNL,6,6,2014-12-31
RM1,4,4,2015-12-31
RBK,1,1,2017-05-31
RC9,2,2,2013-01-31
RTD,1,1,2013-12-31
RAP,5,5,2014-12-31
RVJ,4,4,2015-12-31
RWW,3,3,2017-05-31
RWF,4,4,2013-01-31
RCX,5,5,2013-12-31
RVW,4,4,2014-12-31
RNL,1,1,2015-12-31
RWG,1,1,2017-05-31
RPA,2,2,2013-01-31
RL1,0,0,2013-12-31
RNS,0,0,2014-12-31
RAP,6,6,2015-12-31
RGR,0,0,2017-05-31
RBT,2,2,2013-01-31
RFR,1,1,2013-12-31
RBZ,2,2,2014-12-31
RVW,2,2,2015-12-31
RYR,3,3,2017-05-31
RQ8,0,0,2013-01-31
RDZ,1,1,2013-12-31
RJL,1,1,2014-12-31
RNS,4,4,2015-12-31
RA3,0,0,2017-05-31
RJD,3,3,2013-01-31
RPY,1,1,2013-12-31
RTF,1,1,2014-12-31
RBZ,0,0,2015-12-31
RBL,3,3,2017-05-31
RXF,3,3,2013-01-31
RRJ,1,1,2013-12-31
RX1,11,11,2014-12-31
RJL,1,1,2015-12-31
RWP,1,1,2017-05-31
RD8,2,2,2013-01-31
RL4,3,3,2013-12-31
RTH,3,3,2014-12-31
RTF,2,2,2015-12-31
RRF,1,1,2017-05-31
RP6,0,0,2013-01-31
RET,1,1,2013-12-31
RGM,1,1,2014-12-31
RX1,6,6,2015-12-31
RLQ,1,1,2017-05-31
RM1,4,4,2013-01-31
RKE,0,0,2013-12-31
RW6,5,5,2014-12-31
RTH,4,4,2015-12-31
RA4,1,1,2017-05-31
RVJ,14,14,2013-01-31
RWD,6,6,2013-12-31
RGN,2,2,2014-12-31
RGM,0,0,2015-12-31
RCB,2,2,2017-05-31
RNL,4,4,2013-01-31
RRV,9,9,2013-12-31
RK9,3,3,2014-12-31
RW6,9,9,2015-12-31
REM,4,4,2017-05-31
RAP,1,1,2013-01-31
RRK,4,4,2013-12-31
RD3,2,2,2014-12-31
RGN,1,1,2015-12-31
RCF,0,0,2017-05-31
RVW,7,7,2013-01-31
RJE,7,7,2013-12-31
RHU,1,1,2014-12-31
RK9,3,3,2015-12-31
RBS,0,0,2017-05-31
RV8,3,3,2013-01-31
RM2,6,6,2013-12-31
RPC,0,0,2014-12-31
RD3,5,5,2015-12-31
RTK,0,0,2017-05-31
RNS,2,2,2013-01-31
RHM,2,2,2013-12-31
RHW,3,3,2014-12-31
RHU,1,1,2015-12-31
RF4,0,0,2017-05-31
RBZ,2,2,2013-01-31
RA7,4,4,2013-12-31
RT3,1,1,2014-12-31
RPC,0,0,2015-12-31
RFF,0,0,2017-05-31
RJL,5,5,2013-01-31
RKB,4,4,2013-12-31
REF,8,8,2014-12-31
RHW,1,1,2015-12-31
R1H,9,9,2017-05-31
RTF,1,1,2013-01-31
RWE,5,5,2013-12-31
RH8,4,4,2014-12-31
RT3,0,0,2015-12-31
RDD,1,1,2017-05-31
RX1,12,12,2013-01-31
RTX,6,6,2013-12-31
RAL,1,1,2014-12-31
REF,3,3,2015-12-31
RC1,1,1,2017-05-31
RTH,6,6,2013-01-31
RBK,2,2,2013-12-31
RQ6,2,2,2014-12-31
RH8,2,2,2015-12-31
RQ3,0,0,2017-05-31
RGM,0,0,2013-01-31
RWW,4,4,2013-12-31
RAN,0,0,2014-12-31
RAL,4,4,2015-12-31
RXL,6,6,2017-05-31
RW6,8,8,2013-01-31
RWG,0,0,2013-12-31
RA2,1,1,2014-12-31
RQ6,1,1,2015-12-31
RMC,2,2,2017-05-31
RGN,1,1,2013-01-31
RFW,0,0,2013-12-31
RD1,3,3,2014-12-31
RAN,1,1,2015-12-31
RAE,0,0,2017-05-31
RK9,3,3,2013-01-31
RGR,3,3,2013-12-31
RM3,2,2,2014-12-31
RA2,2,2,2015-12-31
RXH,3,3,2017-05-31
RD3,3,3,2013-01-31
RYR,2,2,2013-12-31
RNZ,1,1,2014-12-31
RD1,4,4,2015-12-31
RXQ,2,2,2017-05-31
RHU,2,2,2013-01-31
RA3,1,1,2013-12-31
RXK,0,0,2014-12-31
RM3,0,0,2015-12-31
RJF,3,3,2017-05-31
RQW,0,0,2013-01-31
RBL,3,3,2013-12-31
RCU,4,4,2014-12-31
RNZ,0,0,2015-12-31
RWY,2,2,2017-05-31
RPC,0,0,2013-01-31
RWP,3,3,2013-12-31
RHQ,5,5,2014-12-31
RXK,3,3,2015-12-31
RGT,11,11,2017-05-31
RHW,4,4,2013-01-31
RRF,1,1,2013-12-31
RK5,9,9,2014-12-31
RCU,0,0,2015-12-31
RQM,3,3,2017-05-31
RT3,1,1,2013-01-31
RLQ,1,1,2013-12-31
RXW,3,3,2014-12-31
RHQ,11,11,2015-12-31
RFS,1,1,2017-05-31
REF,0,0,2013-01-31
RA4,0,0,2013-12-31
RA9,2,2,2014-12-31
RK5,1,1,2015-12-31
RLN,2,2,2017-05-31
RH8,5,5,2013-01-31
RCB,8,8,2013-12-31
RTR,13,13,2014-12-31
RXW,2,2,2015-12-31
RDE,3,3,2017-05-31
RAL,2,2,2013-01-31
REM,1,1,2014-01-31
RE9,1,1,2014-12-31
RA9,1,1,2015-12-31
RJR,2,2,2017-05-31
RQ6,9,9,2013-01-31
RCF,0,0,2014-01-31
RJC,2,2,2014-12-31
RTR,7,7,2015-12-31
RXP,2,2,2017-05-31
RBB,0,0,2013-01-31
RBS,0,0,2014-01-31
RAJ,2,2,2014-12-31
RE9,2,2,2015-12-31
RJ6,1,1,2017-05-31
RAN,0,0,2013-01-31
RTK,0,0,2014-01-31
RVY,3,3,2014-12-31
RJC,0,0,2015-12-31
RN7,2,2,2017-05-31
RA2,2,2,2013-01-31
RF4,2,2,2014-01-31
RBN,0,0,2014-12-31
RAJ,1,1,2015-12-31
RTG,5,5,2017-05-31
RD1,2,2,2013-01-31
RFF,1,1,2014-01-31
RJ7,3,3,2014-12-31
RVY,0,0,2015-12-31
RP5,2,2,2017-05-31
RL4,2,2,2013-01-31
R1H,11,11,2014-01-31
RWJ,1,1,2014-12-31
RBN,4,4,2015-12-31
RBD,0,0,2017-05-31
RM3,3,3,2013-01-31
RDD,1,1,2014-01-31
RTP,0,0,2014-12-31
RJ7,1,1,2015-12-31
RWH,2,2,2017-05-31
RNZ,1,1,2013-01-31
RC1,1,1,2014-01-31
RMP,0,0,2014-12-31
RWJ,3,3,2015-12-31
RJN,1,1,2017-05-31
RXK,3,3,2013-01-31
RQ3,0,0,2014-01-31
RBA,1,1,2014-12-31
RTP,6,6,2015-12-31
RVV,3,3,2017-05-31
RCU,0,0,2013-01-31
RLU,0,0,2014-01-31
RBV,2,2,2014-12-31
RMP,0,0,2015-12-31
RXR,4,4,2017-05-31
RHQ,12,12,2013-01-31
RXL,1,1,2014-01-31
REN,0,0,2014-12-31
RBA,2,2,2015-12-31
RXC,5,5,2017-05-31
RK5,4,4,2013-01-31
RMC,4,4,2014-01-31
RNA,5,5,2014-12-31
RBV,0,0,2015-12-31
RVR,6,6,2017-05-31
RXW,5,5,2013-01-31
RAE,6,6,2014-01-31
RAS,4,4,2014-12-31
REN,0,0,2015-12-31
RDU,1,1,2017-05-31
RA9,1,1,2013-01-31
RXH,6,6,2014-01-31
RTD,7,7,2014-12-31
RNA,8,8,2015-12-31
RR7,1,1,2017-05-31
RTR,6,6,2013-01-31
RXQ,2,2,2014-01-31
RQW,0,0,2014-12-31
RAS,0,0,2015-12-31
RLT,0,0,2017-05-31
RE9,0,0,2013-01-31
RJF,0,0,2014-01-31
RCX,4,4,2014-12-31
RTD,8,8,2015-12-31
RTE,4,4,2017-05-31
RJC,2,2,2013-01-31
RWY,1,1,2014-01-31
RL1,0,0,2014-12-31
RQW,2,2,2015-12-31
RP4,0,0,2017-05-31
RAJ,1,1,2013-01-31
RGT,4,4,2014-01-31
RFR,3,3,2014-12-31
RCX,4,4,2015-12-31
RN3,2,2,2017-05-31
RVY,4,4,2013-01-31
RW3,2,2,2014-01-31
RDZ,1,1,2014-12-31
RL1,0,0,2015-12-31
RJ1,1,1,2017-05-31
RBN,5,5,2013-01-31
RQM,1,1,2014-01-31
RPY,3,3,2014-12-31
RFR,1,1,2015-12-31
RN5,2,2,2017-05-31
RJ7,7,7,2013-01-31
RFS,2,2,2014-01-31
RRJ,1,1,2014-12-31
RDZ,1,1,2015-12-31
RCD,0,0,2017-05-31
RWJ,5,5,2013-01-31
RLN,2,2,2014-01-31
RL4,6,6,2014-12-31
RPY,2,2,2015-12-31
RR1,2,2,2017-05-31
RTP,4,4,2013-01-31
REN,1,1,2014-01-31
RET,1,1,2014-12-31
RRJ,1,1,2015-12-31
RQX,1,1,2017-05-31
RMP,4,4,2013-01-31
RDE,1,1,2014-01-31
RKE,1,1,2014-12-31
RL4,6,6,2015-12-31
RWA,5,5,2017-05-31
RBA,0,0,2013-01-31
RJR,9,9,2014-01-31
RWD,2,2,2014-12-31
RET,0,0,2015-12-31
RYJ,3,3,2017-05-31
RBV,0,0,2013-01-31
RXP,4,4,2014-01-31
RRV,10,10,2014-12-31
RKE,1,1,2015-12-31
RGQ,3,3,2017-05-31
RNA,6,6,2013-01-31
RJ6,0,0,2014-01-31
RJE,10,10,2014-12-31
RWD,9,9,2015-12-31
R1F,3,3,2017-05-31
RAS,3,3,2013-01-31
RN7,2,2,2014-01-31
RM2,5,5,2014-12-31
RRV,5,5,2015-12-31
RGP,2,2,2017-05-31
RTD,4,4,2013-01-31
RTG,5,5,2014-01-31
RHM,8,8,2014-12-31
RJE,7,7,2015-12-31
RNQ,4,4,2017-05-31
RCX,2,2,2013-01-31
RP5,2,2,2014-01-31
RRK,6,6,2014-12-31
RM2,2,2,2015-12-31
RJZ,6,6,2017-05-31
RL1,0,0,2013-01-31
RBD,3,3,2014-01-31
RA7,4,4,2014-12-31
RHM,5,5,2015-12-31
RAX,1,1,2017-05-31
RFR,1,1,2013-01-31
RC3,1,1,2014-01-31
RKB,9,9,2014-12-31
RRK,6,6,2015-12-31
RXN,6,6,2017-05-31
RDZ,5,5,2013-01-31
RWH,0,0,2014-01-31
RWE,11,11,2014-12-31
RA7,6,6,2015-12-31
RR8,9,9,2017-05-31
RPY,2,2,2013-01-31
RJN,1,1,2014-01-31
RTX,4,4,2014-12-31
RKB,3,3,2015-12-31
RJ2,1,1,2017-05-31
RRJ,0,0,2013-01-31
RVV,4,4,2014-01-31
RBK,1,1,2014-12-31
RWE,6,6,2015-12-31
RBQ,1,1,2017-05-31
RET,0,0,2013-01-31
RXR,3,3,2014-01-31
RWW,3,3,2014-12-31
RTX,0,0,2015-12-31
REP,0,0,2017-05-31
RKE,0,0,2013-01-31
RXC,1,1,2014-01-31
RWG,1,1,2014-12-31
RBK,0,0,2015-12-31
R1K,4,4,2017-05-31
RWD,2,2,2013-01-31
RVR,3,3,2014-01-31
RFW,0,0,2014-12-31
RWW,0,0,2015-12-31
RC9,2,2,2017-05-31
RRV,1,1,2013-01-31
RDU,1,1,2014-01-31
RGR,1,1,2014-12-31
RWG,1,1,2015-12-31
RWF,5,5,2017-05-31
RRK,4,4,2013-01-31
RR7,2,2,2014-01-31
RYR,5,5,2014-12-31
RGR,2,2,2015-12-31
R0A,8,8,2017-05-31
RJE,6,6,2013-01-31
RLT,2,2,2014-01-31
RA3,1,1,2014-12-31
RYR,3,3,2015-12-31
RPA,3,3,2017-05-31
RM2,5,5,2013-01-31
RTE,3,3,2014-01-31
RBL,0,0,2014-12-31
RA3,1,1,2015-12-31
RBT,4,4,2017-05-31
RHM,0,0,2013-01-31
RP4,0,0,2014-01-31
RWP,4,4,2014-12-31
RBL,6,6,2015-12-31
RQ8,3,3,2017-05-31
RA7,4,4,2013-01-31
RN3,1,1,2014-01-31
RRF,3,3,2014-12-31
RWP,2,2,2015-12-31
RXF,3,3,2017-05-31
RKB,10,10,2013-01-31
RJ1,3,3,2014-01-31
RLQ,0,0,2014-12-31
RRF,2,2,2015-12-31
RD8,0,0,2017-05-31
RWE,12,12,2013-01-31
RN5,5,5,2014-01-31
RA4,2,2,2014-12-31
RLQ,1,1,2015-12-31
RP6,0,0,2017-05-31
RTX,5,5,2013-01-31
RCD,0,0,2014-01-31
RCB,10,10,2014-12-31
RA4,2,2,2015-12-31
RR1,5,5,2017-06-30
RBK,2,2,2013-01-31
RR1,5,5,2014-01-31
REM,6,6,2015-01-31
RCB,7,7,2015-12-31
RQX,1,1,2017-06-30
RWW,2,2,2013-01-31
RD7,0,0,2014-01-31
RCF,0,0,2015-01-31
REM,3,3,2015-12-31
RWA,0,0,2017-06-30
RWG,0,0,2013-01-31
RQQ,1,1,2014-01-31
RBS,0,0,2015-01-31
RCF,0,0,2015-12-31
RYJ,7,7,2017-06-30
RFW,1,1,2013-01-31
RQX,1,1,2014-01-31
RTK,2,2,2015-01-31
RBS,0,0,2015-12-31
RGQ,1,1,2017-06-30
RGR,1,1,2013-01-31
RWA,3,3,2014-01-31
RF4,2,2,2015-01-31
RTK,0,0,2015-12-31
R1F,3,3,2017-06-30
RYR,5,5,2013-01-31
RYJ,4,4,2014-01-31
RFF,0,0,2015-01-31
RF4,5,5,2015-12-31
RGP,3,3,2017-06-30
RA3,2,2,2013-01-31
RGQ,2,2,2014-01-31
R1H,9,9,2015-01-31
RFF,0,0,2015-12-31
RNQ,2,2,2017-06-30
RBL,2,2,2013-01-31
R1F,0,0,2014-01-31
RDD,3,3,2015-01-31
R1H,6,6,2015-12-31
RJZ,10,10,2017-06-30
RWP,2,2,2013-01-31
RGP,2,2,2014-01-31
RC1,0,0,2015-01-31
RDD,2,2,2015-12-31
RAX,1,1,2017-06-30
RRF,4,4,2013-01-31
RNQ,1,1,2014-01-31
RQ3,0,0,2015-01-31
RC1,3,3,2015-12-31
RXN,3,3,2017-06-30
RLQ,0,0,2013-01-31
RJZ,7,7,2014-01-31
RLU,0,0,2015-01-31
RQ3,0,0,2015-12-31
RR8,9,9,2017-06-30
RA4,1,1,2013-01-31
RAX,1,1,2014-01-31
RXL,7,7,2015-01-31
RLU,0,0,2015-12-31
RJ2,2,2,2017-06-30
RCB,4,4,2013-01-31
RXN,4,4,2014-01-31
RMC,3,3,2015-01-31
RXL,5,5,2015-12-31
RBQ,0,0,2017-06-30
RAP,3,3,2013-02-28
RR8,12,12,2014-01-31
RAE,3,3,2015-01-31
RMC,4,4,2015-12-31
REP,0,0,2017-06-30
RVW,5,5,2013-02-28
RJ2,4,4,2014-01-31
RXH,3,3,2015-01-31
RAE,1,1,2015-12-31
R1K,3,3,2017-06-30
RV8,1,1,2013-02-28
RBQ,1,1,2014-01-31
RXQ,2,2,2015-01-31
RXH,4,4,2015-12-31
RC9,1,1,2017-06-30
RNS,2,2,2013-02-28
REP,0,0,2014-01-31
RJF,1,1,2015-01-31
RXQ,1,1,2015-12-31
RWF,2,2,2017-06-30
RBZ,2,2,2013-02-28
RC9,1,1,2014-01-31
RWY,3,3,2015-01-31
RJF,6,6,2015-12-31
R0A,10,10,2017-06-30
RJL,4,4,2013-02-28
RWF,1,1,2014-01-31
RGT,4,4,2015-01-31
RWY,1,1,2015-12-31
RPA,6,6,2017-06-30
RTF,2,2,2013-02-28
RPA,1,1,2014-01-31
RW3,6,6,2015-01-31
RGT,4,4,2015-12-31
RBT,3,3,2017-06-30
RX1,8,8,2013-02-28
RBT,1,1,2014-01-31
RQM,1,1,2015-01-31
RW3,7,7,2015-12-31
RQ8,2,2,2017-06-30
RTH,10,10,2013-02-28
RQ8,1,1,2014-01-31
RFS,3,3,2015-01-31
RQM,1,1,2015-12-31
RXF,1,1,2017-06-30
RGM,1,1,2013-02-28
RXF,4,4,2014-01-31
RLN,4,4,2015-01-31
RFS,1,1,2015-12-31
RD8,0,0,2017-06-30
RW6,6,6,2013-02-28
RD8,3,3,2014-01-31
RDE,9,9,2015-01-31
RLN,8,8,2015-12-31
RP6,0,0,2017-06-30
RGN,2,2,2013-02-28
RP6,0,0,2014-01-31
RJR,4,4,2015-01-31
RDE,2,2,2015-12-31
RM1,6,6,2017-06-30
RK9,2,2,2013-02-28
RM1,5,5,2014-01-31
RXP,1,1,2015-01-31
RJR,3,3,2015-12-31
RVJ,4,4,2017-06-30
RD3,2,2,2013-02-28
RVJ,7,7,2014-01-31
RJ6,1,1,2015-01-31
RXP,4,4,2015-12-31
RNL,4,4,2017-06-30
RHU,1,1,2013-02-28
RNL,4,4,2014-01-31
RN7,2,2,2015-01-31
RJ6,1,1,2015-12-31
RAP,4,4,2017-06-30
RQW,1,1,2013-02-28
RAP,1,1,2014-01-31
RTG,8,8,2015-01-31
RN7,1,1,2015-12-31
RVW,4,4,2017-06-30
RPC,0,0,2013-02-28
RVW,2,2,2014-01-31
RP5,5,5,2015-01-31
RTG,3,3,2015-12-31
RGN,4,4,2017-06-30
RHW,3,3,2013-02-28
RV8,0,0,2014-01-31
RBD,0,0,2015-01-31
RP5,1,1,2015-12-31
RNS,5,5,2017-06-30
RT3,1,1,2013-02-28
RNS,0,0,2014-01-31
RWH,1,1,2015-01-31
RBD,4,4,2015-12-31
RBZ,2,2,2017-06-30
REF,3,3,2013-02-28
RBZ,1,1,2014-01-31
RJN,0,0,2015-01-31
RWH,1,1,2015-12-31
RJL,3,3,2017-06-30
RH8,1,1,2013-02-28
RJL,1,1,2014-01-31
RVV,0,0,2015-01-31
RJN,0,0,2015-12-31
RTF,4,4,2017-06-30
RAL,3,3,2013-02-28
RTF,1,1,2014-01-31
RXR,3,3,2015-01-31
RVV,5,5,2015-12-31
RX1,6,6,2017-06-30
RQ6,4,4,2013-02-28
RX1,8,8,2014-01-31
RXC,3,3,2015-01-31
RXR,3,3,2015-12-31
RTH,4,4,2017-06-30
RBB,0,0,2013-02-28
RTH,7,7,2014-01-31
RVR,4,4,2015-01-31
RDD,7,7,2016-01-31
RW6,5,5,2017-06-30
RAN,3,3,2013-02-28
RGM,0,0,2014-01-31
RDU,3,3,2015-01-31
RC1,3,3,2016-01-31
RD3,5,5,2017-06-30
RA2,1,1,2013-02-28
RW6,5,5,2014-01-31
RR7,0,0,2015-01-31
RQ3,0,0,2016-01-31
RHU,0,0,2017-06-30
RD1,3,3,2013-02-28
RGN,1,1,2014-01-31
RLT,0,0,2015-01-31
RLU,0,0,2016-01-31
RPC,0,0,2017-06-30
RL4,2,2,2013-02-28
RK9,4,4,2014-01-31
RTE,4,4,2015-01-31
RXL,6,6,2016-01-31
RHW,3,3,2017-06-30
RM3,3,3,2013-02-28
RD3,2,2,2014-01-31
RP4,1,1,2015-01-31
RMC,4,4,2016-01-31
RT3,2,2,2017-06-30
RNZ,3,3,2013-02-28
RHU,1,1,2014-01-31
RN3,0,0,2015-01-31
RAE,2,2,2016-01-31
REF,3,3,2017-06-30
RXK,9,9,2013-02-28
RQW,1,1,2014-01-31
RJ1,6,6,2015-01-31
RXH,2,2,2016-01-31
RH8,2,2,2017-06-30
RCU,0,0,2013-02-28
RPC,0,0,2014-01-31
RN5,0,0,2015-01-31
RXQ,3,3,2016-01-31
RAL,9,9,2017-06-30
RHQ,7,7,2013-02-28
RHW,3,3,2014-01-31
RCD,0,0,2015-01-31
RJF,1,1,2016-01-31
RQ6,4,4,2017-06-30
RK5,4,4,2013-02-28
RT3,4,4,2014-01-31
RR1,8,8,2015-01-31
RWY,3,3,2016-01-31
RAN,0,0,2017-06-30
RXW,4,4,2013-02-28
REF,0,0,2014-01-31
RQQ,2,2,2015-01-31
RGT,2,2,2016-01-31
RGM,0,0,2017-06-30
RA9,0,0,2013-02-28
RH8,0,0,2014-01-31
RQX,0,0,2015-01-31
RW3,4,4,2016-01-31
RA2,2,2,2017-06-30
RTR,0,0,2013-02-28
RAL,5,5,2014-01-31
RWA,5,5,2015-01-31
RQM,3,3,2016-01-31
RD1,1,1,2017-06-30
RE9,0,0,2013-02-28
RQ6,4,4,2014-01-31
RYJ,4,4,2015-01-31
RFS,2,2,2016-01-31
RM3,3,3,2017-06-30
RJC,2,2,2013-02-28
RBB,0,0,2014-01-31
RGQ,4,4,2015-01-31
RLN,1,1,2016-01-31
RNZ,0,0,2017-06-30
RAJ,5,5,2013-02-28
RAN,0,0,2014-01-31
R1F,2,2,2015-01-31
RDE,3,3,2016-01-31
RXK,3,3,2017-06-30
RVY,2,2,2013-02-28
RA2,2,2,2014-01-31
RGP,3,3,2015-01-31
RJR,1,1,2016-01-31
RCU,0,0,2017-06-30
RBN,1,1,2013-02-28
RD1,2,2,2014-01-31
RNQ,2,2,2015-01-31
RXP,3,3,2016-01-31
RHQ,11,11,2017-06-30
RJ7,3,3,2013-02-28
RM3,1,1,2014-01-31
RJZ,12,12,2015-01-31
RJ6,0,0,2016-01-31
RK5,3,3,2017-06-30
RWJ,2,2,2013-02-28
RNZ,6,6,2014-01-31
RAX,1,1,2015-01-31
RN7,2,2,2016-01-31
RXW,1,1,2017-06-30
RTP,2,2,2013-02-28
RXK,2,2,2014-01-31
RXN,3,3,2015-01-31
RTG,5,5,2016-01-31
RTR,5,5,2017-06-30
RMP,2,2,2013-02-28
RCU,0,0,2014-01-31
RR8,5,5,2015-01-31
RP5,1,1,2016-01-31
RE9,0,0,2017-06-30
RBA,2,2,2013-02-28
RHQ,4,4,2014-01-31
RJ2,2,2,2015-01-31
RBD,0,0,2016-01-31
RJC,1,1,2017-06-30
RBV,1,1,2013-02-28
RK5,2,2,2014-01-31
RBQ,0,0,2015-01-31
RWH,3,3,2016-01-31
RAJ,4,4,2017-06-30
RNA,0,0,2013-02-28
RXW,3,3,2014-01-31
REP,0,0,2015-01-31
RJN,0,0,2016-01-31
RVY,0,0,2017-06-30
RAS,1,1,2013-02-28
RA9,1,1,2014-01-31
R1K,4,4,2015-01-31
RVV,1,1,2016-01-31
RJ7,1,1,2017-06-30
RTD,8,8,2013-02-28
RTR,2,2,2014-01-31
RC9,0,0,2015-01-31
RXR,3,3,2016-01-31
RBN,1,1,2017-06-30
RCX,3,3,2013-02-28
RE9,2,2,2014-01-31
RWF,1,1,2015-01-31
RXC,4,4,2016-01-31
RWJ,0,0,2017-06-30
RL1,0,0,2013-02-28
RJC,0,0,2014-01-31
RPA,0,0,2015-01-31
RVR,2,2,2016-01-31
RTP,2,2,2017-06-30
RFR,1,1,2013-02-28
RAJ,2,2,2014-01-31
RBT,3,3,2015-01-31
RDU,1,1,2016-01-31
RMP,5,5,2017-06-30
RDZ,3,3,2013-02-28
RVY,2,2,2014-01-31
RQ8,1,1,2015-01-31
RR7,7,7,2016-01-31
RBA,5,5,2017-06-30
RPY,1,1,2013-02-28
RBN,3,3,2014-01-31
RXF,6,6,2015-01-31
RLT,1,1,2016-01-31
RBV,2,2,2017-06-30
RRJ,0,0,2013-02-28
RJ7,1,1,2014-01-31
RD8,2,2,2015-01-31
RTE,6,6,2016-01-31
REN,2,2,2017-06-30
RET,0,0,2013-02-28
RWJ,2,2,2014-01-31
RP6,0,0,2015-01-31
RP4,2,2,2016-01-31
RNA,2,2,2017-06-30
RKE,2,2,2013-02-28
RTP,1,1,2014-01-31
RM1,11,11,2015-01-31
RN3,1,1,2016-01-31
RAS,1,1,2017-06-30
RWD,9,9,2013-02-28
RMP,4,4,2014-01-31
RVJ,1,1,2015-01-31
RJ1,3,3,2016-01-31
RTD,10,10,2017-06-30
RRV,3,3,2013-02-28
RBA,0,0,2014-01-31
RNL,4,4,2015-01-31
RN5,4,4,2016-01-31
RQW,1,1,2017-06-30
RRK,2,2,2013-02-28
RBV,0,0,2014-01-31
RAP,4,4,2015-01-31
RCD,5,5,2016-01-31
RCX,4,4,2017-06-30
RJE,4,4,2013-02-28
RNA,4,4,2014-01-31
RVW,1,1,2015-01-31
RR1,7,7,2016-01-31
RL1,0,0,2017-06-30
RM2,5,5,2013-02-28
RAS,0,0,2014-01-31
RNS,4,4,2015-01-31
RQQ,0,0,2016-01-31
RFR,0,0,2017-06-30
RHM,5,5,2013-02-28
RTD,7,7,2014-01-31
RBZ,1,1,2015-01-31
RQX,0,0,2016-01-31
RDZ,0,0,2017-06-30
RA7,6,6,2013-02-28
RCX,6,6,2014-01-31
RJL,2,2,2015-01-31
RWA,4,4,2016-01-31
RPY,3,3,2017-06-30
RKB,8,8,2013-02-28
RL1,0,0,2014-01-31
RTF,2,2,2015-01-31
RYJ,5,5,2016-01-31
RRJ,0,0,2017-06-30
RWE,4,4,2013-02-28
RFR,2,2,2014-01-31
RX1,11,11,2015-01-31
RGQ,3,3,2016-01-31
RL4,2,2,2017-06-30
RTX,3,3,2013-02-28
RDZ,0,0,2014-01-31
RTH,4,4,2015-01-31
R1F,3,3,2016-01-31
RET,2,2,2017-06-30
RBK,2,2,2013-02-28
RPY,1,1,2014-01-31
RGM,1,1,2015-01-31
RGP,2,2,2016-01-31
RKE,0,0,2017-06-30
RWW,2,2,2013-02-28
RRJ,0,0,2014-01-31
RW6,6,6,2015-01-31
RNQ,1,1,2016-01-31
RA9,1,1,2017-06-30
RWG,10,10,2013-02-28
RL4,5,5,2014-01-31
RGN,7,7,2015-01-31
RJZ,10,10,2016-01-31
RWD,4,4,2017-06-30
RFW,2,2,2013-02-28
RET,2,2,2014-01-31
RK9,2,2,2015-01-31
RAX,1,1,2016-01-31
RRV,8,8,2017-06-30
RGR,0,0,2013-02-28
RKE,3,3,2014-01-31
RD3,2,2,2015-01-31
RXN,3,3,2016-01-31
RHM,5,5,2017-06-30
RYR,4,4,2013-02-28
RWD,3,3,2014-01-31
RHU,3,3,2015-01-31
RR8,11,11,2016-01-31
RRK,10,10,2017-06-30
RA3,2,2,2013-02-28
RRV,5,5,2014-01-31
RPC,0,0,2015-01-31
RJ2,2,2,2016-01-31
RA7,5,5,2017-06-30
RBL,4,4,2013-02-28
RRK,4,4,2014-01-31
RHW,2,2,2015-01-31
RBQ,1,1,2016-01-31
RKB,3,3,2017-06-30
RWP,6,6,2013-02-28
RJE,8,8,2014-01-31
RT3,2,2,2015-01-31
REP,0,0,2016-01-31
RWE,10,10,2017-06-30
RRF,3,3,2013-02-28
RM2,1,1,2014-01-31
REF,1,1,2015-01-31
R1K,5,5,2016-01-31
RTX,3,3,2017-06-30
RLQ,0,0,2013-02-28
RHM,3,3,2014-01-31
RH8,3,3,2015-01-31
RC9,0,0,2016-01-31
RJE,4,4,2017-06-30
RA4,1,1,2013-02-28
RA7,0,0,2014-01-31
RAL,7,7,2015-01-31
RWF,0,0,2016-01-31
RK9,3,3,2017-06-30
RCB,5,5,2013-02-28
RKB,10,10,2014-01-31
RQ6,1,1,2015-01-31
RPA,1,1,2016-01-31
RBK,1,1,2017-06-30
REM,2,2,2013-02-28
RWE,10,10,2014-01-31
RAN,0,0,2015-01-31
RBT,1,1,2016-01-31
RWW,0,0,2017-06-30
RCF,0,0,2013-02-28
RTX,5,5,2014-01-31
RA2,3,3,2015-01-31
RQ8,2,2,2016-01-31
RWG,4,4,2017-06-30
RBS,0,0,2013-02-28
RBK,2,2,2014-01-31
RD1,4,4,2015-01-31
RXF,4,4,2016-01-31
RGR,0,0,2017-06-30
RTK,2,2,2013-02-28
RWW,4,4,2014-01-31
RM3,1,1,2015-01-31
RD8,1,1,2016-01-31
RYR,3,3,2017-06-30
RF4,3,3,2013-02-28
RWG,2,2,2014-01-31
RNZ,0,0,2015-01-31
RP6,0,0,2016-01-31
RA3,1,1,2017-06-30
RVL,3,3,2013-02-28
RFW,0,0,2014-01-31
RXK,0,0,2015-01-31
RM1,4,4,2016-01-31
RBL,3,3,2017-06-30
RFF,2,2,2013-02-28
RGR,0,0,2014-01-31
RCU,0,0,2015-01-31
RVJ,2,2,2016-01-31
RWP,3,3,2017-06-30
R1H,7,7,2013-02-28
RYR,7,7,2014-01-31
RHQ,1,1,2015-01-31
RNL,1,1,2016-01-31
RRF,1,1,2017-06-30
RDD,1,1,2013-02-28
RA3,2,2,2014-01-31
RK5,3,3,2015-01-31
RAP,3,3,2016-01-31
RLQ,1,1,2017-06-30
RC1,3,3,2013-02-28
RBL,4,4,2014-01-31
RXW,6,6,2015-01-31
RVW,5,5,2016-01-31
RA4,0,0,2017-06-30
RQ3,0,0,2013-02-28
RWP,4,4,2014-01-31
RA9,2,2,2015-01-31
RNS,5,5,2016-01-31
RCB,5,5,2017-06-30
RLU,0,0,2013-02-28
RRF,2,2,2014-01-31
RTR,6,6,2015-01-31
RBZ,0,0,2016-01-31
REM,5,5,2017-06-30
RXL,2,2,2013-02-28
RLQ,2,2,2014-01-31
RE9,1,1,2015-01-31
RJL,4,4,2016-01-31
RCF,2,2,2017-06-30
RMC,6,6,2013-02-28
RA4,1,1,2014-01-31
RJC,0,0,2015-01-31
RTF,2,2,2016-01-31
RBS,0,0,2017-06-30
RAE,6,6,2013-02-28
RCB,1,1,2014-01-31
RAJ,4,4,2015-01-31
RX1,7,7,2016-01-31
RTK,4,4,2017-06-30
RXH,11,11,2013-02-28
REM,4,4,2014-02-28
RVY,1,1,2015-01-31
RTH,3,3,2016-01-31
RF4,1,1,2017-06-30
RXQ,4,4,2013-02-28
RCF,0,0,2014-02-28
RBN,6,6,2015-01-31
RGM,0,0,2016-01-31
RFF,1,1,2017-06-30
RJF,1,1,2013-02-28
RBS,0,0,2014-02-28
RJ7,1,1,2015-01-31
RW6,10,10,2016-01-31
R1H,8,8,2017-06-30
RWY,0,0,2013-02-28
RTK,1,1,2014-02-28
RWJ,1,1,2015-01-31
RGN,3,3,2016-01-31
RDD,2,2,2017-06-30
RGT,6,6,2013-02-28
RF4,2,2,2014-02-28
RTP,2,2,2015-01-31
RK9,2,2,2016-01-31
RC1,1,1,2017-06-30
RW3,12,12,2013-02-28
RFF,2,2,2014-02-28
RMP,2,2,2015-01-31
RD3,2,2,2016-01-31
RQ3,0,0,2017-06-30
RQM,1,1,2013-02-28
R1H,10,10,2014-02-28
RBA,0,0,2015-01-31
RHU,7,7,2016-01-31
RXL,2,2,2017-06-30
RFS,2,2,2013-02-28
RDD,4,4,2014-02-28
RBV,2,2,2015-01-31
RPC,1,1,2016-01-31
RMC,1,1,2017-06-30
RLN,7,7,2013-02-28
RC1,0,0,2014-02-28
REN,0,0,2015-01-31
RHW,3,3,2016-01-31
RAE,1,1,2017-06-30
REN,2,2,2013-02-28
RQ3,0,0,2014-02-28
RNA,6,6,2015-01-31
RT3,2,2,2016-01-31
RXH,3,3,2017-06-30
RDE,1,1,2013-02-28
RLU,0,0,2014-02-28
RAS,6,6,2015-01-31
REF,6,6,2016-01-31
RXQ,4,4,2017-06-30
RJR,2,2,2013-02-28
RXL,2,2,2014-02-28
RTD,8,8,2015-01-31
RH8,2,2,2016-01-31
RJF,0,0,2017-06-30
RXP,4,4,2013-02-28
RMC,3,3,2014-02-28
RQW,2,2,2015-01-31
RAL,5,5,2016-01-31
RWY,4,4,2017-06-30
RJ6,2,2,2013-02-28
RAE,5,5,2014-02-28
RCX,1,1,2015-01-31
RQ6,1,1,2016-01-31
RGT,4,4,2017-06-30
RN7,3,3,2013-02-28
RXH,3,3,2014-02-28
RL1,0,0,2015-01-31
RAN,0,0,2016-01-31
RQM,0,0,2017-06-30
RTG,11,11,2013-02-28
RXQ,3,3,2014-02-28
RFR,3,3,2015-01-31
RA2,1,1,2016-01-31
RFS,1,1,2017-06-30
RP5,5,5,2013-02-28
RJF,0,0,2014-02-28
RDZ,2,2,2015-01-31
RD1,3,3,2016-01-31
RLN,6,6,2017-06-30
RBD,1,1,2013-02-28
RWY,1,1,2014-02-28
RPY,5,5,2015-01-31
RM3,1,1,2016-01-31
RDE,3,3,2017-06-30
RC3,0,0,2013-02-28
RGT,3,3,2014-02-28
RRJ,0,0,2015-01-31
RNZ,0,0,2016-01-31
RJR,1,1,2017-06-30
RWH,0,0,2013-02-28
RW3,8,8,2014-02-28
RL4,9,9,2015-01-31
RXK,3,3,2016-01-31
RXP,4,4,2017-06-30
RJN,0,0,2013-02-28
RQM,1,1,2014-02-28
RET,2,2,2015-01-31
RCU,0,0,2016-01-31
RJ6,2,2,2017-06-30
RVV,4,4,2013-02-28
RFS,4,4,2014-02-28
RKE,1,1,2015-01-31
RHQ,9,9,2016-01-31
RN7,1,1,2017-06-30
RXR,3,3,2013-02-28
RLN,3,3,2014-02-28
RWD,3,3,2015-01-31
RK5,5,5,2016-01-31
RTG,5,5,2017-06-30
RXC,2,2,2013-02-28
REN,0,0,2014-02-28
RRV,11,11,2015-01-31
RXW,3,3,2016-01-31
RP5,1,1,2017-06-30
RVR,7,7,2013-02-28
RDE,0,0,2014-02-28
RJE,14,14,2015-01-31
RA9,1,1,2016-01-31
RBD,2,2,2017-06-30
RDU,2,2,2013-02-28
RJR,3,3,2014-02-28
RM2,4,4,2015-01-31
RTR,7,7,2016-01-31
RWH,2,2,2017-06-30
RR7,0,0,2013-02-28
RXP,2,2,2014-02-28
RHM,1,1,2015-01-31
RE9,2,2,2016-01-31
RJN,0,0,2017-06-30
RLT,1,1,2013-02-28
RJ6,1,1,2014-02-28
RRK,4,4,2015-01-31
RJC,2,2,2016-01-31
RVV,3,3,2017-06-30
RTE,5,5,2013-02-28
RN7,3,3,2014-02-28
RA7,3,3,2015-01-31
RAJ,3,3,2016-01-31
RXR,3,3,2017-06-30
RP4,0,0,2013-02-28
RTG,5,5,2014-02-28
RKB,1,1,2015-01-31
RVY,6,6,2016-01-31
RXC,2,2,2017-06-30
RN3,3,3,2013-02-28
RP5,1,1,2014-02-28
RWE,7,7,2015-01-31
RBN,0,0,2016-01-31
RVR,2,2,2017-06-30
RJ1,1,1,2013-02-28
RBD,0,0,2014-02-28
RTX,4,4,2015-01-31
RJ7,2,2,2016-01-31
RDU,5,5,2017-06-30
RN5,4,4,2013-02-28
RWH,2,2,2014-02-28
RBK,0,0,2015-01-31
RWJ,5,5,2016-01-31
RR7,3,3,2017-06-30
RCD,2,2,2013-02-28
RJN,0,0,2014-02-28
RWW,1,1,2015-01-31
RTP,2,2,2016-01-31
RLT,3,3,2017-06-30
RR1,9,9,2013-02-28
RVV,3,3,2014-02-28
RWG,1,1,2015-01-31
RMP,0,0,2016-01-31
RTE,3,3,2017-06-30
RD7,4,4,2013-02-28
RXR,2,2,2014-02-28
RFW,0,0,2015-01-31
RBA,1,1,2016-01-31
RP4,0,0,2017-06-30
RQQ,0,0,2013-02-28
RXC,3,3,2014-02-28
RGR,3,3,2015-01-31
RBV,2,2,2016-01-31
RN3,1,1,2017-06-30
RQX,1,1,2013-02-28
RVR,2,2,2014-02-28
RYR,3,3,2015-01-31
REN,0,0,2016-01-31
RJ1,2,2,2017-06-30
RWA,4,4,2013-02-28
RDU,2,2,2014-02-28
RA3,4,4,2015-01-31
RNA,4,4,2016-01-31
RN5,1,1,2017-06-30
RYJ,6,6,2013-02-28
RR7,0,0,2014-02-28
RBL,6,6,2015-01-31
RAS,2,2,2016-01-31
RCD,0,0,2017-06-30
RGQ,1,1,2013-02-28
RLT,1,1,2014-02-28
RWP,4,4,2015-01-31
RTD,10,10,2016-01-31
RQM,0,0,2017-07-31
R1F,1,1,2013-02-28
RTE,4,4,2014-02-28
RRF,5,5,2015-01-31
RQW,0,0,2016-01-31
RFS,0,0,2017-07-31
RGP,2,2,2013-02-28
RP4,2,2,2014-02-28
RLQ,0,0,2015-01-31
RCX,0,0,2016-01-31
RLN,2,2,2017-07-31
RNQ,1,1,2013-02-28
RN3,1,1,2014-02-28
RA4,2,2,2015-01-31
RL1,0,0,2016-01-31
RDE,1,1,2017-07-31
RJZ,5,5,2013-02-28
RJ1,3,3,2014-02-28
RCB,7,7,2015-01-31
RFR,2,2,2016-01-31
RJR,1,1,2017-07-31
RAX,2,2,2013-02-28
RN5,0,0,2014-02-28
RVR,4,4,2015-02-28
RDZ,1,1,2016-01-31
RXP,3,3,2017-07-31
RXN,5,5,2013-02-28
RCD,2,2,2014-02-28
RDU,2,2,2015-02-28
RPY,3,3,2016-01-31
RJ6,1,1,2017-07-31
RR8,13,13,2013-02-28
RR1,3,3,2014-02-28
RR7,7,7,2015-02-28
RRJ,0,0,2016-01-31
RN7,3,3,2017-07-31
RJ2,7,7,2013-02-28
RQQ,0,0,2014-02-28
RLT,0,0,2015-02-28
RL4,3,3,2016-01-31
RTG,5,5,2017-07-31
RBQ,0,0,2013-02-28
RQX,0,0,2014-02-28
RTE,5,5,2015-02-28
RET,1,1,2016-01-31
RP5,4,4,2017-07-31
REP,0,0,2013-02-28
RWA,3,3,2014-02-28
RP4,2,2,2015-02-28
RKE,0,0,2016-01-31
RBD,0,0,2017-07-31
RC9,0,0,2013-02-28
RYJ,0,0,2014-02-28
RN3,0,0,2015-02-28
RWD,4,4,2016-01-31
RWH,4,4,2017-07-31
RWF,4,4,2013-02-28
RGQ,0,0,2014-02-28
RJ1,2,2,2015-02-28
RRV,5,5,2016-01-31
RJN,1,1,2017-07-31
RPA,3,3,2013-02-28
R1F,0,0,2014-02-28
RN5,3,3,2015-02-28
RJE,5,5,2016-01-31
RVV,3,3,2017-07-31
RBT,1,1,2013-02-28
RGP,3,3,2014-02-28
RCD,1,1,2015-02-28
RM2,1,1,2016-01-31
RXR,2,2,2017-07-31
RQ8,1,1,2013-02-28
RNQ,2,2,2014-02-28
RR1,3,3,2015-02-28
RHM,0,0,2016-01-31
RXC,4,4,2017-07-31
RJD,1,1,2013-02-28
RJZ,5,5,2014-02-28
RQQ,0,0,2015-02-28
RRK,5,5,2016-01-31
RVR,3,3,2017-07-31
RXF,5,5,2013-02-28
RAX,0,0,2014-02-28
RQX,0,0,2015-02-28
RA7,4,4,2016-01-31
RDU,4,4,2017-07-31
RD8,0,0,2013-02-28
RXN,7,7,2014-02-28
REM,5,5,2015-02-28
RKB,5,5,2016-01-31
RR7,6,6,2017-07-31
RP6,0,0,2013-02-28
RR8,9,9,2014-02-28
RCF,0,0,2015-02-28
RWE,7,7,2016-01-31
RLT,0,0,2017-07-31
RM1,4,4,2013-02-28
RJ2,5,5,2014-02-28
RBS,0,0,2015-02-28
RTX,0,0,2016-01-31
RTE,2,2,2017-07-31
RVJ,5,5,2013-02-28
RBQ,0,0,2014-02-28
RTK,1,1,2015-02-28
RBK,0,0,2016-01-31
RP4,0,0,2017-07-31
RNL,5,5,2013-02-28
REP,0,0,2014-02-28
RF4,1,1,2015-02-28
RWW,0,0,2016-01-31
RN3,4,4,2017-07-31
REM,6,6,2013-03-31
R1K,4,4,2014-02-28
RFF,1,1,2015-02-28
RWG,1,1,2016-01-31
RJ1,5,5,2017-07-31
RCF,0,0,2013-03-31
RC9,1,1,2014-02-28
R1H,11,11,2015-02-28
RGR,4,4,2016-01-31
RN5,5,5,2017-07-31
RBS,0,0,2013-03-31
RWF,2,2,2014-02-28
RDD,3,3,2015-02-28
RYR,2,2,2016-01-31
RCD,0,0,2017-07-31
RTK,2,2,2013-03-31
RPA,3,3,2014-02-28
RC1,2,2,2015-02-28
RA3,3,3,2016-01-31
RR1,8,8,2017-07-31
RF4,4,4,2013-03-31
RBT,4,4,2014-02-28
RQ3,0,0,2015-02-28
RBL,3,3,2016-01-31
RQX,2,2,2017-07-31
RVL,1,1,2013-03-31
RQ8,2,2,2014-02-28
RLU,0,0,2015-02-28
RWP,2,2,2016-01-31
RWA,4,4,2017-07-31
RFF,0,0,2013-03-31
RXF,3,3,2014-02-28
RXL,5,5,2015-02-28
RRF,1,1,2016-01-31
RYJ,2,2,2017-07-31
R1H,5,5,2013-03-31
RD8,3,3,2014-02-28
RMC,0,0,2015-02-28
RLQ,2,2,2016-01-31
RGQ,8,8,2017-07-31
RDD,3,3,2013-03-31
RP6,0,0,2014-02-28
RAE,3,3,2015-02-28
RA4,1,1,2016-01-31
R1F,1,1,2017-07-31
RC1,0,0,2013-03-31
RM1,2,2,2014-02-28
RXH,2,2,2015-02-28
RCB,7,7,2016-01-31
RGP,3,3,2017-07-31
RQ3,0,0,2013-03-31
RVJ,0,0,2014-02-28
RXQ,3,3,2015-02-28
REM,9,9,2016-01-31
RNQ,1,1,2017-07-31
RLU,0,0,2013-03-31
RNL,3,3,2014-02-28
RJF,1,1,2015-02-28
RCF,1,1,2016-01-31
RJZ,10,10,2017-07-31
RXL,2,2,2013-03-31
RAP,4,4,2014-02-28
RWY,4,4,2015-02-28
RBS,0,0,2016-01-31
RAX,1,1,2017-07-31
RMC,3,3,2013-03-31
RVW,1,1,2014-02-28
RGT,7,7,2015-02-28
RTK,2,2,2016-01-31
RXN,11,11,2017-07-31
RAE,3,3,2013-03-31
RNS,1,1,2014-02-28
RW3,8,8,2015-02-28
RF4,4,4,2016-01-31
RR8,13,13,2017-07-31
RXH,11,11,2013-03-31
RBZ,0,0,2014-02-28
RQM,0,0,2015-02-28
RFF,3,3,2016-01-31
RJ2,0,0,2017-07-31
RXQ,1,1,2013-03-31
RJL,1,1,2014-02-28
RFS,1,1,2015-02-28
R1H,6,6,2016-01-31
RBQ,0,0,2017-07-31
RJF,2,2,2013-03-31
RTF,3,3,2014-02-28
RLN,6,6,2015-02-28
RHU,2,2,2016-02-29
REP,0,0,2017-07-31
RWY,0,0,2013-03-31
RX1,3,3,2014-02-28
RDE,0,0,2015-02-28
RPC,0,0,2016-02-29
R1K,2,2,2017-07-31
RGT,9,9,2013-03-31
RTH,3,3,2014-02-28
RJR,7,7,2015-02-28
RHW,1,1,2016-02-29
RC9,1,1,2017-07-31
RW3,5,5,2013-03-31
RGM,0,0,2014-02-28
RXP,2,2,2015-02-28
RT3,1,1,2016-02-29
RWF,3,3,2017-07-31
RQM,1,1,2013-03-31
RW6,0,0,2014-02-28
RJ6,2,2,2015-02-28
REF,2,2,2016-02-29
R0A,14,14,2017-07-31
RFS,3,3,2013-03-31
RGN,5,5,2014-02-28
RN7,0,0,2015-02-28
RH8,3,3,2016-02-29
RPA,1,1,2017-07-31
RLN,8,8,2013-03-31
RK9,5,5,2014-02-28
RTG,5,5,2015-02-28
RAL,4,4,2016-02-29
RBT,1,1,2017-07-31
REN,0,0,2013-03-31
RD3,2,2,2014-02-28
RP5,2,2,2015-02-28
RQ6,4,4,2016-02-29
RQ8,5,5,2017-07-31
RDE,2,2,2013-03-31
RHU,1,1,2014-02-28
RBD,2,2,2015-02-28
RAN,0,0,2016-02-29
RXF,2,2,2017-07-31
RJR,7,7,2013-03-31
RQW,1,1,2014-02-28
RWH,0,0,2015-02-28
RA2,1,1,2016-02-29
RD8,1,1,2017-07-31
RXP,9,9,2013-03-31
RPC,0,0,2014-02-28
RJN,0,0,2015-02-28
RD1,2,2,2016-02-29
RP6,0,0,2017-07-31
RJ6,3,3,2013-03-31
RHW,1,1,2014-02-28
RVV,1,1,2015-02-28
RM3,0,0,2016-02-29
RM1,3,3,2017-07-31
RN7,1,1,2013-03-31
RT3,1,1,2014-02-28
RXR,5,5,2015-02-28
RNZ,4,4,2016-02-29
RVJ,3,3,2017-07-31
RTG,9,9,2013-03-31
REF,2,2,2014-02-28
RXC,2,2,2015-02-28
RXK,3,3,2016-02-29
RNL,0,0,2017-07-31
RP5,6,6,2013-03-31
RH8,1,1,2014-02-28
RWA,8,8,2015-02-28
RCU,0,0,2016-02-29
RAP,2,2,2017-07-31
RBD,1,1,2013-03-31
RAL,8,8,2014-02-28
RYJ,8,8,2015-02-28
RHQ,9,9,2016-02-29
RVW,2,2,2017-07-31
RC3,1,1,2013-03-31
RQ6,3,3,2014-02-28
RGQ,3,3,2015-02-28
RK5,7,7,2016-02-29
RGN,4,4,2017-07-31
RWH,1,1,2013-03-31
RAN,1,1,2014-02-28
R1F,1,1,2015-02-28
RXW,2,2,2016-02-29
RNS,5,5,2017-07-31
RJN,0,0,2013-03-31
RA2,2,2,2014-02-28
RGP,1,1,2015-02-28
RA9,1,1,2016-02-29
RBZ,3,3,2017-07-31
RVV,2,2,2013-03-31
RD1,5,5,2014-02-28
RNQ,3,3,2015-02-28
RTR,4,4,2016-02-29
RJL,6,6,2017-07-31
RXR,1,1,2013-03-31
RM3,1,1,2014-02-28
RJZ,5,5,2015-02-28
RE9,0,0,2016-02-29
RTF,0,0,2017-07-31
RXC,5,5,2013-03-31
RNZ,1,1,2014-02-28
RAX,3,3,2015-02-28
RJC,1,1,2016-02-29
RX1,10,10,2017-07-31
RVR,3,3,2013-03-31
RXK,3,3,2014-02-28
RXN,5,5,2015-02-28
RAJ,3,3,2016-02-29
RTH,8,8,2017-07-31
RDU,3,3,2013-03-31
RCU,1,1,2014-02-28
RR8,9,9,2015-02-28
RVY,4,4,2016-02-29
RW6,9,9,2017-07-31
RR7,5,5,2013-03-31
RHQ,3,3,2014-02-28
RJ2,2,2,2015-02-28
RBN,3,3,2016-02-29
RD3,5,5,2017-07-31
RLT,0,0,2013-03-31
RK5,1,1,2014-02-28
RBQ,0,0,2015-02-28
RJ7,3,3,2016-02-29
RHU,3,3,2017-07-31
RTE,6,6,2013-03-31
RXW,0,0,2014-02-28
REP,0,0,2015-02-28
RWJ,4,4,2016-02-29
RPC,0,0,2017-07-31
RP4,0,0,2013-03-31
RA9,4,4,2014-02-28
R1K,1,1,2015-02-28
RTP,1,1,2016-02-29
RHW,1,1,2017-07-31
RN3,6,6,2013-03-31
RTR,5,5,2014-02-28
RC9,3,3,2015-02-28
RMP,1,1,2016-02-29
RT3,5,5,2017-07-31
RJ1,1,1,2013-03-31
RE9,0,0,2014-02-28
RWF,3,3,2015-02-28
RBA,1,1,2016-02-29
REF,4,4,2017-07-31
RN5,5,5,2013-03-31
RJC,0,0,2014-02-28
RPA,1,1,2015-02-28
RBV,3,3,2016-02-29
RH8,1,1,2017-07-31
RCD,1,1,2013-03-31
RAJ,2,2,2014-02-28
RBT,2,2,2015-02-28
REN,0,0,2016-02-29
RAL,9,9,2017-07-31
RR1,4,4,2013-03-31
RVY,7,7,2014-02-28
RQ8,0,0,2015-02-28
RNA,1,1,2016-02-29
RQ6,0,0,2017-07-31
RD7,4,4,2013-03-31
RBN,2,2,2014-02-28
RXF,5,5,2015-02-28
RAS,0,0,2016-02-29
RAN,2,2,2017-07-31
RQQ,1,1,2013-03-31
RJ7,1,1,2014-02-28
RD8,4,4,2015-02-28
RTD,3,3,2016-02-29
RGM,0,0,2017-07-31
RQX,0,0,2013-03-31
RWJ,0,0,2014-02-28
RP6,0,0,2015-02-28
RQW,2,2,2016-02-29
RA2,1,1,2017-07-31
RWA,6,6,2013-03-31
RTP,0,0,2014-02-28
RM1,1,1,2015-02-28
RCX,2,2,2016-02-29
RD1,4,4,2017-07-31
RMP,6,6,2014-02-28
RVJ,3,3,2015-02-28
RL1,0,0,2016-02-29
