Der_Provider_Code,Der_Provider_Site_Code,Der_Financial_Year,elec_los,emrg_los,elec_emrg_ratio
R0A,H5L2X,2021/22,1513,6001,0.25
R0A,H5L2X,2022/23,1232,5655,0.22
R0A,H5L2X,2023/24,988,7052,0.14
R0A,Q7Q3K,2022/23,104,0,104
R0A,Q7Q3K,2023/24,80,0,80
R0A,R0A00,2020/21,0,19,0
R0A,R0A00,2021/22,2,30,0.07
R0A,R0A02,2017/18,23378,110930,0.21
R0A,R0A02,2018/19,49054,237080,0.21
R0A,R0A02,2019/20,47248,230889,0.2
R0A,R0A02,2020/21,26835,172258,0.16
R0A,R0A02,2021/22,34193,192809,0.18
R0A,R0A02,2022/23,43008,213483,0.2
R0A,R0A02,2023/24,40284,168928,0.24
R0A,R0A03,2015/16,0,0,0
R0A,R0A03,2016/17,0,0,0
R0A,R0A03,2017/18,11288,23201,0.49
R0A,R0A03,2018/19,22867,41519,0.55
R0A,R0A03,2019/20,20289,50532,0.4
R0A,R0A03,2020/21,19780,35057,0.56
R0A,R0A03,2021/22,24487,41816,0.59
R0A,R0A03,2022/23,18300,47131,0.39
R0A,R0A03,2023/24,17701,36390,0.49
R0A,R0A04,2017/18,712,789,0.9
R0A,R0A04,2018/19,1467,2184,0.67
R0A,R0A04,2019/20,1424,1683,0.85
R0A,R0A04,2020/21,694,775,0.9
R0A,R0A04,2021/22,1149,1310,0.88
R0A,R0A04,2022/23,1283,1775,0.72
R0A,R0A04,2023/24,818,1513,0.54
R0A,R0A05,2017/18,1961,1808,1.08
R0A,R0A05,2018/19,4141,4294,0.96
R0A,R0A05,2019/20,4636,3948,1.17
R0A,R0A05,2020/21,3053,1534,1.99
R0A,R0A05,2021/22,4805,633,7.59
R0A,R0A05,2022/23,5634,2279,2.47
R0A,R0A05,2023/24,6707,3598,1.86
R0A,R0A06,2017/18,112,0,112
R0A,R0A06,2018/19,125,0,125
R0A,R0A06,2019/20,70,0,70
R0A,R0A06,2020/21,376,0,376
R0A,R0A06,2021/22,140,0,140
R0A,R0A06,2022/23,375,0,375
R0A,R0A06,2023/24,363,0,363
R0A,R0A07,2017/18,23847,109647,0.22
R0A,R0A07,2018/19,47076,216553,0.22
R0A,R0A07,2019/20,42659,226046,0.19
R0A,R0A07,2020/21,22790,166049,0.14
R0A,R0A07,2021/22,31223,190546,0.16
R0A,R0A07,2022/23,35909,225855,0.16
R0A,R0A07,2023/24,36051,181166,0.2
R0A,R0A08,2017/18,0,0,0
R0A,R0A08,2018/19,0,0,0
R0A,R0A08,2019/20,0,0,0
R0A,R0A08,2020/21,2,0,2
R0A,R0A08,2021/22,1,0,1
R0A,R0A08,2022/23,327,0,327
R0A,R0A08,2023/24,1321,0,1321
R0A,R0A09,2017/18,2786,13770,0.2
R0A,R0A09,2018/19,5175,16907,0.31
R0A,R0A09,2019/20,4494,14069,0.32
R0A,R0A09,2020/21,1062,2175,0.49
R0A,R0A09,2021/22,3235,139,23.27
R0A,R0A09,2022/23,5468,6550,0.83
R0A,R0A09,2023/24,5867,1338,4.38
R0A,R0A10,2022/23,189,2,94.5
R0A,R0A10,2023/24,75,0,75
R0A,R0A66,2021/22,4117,116129,0.04
R0A,R0A66,2022/23,7322,137817,0.05
R0A,R0A66,2023/24,7741,110599,0.07
R0A,R0A69,2021/22,7,0,7
R0A,R0A69,2022/23,60,0,60
R0A,R0A69,2023/24,3,22,0.14
R0A,R0A71,2022/23,5428,0,5428
R0A,R0A71,2023/24,115,0,115
R0A,R0A73,2022/23,529,0,529
R0A,R0A73,2023/24,113,0,113
R0A,R0A75,2022/23,610,0,610
R0A,R0A75,2023/24,401,0,401
R0A,R0A90,2020/21,1069,0,1069
R0A,S7B2K,2022/23,1604,0,1604
R0A,S7B2K,2023/24,2034,0,2034
R0A,Y9F0I,2021/22,16,26,0.62
R0A,Y9F0I,2022/23,0,74,0
R0A,Y9F0I,2023/24,0,134,0
R0B,R0B00,2022/23,0,0,0
R0B,R0B00,2023/24,0,0,0
R0B,R0B01,2019/20,27132,203516,0.13
R0B,R0B01,2020/21,15943,143820,0.11
R0B,R0B01,2021/22,20894,189869,0.11
R0B,R0B01,2022/23,22344,225750,0.1
R0B,R0B01,2023/24,17572,169391,0.1
R0B,R0B0Q,2019/20,2532,91039,0.03
R0B,R0B0Q,2020/21,1334,72053,0.02
R0B,R0B0Q,2021/22,2110,81334,0.03
R0B,R0B0Q,2022/23,2305,92084,0.03
R0B,R0B0Q,2023/24,1978,69113,0.03
R0B,R0B0U,2019/20,2683,1490,1.8
R0B,R0B0U,2020/21,2955,486,6.08
R0B,R0B0U,2021/22,3231,426,7.58
R0B,R0B0U,2022/23,3543,135,26.24
R0B,R0B0U,2023/24,2620,31,84.52
R0B,R0B0X,2019/20,577,589,0.98
R0B,R0B0X,2020/21,255,408,0.63
R0B,R0B0X,2021/22,413,388,1.06
R0B,R0B0X,2022/23,487,460,1.06
R0B,R0B0X,2023/24,332,404,0.82
R0D,R0D01,2021/22,8334,144264,0.06
R0D,R0D01,2022/23,7835,161474,0.05
R0D,R0D01,2023/24,5865,123963,0.05
R0D,R0D02,2021/22,20955,162876,0.13
R0D,R0D02,2022/23,20838,185246,0.11
R0D,R0D02,2023/24,13390,131476,0.1
R0D,R0D03,2021/22,53,0,53
R0D,R0D03,2022/23,22,0,22
R0D,R0D03,2023/24,15,0,15
R0D,R0D0M,2021/22,31,1563,0.02
R0D,R0D0M,2022/23,4,2295,0
R0D,R0D0M,2023/24,0,1181,0
R0D,R0D11,2021/22,364,3188,0.11
R0D,R0D11,2022/23,280,2746,0.1
R0D,R0D11,2023/24,177,1939,0.09
R0F4N,R0F4N,2022/23,916,0,916
R0F4N,R0F4N,2023/24,1208,0,1208
R1A,R1A1P,2011/12,332,1436,0.23
R1A,R1A1P,2012/13,46,2032,0.02
R1A,R1A1P,2013/14,117,1745,0.07
R1A,R1A1P,2014/15,131,1360,0.1
R1A,R1A1P,2016/17,43,2806,0.02
R1A,R1A1P,2017/18,0,1003,0
R1A,R1A1P,2018/19,0,1324,0
R1A,R1A1P,2019/20,53,1348,0.04
R1A,R1A1P,2020/21,17,416,0.04
R1A,R1A1P,2021/22,0,74,0
R1A,R1A1P,2022/23,7,3294,0
R1A,R1A1P,2023/24,0,456,0
R1A,R1A22,2011/12,0,1117,0
R1A,R1A22,2012/13,0,1326,0
R1A,R1A22,2013/14,0,1570,0
R1A,R1A22,2014/15,0,949,0
R1A,R1A22,2016/17,0,3227,0
R1A,R1A22,2017/18,0,1299,0
R1A,R1A22,2018/19,0,1687,0
R1A,R1A22,2019/20,0,163,0
R1A,R1A22,2020/21,0,1073,0
R1A,R1A22,2021/22,0,463,0
R1A,R1A22,2022/23,0,474,0
R1A,R1A22,2023/24,0,684,0
R1A,R1A49,2011/12,0,5247,0
R1A,R1A49,2012/13,0,5131,0
R1A,R1A49,2013/14,0,8844,0
R1A,R1A49,2014/15,0,7184,0
R1A,R1A49,2016/17,0,6502,0
R1A,R1A49,2017/18,0,3131,0
R1A,R1A49,2018/19,0,736,0
R1A,R1A49,2019/20,0,856,0
R1A,R1A49,2020/21,0,4998,0
R1A,R1A49,2021/22,0,8121,0
R1A,R1A49,2022/23,0,6169,0
R1A,R1A49,2023/24,0,4917,0
R1A,R1A58,2011/12,933,0,933
R1A,R1A58,2012/13,1376,0,1376
R1A,R1A58,2013/14,1310,6,218.33
R1A,R1A58,2014/15,1318,0,1318
R1A,R1A58,2016/17,1136,0,1136
R1A,R1A58,2017/18,1090,0,1090
R1A,R1A58,2018/19,1037,0,1037
R1A,R1A58,2019/20,886,0,886
R1A,R1A74,2011/12,0,894,0
R1A,R1A74,2012/13,0,1451,0
R1A,R1A74,2013/14,0,755,0
R1A,R1A74,2014/15,0,894,0
R1A,R1AAN,2011/12,1,1006,0
R1A,R1AAN,2012/13,0,1372,0
R1A,R1AAN,2013/14,0,2806,0
R1A,R1AAN,2014/15,0,3241,0
R1A,R1AAN,2016/17,22,1501,0.01
R1A,R1AAN,2017/18,0,179,0
R1A,R1AAN,2018/19,0,100,0
R1A,R1AAN,2019/20,0,199,0
R1A,R1AAN,2020/21,0,118,0
R1A,R1AAN,2021/22,0,173,0
R1A,R1AAN,2022/23,5,176,0.03
R1A,R1AAN,2023/24,0,325,0
R1A,R1AAV,2011/12,0,1508,0
R1A,R1AAV,2012/13,0,3712,0
R1A,R1AAV,2013/14,0,968,0
R1A,R1AAV,2014/15,0,990,0
R1A,R1AAV,2016/17,0,3687,0
R1A,R1AAV,2017/18,0,2261,0
R1A,R1AAV,2018/19,0,414,0
R1A,R1AAV,2019/20,0,214,0
R1A,R1AAV,2020/21,0,327,0
R1A,R1AAV,2021/22,0,9,0
R1A,R1AAV,2022/23,0,713,0
R1A,R1AAV,2023/24,0,217,0
R1A,R1ACC,2014/15,0,7574,0
R1A,R1ACC,2016/17,278,6190,0.04
R1A,R1ACC,2017/18,80,7452,0.01
R1A,R1ACC,2018/19,0,7611,0
R1A,R1ACC,2019/20,0,7732,0
R1A,R1ACC,2020/21,4,7130,0
R1A,R1ACC,2021/22,71,8623,0.01
R1A,R1ACC,2022/23,0,10075,0
R1A,R1ACC,2023/24,8,8111,0
R1A,R1ACD,2011/12,2278,3,759.33
R1A,R1ACD,2012/13,2814,16,175.88
R1A,R1ACD,2013/14,2561,0,2561
R1A,R1ACD,2014/15,2658,10,265.8
R1A,R1ACD,2016/17,1598,1446,1.11
R1A,R1ACD,2017/18,1578,975,1.62
R1A,R1ACD,2018/19,1649,1006,1.64
R1A,R1ACD,2019/20,1924,335,5.74
R1A,R1ACD,2020/21,851,0,851
R1A,R1ACD,2021/22,1467,0,1467
R1A,R1ACD,2022/23,1379,0,1379
R1A,R1ACD,2023/24,1006,0,1006
R1A,R1ACG,2011/12,16,5817,0
R1A,R1ACG,2012/13,0,6394,0
R1A,R1ACG,2013/14,0,7665,0
R1A,R1ACG,2014/15,35,3125,0.01
R1A,R1ACG,2016/17,17,4193,0
R1A,R1ACG,2017/18,0,7949,0
R1A,R1ACG,2018/19,0,5138,0
R1A,R1ACG,2019/20,14,2501,0.01
R1A,R1ACG,2020/21,0,1904,0
R1A,R1ACG,2021/22,0,2046,0
R1A,R1ACG,2022/23,0,4916,0
R1A,R1ACG,2023/24,0,1967,0
R1A,R1ACN,2011/12,0,10589,0
R1A,R1ACN,2012/13,0,16542,0
R1A,R1ACN,2013/14,0,11070,0
R1A,R1ACN,2014/15,0,9913,0
R1A,R1ACN,2016/17,0,6259,0
R1A,R1ACQ,2016/17,0,62,0
R1A,R1ACQ,2017/18,0,107,0
R1A,R1ACQ,2018/19,0,36,0
R1A,R1ACQ,2019/20,1,514,0
R1A,R1ACQ,2020/21,0,610,0
R1A,R1ACQ,2021/22,0,301,0
R1A,R1ACQ,2022/23,12,577,0.02
R1A,R1ACQ,2023/24,7,360,0.02
R1A,R1ACW,2011/12,22,1539,0.01
R1A,R1ACW,2012/13,2,1439,0
R1A,R1ACW,2013/14,0,658,0
R1A,R1ACW,2014/15,0,752,0
R1A,R1ACW,2016/17,0,1520,0
R1A,R1ACW,2017/18,0,7332,0
R1A,R1ACW,2018/19,0,8401,0
R1A,R1ACW,2019/20,0,8391,0
R1A,R1ACW,2020/21,8,5604,0
R1A,R1ACW,2021/22,0,7313,0
R1A,R1ACW,2022/23,0,3742,0
R1A,R1ACW,2023/24,0,2777,0
R1A,R1ACY,2011/12,2398,0,2398
R1A,R1ACY,2012/13,3154,0,3154
R1A,R1ACY,2013/14,3418,0,3418
R1A,R1ACY,2014/15,3275,0,3275
R1A,R1ACY,2016/17,2970,100,29.7
R1A,R1ACY,2017/18,2693,224,12.02
R1A,R1ACY,2018/19,2672,368,7.26
R1A,R1ACY,2019/20,2975,108,27.55
R1A,R1ACY,2020/21,2729,0,2729
R1A,R1ACY,2021/22,2778,0,2778
R1A,R1ACY,2022/23,3072,0,3072
R1A,R1ACY,2023/24,2082,0,2082
R1A,R1ADC,2011/12,0,1982,0
R1A,R1ADC,2012/13,0,2512,0
R1A,R1ADC,2013/14,0,2943,0
R1A,R1ADC,2014/15,0,3402,0
R1A,R1ADC,2016/17,48,2533,0.02
R1A,R1ADC,2017/18,0,6719,0
R1A,R1ADC,2018/19,0,7444,0
R1A,R1ADC,2019/20,35,7844,0
R1A,R1ADC,2020/21,0,5906,0
R1A,R1ADC,2021/22,11,3231,0
R1A,R1ADC,2022/23,0,2367,0
R1A,R1ADC,2023/24,0,2730,0
R1A,R1ADW,2011/12,0,8622,0
R1A,R1ADW,2012/13,0,7780,0
R1A,R1ADW,2013/14,0,8954,0
R1A,R1ADW,2014/15,0,8766,0
R1A,R1ADW,2016/17,36,4392,0.01
R1A,R1ADW,2017/18,158,4565,0.03
R1A,R1ADW,2018/19,0,6219,0
R1A,R1ADW,2019/20,0,6615,0
R1A,R1ADW,2020/21,0,1422,0
R1A,R1ADW,2021/22,0,2309,0
R1A,R1ADW,2022/23,0,4480,0
R1A,R1ADW,2023/24,0,3995,0
R1A,R1ADY,2011/12,0,9680,0
R1A,R1ADY,2012/13,0,11199,0
R1A,R1ADY,2013/14,0,10195,0
R1A,R1ADY,2014/15,0,8268,0
R1A,R1ADY,2016/17,15,5936,0
R1A,R1ADY,2017/18,0,10709,0
R1A,R1ADY,2018/19,0,17332,0
R1A,R1ADY,2019/20,0,18928,0
R1A,R1ADY,2020/21,0,10850,0
R1A,R1ADY,2021/22,0,6191,0
R1A,R1ADY,2022/23,0,7893,0
R1A,R1ADY,2023/24,0,7276,0
R1A,R1AHM,2016/17,304,1424,0.21
R1A,R1AHM,2017/18,0,1886,0
R1A,R1AHM,2018/19,0,1229,0
R1A,R1AHM,2019/20,0,1435,0
R1A,R1AHM,2020/21,28,1160,0.02
R1A,R1AHM,2021/22,39,1549,0.03
R1A,R1AHM,2022/23,44,2651,0.02
R1A,R1AHM,2023/24,0,748,0
R1A,R1AMA,2020/21,845,11311,0.07
R1A,R1AMA,2021/22,0,10404,0
R1A,R1AMA,2022/23,0,15395,0
R1A,R1AMA,2023/24,0,12648,0
R1A,R1AMF,2020/21,2113,1653,1.28
R1A,R1AMF,2021/22,730,926,0.79
R1A,R1AMF,2022/23,0,1355,0
R1A,R1AMF,2023/24,0,1473,0
R1C,A3P2U,2022/23,0,35,0
R1C,A3P2U,2023/24,0,208,0
R1C,R1C00,2021/22,0,1218,0
R1C,R1C03,2011/12,926,0,926
R1C,R1C03,2012/13,442,0,442
R1C,R1C03,2013/14,321,0,321
R1C,R1C03,2014/15,574,0,574
R1C,R1C03,2015/16,70,25,2.8
R1C,R1C03,2016/17,0,14,0
R1C,R1C34,2011/12,2482,50,49.64
R1C,R1C34,2012/13,3667,0,3667
R1C,R1C34,2013/14,266,2068,0.13
R1C,R1C34,2014/15,15,2965,0.01
R1C,R1C34,2015/16,6,1452,0
R1C,R1C34,2016/17,0,964,0
R1C,R1C34,2017/18,0,700,0
R1C,R1C34,2018/19,0,652,0
R1C,R1C34,2019/20,0,475,0
R1C,R1C34,2020/21,0,152,0
R1C,R1C34,2021/22,0,245,0
R1C,R1C34,2022/23,0,627,0
R1C,R1C34,2023/24,0,653,0
R1C,R1C40,2011/12,0,0,0
R1C,R1C40,2012/13,17,0,17
R1C,R1C40,2013/14,1,0,1
R1C,R1C40,2014/15,2,0,2
R1C,R1C40,2015/16,0,0,0
R1C,R1CD4,2015/16,1,112,0.01
R1C,R1CD4,2019/20,0,3,0
R1C,R1CD4,2020/21,0,15,0
R1C,R1CD4,2021/22,0,6,0
R1C,R1CD4,2022/23,0,7,0
R1C,R1CD6,2011/12,7,0,7
R1C,R1CD6,2012/13,140,0,140
R1C,R1CD9,2011/12,1469,0,1469
R1C,R1CF2,2011/12,17833,12790,1.39
R1C,R1CF2,2012/13,19899,7892,2.52
R1C,R1CF2,2013/14,10474,12715,0.82
R1C,R1CF2,2014/15,15429,15950,0.97
R1C,R1CF2,2015/16,30,0,30
R1C,R1CF5,2013/14,6998,1535,4.56
R1C,R1CF5,2014/15,7876,310,25.41
R1C,R1CF5,2015/16,1396,992,1.41
R1C,R1CF5,2016/17,0,403,0
R1C,R1CF5,2017/18,0,287,0
R1C,R1CF5,2019/20,0,31,0
R1C,R1CF5,2020/21,0,61,0
R1C,R1CH4,2011/12,968,0,968
R1C,R1CJ7,2014/15,191,0,191
R1C,R1CJ7,2015/16,77,0,77
R1D,R1D00,2014/15,0,2,0
R1D,R1D00,2015/16,1,0,1
R1D,R1D00,2016/17,1,0,1
R1D,R1D00,2017/18,0,0,0
R1D,R1D03,2013/14,2,0,2
R1D,R1D03,2014/15,14,0,14
R1D,R1D03,2018/19,1,0,1
R1D,R1D03,2019/20,2,0,2
R1D,R1D03,2021/22,1,0,1
R1D,R1D03,2023/24,2,0,2
R1D,R1D16,2012/13,1,0,1
R1D,R1D16,2017/18,3,0,3
R1D,R1D21,2011/12,0,9037,0
R1D,R1D21,2012/13,0,3625,0
R1D,R1D21,2013/14,0,3454,0
R1D,R1D21,2014/15,0,2820,0
R1D,R1D21,2015/16,0,1911,0
R1D,R1D21,2016/17,0,1510,0
R1D,R1D21,2017/18,0,1294,0
R1D,R1D21,2018/19,0,1909,0
R1D,R1D21,2019/20,0,2367,0
R1D,R1D21,2020/21,0,1868,0
R1D,R1D21,2021/22,0,1881,0
R1D,R1D21,2022/23,0,2867,0
R1D,R1D21,2023/24,0,1754,0
R1D,R1D22,2011/12,0,616,0
R1D,R1D22,2012/13,0,1170,0
R1D,R1D22,2013/14,0,1308,0
R1D,R1D22,2014/15,0,1979,0
R1D,R1D22,2015/16,0,3959,0
R1D,R1D22,2016/17,0,4553,0
R1D,R1D22,2017/18,0,3499,0
R1D,R1D22,2018/19,0,3541,0
R1D,R1D22,2019/20,54,2434,0.02
R1D,R1D22,2020/21,0,1452,0
R1D,R1D22,2021/22,0,2049,0
R1D,R1D22,2022/23,0,1380,0
R1D,R1D22,2023/24,0,957,0
R1D,R1D25,2011/12,0,1116,0
R1D,R1D25,2012/13,0,1201,0
R1D,R1D25,2013/14,0,1566,0
R1D,R1D25,2014/15,0,1770,0
R1D,R1D25,2015/16,0,1434,0
R1D,R1D25,2016/17,0,903,0
R1D,R1D25,2017/18,0,452,0
R1D,R1D25,2018/19,0,356,0
R1D,R1D25,2019/20,0,795,0
R1D,R1D25,2020/21,0,728,0
R1D,R1D25,2021/22,0,390,0
R1D,R1D34,2011/12,0,1333,0
R1D,R1D34,2012/13,0,1841,0
R1D,R1D34,2013/14,0,2472,0
R1D,R1D34,2014/15,0,1870,0
R1D,R1D34,2015/16,0,1118,0
R1D,R1D34,2016/17,0,950,0
R1D,R1D34,2017/18,0,1290,0
R1D,R1D34,2018/19,0,904,0
R1D,R1D34,2019/20,97,2521,0.04
R1D,R1D34,2020/21,72,1676,0.04
R1D,R1D34,2021/22,0,1729,0
R1D,R1D34,2022/23,0,2056,0
R1D,R1D34,2023/24,0,1388,0
R1D,R1DAC,2016/17,1,0,1
R1D,R1DAC,2019/20,6,0,6
R1D,R1DAC,2021/22,4,0,4
R1D,R1DAC,2022/23,1,0,1
R1E,R1E00,2011/12,21151,3755,5.63
R1E,R1E00,2012/13,14179,3018,4.7
R1E,R1E00,2013/14,15697,4792,3.28
R1E,R1E00,2014/15,14574,14038,1.04
R1E,R1E00,2015/16,15192,15238,1
R1E,R1E00,2016/17,8334,13898,0.6
R1E,R1E56,2016/17,1768,4346,0.41
R1E,R1E56,2017/18,9574,10566,0.91
R1E,R1E56,2018/19,15349,13578,1.13
R1E,R1E75,2011/12,9210,0,9210
R1E,R1E75,2012/13,15243,0,15243
R1E,R1E75,2013/14,11059,0,11059
R1E,R1E75,2014/15,5900,0,5900
R1E,R1E75,2015/16,4734,35,135.26
R1E,R1EE3,2011/12,7940,7,1134.29
R1E,R1EE3,2012/13,9505,119,79.87
R1E,R1EE3,2013/14,11068,16,691.75
R1E,R1EE3,2014/15,12046,0,12046
R1E,R1EE3,2015/16,12966,0,12966
R1E,R1EE3,2016/17,12350,0,12350
R1E,R1EE3,2017/18,2240,0,2240
R1E,R1EE4,2011/12,9444,0,9444
R1E,R1EE4,2012/13,15982,0,15982
R1E,R1EE4,2013/14,15514,0,15514
R1E,R1EE4,2014/15,16092,0,16092
R1E,R1EE4,2015/16,14221,0,14221
R1E,R1EE5,2011/12,15338,0,15338
R1E,R1EE5,2012/13,23776,0,23776
R1E,R1EE5,2013/14,17070,36,474.17
R1E,R1EE5,2014/15,19809,1270,15.6
R1E,R1EE5,2015/16,16550,485,34.12
R1F,R1F00,2011/12,0,2,0
R1F,R1F00,2012/13,6353,61156,0.1
R1F,R1F00,2013/14,141,2338,0.06
R1F,R1F00,2015/16,0,1,0
R1F,R1F00,2017/18,0,4,0
R1F,R1F00,2020/21,0,39,0
R1F,R1F00,2022/23,0,1,0
R1F,R1F01,2012/13,1221,17318,0.07
R1F,R1F01,2013/14,7866,79876,0.1
R1F,R1F01,2014/15,7756,87533,0.09
R1F,R1F01,2015/16,7071,90794,0.08
R1F,R1F01,2016/17,7909,99995,0.08
R1F,R1F01,2017/18,5896,92689,0.06
R1F,R1F01,2018/19,5025,90706,0.06
R1F,R1F01,2019/20,5253,90387,0.06
R1F,R1F01,2020/21,2253,71605,0.03
R1F,R1F01,2021/22,4235,85960,0.05
R1F,R1F01,2022/23,3254,108741,0.03
R1F,R1F01,2023/24,2308,85952,0.03
R1G,R1G01,2012/13,4,9,0.44
R1G,R1G01,2013/14,68,20,3.4
R1G,R1G01,2014/15,89,0,89
R1G,R1G02,2012/13,24,4,6
R1G,R1G02,2013/14,187,414,0.45
R1G,R1G02,2014/15,104,62,1.68
R1G,R1G09,2012/13,582,505,1.15
R1G,R1G09,2013/14,478,535,0.89
R1G,R1G09,2014/15,322,151,2.13
R1G,R1G10,2012/13,585,773,0.76
R1G,R1G10,2013/14,146,667,0.22
R1G,R1G10,2014/15,250,431,0.58
R1G,R1G11,2012/13,916,1197,0.77
R1G,R1G11,2013/14,276,1213,0.23
R1G,R1G11,2014/15,421,844,0.5
R1G,R1G12,2012/13,124,1658,0.07
R1G,R1G12,2013/14,118,2138,0.06
R1G,R1G12,2014/15,289,1718,0.17
R1G,R1G13,2012/13,828,1187,0.7
R1G,R1G13,2013/14,471,930,0.51
R1G,R1G13,2014/15,948,869,1.09
R1G,R1G14,2012/13,272,672,0.4
R1G,R1G14,2013/14,284,422,0.67
R1G,R1G14,2014/15,2590,515,5.03
R1G,R1G54,2012/13,163,393,0.41
R1G,R1G54,2013/14,14,226,0.06
R1G,R1G54,2014/15,34,169,0.2
R1G,R1G55,2012/13,40,736,0.05
R1G,R1G55,2013/14,66,766,0.09
R1G,R1G55,2014/15,59,686,0.09
R1G,R1G55,2015/16,35,62,0.56
R1G,R1G56,2012/13,7,1071,0.01
R1G,R1G56,2013/14,162,981,0.17
R1G,R1G56,2014/15,153,1204,0.13
R1G,R1G56,2015/16,32,289,0.11
R1H,R1H00,2012/13,828,6817,0.12
R1H,R1H00,2013/14,1801,15221,0.12
R1H,R1H00,2014/15,1992,24948,0.08
R1H,R1H00,2015/16,0,26,0
R1H,R1H00,2016/17,0,28,0
R1H,R1H00,2017/18,0,2,0
R1H,R1H00,2019/20,0,0,0
R1H,R1H00,2020/21,0,8,0
R1H,R1H00,2021/22,0,475,0
R1H,R1H00,2022/23,0,85,0
R1H,R1H00,2023/24,0,0,0
R1H,R1H0A,2020/21,0,669,0
R1H,R1H11,2016/17,1,0,1
R1H,R1H11,2017/18,1533,3,511
R1H,R1H11,2018/19,2554,7,364.86
R1H,R1H11,2019/20,2335,5,467
R1H,R1H11,2020/21,1411,0,1411
R1H,R1H11,2021/22,2333,3,777.67
R1H,R1H11,2022/23,2946,0,2946
R1H,R1H11,2023/24,1646,2,823
R1H,R1H12,2012/13,26842,177572,0.15
R1H,R1H12,2013/14,28776,188089,0.15
R1H,R1H12,2014/15,26470,202919,0.13
R1H,R1H12,2015/16,35668,203483,0.18
R1H,R1H12,2016/17,36894,205622,0.18
R1H,R1H12,2017/18,29499,206126,0.14
R1H,R1H12,2018/19,31718,206645,0.15
R1H,R1H12,2019/20,37933,225470,0.17
R1H,R1H12,2020/21,15859,173321,0.09
R1H,R1H12,2021/22,25374,199572,0.13
R1H,R1H12,2022/23,29325,216256,0.14
R1H,R1H12,2023/24,20425,159675,0.13
R1H,R1H13,2017/18,13,0,13
R1H,R1H13,2018/19,29,0,29
R1H,R1H13,2019/20,135,0,135
R1H,R1H13,2020/21,26,0,26
R1H,R1H13,2021/22,47,0,47
R1H,R1H13,2022/23,43,0,43
R1H,R1H13,2023/24,8,0,8
R1H,R1H15,2012/13,0,457,0
R1H,R1H15,2013/14,0,642,0
R1H,R1H15,2014/15,0,513,0
R1H,R1H15,2015/16,0,1288,0
R1H,R1H15,2016/17,0,1828,0
R1H,R1H15,2017/18,0,68,0
R1H,R1H15,2018/19,0,3,0
R1H,R1H15,2021/22,0,7,0
R1H,R1H41,2017/18,0,1,0
R1H,R1H41,2023/24,4,0,4
R1H,R1H83,2012/13,5033,15535,0.32
R1H,R1H83,2013/14,4934,16084,0.31
R1H,R1H83,2014/15,5524,15861,0.35
R1H,R1H83,2015/16,309,1472,0.21
R1H,R1H86,2012/13,3024,0,3024
R1H,R1H86,2013/14,3651,0,3651
R1H,R1H86,2014/15,457,0,457
R1H,R1H86,2015/16,1283,0,1283
R1H,R1H86,2016/17,176,0,176
R1H,R1H86,2017/18,61,0,61
R1H,R1H86,2018/19,31,0,31
R1H,R1H86,2019/20,1535,0,1535
R1H,R1H86,2020/21,1450,0,1450
R1H,R1H86,2021/22,641,0,641
R1H,R1H86,2022/23,299,0,299
R1H,R1H86,2023/24,759,0,759
R1H,R1H90,2013/14,0,0,0
R1H,R1H90,2014/15,0,1,0
R1H,R1H90,2017/18,0,1,0
R1H,R1H90,2020/21,0,7,0
R1H,R1H90,2021/22,0,0,0
R1H,R1HB1,2012/13,0,155,0
R1H,R1HED,2020/21,0,0,0
R1H,R1HED,2021/22,30,0,30
R1H,R1HED,2022/23,35,0,35
R1H,R1HED,2023/24,11,0,11
R1H,R1HKH,2012/13,13573,154305,0.09
R1H,R1HKH,2013/14,10958,145175,0.08
R1H,R1HKH,2014/15,11892,143538,0.08
R1H,R1HKH,2015/16,12578,161544,0.08
R1H,R1HKH,2016/17,11552,165626,0.07
R1H,R1HKH,2017/18,9833,164509,0.06
R1H,R1HKH,2018/19,11923,168514,0.07
R1H,R1HKH,2019/20,13971,160450,0.09
R1H,R1HKH,2020/21,3396,118358,0.03
R1H,R1HKH,2021/22,8609,144576,0.06
R1H,R1HKH,2022/23,5967,157175,0.04
R1H,R1HKH,2023/24,2483,116587,0.02
R1H,R1HM0,2012/13,22613,15633,1.45
R1H,R1HM0,2013/14,21454,14992,1.43
R1H,R1HM0,2014/15,19605,15470,1.27
R1H,R1HM0,2015/16,27445,34858,0.79
R1H,R1HM0,2016/17,29478,39278,0.75
R1H,R1HM0,2017/18,33500,39951,0.84
R1H,R1HM0,2018/19,39875,34008,1.17
R1H,R1HM0,2019/20,35044,37946,0.92
R1H,R1HM0,2020/21,25535,26322,0.97
R1H,R1HM0,2021/22,29642,32596,0.91
R1H,R1HM0,2022/23,35292,34313,1.03
R1H,R1HM0,2023/24,28856,25596,1.13
R1H,R1HNH,2012/13,12691,88259,0.14
R1H,R1HNH,2013/14,10760,76981,0.14
R1H,R1HNH,2014/15,11997,76324,0.16
R1H,R1HNH,2015/16,10426,70987,0.15
R1H,R1HNH,2016/17,10781,72960,0.15
R1H,R1HNH,2017/18,8309,75853,0.11
R1H,R1HNH,2018/19,5673,83363,0.07
R1H,R1HNH,2019/20,6873,88905,0.08
R1H,R1HNH,2020/21,4100,77789,0.05
R1H,R1HNH,2021/22,3835,82860,0.05
R1H,R1HNH,2022/23,4981,93159,0.05
R1H,R1HNH,2023/24,3373,66931,0.05
R1H,R1HV2,2013/14,1,0,1
R1H,R1HV2,2014/15,185,0,185
R1H,R1HV2,2015/16,2,0,2
R1H,R1HV2,2020/21,0,0,0
R1H,R1HV4,2014/15,411,0,411
R1H,R1HV4,2015/16,116,0,116
R1H,R1HV4,2016/17,12,0,12
R1H,R1HV4,2020/21,14,0,14
R1H,R1HV7,2014/15,3,0,3
R1H,R8T1Q,2022/23,159,0,159
R1H,R8T1Q,2023/24,2727,402,6.78
R1J,R1J04,2017/18,0,114,0
R1J,R1J05,2015/16,1,0,1
R1J,R1J06,2013/14,44,6371,0.01
R1J,R1J06,2014/15,178,4320,0.04
R1J,R1J06,2015/16,2,3107,0
R1J,R1J06,2016/17,0,3033,0
R1J,R1J06,2017/18,0,2458,0
R1J,R1J06,2018/19,0,3645,0
R1J,R1J06,2019/20,0,956,0
R1J,R1J07,2013/14,0,1947,0
R1J,R1J07,2014/15,54,1776,0.03
R1J,R1J07,2015/16,73,1486,0.05
R1J,R1J07,2016/17,0,1345,0
R1J,R1J07,2017/18,0,613,0
R1J,R1J07,2018/19,0,686,0
R1J,R1J07,2019/20,0,129,0
R1J,R1J08,2013/14,0,937,0
R1J,R1J10,2013/14,9,2436,0
R1J,R1J10,2014/15,59,2087,0.03
R1J,R1J10,2015/16,14,1914,0.01
R1J,R1J10,2016/17,0,1750,0
R1J,R1J10,2017/18,0,2567,0
R1J,R1J10,2018/19,0,2219,0
R1J,R1J10,2019/20,0,795,0
R1J,R1J11,2013/14,0,1645,0
R1J,R1J11,2014/15,29,1997,0.01
R1J,R1J11,2015/16,41,1821,0.02
R1J,R1J11,2016/17,0,1574,0
R1J,R1J11,2017/18,0,1234,0
R1J,R1J11,2018/19,0,1351,0
R1J,R1J11,2019/20,0,519,0
R1J,R1J13,2013/14,13,4090,0
R1J,R1J13,2014/15,0,2681,0
R1J,R1J13,2015/16,1,2717,0
R1J,R1J13,2016/17,0,3135,0
R1J,R1J13,2017/18,0,3582,0
R1J,R1J13,2018/19,0,2008,0
R1J,R1J13,2019/20,0,847,0
R1J,R1J18,2013/14,0,739,0
R1J,R1J18,2014/15,112,1136,0.1
R1J,R1J18,2015/16,363,791,0.46
R1J,R1J18,2016/17,0,1229,0
R1J,R1J18,2017/18,0,1141,0
R1J,R1J18,2018/19,0,972,0
R1J,R1J18,2019/20,0,454,0
R1J,R1J21,2013/14,1,2469,0
R1J,R1J21,2014/15,1,2456,0
R1J,R1J21,2015/16,99,1774,0.06
R1J,R1J21,2016/17,0,1997,0
R1J,R1J21,2017/18,0,2163,0
R1J,R1J21,2018/19,0,1232,0
R1J,R1J21,2019/20,0,457,0
R1J,R1J86,2013/14,0,472,0
R1J,R1J86,2014/15,261,414,0.63
R1J,R1J86,2015/16,564,368,1.53
R1J,R1J86,2016/17,0,467,0
R1J,R1J86,2017/18,0,287,0
R1J,R1J86,2018/19,0,131,0
R1J,R1JAM,2014/15,4,0,4
R1J,R1JAM,2015/16,6,0,6
R1K,R1K00,2015/16,0,103,0
R1K,R1K00,2016/17,0,12,0
R1K,R1K00,2017/18,0,39,0
R1K,R1K00,2018/19,0,21,0
R1K,R1K00,2020/21,1398,58,24.1
R1K,R1K00,2021/22,2749,1,2749
R1K,R1K00,2022/23,260,0,260
R1K,R1K00,2023/24,1,1632,0
R1K,R1K01,2015/16,16267,210987,0.08
R1K,R1K01,2016/17,14698,228039,0.06
R1K,R1K01,2017/18,19108,232405,0.08
R1K,R1K01,2018/19,15510,242079,0.06
R1K,R1K01,2019/20,15001,243201,0.06
R1K,R1K01,2020/21,12262,185137,0.07
R1K,R1K01,2021/22,9440,203377,0.05
R1K,R1K01,2022/23,13387,213659,0.06
R1K,R1K01,2023/24,10033,167341,0.06
R1K,R1K02,2015/16,4034,7825,0.52
R1K,R1K02,2016/17,4880,3642,1.34
R1K,R1K02,2017/18,4928,3778,1.3
R1K,R1K02,2018/19,5165,2715,1.9
R1K,R1K02,2019/20,5572,6529,0.85
R1K,R1K02,2020/21,2636,1170,2.25
R1K,R1K02,2021/22,10026,1766,5.68
R1K,R1K02,2022/23,9758,1559,6.26
R1K,R1K02,2023/24,10403,5304,1.96
R1K,R1K03,2015/16,11525,6553,1.76
R1K,R1K03,2016/17,11081,7839,1.41
R1K,R1K03,2017/18,12141,7504,1.62
R1K,R1K03,2018/19,10431,6654,1.57
R1K,R1K03,2019/20,10802,7015,1.54
R1K,R1K03,2020/21,1562,8928,0.17
R1K,R1K03,2021/22,407,7342,0.06
R1K,R1K03,2022/23,806,8856,0.09
R1K,R1K03,2023/24,387,6348,0.06
R1K,R1K04,2015/16,5019,94377,0.05
R1K,R1K04,2016/17,3537,92450,0.04
R1K,R1K04,2017/18,3306,99468,0.03
R1K,R1K04,2018/19,2486,102566,0.02
R1K,R1K04,2019/20,2386,103482,0.02
R1K,R1K04,2020/21,745,67478,0.01
R1K,R1K04,2021/22,1442,78637,0.02
R1K,R1K04,2022/23,2113,97554,0.02
R1K,R1K04,2023/24,2434,72136,0.03
R1K,R1K13,2015/16,1087,0,1087
R1K,R1K13,2016/17,495,0,495
R1K,R1K13,2017/18,438,0,438
R1K,R1K13,2018/19,354,0,354
R1K,R1K13,2019/20,189,0,189
R1K,R1K13,2020/21,628,0,628
R1K,R1K13,2021/22,2295,0,2295
R1K,R1K13,2022/23,1854,0,1854
R1K,R1K13,2023/24,677,0,677
R1L,R1L00,2017/18,1739,926,1.88
R1L,R1L00,2018/19,0,2848,0
R1L,R1L00,2019/20,0,7272,0
R1L,R1L00,2020/21,0,5092,0
R1L,R1L00,2021/22,0,162,0
R1L,R1L00,2023/24,0,160,0
R1L,R1L10,2017/18,0,35314,0
R1L,R1L10,2018/19,0,21610,0
R1L,R1L10,2019/20,0,20454,0
R1L,R1L10,2020/21,0,16131,0
R1L,R1L10,2021/22,499,15739,0.03
R1L,R1L10,2022/23,1635,16254,0.1
R1L,R1L10,2023/24,956,14524,0.07
R1L,R1L14,2017/18,4605,5390,0.85
R1L,R1L14,2018/19,5228,3166,1.65
R1L,R1L14,2019/20,1846,2242,0.82
R1L,R1L14,2020/21,526,3266,0.16
R1L,R1L14,2021/22,0,5258,0
R1L,R1L14,2022/23,0,5966,0
R1L,R1L14,2023/24,0,5022,0
R1L,R1L22,2017/18,2720,1993,1.36
R1L,R1L22,2018/19,1814,1942,0.93
R1L,R1L22,2019/20,3034,2047,1.48
R1L,R1L22,2020/21,0,3210,0
R1L,R1L22,2021/22,0,1022,0
R1L,R1L22,2022/23,0,1641,0
R1L,R1L22,2023/24,0,954,0
R1L,R1L28,2017/18,0,4772,0
R1L,R1L28,2018/19,0,4598,0
R1L,R1L28,2019/20,2097,3478,0.6
R1L,R1L28,2020/21,310,0,310
R1L,R1L28,2021/22,2546,0,2546
R1L,R1L28,2022/23,1842,0,1842
R1L,R1L28,2023/24,3944,1112,3.55
R1L,R1L40,2017/18,0,39909,0
R1L,R1L40,2018/19,0,42075,0
R1L,R1L40,2019/20,0,43020,0
R1L,R1L40,2020/21,0,30786,0
R1L,R1L40,2021/22,770,26261,0.03
R1L,R1L40,2022/23,1499,18599,0.08
R1L,R1L40,2023/24,1224,18312,0.07
R1L,R1L50,2017/18,0,16797,0
R1L,R1L50,2018/19,0,3798,0
R1L,R1L50,2019/20,0,5962,0
R1L,R1L50,2020/21,0,6639,0
R1L,R1L50,2021/22,0,4914,0
R1L,R1L50,2022/23,112,5440,0.02
R1L,R1L50,2023/24,0,3856,0
R1L,R1L65,2017/18,0,6918,0
R1L,R1L65,2018/19,21,1314,0.02
R1L,R1L92,2017/18,0,193,0
R1L,R1LAH,2017/18,2905,13475,0.22
R1L,R1LAH,2018/19,5035,12701,0.4
R1L,R1LAH,2019/20,3780,9247,0.41
R1L,R1LAH,2020/21,4428,9642,0.46
R1L,R1LAH,2021/22,6049,11742,0.52
R1L,R1LAH,2022/23,2277,12030,0.19
R1L,R1LAH,2023/24,0,8352,0
R1L,R1LAT,2017/18,1900,1929,0.98
R1L,R1LAT,2018/19,2308,0,2308
R1L,R1LAT,2019/20,0,69,0
R1L,R1LAT,2020/21,0,660,0
R1L,R1LAT,2021/22,0,806,0
R1L,R1LAT,2023/24,0,515,0
R1L,R1LAX,2017/18,0,2115,0
R1L,R1LAX,2018/19,0,1715,0
R1L,R1LAX,2019/20,0,1919,0
R1L,R1LAX,2020/21,0,2148,0
R1L,R1LAX,2021/22,0,406,0
R1L,R1LAX,2022/23,0,1266,0
R1L,R1LAX,2023/24,0,1681,0
R1L,R1LD6,2017/18,4264,3710,1.15
R1L,R1LD6,2018/19,2338,9823,0.24
R1L,R1LD6,2019/20,945,15168,0.06
R1L,R1LD6,2020/21,168,13066,0.01
R1L,R1LD6,2021/22,0,11794,0
R1L,R1LD6,2022/23,0,10047,0
R1L,R1LD6,2023/24,0,7722,0
R1L,R1LE1,2017/18,2993,9548,0.31
R1L,R1LE1,2018/19,633,5974,0.11
R1L,R1LE1,2019/20,416,6131,0.07
R1L,R1LE1,2020/21,0,4783,0
R1L,R1LE1,2021/22,0,6205,0
R1L,R1LE1,2022/23,0,6177,0
R1L,R1LE1,2023/24,0,6251,0
R1L,R1LE2,2017/18,5794,1325,4.37
R1L,R1LE2,2018/19,2795,5233,0.53
R1L,R1LE2,2019/20,985,7683,0.13
R1L,R1LE2,2020/21,0,3945,0
R1L,R1LE2,2021/22,0,1591,0
R1L,R1LE2,2022/23,0,1507,0
R1L,R1LE2,2023/24,0,1292,0
R1L,R1LJ2,2017/18,0,8225,0
R1L,R1LJ3,2017/18,0,12754,0
R1L,R1LK9,2017/18,0,26327,0
R1L,R1LK9,2018/19,0,31325,0
R1L,R1LK9,2019/20,691,13989,0.05
R1L,R1LK9,2020/21,0,24749,0
R1L,R1LK9,2021/22,0,31710,0
R1L,R1LK9,2022/23,0,23403,0
R1L,R1LK9,2023/24,0,18267,0
R1L,R1LL8,2017/18,0,3247,0
R1L,R1LL8,2018/19,0,9125,0
R1L,R1LL8,2019/20,0,2113,0
R1L,R1LL8,2020/21,463,0,463
R1L,R1LL8,2021/22,1075,0,1075
R1L,R1LL8,2022/23,303,1181,0.26
R1L,R1LL8,2023/24,1820,551,3.3
R1L,R1LPA,2017/18,1251,5510,0.23
R1L,R1LPA,2018/19,725,6043,0.12
R1L,R1LPA,2019/20,839,7710,0.11
R1L,R1LPA,2020/21,358,6548,0.05
R1L,R1LPA,2021/22,0,6124,0
R1L,R1LPA,2022/23,0,7194,0
R1L,R1LPA,2023/24,0,5273,0
R1L,R1LT1,2017/18,2966,3569,0.83
R1L,R1LT1,2018/19,3727,3801,0.98
R1L,R1LT1,2019/20,2962,4089,0.72
R1L,R1LT1,2020/21,509,3172,0.16
R1L,R1LT1,2021/22,0,3415,0
R1L,R1LT1,2022/23,0,3444,0
R1L,R1LT1,2023/24,0,4685,0
RA2,RA201,2008/09,20587,116297,0.18
RA2,RA201,2009/10,24712,126139,0.2
RA2,RA201,2010/11,23990,132109,0.18
RA2,RA201,2011/12,22074,128788,0.17
RA2,RA201,2012/13,23469,129698,0.18
RA2,RA201,2013/14,22261,131109,0.17
RA2,RA201,2014/15,22858,133678,0.17
RA2,RA201,2015/16,21059,125854,0.17
RA2,RA201,2016/17,21624,132535,0.16
RA2,RA201,2017/18,21280,123945,0.17
RA2,RA201,2018/19,20024,128250,0.16
RA2,RA201,2019/20,19069,132660,0.14
RA2,RA201,2020/21,13627,106308,0.13
RA2,RA201,2021/22,16019,129565,0.12
RA2,RA201,2022/23,16615,162142,0.1
RA2,RA201,2023/24,12724,118215,0.11
RA2,RA217,2008/09,177,0,177
RA2,RA219,2018/19,1301,130,10.01
RA2,RA219,2019/20,2362,190,12.43
RA2,RA219,2020/21,1066,23,46.35
RA2,RA219,2021/22,2872,93,30.88
RA2,RA224,2018/19,91,138,0.66
RA2,RA224,2019/20,33,253,0.13
RA2,RA224,2020/21,0,222,0
RA2,RA224,2021/22,0,27,0
RA2,RA225,2008/09,283,0,283
RA2,RA229,2008/09,1,0,1
RA2,RA237,2008/09,3,0,3
RA3,RA300,2008/09,39,2115,0.02
RA3,RA300,2009/10,29,11,2.64
RA3,RA300,2010/11,29,358,0.08
RA3,RA300,2011/12,2,180,0.01
RA3,RA300,2012/13,20,348,0.06
RA3,RA300,2013/14,1,11828,0
RA3,RA300,2014/15,1,2250,0
RA3,RA300,2015/16,4,803,0
RA3,RA300,2016/17,71,1027,0.07
RA3,RA300,2017/18,2,409,0
RA3,RA300,2018/19,3,38,0.08
RA3,RA300,2019/20,6,0,6
RA3,RA300,2021/22,3130,77542,0.04
RA3,RA301,2008/09,8087,83344,0.1
RA3,RA301,2009/10,7883,95537,0.08
RA3,RA301,2010/11,6678,90476,0.07
RA3,RA301,2011/12,6274,81506,0.08
RA3,RA301,2012/13,6561,80460,0.08
RA3,RA301,2013/14,5593,71975,0.08
RA3,RA301,2014/15,5349,74273,0.07
RA3,RA301,2015/16,5235,79050,0.07
RA3,RA301,2016/17,5465,86496,0.06
RA3,RA301,2017/18,10590,80261,0.13
RA3,RA301,2018/19,4384,81551,0.05
RA3,RA301,2019/20,3169,93994,0.03
RA3,RA301,2020/21,1687,64709,0.03
RA3,RA301,2021/22,0,15,0
RA3,RA301,2022/23,25,28,0.89
RA4,RA400,2008/09,0,3,0
RA4,RA400,2012/13,11711,83417,0.14
RA4,RA400,2013/14,9671,84132,0.11
RA4,RA400,2014/15,9944,91424,0.11
RA4,RA400,2015/16,10071,96856,0.1
RA4,RA400,2016/17,10310,106103,0.1
RA4,RA400,2017/18,397,3903,0.1
RA4,RA400,2018/19,0,0,0
RA4,RA400,2019/20,0,0,0
RA4,RA400,2020/21,0,0,0
RA4,RA400,2021/22,0,0,0
RA4,RA400,2022/23,0,0,0
RA4,RA430,2008/09,11289,78015,0.14
RA4,RA430,2009/10,11588,90086,0.13
RA4,RA430,2010/11,11412,90581,0.13
RA4,RA430,2011/12,10969,85851,0.13
RA4,RA430,2012/13,67,3526,0.02
RA4,RA430,2017/18,7458,95070,0.08
RA4,RA430,2018/19,7533,95123,0.08
RA4,RA430,2019/20,5905,101263,0.06
RA4,RA430,2020/21,3119,86087,0.04
RA4,RA430,2021/22,4492,105000,0.04
RA4,RA430,2022/23,4604,125273,0.04
RA4,RA430,2023/24,0,5328,0
RA4,RA4C1,2017/18,9,0,9
RA4,RA4C1,2018/19,0,0,0
RA4,RA4C1,2019/20,1,0,1
RA4,RA4C1,2020/21,0,0,0
RA4,RA4C1,2021/22,0,0,0
RA4,RA4C1,2022/23,1,0,1
RA4,RA4C2,2021/22,2,0,2
RA4,RA4C2,2022/23,0,2,0
RA7,RA700,2014/15,0,14,0
RA7,RA700,2015/16,178,859,0.21
RA7,RA700,2016/17,0,4,0
RA7,RA700,2022/23,1,37,0.03
RA7,RA700,2023/24,0,0,0
RA7,RA701,2008/09,28594,148674,0.19
RA7,RA701,2009/10,30315,155972,0.19
RA7,RA701,2010/11,28551,157832,0.18
RA7,RA701,2011/12,29254,152401,0.19
RA7,RA701,2012/13,29231,159447,0.18
RA7,RA701,2013/14,28731,158741,0.18
RA7,RA701,2014/15,28563,158404,0.18
RA7,RA701,2015/16,26594,153912,0.17
RA7,RA701,2016/17,26815,161671,0.17
RA7,RA701,2017/18,27347,162068,0.17
RA7,RA701,2018/19,26595,158615,0.17
RA7,RA701,2019/20,24693,168766,0.15
RA7,RA701,2020/21,16120,141337,0.11
RA7,RA701,2021/22,20600,150751,0.14
RA7,RA701,2022/23,23603,160801,0.15
RA7,RA701,2023/24,16043,115205,0.14
RA7,RA702,2008/09,532,21161,0.03
RA7,RA702,2009/10,51,4277,0.01
RA7,RA702,2010/11,129,6147,0.02
RA7,RA702,2011/12,153,2090,0.07
RA7,RA707,2008/09,5514,7347,0.75
RA7,RA707,2009/10,7150,7170,1
RA7,RA707,2010/11,4560,7527,0.61
RA7,RA707,2011/12,4121,7617,0.54
RA7,RA707,2012/13,5363,6422,0.84
RA7,RA707,2013/14,4059,4371,0.93
RA7,RA707,2014/15,3043,4469,0.68
RA7,RA707,2015/16,3374,3417,0.99
RA7,RA707,2016/17,3247,3866,0.84
RA7,RA707,2017/18,2185,4048,0.54
RA7,RA707,2018/19,2309,3768,0.61
RA7,RA707,2019/20,2015,3953,0.51
RA7,RA707,2020/21,1463,2774,0.53
RA7,RA707,2021/22,1798,3773,0.48
RA7,RA707,2022/23,2033,4115,0.49
RA7,RA707,2023/24,1210,3484,0.35
RA7,RA708,2008/09,1706,1004,1.7
RA7,RA708,2009/10,1722,915,1.88
RA7,RA708,2010/11,1507,1354,1.11
RA7,RA708,2011/12,1404,791,1.77
RA7,RA708,2012/13,1453,1266,1.15
RA7,RA708,2013/14,1618,1062,1.52
RA7,RA708,2014/15,1609,1518,1.06
RA7,RA708,2015/16,1520,1119,1.36
RA7,RA708,2016/17,1370,1335,1.03
RA7,RA708,2017/18,1456,1490,0.98
RA7,RA708,2018/19,1311,1947,0.67
RA7,RA708,2019/20,1241,1595,0.78
RA7,RA708,2020/21,410,917,0.45
RA7,RA708,2021/22,550,1005,0.55
RA7,RA708,2022/23,817,1194,0.68
RA7,RA708,2023/24,444,765,0.58
RA7,RA709,2008/09,4,0,4
RA7,RA709,2009/10,5,0,5
RA7,RA709,2010/11,9,0,9
RA7,RA709,2011/12,3,0,3
RA7,RA709,2012/13,33,0,33
RA7,RA709,2013/14,61,0,61
RA7,RA709,2014/15,7,0,7
RA7,RA709,2015/16,86,0,86
RA7,RA709,2016/17,89,0,89
RA7,RA709,2017/18,155,0,155
RA7,RA709,2018/19,30,0,30
RA7,RA709,2019/20,23,0,23
RA7,RA709,2020/21,31,0,31
RA7,RA709,2021/22,40,0,40
RA7,RA709,2022/23,39,0,39
RA7,RA709,2023/24,420,0,420
RA7,RA710,2008/09,8166,6755,1.21
RA7,RA710,2009/10,5035,8345,0.6
RA7,RA710,2010/11,3581,8731,0.41
RA7,RA710,2011/12,3601,9326,0.39
RA7,RA710,2012/13,9901,3562,2.78
RA7,RA710,2013/14,9909,3452,2.87
RA7,RA710,2014/15,11627,4605,2.52
RA7,RA710,2015/16,9960,6728,1.48
RA7,RA710,2016/17,10121,6996,1.45
RA7,RA710,2017/18,14637,2517,5.82
RA7,RA710,2018/19,15079,1786,8.44
RA7,RA710,2019/20,12358,5302,2.33
RA7,RA710,2020/21,4835,9291,0.52
RA7,RA710,2021/22,5495,10935,0.5
RA7,RA710,2022/23,4750,13600,0.35
RA7,RA710,2023/24,4471,9071,0.49
RA7,RA723,2008/09,13093,15687,0.83
RA7,RA723,2009/10,14054,17566,0.8
RA7,RA723,2010/11,12207,18568,0.66
RA7,RA723,2011/12,11430,17011,0.67
RA7,RA723,2012/13,11190,16606,0.67
RA7,RA723,2013/14,11179,16398,0.68
RA7,RA723,2014/15,12864,24238,0.53
RA7,RA723,2015/16,14154,26467,0.53
RA7,RA723,2016/17,12814,26571,0.48
RA7,RA723,2017/18,14567,25325,0.58
RA7,RA723,2018/19,13607,26657,0.51
RA7,RA723,2019/20,13466,27376,0.49
RA7,RA723,2020/21,12973,21895,0.59
RA7,RA723,2021/22,10813,30820,0.35
RA7,RA723,2022/23,11152,30811,0.36
RA7,RA723,2023/24,10140,21102,0.48
RA7,RA773,2012/13,81,191,0.42
RA7,RA773,2013/14,154,364,0.42
RA7,RA773,2014/15,271,338,0.8
RA7,RA773,2015/16,425,3150,0.13
RA7,RA773,2016/17,569,312,1.82
RA7,RA773,2017/18,533,173,3.08
RA7,RA773,2018/19,158,66,2.39
RA7,RA773,2019/20,694,46,15.09
RA7,RA773,2020/21,60,219,0.27
RA7,RA773,2021/22,35,0,35
RA7,RA773,2022/23,50,0,50
RA7,RA773,2023/24,55,0,55
RA7,RA798,2021/22,136,0,136
RA7,RA798,2023/24,18,0,18
RA7,RA7C2,2022/23,4133,95045,0.04
RA7,RA7C2,2023/24,3911,64712,0.06
RA7,RA7PH,2008/09,1111,0,1111
RA7,RA7PH,2009/10,489,0,489
RA7,RA7PH,2010/11,237,0,237
RA7,RA7PH,2011/12,263,0,263
RA7,RA7PH,2012/13,297,0,297
RA7,RA7PH,2013/14,170,0,170
RA7,RA7PH,2014/15,164,0,164
RA7,RA7PH,2015/16,70,0,70
RA7,RA7PH,2016/17,145,0,145
RA7,RA7PH,2017/18,105,1,105
RA7,RA7PH,2018/19,135,26,5.19
RA7,RA7PH,2019/20,147,0,147
RA7,RA7PH,2020/21,370,0,370
RA7,RA7PH,2021/22,841,0,841
RA7,RA7PH,2022/23,993,0,993
RA7,RA7PH,2023/24,506,0,506
RA9,RA901,2008/09,10510,49039,0.21
RA9,RA901,2009/10,10231,51333,0.2
RA9,RA901,2010/11,9205,49768,0.18
RA9,RA901,2011/12,7951,49355,0.16
RA9,RA901,2012/13,7863,53362,0.15
RA9,RA901,2013/14,16431,107974,0.15
RA9,RA901,2014/15,16142,110857,0.15
RA9,RA901,2015/16,15951,108922,0.15
RA9,RA901,2016/17,13773,114538,0.12
RA9,RA901,2017/18,13982,137240,0.1
RA9,RA901,2018/19,13757,143269,0.1
RA9,RA901,2019/20,15776,149214,0.11
RA9,RA901,2020/21,11124,118267,0.09
RA9,RA901,2021/22,16603,147690,0.11
RA9,RA901,2022/23,21815,166312,0.13
RA9,RA901,2023/24,9644,121548,0.08
RA9,RA952,2012/13,0,5,0
RA9,RA952,2015/16,145,98,1.48
RA9,RA952,2016/17,5,200,0.03
RA9,RA953,2015/16,0,112,0
RA9,RA954,2015/16,1538,83,18.53
RA9,RA954,2016/17,3951,46,85.89
RA9,RA955,2015/16,288,383,0.75
RA9,RA955,2016/17,112,128,0.88
RA9,RA956,2012/13,14,0,14
RA9,RA956,2015/16,510,739,0.69
RA9,RA956,2016/17,1487,645,2.31
RA9,RA957,2009/10,0,0,0
RA9,RA957,2010/11,0,12,0
RA9,RA957,2015/16,120,1195,0.1
RA9,RA957,2016/17,158,1490,0.11
RA9,RA958,2015/16,4,24,0.17
RA9,RA958,2016/17,81,74,1.09
RA9,RA959,2012/13,4,0,4
RA9,RA959,2013/14,12,0,12
RA9,RA959,2014/15,2,0,2
RA9,RA959,2015/16,813,639,1.27
RA9,RA959,2016/17,268,60,4.47
RA9,RA959,2017/18,0,0,0
RA9,RA959,2018/19,3,0,3
RA9,RA959,2019/20,63,0,63
RA9,RA959,2022/23,2,0,2
RA9,RA979,2014/15,8,0,8
RA9,RA979,2015/16,4064,232,17.52
RA9,RA979,2016/17,283,482,0.59
RAE,B5I2E,2021/22,384,0,384
RAE,B5I2E,2022/23,686,0,686
RAE,B5I2E,2023/24,56,0,56
RAE,RAE00,2008/09,38752,163888,0.24
RAE,RAE00,2009/10,41409,182100,0.23
RAE,RAE00,2010/11,37530,178821,0.21
RAE,RAE00,2011/12,35837,177167,0.2
RAE,RAE00,2012/13,153,7745,0.02
RAE,RAE00,2016/17,24195,160086,0.15
RAE,RAE00,2017/18,11907,95537,0.12
RAE,RAE00,2018/19,195,38897,0.01
RAE,RAE00,2019/20,27,33548,0
RAE,RAE00,2020/21,0,28781,0
RAE,RAE00,2021/22,0,35577,0
RAE,RAE00,2022/23,0,45749,0
RAE,RAE00,2023/24,28,33405,0
RAE,RAE01,2012/13,31986,172753,0.19
RAE,RAE01,2013/14,30807,176927,0.17
RAE,RAE01,2014/15,30707,179092,0.17
RAE,RAE01,2015/16,28419,167355,0.17
RAE,RAE01,2016/17,138,4429,0.03
RAE,RAE01,2017/18,9641,84698,0.11
RAE,RAE01,2018/19,20741,150496,0.14
RAE,RAE01,2019/20,18045,159649,0.11
RAE,RAE01,2020/21,6804,136331,0.05
RAE,RAE01,2021/22,11959,154590,0.08
RAE,RAE01,2022/23,17241,159618,0.11
RAE,RAE01,2023/24,11136,124188,0.09
RAE,RAE02,2017/18,162,1647,0.1
RAE,RAE02,2018/19,57,1493,0.04
RAE,RAE02,2019/20,7,1480,0
RAE,RAE02,2020/21,26,1606,0.02
RAE,RAE02,2021/22,8,1759,0
RAE,RAE02,2022/23,2,1959,0
RAE,RAE02,2023/24,0,980,0
RAE,RAE05,2017/18,69,3875,0.02
RAE,RAE05,2018/19,357,8336,0.04
RAE,RAE05,2019/20,478,7600,0.06
RAE,RAE05,2020/21,19,378,0.05
RAE,RAE05,2021/22,74,582,0.13
RAE,RAE05,2022/23,1519,769,1.98
RAE,RAE05,2023/24,33,341,0.1
RAE,RAE10,2020/21,74,0,74
RAE,RAE1H,2020/21,5,0,5
RAE,RAE1L,2020/21,3,0,3
RAE,RAE34,2022/23,0,191,0
RAE,RAE34,2023/24,0,410,0
RAE,RAE3A,2017/18,188,0,188
RAE,RAE3A,2018/19,9,0,9
RAE,RAE3A,2019/20,37,0,37
RAE,RAE3A,2020/21,12,0,12
RAE,RAE3A,2021/22,394,0,394
RAE,RAE3A,2022/23,486,0,486
RAE,RAE3A,2023/24,29,0,29
RAE,RAE4H,2021/22,30,0,30
RAE,RAE4H,2022/23,24,0,24
RAE,RAE4H,2023/24,19,0,19
RAE,RAE5H,2017/18,0,1320,0
RAE,RAE5H,2018/19,0,2996,0
RAE,RAE5H,2019/20,38,2554,0.01
RAE,RAE5H,2020/21,0,253,0
RAE,RAE5H,2021/22,0,184,0
RAE,RAE5H,2022/23,0,574,0
RAE,RAE5H,2023/24,0,456,0
RAE,RAE6H,2017/18,87,0,87
RAE,RAE6H,2018/19,56,0,56
RAE,RAE6H,2019/20,17,0,17
RAE,RAE6H,2020/21,1209,0,1209
RAE,RAE6H,2021/22,232,0,232
RAE,RAE6H,2022/23,25,0,25
RAE,RAE6H,2023/24,0,0,0
RAE,X8X8H,2023/24,3,0,3
RAE,Y3F5U,2022/23,16,0,16
RAE,Y3F5U,2023/24,21,0,21
RAJ,RAJ00,2013/14,0,8,0
RAJ,RAJ01,2008/09,32059,166849,0.19
RAJ,RAJ01,2009/10,30930,179196,0.17
RAJ,RAJ01,2010/11,30859,170048,0.18
RAJ,RAJ01,2011/12,29776,156218,0.19
RAJ,RAJ01,2012/13,26577,154134,0.17
RAJ,RAJ01,2013/14,27485,156257,0.18
RAJ,RAJ01,2014/15,27929,154246,0.18
RAJ,RAJ01,2015/16,26236,152765,0.17
RAJ,RAJ01,2016/17,24799,153368,0.16
RAJ,RAJ01,2017/18,22490,157473,0.14
RAJ,RAJ01,2018/19,20215,162214,0.12
RAJ,RAJ01,2019/20,20541,172689,0.12
RAJ,RAJ01,2020/21,12044,140992,0.09
RAJ,RAJ01,2021/22,18778,176782,0.11
RAJ,RAJ01,2022/23,18417,203072,0.09
RAJ,RAJ01,2023/24,22184,142076,0.16
RAJ,RAJ10,2008/09,110,0,110
RAJ,RAJ10,2009/10,227,0,227
RAJ,RAJ10,2010/11,52,0,52
RAJ,RAJ12,2020/21,14821,168018,0.09
RAJ,RAJ12,2021/22,21907,200076,0.11
RAJ,RAJ12,2022/23,25708,225662,0.11
RAJ,RAJ12,2023/24,20122,158192,0.13
RAJ,RAJ1K,2021/22,0,3,0
RAJ,RAJ1K,2022/23,0,1,0
RAJ,RAJ1K,2023/24,0,3,0
RAJ,RAJ20,2013/14,91,0,91
RAJ,RAJ20,2014/15,46,0,46
RAJ,RAJ20,2015/16,29,0,29
RAJ,RAJ20,2016/17,94,0,94
RAJ,RAJ20,2017/18,78,0,78
RAJ,RAJ20,2018/19,23,0,23
RAJ,RAJ20,2019/20,32,1,32
RAJ,RAJ20,2020/21,27,0,27
RAJ,RAJ20,2021/22,40,0,40
RAJ,RAJ20,2022/23,46,0,46
RAJ,RAJ20,2023/24,8,0,8
RAJ,RAJ32,2019/20,65,0,65
RAJ,RAJ32,2020/21,11058,143299,0.08
RAJ,RAJ32,2021/22,17064,170452,0.1
RAJ,RAJ32,2022/23,16156,194183,0.08
RAJ,RAJ32,2023/24,13985,140699,0.1
RAJ,RAJ45,2014/15,87,2,43.5
RAJ,RAJ45,2015/16,11,0,11
RAJ,RAJ45,2017/18,2,0,2
RAJ,RAJ45,2018/19,0,0,0
RAJ,RAJ47,2013/14,53,0,53
RAJ,RAJ47,2014/15,345,5,69
RAJ,RAJ47,2015/16,54,0,54
RAJ,RAJ47,2016/17,320,0,320
RAJ,RAJ47,2020/21,431,0,431
RAJ,RAJ47,2021/22,1,0,1
RAJ,RAJ48,2019/20,39,0,39
RAJ,RAJ48,2021/22,269,0,269
RAJ,RAJ48,2022/23,858,2,429
RAJ,RAJ48,2023/24,619,0,619
RAJ,RAJ49,2013/14,14,0,14
RAJ,RAJ49,2016/17,368,0,368
RAJ,RAJ49,2017/18,21,0,21
RAJ,RAJ49,2018/19,7,0,7
RAJ,RAJ50,2013/14,4,0,4
RAJ,RAJ50,2020/21,1,0,1
RAJ,RAJ53,2018/19,13,0,13
RAJ,RAJ53,2019/20,150,0,150
RAJ,RAJ53,2020/21,320,0,320
RAJ,RAJ54,2014/15,0,0,0
RAJ,RAJ54,2015/16,4,0,4
RAJ,RAJ56,2015/16,7,0,7
RAJ,RAJ56,2016/17,11,0,11
RAJ,RAJ56,2017/18,12,0,12
RAJ,RAJ56,2018/19,1,0,1
RAJ,RAJ67,2016/17,322,0,322
RAJ,RAJ67,2017/18,4,0,4
RAJ,RAJ68,2016/17,18,0,18
RAJ,RAJ68,2017/18,2,0,2
RAJ,RAJ68,2020/21,0,0,0
RAJ,RAJ70,2016/17,2,0,2
RAJ,RAJ70,2017/18,28,0,28
RAJ,RAJ73,2020/21,0,1,0
RAJ,RAJ73,2021/22,0,0,0
RAJ,RAJ74,2020/21,4,0,4
RAJ,RAJ74,2021/22,0,0,0
RAJ,RAJ74,2023/24,894,0,894
RAJ,RAJ86,2023/24,34,0,34
RAJ,RAJ88,2020/21,2,258,0.01
RAJ,RAJ88,2021/22,23,505,0.05
RAJ,RAJ88,2022/23,0,303,0
RAJ,RAJ88,2023/24,1,76,0.01
RAL,F4Q2S,2023/24,0,0,0
RAL,ral01,2008/09,42507,123245,0.34
RAL,ral01,2009/10,47009,137596,0.34
RAL,RAL01,2010/11,43830,139329,0.31
RAL,RAL01,2011/12,47349,133199,0.36
RAL,RAL01,2012/13,46033,132950,0.35
RAL,RAL01,2013/14,44019,132240,0.33
RAL,RAL01,2014/15,45897,139613,0.33
RAL,RAL01,2015/16,45258,142280,0.32
RAL,RAL01,2016/17,43052,140626,0.31
RAL,RAL01,2017/18,42618,140849,0.3
RAL,RAL01,2018/19,39194,145116,0.27
RAL,RAL01,2019/20,42724,156007,0.27
RAL,RAL01,2020/21,22968,130146,0.18
RAL,RAL01,2021/22,30998,156265,0.2
RAL,RAL01,2022/23,27014,169728,0.16
RAL,RAL01,2023/24,20173,125575,0.16
RAL,RAL16,2008/09,1486,1109,1.34
RAL,RAL16,2009/10,1574,1175,1.34
RAL,RAL16,2010/11,1452,761,1.91
RAL,RAL16,2011/12,1531,715,2.14
RAL,RAL22,2013/14,3,0,3
RAL,RAL22,2014/15,2,0,2
RAL,RAL22,2015/16,1,0,1
RAL,RAL22,2016/17,13,0,13
RAL,RAL22,2017/18,47,0,47
RAL,RAL22,2018/19,35,0,35
RAL,RAL22,2019/20,8,0,8
RAL,RAL22,2020/21,3,0,3
RAL,RAL22,2021/22,34,0,34
RAL,RAL22,2022/23,64,0,64
RAL,RAL22,2023/24,160,0,160
RAL,RAL25,2008/09,30,0,30
RAL,RAL25,2009/10,144,0,144
RAL,RAL25,2010/11,2,0,2
RAL,RAL25,2011/12,3,0,3
RAL,RAL25,2012/13,2,0,2
RAL,RAL25,2013/14,15,0,15
RAL,RAL26,2008/09,63,0,63
RAL,RAL26,2009/10,41,0,41
RAL,RAL26,2010/11,36,0,36
RAL,RAL26,2011/12,24,0,24
RAL,RAL26,2012/13,22,0,22
RAL,RAL26,2013/14,3,0,3
RAL,RAL26,2015/16,0,7,0
RAL,RAL26,2016/17,4406,147198,0.03
RAL,RAL26,2017/18,4208,148725,0.03
RAL,RAL26,2018/19,3568,146355,0.02
RAL,RAL26,2019/20,5000,147529,0.03
RAL,RAL26,2020/21,2643,117007,0.02
RAL,RAL26,2021/22,2247,130528,0.02
RAL,RAL26,2022/23,1109,156133,0.01
RAL,RAL26,2023/24,2094,115760,0.02
RAL,RAL27,2008/09,27,0,27
RAL,RAL27,2009/10,17,0,17
RAL,RAL27,2010/11,10,0,10
RAL,RAL27,2011/12,3,0,3
RAL,RAL27,2012/13,31,0,31
RAL,RAL27,2013/14,24,0,24
RAL,RAL27,2014/15,365,0,365
RAL,RAL29,2008/09,20,0,20
RAL,RAL29,2009/10,71,0,71
RAL,RAL29,2010/11,81,0,81
RAL,RAL29,2011/12,1,0,1
RAL,RAL29,2012/13,30,0,30
RAL,RAL29,2013/14,17,0,17
RAL,RAL30,2008/09,5,0,5
RAL,RAL30,2010/11,2,0,2
RAL,RAL30,2017/18,4,0,4
RAL,RAL30,2018/19,1,0,1
RAL,RAL31,2008/09,53,1,53
RAL,RAL31,2009/10,17,0,17
RAL,RAL31,2010/11,8,0,8
RAL,RAL31,2011/12,1,0,1
RAL,RAL31,2012/13,12,0,12
RAL,RAL31,2013/14,11,0,11
RAL,RAL80,2017/18,3,0,3
RAL,RAL80,2018/19,17,0,17
RAL,RAL80,2019/20,102,0,102
RAL,RAL80,2020/21,206,0,206
RAL,RAL80,2021/22,1107,0,1107
RAL,RAL80,2022/23,481,0,481
RAL,RAL80,2023/24,180,0,180
RAL,RALC7,2015/16,15,0,15
RAL,RALC7,2016/17,7602,3092,2.46
RAL,RALC7,2017/18,6301,2000,3.15
RAL,RALC7,2018/19,6401,1001,6.39
RAL,RALC7,2019/20,18365,36,510.14
RAL,RALC7,2020/21,3695,23,160.65
RAL,RALC7,2021/22,7240,11,658.18
RAL,RALC7,2022/23,6754,18,375.22
RAL,RALC7,2023/24,624,6,104
RAL,RALHA,2008/09,0,0,0
RAL,RALMF,2009/10,3090,0,3090
RAL,RALMF,2010/11,2473,0,2473
RAL,RALMF,2011/12,808,0,808
RAL,RALMV,2008/09,2,0,2
RAL,RALMV,2009/10,6,0,6
RAL,RALMV,2010/11,3,0,3
RAL,RALMV,2011/12,6,0,6
RAL,RALMV,2012/13,4,0,4
RAL,RALMV,2013/14,3,0,3
RAL,RALMV,2015/16,1,0,1
RAL,RALMV,2017/18,1,0,1
RAL,RALMV,2018/19,1,0,1
RAL,RALMV,2020/21,3,0,3
RAL,RALMV,2021/22,5,0,5
RAL,RALMV,2022/23,3,0,3
RAL,RALMV,2023/24,1,0,1
RAL,RALRA,2008/09,135,0,135
RAL,RALRA,2009/10,39,0,39
RAL,RALRA,2010/11,61,0,61
RAL,RALRA,2011/12,2715,0,2715
RAL,RALRA,2012/13,3213,30,107.1
RAL,RALRA,2013/14,4063,0,4063
RAL,RALRA,2014/15,3975,0,3975
RAL,RALRA,2015/16,4003,13,307.92
RAL,RALRA,2016/17,4123,48,85.9
RAL,RALRA,2017/18,5777,25,231.08
RAL,RALRA,2018/19,4041,0,4041
RAL,RALRA,2019/20,4022,110,36.56
RAL,RALRA,2020/21,1236,0,1236
RAL,RALRA,2021/22,3329,0,3329
RAL,RALRA,2022/23,152,19,8
RAL,RALRA,2023/24,35,0,35
RAL,RALWA,2008/09,1,0,1
RAL,RALWA,2010/11,2,0,2
RAL,RALWA,2013/14,1,0,1
RAL,RALWA,2014/15,3,0,3
RAL,RALWA,2016/17,2,0,2
RAL,RALWA,2018/19,3,0,3
RAL,RALWH,2008/09,1,0,1
RAL,RALWH,2009/10,0,0,0
RAL,RALWH,2010/11,15,0,15
RAL,RALWH,2011/12,8,0,8
RAL,RALWH,2012/13,12,0,12
RAL,RALWH,2013/14,0,0,0
RAL,RALWH,2014/15,184,0,184
RAL,RALWH,2015/16,2,0,2
RAL,RALWH,2016/17,4,0,4
RAL,RALWH,2017/18,74,0,74
RAL,RALWH,2018/19,93,0,93
RAL,RALWH,2019/20,109,0,109
RAL,RALWH,2020/21,37,0,37
RAL,RALWH,2021/22,48,0,48
RAL,RALWH,2022/23,792,0,792
RAL,RALWH,2023/24,236,0,236
RAL,S2C1J,2022/23,2,0,2
RAL,S2C1J,2023/24,6,0,6
RAL,Y8D9M,2022/23,427,0,427
RAL,Y8D9M,2023/24,3309,0,3309
RAN,RAN00,2008/09,37535,7653,4.9
RAN,RAN00,2009/10,452,716,0.63
RAN,RAN00,2018/19,0,216,0
RAN,RAN01,2009/10,36188,13139,2.75
RAN,RAN01,2010/11,38491,9490,4.06
RAN,RAN01,2011/12,42481,10297,4.13
RAN,RAN01,2012/13,47425,9458,5.01
RAN,RAN01,2013/14,48177,10770,4.47
RAN,RAN01,2014/15,44239,11591,3.82
RAN,RAN01,2015/16,44397,11034,4.02
RAN,RAN01,2016/17,41560,10257,4.05
RAN,RAN01,2017/18,37489,9709,3.86
RAN,RAN01,2018/19,35389,8886,3.98
RAN,RAN01,2019/20,34681,11768,2.95
RAN,RAN01,2020/21,19736,12849,1.54
RAN,RAN01,2021/22,28332,8449,3.35
RAN,RAN01,2022/23,28262,8346,3.39
RAN,RAN01,2023/24,20596,7884,2.61
RAN,RAN02,2017/18,14,0,14
RAN,RAN03,2017/18,559,0,559
RAP,R2K8B,2023/24,1,0,1
RAP,RAP00,2014/15,0,2,0
RAP,RAP00,2015/16,7,6,1.17
RAP,RAP00,2016/17,0,0,0
RAP,RAPNM,2008/09,10133,97669,0.1
RAP,RAPNM,2009/10,9508,114368,0.08
RAP,RAPNM,2010/11,8049,103543,0.08
RAP,RAPNM,2011/12,8319,91636,0.09
RAP,RAPNM,2012/13,7229,86888,0.08
RAP,RAPNM,2013/14,7401,104126,0.07
RAP,RAPNM,2014/15,9447,138319,0.07
RAP,RAPNM,2015/16,8340,137900,0.06
RAP,RAPNM,2016/17,7516,146545,0.05
RAP,RAPNM,2017/18,7477,143875,0.05
RAP,RAPNM,2018/19,6777,146562,0.05
RAP,RAPNM,2019/20,6319,151001,0.04
RAP,RAPNM,2020/21,3669,136222,0.03
RAP,RAPNM,2021/22,5464,151343,0.04
RAP,RAPNM,2022/23,6289,168799,0.04
RAP,RAPNM,2023/24,5194,127577,0.04
RAS,RAS00,2016/17,0,0,0
RAS,RAS00,2023/24,861,313,2.75
RAS,RAS01,2008/09,12071,94816,0.13
RAS,RAS01,2009/10,9696,104448,0.09
RAS,RAS01,2010/11,8641,99058,0.09
RAS,RAS01,2011/12,8841,98307,0.09
RAS,RAS01,2012/13,8901,97560,0.09
RAS,RAS01,2013/14,8994,92738,0.1
RAS,RAS01,2014/15,9909,103903,0.1
RAS,RAS01,2015/16,8815,106509,0.08
RAS,RAS01,2016/17,8954,123277,0.07
RAS,RAS01,2017/18,8162,121091,0.07
RAS,RAS01,2018/19,7638,115886,0.07
RAS,RAS01,2019/20,6841,114354,0.06
RAS,RAS01,2020/21,2311,84308,0.03
RAS,RAS01,2021/22,4681,104224,0.04
RAS,RAS01,2022/23,4707,109036,0.04
RAS,RAS01,2023/24,4801,86745,0.06
RAS,RAS02,2008/09,2352,245,9.6
RAS,RAS02,2009/10,4129,488,8.46
RAS,RAS02,2010/11,4176,422,9.9
RAS,RAS02,2011/12,4694,419,11.2
RAS,RAS02,2012/13,4510,278,16.22
RAS,RAS02,2013/14,3872,2,1936
RAS,RAS02,2014/15,3994,213,18.75
RAS,RAS02,2015/16,3069,516,5.95
RAS,RAS02,2016/17,3652,476,7.67
RAS,RAS02,2017/18,3841,576,6.67
RAS,RAS02,2018/19,4382,359,12.21
RAS,RAS02,2019/20,3017,815,3.7
RAS,RAS02,2020/21,1511,0,1511
RAS,RAS02,2021/22,2564,135,18.99
RAS,RAS02,2022/23,2169,43,50.44
RAS,RAS02,2023/24,1449,149,9.72
RAT,RAT00,2008/09,1461,759,1.92
RAT,RAT00,2009/10,3083,904,3.41
RAT,RAT00,2010/11,1497,2503,0.6
RAT,RAT00,2011/12,2090,2308,0.91
RAT,RAT00,2012/13,1460,1682,0.87
RAT,RAT00,2013/14,2199,1876,1.17
RAT,RAT00,2014/15,1694,1511,1.12
RAT,RAT00,2015/16,6194,3356,1.85
RAT,RAT00,2016/17,8022,3210,2.5
RAT,RAT00,2017/18,0,167,0
RAT,RAT00,2018/19,7981,5776,1.38
RAT,RAT00,2019/20,8922,10311,0.87
RAT,RAT00,2020/21,21397,7563,2.83
RAT,RAT00,2021/22,23585,2164,10.9
RAT,RAT00,2022/23,22346,7779,2.87
RAT,RAT00,2023/24,13810,6710,2.06
RAT,RATAF,2011/12,7744,538,14.39
RAT,RATAF,2012/13,3312,3287,1.01
RAT,RATAF,2013/14,70,2759,0.03
RAT,RATAF,2014/15,0,674,0
RAT,RATAF,2015/16,12,510,0.02
RAT,RATAF,2016/17,0,194,0
RAT,RATAF,2018/19,8156,0,8156
RAT,RATAF,2019/20,8446,0,8446
RAT,RATAF,2020/21,3843,32,120.09
RAT,RATAF,2021/22,7505,26,288.65
RAT,RATAF,2022/23,8398,12,699.83
RAT,RATAF,2023/24,6284,0,6284
RAT,RATDK,2011/12,6000,1128,5.32
RAT,RATDK,2012/13,1927,2830,0.68
RAT,RATDK,2013/14,438,2083,0.21
RAT,RATDK,2014/15,545,198,2.75
RAT,RATDK,2015/16,2168,444,4.88
RAT,RATDK,2016/17,5751,78,73.73
RAT,RATGA,2018/19,22253,30687,0.73
RAT,RATGA,2019/20,30295,26751,1.13
RAT,RATGA,2020/21,32204,26185,1.23
RAT,RATGA,2021/22,33738,20059,1.68
RAT,RATGA,2022/23,35561,21752,1.63
RAT,RATGA,2023/24,29104,12719,2.29
RAT,RATGM,2008/09,10564,11252,0.94
RAT,RATGM,2009/10,17108,13654,1.25
RAT,RATGM,2010/11,16283,13240,1.23
RAT,RATGM,2011/12,24344,13341,1.82
RAT,RATGM,2012/13,18415,10930,1.68
RAT,RATGM,2013/14,24368,19681,1.24
RAT,RATGM,2014/15,29445,23702,1.24
RAT,RATGM,2015/16,31974,25041,1.28
RAT,RATGM,2016/17,29451,31394,0.94
RAT,RATGM,2017/18,574,485,1.18
RAT,RATGM,2018/19,2321,1681,1.38
RAT,RATGM,2019/20,1225,1606,0.76
RAT,RATGM,2020/21,4035,0,4035
RAT,RATGM,2022/23,1592,0,1592
RAT,RATHC,2009/10,306,0,306
RAT,RATHC,2010/11,1003,0,1003
RAT,RATMP,2008/09,13364,7048,1.9
RAT,RATMP,2009/10,19950,7422,2.69
RAT,RATMP,2010/11,11619,2970,3.91
RAT,RATMP,2011/12,2299,2533,0.91
RAT,RATNC,2008/09,6303,4388,1.44
RAT,RATNC,2009/10,9503,6910,1.38
RAT,RATNC,2010/11,9753,9748,1
RAT,RATNC,2011/12,10807,6589,1.64
RAT,RATNC,2012/13,5633,6175,0.91
RAT,RATNC,2013/14,2975,275,10.82
RAT,RATOO,2008/09,4,30,0.13
RAT,RATOO,2010/11,616,5,123.2
RAT,RATOO,2011/12,0,205,0
RAT,RATOO,2013/14,0,433,0
RAT,RATOO,2014/15,83,0,83
RAT,RATRM,2011/12,477,553,0.86
RAT,RATRM,2012/13,82,2109,0.04
RAT,RATRM,2013/14,279,2946,0.09
RAT,RATRM,2014/15,1,1015,0
RAT,RATRM,2015/16,0,2044,0
RAT,RATRM,2016/17,0,1101,0
RAT,RATRM,2018/19,8624,33,261.33
RAT,RATRM,2019/20,9405,0,9405
RAT,RATRM,2020/21,5442,10,544.2
RAT,RATRM,2023/24,6866,83,82.72
RAT,RATWU,2008/09,2854,1724,1.66
RAT,RATWU,2009/10,8572,3636,2.36
RAT,RATWU,2010/11,5445,2941,1.85
RAT,RATWU,2011/12,6823,3508,1.94
RAT,RATWU,2012/13,6629,1289,5.14
RAT,RATWU,2013/14,3592,1265,2.84
RAT,RATWU,2014/15,2764,1377,2.01
RAX,RAX00,2009/10,0,0,0
RAX,RAX00,2015/16,58,18,3.22
RAX,RAX00,2016/17,13,0,13
RAX,RAX00,2017/18,34,0,34
RAX,RAX00,2018/19,27,0,27
RAX,RAX00,2019/20,0,0,0
RAX,RAX00,2020/21,286,0,286
RAX,RAX00,2021/22,147,0,147
RAX,RAX00,2022/23,301,0,301
RAX,RAX01,2008/09,11557,121200,0.1
RAX,RAX01,2009/10,9937,115142,0.09
RAX,RAX01,2010/11,7221,108934,0.07
RAX,RAX01,2011/12,8791,109062,0.08
RAX,RAX01,2012/13,6944,103431,0.07
RAX,RAX01,2013/14,7150,107986,0.07
RAX,RAX01,2014/15,6905,109562,0.06
RAX,RAX01,2015/16,6383,117057,0.05
RAX,RAX01,2016/17,6435,117405,0.05
RAX,RAX01,2017/18,6429,117782,0.05
RAX,RAX01,2018/19,6456,114916,0.06
RAX,RAX01,2019/20,6381,122501,0.05
RAX,RAX01,2020/21,3921,104077,0.04
RAX,RAX01,2021/22,7535,134118,0.06
RAX,RAX01,2022/23,8071,141690,0.06
RAX,RAX01,2023/24,12682,100527,0.13
RAX,RAX04,2021/22,15,0,15
RAX,RAX04,2022/23,77,0,77
RAX,RAX62,2008/09,19,0,19
RAX,RAX63,2008/09,7,0,7
RAX,RAX65,2008/09,28,0,28
RAX,RAX99,2009/10,261,548,0.48
RAX,RAX99,2010/11,500,1287,0.39
RAX,RAX99,2011/12,86,383,0.22
RAX,RAX99,2012/13,98,81,1.21
RAX,RAX99,2013/14,91,97,0.94
RAX,RAX99,2014/15,62,119,0.52
RBA,RBA00,2008/09,1,0,1
RBA,RBA00,2009/10,0,0,0
RBA,RBA00,2010/11,2,1,2
RBA,RBA00,2011/12,29,0,29
RBA,RBA00,2012/13,1,29,0.03
RBA,RBA00,2013/14,4,52,0.08
RBA,RBA00,2014/15,0,71,0
RBA,RBA00,2015/16,91,150,0.61
RBA,RBA11,2008/09,27577,123071,0.22
RBA,RBA11,2009/10,29532,136760,0.22
RBA,RBA11,2010/11,27288,141844,0.19
RBA,RBA11,2011/12,23931,143552,0.17
RBA,RBA11,2012/13,23482,144450,0.16
RBA,RBA11,2013/14,22354,137774,0.16
RBA,RBA11,2014/15,21069,145284,0.15
RBA,RBA11,2015/16,19251,154686,0.12
RBA,RBA11,2016/17,17828,166969,0.11
RBA,RBA11,2017/18,17206,169188,0.1
RBA,RBA11,2018/19,17530,174320,0.1
RBA,RBA11,2019/20,15006,176846,0.08
RBA,RBA11,2020/21,53,2041,0.03
RBA,RBA1E,2014/15,6,0,6
RBA,RBA1E,2015/16,92,0,92
RBA,RBA1E,2016/17,163,0,163
RBA,RBA1E,2017/18,158,0,158
RBA,RBA95,2008/09,517,2,258.5
RBA,RBA95,2009/10,519,0,519
RBA,RBA95,2010/11,115,0,115
RBA,RBA95,2011/12,4,0,4
RBA,RBA95,2012/13,0,0,0
RBA,RBA95,2013/14,34,0,34
RBA,RBA95,2014/15,108,0,108
RBA,RBA95,2015/16,206,0,206
RBA,RBA95,2016/17,148,0,148
RBA,RBA95,2017/18,153,0,153
RBA,RBA95,2018/19,41,0,41
RBA,RBA95,2019/20,28,0,28
RBA,RBA95,2020/21,5,0,5
RBA,RBAC2,2015/16,0,492,0
RBA,RBAC2,2016/17,0,1143,0
RBA,RBAC2,2017/18,61,1332,0.05
RBA,RBAC2,2018/19,21,1324,0.02
RBA,RBAC2,2019/20,0,939,0
RBA,RBAC2,2020/21,0,77,0
RBA,RBAC3,2014/15,2,0,2
RBA,RBAC3,2015/16,4,0,4
RBA,RBAC3,2016/17,19,0,19
RBA,RBAC3,2017/18,1,2,0.5
RBA,RBAC3,2018/19,6,2,3
RBA,RBAC3,2019/20,18,0,18
RBA,RBAC6,2015/16,0,0,0
RBA,RBAC6,2016/17,0,0,0
RBA,RBAC6,2017/18,0,0,0
RBA,RBAC6,2018/19,0,0,0
RBA,RBAC6,2019/20,0,0,0
RBA,RBAD3,2017/18,218,0,218
RBA,RBAD3,2018/19,167,0,167
RBA,RBAD3,2019/20,111,0,111
RBA,RBAE1,2013/14,2,0,2
RBA,RBAE2,2016/17,0,0,0
RBB,RBB00,2008/09,8033,869,9.24
RBB,RBB00,2009/10,8266,708,11.68
RBB,RBB01,2009/10,793,136,5.83
RBB,RBB01,2010/11,7000,1094,6.4
RBB,RBB01,2011/12,6740,982,6.86
RBB,RBB01,2012/13,3085,659,4.68
RBB,RBB01,2013/14,2817,478,5.89
RBB,RBB01,2014/15,2195,426,5.15
RBD,RBD01,2008/09,19574,98810,0.2
RBD,RBD01,2009/10,20616,102609,0.2
RBD,RBD01,2010/11,16494,108276,0.15
RBD,RBD01,2011/12,15695,87203,0.18
RBD,RBD01,2012/13,12511,83839,0.15
RBD,RBD01,2013/14,10675,88634,0.12
RBD,RBD01,2014/15,11151,87133,0.13
RBD,RBD01,2015/16,10373,94157,0.11
RBD,RBD01,2016/17,10004,91573,0.11
RBD,RBD01,2017/18,10270,87452,0.12
RBD,RBD01,2018/19,9178,90223,0.1
RBD,RBD01,2019/20,8592,94628,0.09
RBD,RBD01,2020/21,5087,75190,0.07
RBD,RBD01,2021/22,6146,97734,0.06
RBD,RBD01,2022/23,5463,117132,0.05
RBD,RBD01,2023/24,4030,83962,0.05
RBD,RBD05,2008/09,12,0,12
RBD,RBD05,2009/10,2,0,2
RBD,RBD05,2010/11,23,0,23
RBD,RBD05,2011/12,1,0,1
RBD,RBD05,2012/13,6,0,6
RBD,RBD05,2013/14,4,0,4
RBD,RBD05,2014/15,4,0,4
RBD,RBD05,2015/16,4,0,4
RBD,RBD05,2016/17,1,0,1
RBD,RBD05,2017/18,0,0,0
RBD,RBD05,2018/19,1,0,1
RBD,RBD05,2019/20,1,0,1
RBD,RBD20,2008/09,4,0,4
RBD,RBD20,2009/10,4,0,4
RBD,RBD20,2010/11,5,0,5
RBD,RBD20,2011/12,1,0,1
RBD,RBD30,2009/10,0,0,0
RBD,RBD30,2010/11,0,0,0
RBD,RBD42,2008/09,0,0,0
RBD,RBD42,2009/10,0,0,0
RBD,RBD42,2010/11,0,0,0
RBD,RBD42,2011/12,0,0,0
RBD,RBD42,2012/13,0,0,0
RBD,RBD42,2013/14,0,0,0
RBD,RBD42,2014/15,6,0,6
RBD,RBD42,2015/16,1,0,1
RBD,RBD42,2016/17,0,0,0
RBD,RBD42,2018/19,0,0,0
RBD,RBD42,2022/23,7,0,7
RBD,RBD44,2013/14,5,0,5
RBD,RBD46,2013/14,1,0,1
RBD,RBD46,2019/20,83,0,83
RBD,RBD49,2012/13,2,0,2
RBD,RBD49,2013/14,4,0,4
RBD,RBD49,2014/15,2,0,2
RBF,RBF03,2008/09,21004,5503,3.82
RBF,RBF03,2009/10,25285,7103,3.56
RBF,RBF03,2010/11,29659,6089,4.87
RBF,RBF03,2011/12,18384,3420,5.38
RBF,RBF03,2012/13,245,0,245
RBK,E0Z3F,2022/23,2172,109,19.93
RBK,E0Z3F,2023/24,4178,24,174.08
RBK,RBK00,2008/09,8,0,8
RBK,RBK00,2009/10,6,0,6
RBK,RBK00,2010/11,35,0,35
RBK,RBK00,2015/16,24,0,24
RBK,RBK00,2017/18,70,9449,0.01
RBK,RBK00,2020/21,0,0,0
RBK,RBK00,2021/22,0,0,0
RBK,RBK02,2008/09,16471,138588,0.12
RBK,RBK02,2009/10,15014,143919,0.1
RBK,RBK02,2010/11,13513,151421,0.09
RBK,RBK02,2011/12,12389,138431,0.09
RBK,RBK02,2012/13,11627,149911,0.08
RBK,RBK02,2013/14,12885,157276,0.08
RBK,RBK02,2014/15,12218,172487,0.07
RBK,RBK02,2015/16,11526,168933,0.07
RBK,RBK02,2016/17,10304,167899,0.06
RBK,RBK02,2017/18,9136,154609,0.06
RBK,RBK02,2018/19,9910,157075,0.06
RBK,RBK02,2019/20,10475,158577,0.07
RBK,RBK02,2020/21,6223,133261,0.05
RBK,RBK02,2021/22,11239,150347,0.07
RBK,RBK02,2022/23,9336,164255,0.06
RBK,RBK02,2023/24,3741,117858,0.03
RBK,RBK49,2020/21,72,43,1.67
RBK,RBK49,2021/22,124,151,0.82
RBK,RBK49,2022/23,220,55,4
RBK,RBK49,2023/24,94,37,2.54
RBK,RBK83,2020/21,922,0,922
RBK,RBK83,2021/22,1869,14,133.5
RBK,RBK83,2022/23,1844,58,31.79
RBK,RBK83,2023/24,1209,38,31.82
RBK,RBK87,2014/15,0,0,0
RBK,RBK87,2015/16,106,0,106
RBK,RBK88,2015/16,43,0,43
RBK,RBK88,2016/17,66,0,66
RBK,RBK90,2014/15,65,0,65
RBK,RBK90,2020/21,396,0,396
RBK,RBK91,2014/15,158,0,158
RBK,RBK91,2015/16,252,0,252
RBK,RBKPC,2018/19,2,0,2
RBK,RBKPC,2019/20,0,0,0
RBL,Q9O5G,2022/23,357,0,357
RBL,Q9O5G,2023/24,592,0,592
RBL,RBL00,2013/14,0,6,0
RBL,RBL00,2014/15,0,15,0
RBL,RBL00,2015/16,0,2,0
RBL,RBL00,2016/17,0,9,0
RBL,RBL00,2017/18,0,0,0
RBL,RBL00,2018/19,0,1,0
RBL,RBL00,2019/20,2,1,2
RBL,RBL00,2020/21,0,22,0
RBL,RBL00,2021/22,0,1,0
RBL,RBL00,2022/23,0,2,0
RBL,RBL00,2023/24,0,2,0
RBL,RBL14,2008/09,25679,204821,0.13
RBL,RBL14,2009/10,25373,226727,0.11
RBL,RBL14,2010/11,21898,211668,0.1
RBL,RBL14,2011/12,22304,204975,0.11
RBL,RBL14,2012/13,21077,220819,0.1
RBL,RBL14,2013/14,23508,230246,0.1
RBL,RBL14,2014/15,32691,225611,0.14
RBL,RBL14,2015/16,47601,221946,0.21
RBL,RBL14,2016/17,53903,219875,0.25
RBL,RBL14,2017/18,59919,242849,0.25
RBL,RBL14,2018/19,17854,244385,0.07
RBL,RBL14,2019/20,18978,260597,0.07
RBL,RBL14,2020/21,18598,192841,0.1
RBL,RBL14,2021/22,17246,228112,0.08
RBL,RBL14,2022/23,16324,262352,0.06
RBL,RBL14,2023/24,12171,191782,0.06
RBL,RBL20,2008/09,12547,199,63.05
RBL,RBL20,2009/10,11613,253,45.9
RBL,RBL20,2010/11,10270,307,33.45
RBL,RBL20,2011/12,7421,1414,5.25
RBL,RBL20,2012/13,8660,1735,4.99
RBL,RBL20,2013/14,7633,2918,2.62
RBL,RBL20,2014/15,8430,4480,1.88
RBL,RBL20,2015/16,10951,9417,1.16
RBL,RBL20,2016/17,10779,3517,3.06
RBL,RBL20,2017/18,15081,2730,5.52
RBL,RBL20,2018/19,5906,1696,3.48
RBL,RBL20,2019/20,6673,1902,3.51
RBL,RBL20,2020/21,3176,4769,0.67
RBL,RBL20,2021/22,4256,9589,0.44
RBL,RBL20,2022/23,3716,2246,1.65
RBL,RBL20,2023/24,2026,1460,1.39
RBL,RBL99,2021/22,523,0,523
RBL,RBL99,2022/23,711,0,711
RBL,RBL99,2023/24,222,0,222
RBN,RBN01,2008/09,18216,189770,0.1
RBN,RBN01,2009/10,17087,197191,0.09
RBN,RBN01,2010/11,20655,194627,0.11
RBN,RBN01,2011/12,21333,196744,0.11
RBN,RBN01,2012/13,20470,203019,0.1
RBN,RBN01,2013/14,19853,200578,0.1
RBN,RBN01,2014/15,21001,204043,0.1
RBN,RBN01,2015/16,19169,207014,0.09
RBN,RBN01,2016/17,19123,212000,0.09
RBN,RBN01,2017/18,18118,217770,0.08
RBN,RBN01,2018/19,19370,219024,0.09
RBN,RBN01,2019/20,16560,232261,0.07
RBN,RBN01,2020/21,9965,202657,0.05
RBN,RBN01,2021/22,15031,235937,0.06
RBN,RBN01,2022/23,15756,255014,0.06
RBN,RBN01,2023/24,11807,189098,0.06
RBN,RBN02,2008/09,7001,1715,4.08
RBN,RBN02,2009/10,8065,2293,3.52
RBN,RBN02,2010/11,617,457,1.35
RBN,RBN02,2011/12,333,286,1.16
RBN,RBN02,2012/13,908,772,1.18
RBN,RBN02,2013/14,710,5977,0.12
RBN,RBN02,2014/15,691,5779,0.12
RBN,RBN02,2015/16,639,7047,0.09
RBN,RBN02,2016/17,359,4834,0.07
RBN,RBN02,2017/18,446,4904,0.09
RBN,RBN02,2018/19,591,186,3.18
RBN,RBN02,2019/20,443,224,1.98
RBN,RBN02,2020/21,695,108,6.44
RBN,RBN02,2021/22,417,211,1.98
RBN,RBN02,2022/23,500,380,1.32
RBN,RBN02,2023/24,553,390,1.42
RBN,RBN03,2020/21,194,2568,0.08
RBN,RBN03,2021/22,166,926,0.18
RBN,RBN03,2022/23,125,1369,0.09
RBN,RBN03,2023/24,97,1172,0.08
RBN,RBN0A,2020/21,252,0,252
RBN,RBN0A,2021/22,163,0,163
RBN,RBN0A,2022/23,87,0,87
RBN,RBN51,2023/24,3515,63055,0.06
RBN,RBN52,2022/23,188,0,188
RBN,RBN52,2023/24,1076,2714,0.4
RBQ,RBQ00,2008/09,25052,11404,2.2
RBQ,RBQ00,2009/10,24699,13477,1.83
RBQ,RBQ00,2010/11,157,260,0.6
RBQ,RBQHQ,2008/09,2,2,1
RBQ,RBQHQ,2009/10,14,8,1.75
RBQ,RBQHQ,2010/11,28944,17896,1.62
RBQ,RBQHQ,2011/12,23692,13772,1.72
RBQ,RBQHQ,2012/13,31352,17020,1.84
RBQ,RBQHQ,2013/14,31230,15332,2.04
RBQ,RBQHQ,2014/15,29039,17351,1.67
RBQ,RBQHQ,2015/16,27595,18948,1.46
RBQ,RBQHQ,2016/17,27144,20738,1.31
RBQ,RBQHQ,2017/18,27284,23223,1.17
RBQ,RBQHQ,2018/19,26118,16919,1.54
RBQ,RBQHQ,2019/20,25687,15425,1.67
RBQ,RBQHQ,2020/21,16315,14600,1.12
RBQ,RBQHQ,2021/22,21379,15161,1.41
RBQ,RBQHQ,2022/23,23847,11493,2.07
RBQ,RBQHQ,2023/24,15778,8540,1.85
RBS,RBS25,2008/09,15590,40238,0.39
RBS,RBS25,2009/10,19737,45732,0.43
RBS,RBS25,2010/11,19818,50886,0.39
RBS,RBS25,2011/12,19952,49427,0.4
RBS,RBS25,2012/13,20384,46348,0.44
RBS,RBS25,2013/14,19318,44939,0.43
RBS,RBS25,2014/15,19745,50845,0.39
RBS,RBS25,2015/16,20111,45199,0.44
RBS,RBS25,2016/17,21003,44114,0.48
RBS,RBS25,2017/18,19346,45868,0.42
RBS,RBS25,2018/19,21166,48102,0.44
RBS,RBS25,2019/20,19269,44517,0.43
RBS,RBS25,2021/22,21870,44698,0.49
RBS,RBS25,2022/23,19283,51662,0.37
RBS,RBS25,2023/24,14647,31039,0.47
RBT,RBT00,2008/09,33,0,33
RBT,RBT00,2009/10,45,0,45
RBT,RBT00,2010/11,11,0,11
RBT,RBT00,2018/19,5,0,5
RBT,RBT00,2019/20,28,0,28
RBT,RBT00,2020/21,1,0,1
RBT,RBT00,2021/22,17,0,17
RBT,RBT00,2022/23,2,0,2
RBT,RBT20,2008/09,14233,141857,0.1
RBT,RBT20,2009/10,12998,164754,0.08
RBT,RBT20,2010/11,10404,161615,0.06
RBT,RBT20,2011/12,10869,157965,0.07
RBT,RBT20,2012/13,10979,158051,0.07
RBT,RBT20,2013/14,11203,149779,0.07
RBT,RBT20,2014/15,9341,153730,0.06
RBT,RBT20,2015/16,9841,155338,0.06
RBT,RBT20,2016/17,9091,154044,0.06
RBT,RBT20,2017/18,7339,144544,0.05
RBT,RBT20,2018/19,7015,150049,0.05
RBT,RBT20,2019/20,6576,153608,0.04
RBT,RBT20,2020/21,912,136018,0.01
RBT,RBT20,2021/22,1057,169312,0.01
RBT,RBT20,2022/23,1598,183144,0.01
RBT,RBT20,2023/24,587,122399,0
RBT,RBT21,2008/09,0,52,0
RBT,RBT21,2009/10,1,291,0
RBT,RBT21,2011/12,1,0,1
RBT,RBT21,2013/14,2,0,2
RBT,RBT21,2014/15,0,0,0
RBT,RBT21,2015/16,2,0,2
RBT,RBT21,2022/23,14,0,14
RBT,RBT21,2023/24,16,0,16
RBT,RBT24,2008/09,783,1,783
RBT,RBT24,2009/10,840,0,840
RBT,RBT24,2010/11,736,3,245.33
RBT,RBT24,2011/12,397,0,397
RBT,RBT24,2012/13,176,0,176
RBT,RBT24,2013/14,414,9,46
RBT,RBT24,2014/15,136,0,136
RBT,RBT24,2015/16,582,0,582
RBT,RBT24,2016/17,1118,3,372.67
RBT,RBT24,2017/18,1304,0,1304
RBT,RBT24,2018/19,1098,26,42.23
RBT,RBT24,2019/20,1015,7,145
RBT,RBT24,2020/21,2773,1,2773
RBT,RBT24,2021/22,5996,50,119.92
RBT,RBT24,2022/23,5607,35,160.2
RBT,RBT24,2023/24,3968,74,53.62
RBT,RBTAQ,2023/24,0,0,0
RBV,RBV00,2008/09,4260,2827,1.51
RBV,RBV00,2015/16,1,0,1
RBV,RBV00,2018/19,1,0,1
RBV,RBV01,2008/09,23423,18432,1.27
RBV,RBV01,2009/10,25263,25389,1
RBV,RBV01,2010/11,20502,23901,0.86
RBV,RBV01,2011/12,21445,25487,0.84
RBV,RBV01,2012/13,21582,26119,0.83
RBV,RBV01,2013/14,21372,24795,0.86
RBV,RBV01,2014/15,23540,26723,0.88
RBV,RBV01,2015/16,24240,27868,0.87
RBV,RBV01,2016/17,24889,29627,0.84
RBV,RBV01,2017/18,24001,32628,0.74
RBV,RBV01,2018/19,20421,33665,0.61
RBV,RBV01,2019/20,21561,34232,0.63
RBV,RBV01,2020/21,18807,24747,0.76
RBV,RBV01,2021/22,21320,30335,0.7
RBV,RBV01,2022/23,22965,33404,0.69
RBV,RBV01,2023/24,16319,28283,0.58
RBV,RBV12,2020/21,19,0,19
RBV,RBV12,2021/22,3,0,3
RBV,RBV12,2023/24,0,0,0
RBZ,RBZ00,2017/18,0,2,0
RBZ,RBZ00,2021/22,0,0,0
RBZ,RBZ01,2017/18,0,0,0
RBZ,RBZ01,2018/19,0,0,0
RBZ,RBZ01,2019/20,0,0,0
RBZ,RBZ01,2020/21,1,0,1
RBZ,RBZ01,2021/22,0,0,0
RBZ,RBZ12,2008/09,13780,59325,0.23
RBZ,RBZ12,2009/10,13605,68350,0.2
RBZ,RBZ12,2010/11,12877,70305,0.18
RBZ,RBZ12,2011/12,9737,66573,0.15
RBZ,RBZ12,2012/13,8620,69117,0.12
RBZ,RBZ12,2013/14,8387,65828,0.13
RBZ,RBZ12,2014/15,8706,72106,0.12
RBZ,RBZ12,2015/16,7882,74678,0.11
RBZ,RBZ12,2016/17,7429,72580,0.1
RBZ,RBZ12,2017/18,5756,76826,0.07
RBZ,RBZ12,2018/19,6003,78802,0.08
RBZ,RBZ12,2019/20,5453,83664,0.07
RBZ,RBZ12,2020/21,4199,71086,0.06
RBZ,RBZ12,2021/22,4832,88451,0.05
RBZ,RBZ51,2012/13,91,0,91
RBZ,RBZ51,2013/14,350,0,350
RBZ,RBZ51,2014/15,0,0,0
RBZ,RBZ51,2016/17,8,0,8
RBZ,RBZ51,2018/19,0,0,0
RBZ,RBZ51,2019/20,0,0,0
RBZ,RBZ79,2011/12,448,299,1.5
RBZ,RBZ79,2012/13,186,56,3.32
RBZ,RBZ79,2013/14,36,436,0.08
RBZ,RBZ80,2011/12,14,1429,0.01
RBZ,RBZ80,2012/13,0,1644,0
RBZ,RBZ80,2013/14,0,1664,0
RBZ,RBZ80,2014/15,1,909,0
RBZ,RBZ80,2015/16,2,886,0
RBZ,RBZ80,2016/17,5,620,0.01
RBZ,RBZ81,2011/12,24,3225,0.01
RBZ,RBZ81,2012/13,0,1866,0
RBZ,RBZ81,2013/14,1,1843,0
RBZ,RBZ81,2014/15,48,757,0.06
RBZ,RBZ81,2015/16,0,198,0
RBZ,RBZ82,2011/12,1981,3626,0.55
RBZ,RBZ82,2012/13,2373,1992,1.19
RBZ,RBZ82,2013/14,124,1496,0.08
RBZ,RBZ82,2014/15,0,585,0
RBZ,RBZ82,2015/16,0,0,0
RBZ,RBZ83,2011/12,10,2299,0
RBZ,RBZ83,2012/13,7,1755,0
RBZ,RBZ83,2013/14,19,1924,0.01
RBZ,RBZ83,2014/15,5,1690,0
RBZ,RBZ83,2015/16,55,1017,0.05
RBZ,RBZ83,2016/17,115,520,0.22
RBZ,RBZ84,2011/12,4,2898,0
RBZ,RBZ84,2012/13,2,3166,0
RBZ,RBZ84,2013/14,50,1950,0.03
RBZ,RBZ84,2014/15,5,791,0.01
RBZ,RBZ84,2015/16,1,1221,0
RBZ,RBZ84,2016/17,7,470,0.01
RBZ,RBZ85,2011/12,126,322,0.39
RBZ,RBZ85,2012/13,2,351,0.01
RBZ,RBZ85,2013/14,0,193,0
RBZ,RBZ86,2011/12,214,2498,0.09
RBZ,RBZ86,2012/13,319,1991,0.16
RBZ,RBZ86,2013/14,372,1192,0.31
RBZ,RBZ86,2014/15,38,865,0.04
RBZ,RBZ86,2015/16,4,1482,0
RBZ,RBZ86,2016/17,0,956,0
RBZ,RBZ87,2011/12,16,1569,0.01
RBZ,RBZ87,2012/13,24,1842,0.01
RBZ,RBZ87,2013/14,79,1553,0.05
RBZ,RBZ87,2014/15,31,1139,0.03
RBZ,RBZ87,2015/16,1,342,0
RBZ,RBZ87,2016/17,0,69,0
RBZ,RBZ88,2011/12,28,131,0.21
RBZ,RBZ88,2012/13,0,129,0
RBZ,RBZ88,2013/14,0,37,0
RBZ,RBZ88,2014/15,48,91,0.53
RBZ,RBZ89,2011/12,333,1261,0.26
RBZ,RBZ89,2012/13,391,651,0.6
RBZ,RBZ89,2013/14,0,28,0
RBZ,RBZ91,2008/09,191,272,0.7
RBZ,RBZ91,2009/10,545,158,3.45
RBZ,RBZ91,2010/11,39,358,0.11
RBZ,RBZ91,2011/12,0,435,0
RBZ,RBZ91,2012/13,0,508,0
RBZ,RBZ91,2013/14,3,391,0.01
RBZ,RBZ91,2014/15,52,330,0.16
RBZ,RBZ91,2015/16,0,0,0
RBZ,RBZ91,2016/17,0,0,0
RBZ,RBZ91,2017/18,1,0,1
RBZ,RBZ91,2018/19,0,0,0
RBZ,RBZ91,2019/20,0,0,0
RBZ,RBZ91,2020/21,0,0,0
RBZ,RBZ91,2021/22,0,0,0
RBZ,RBZ92,2008/09,556,1414,0.39
RBZ,RBZ92,2009/10,725,1634,0.44
RBZ,RBZ92,2010/11,15,1847,0.01
RBZ,RBZ92,2011/12,0,1813,0
RBZ,RBZ92,2012/13,36,1984,0.02
RBZ,RBZ92,2013/14,30,1572,0.02
RBZ,RBZ92,2014/15,0,827,0
RBZ,RBZ92,2015/16,1,1414,0
RBZ,RBZ92,2016/17,0,1615,0
RBZ,RBZ92,2017/18,4,0,4
RBZ,RBZ92,2018/19,0,0,0
RBZ,RBZ92,2019/20,0,0,0
RBZ,RBZ92,2021/22,2,0,2
RBZ,RBZ93,2011/12,742,2721,0.27
RBZ,RBZ93,2012/13,307,3390,0.09
RBZ,RBZ93,2013/14,30,3285,0.01
RBZ,RBZ93,2014/15,4,2662,0
RBZ,RBZ93,2015/16,0,1117,0
RBZ,RBZ95,2008/09,630,1810,0.35
RBZ,RBZ95,2009/10,1267,1074,1.18
RBZ,RBZ95,2010/11,131,1337,0.1
RBZ,RBZ95,2011/12,14,1387,0.01
RBZ,RBZ95,2012/13,66,1278,0.05
RBZ,RBZ95,2013/14,3,1084,0
RBZ,RBZ95,2014/15,88,606,0.15
RBZ,RBZ95,2015/16,0,174,0
RBZ,RBZ95,2017/18,121,34,3.56
RBZ,RBZ98,2008/09,377,380,0.99
RBZ,RBZ98,2009/10,169,568,0.3
RBZ,RBZ98,2010/11,316,808,0.39
RBZ,RBZ98,2011/12,0,702,0
RBZ,RBZ98,2012/13,70,867,0.08
RBZ,RBZ98,2013/14,0,286,0
RBZ,RBZ98,2014/15,0,0,0
RBZ,RBZ98,2015/16,0,0,0
RBZ,RBZ98,2016/17,0,0,0
RBZ,RBZ98,2017/18,0,0,0
RBZ,RBZ98,2018/19,0,0,0
RBZ,RBZ98,2019/20,0,0,0
RBZ,RBZ98,2020/21,3,0,3
RBZ,RBZ98,2021/22,1,0,1
RBZ,RBZ99,2008/09,621,414,1.5
RBZ,RBZ99,2009/10,736,207,3.56
RBZ,RBZ99,2010/11,534,525,1.02
RBZ,RBZ99,2011/12,0,988,0
RBZ,RBZ99,2012/13,31,737,0.04
RBZ,RBZ99,2013/14,22,431,0.05
RBZ,RBZ99,2014/15,58,308,0.19
RBZ,RBZ99,2015/16,0,240,0
RBZ,RBZ99,2016/17,63,240,0.26
RBZ,RBZ99,2017/18,97,452,0.21
RBZ,RBZ99,2018/19,528,262,2.02
RBZ,RBZ99,2019/20,97,167,0.58
RBZ,RBZ99,2020/21,73,255,0.29
RBZ,RBZ99,2021/22,120,451,0.27
RC1,RC100,2008/09,13197,92335,0.14
RC1,RC100,2009/10,13648,95431,0.14
RC1,RC100,2010/11,9535,88413,0.11
RC1,RC100,2011/12,61,417,0.15
RC1,RC100,2012/13,2,0,2
RC1,RC100,2013/14,148,0,148
RC1,RC100,2014/15,1043,8921,0.12
RC1,RC100,2019/20,0,3,0
RC1,RC110,2010/11,1723,12641,0.14
RC1,RC110,2011/12,11248,93861,0.12
RC1,RC110,2012/13,11444,101512,0.11
RC1,RC110,2013/14,10796,100123,0.11
RC1,RC110,2014/15,9369,98930,0.09
RC1,RC110,2015/16,9699,113830,0.09
RC1,RC110,2016/17,9652,116793,0.08
RC1,RC110,2017/18,8302,118306,0.07
RC1,RC110,2018/19,8925,123188,0.07
RC1,RC110,2019/20,7160,130015,0.06
RC1,RC110,2020/21,25,2063,0.01
RC3,RC300,2013/14,1164,10825,0.11
RC3,RC300,2014/15,30,5346,0.01
RC3,RC368,2008/09,12172,92105,0.13
RC3,RC368,2009/10,12533,96868,0.13
RC3,RC368,2010/11,9705,93145,0.1
RC3,RC368,2011/12,8810,93217,0.09
RC3,RC368,2012/13,9591,95497,0.1
RC3,RC368,2013/14,7298,76993,0.09
RC3,RC368,2014/15,6680,93151,0.07
RC9,RC900,2013/14,3963,37904,0.1
RC9,RC900,2020/21,71,0,71
RC9,RC900,2021/22,311,1123,0.28
RC9,RC900,2022/23,211,0,211
RC9,RC900,2023/24,370,4211,0.09
RC9,RC901,2008/09,21580,132364,0.16
RC9,RC901,2009/10,21252,147730,0.14
RC9,RC901,2010/11,20112,146751,0.14
RC9,RC901,2011/12,19698,158305,0.12
RC9,RC901,2012/13,17593,159593,0.11
RC9,RC901,2013/14,3518,34132,0.1
RC9,RC971,2013/14,10406,84530,0.12
RC9,RC971,2014/15,16527,161983,0.1
RC9,RC971,2015/16,15817,173140,0.09
RC9,RC971,2016/17,15852,185283,0.09
RC9,RC971,2017/18,14689,192425,0.08
RC9,RC971,2018/19,13677,190209,0.07
RC9,RC971,2019/20,11887,198708,0.06
RC9,RC971,2020/21,7890,162695,0.05
RC9,RC971,2021/22,12028,179610,0.07
RC9,RC971,2022/23,12748,198067,0.06
RC9,RC971,2023/24,8861,139581,0.06
RC9,RC978,2020/21,173,5156,0.03
RC9,RC978,2023/24,127,1464,0.09
RC9,RC979,2020/21,3517,93336,0.04
RC9,RC979,2021/22,5947,116901,0.05
RC9,RC979,2022/23,6237,133432,0.05
RC9,RC979,2023/24,4892,91600,0.05
RCB,F8T4Y,2022/23,2,0,2
RCB,F8T4Y,2023/24,3,0,3
RCB,J9W1Y,2022/23,59,0,59
RCB,J9W1Y,2023/24,457,0,457
RCB,RCB00,2008/09,23792,156530,0.15
RCB,RCB00,2009/10,21914,169745,0.13
RCB,RCB00,2010/11,853,7318,0.12
RCB,RCB00,2011/12,258,0,258
RCB,RCB00,2012/13,37,0,37
RCB,RCB00,2013/14,11,408,0.03
RCB,RCB00,2014/15,31,0,31
RCB,RCB00,2015/16,171,0,171
RCB,RCB00,2016/17,102,0,102
RCB,RCB00,2017/18,23,0,23
RCB,RCB00,2018/19,7,0,7
RCB,RCB00,2019/20,4,0,4
RCB,RCB00,2020/21,171,0,171
RCB,RCB00,2021/22,0,0,0
RCB,RCB00,2022/23,1,0,1
RCB,RCB05,2012/13,820,1212,0.68
RCB,RCB05,2013/14,1230,756,1.63
RCB,RCB05,2014/15,981,995,0.99
RCB,RCB05,2015/16,1061,1202,0.88
RCB,RCB05,2016/17,956,1817,0.53
RCB,RCB05,2017/18,475,909,0.52
RCB,RCB05,2018/19,349,981,0.36
RCB,RCB05,2019/20,622,1306,0.48
RCB,RCB05,2020/21,21,724,0.03
RCB,RCB05,2021/22,169,1498,0.11
RCB,RCB05,2022/23,512,1064,0.48
RCB,RCB05,2023/24,105,573,0.18
RCB,RCB07,2012/13,1458,1318,1.11
RCB,RCB07,2013/14,1785,997,1.79
RCB,RCB07,2014/15,1288,808,1.59
RCB,RCB07,2015/16,1338,2449,0.55
RCB,RCB07,2016/17,1278,2477,0.52
RCB,RCB07,2017/18,788,1490,0.53
RCB,RCB07,2018/19,574,1614,0.36
RCB,RCB07,2019/20,670,1231,0.54
RCB,RCB07,2020/21,268,689,0.39
RCB,RCB07,2021/22,167,772,0.22
RCB,RCB07,2022/23,405,881,0.46
RCB,RCB07,2023/24,4,229,0.02
RCB,RCB14,2020/21,1,0,1
RCB,RCB14,2021/22,11,0,11
RCB,RCB14,2022/23,5,0,5
RCB,RCB14,2023/24,2,0,2
RCB,RCB55,2009/10,1952,7761,0.25
RCB,RCB55,2010/11,21383,168725,0.13
RCB,RCB55,2011/12,20791,176016,0.12
RCB,RCB55,2012/13,20309,186799,0.11
RCB,RCB55,2013/14,21083,179155,0.12
RCB,RCB55,2014/15,16914,189922,0.09
RCB,RCB55,2015/16,16265,193732,0.08
RCB,RCB55,2016/17,16899,200476,0.08
RCB,RCB55,2017/18,15922,189349,0.08
RCB,RCB55,2018/19,15457,189167,0.08
RCB,RCB55,2019/20,14422,193788,0.07
RCB,RCB55,2020/21,7004,136451,0.05
RCB,RCB55,2021/22,10910,175342,0.06
RCB,RCB55,2022/23,13454,202005,0.07
RCB,RCB55,2023/24,10017,157867,0.06
RCB,RCBAW,2012/13,814,2389,0.34
RCB,RCBAW,2013/14,683,2747,0.25
RCB,RCBAW,2014/15,687,2251,0.31
RCB,RCBAW,2015/16,857,2897,0.3
RCB,RCBAW,2016/17,511,3100,0.16
RCB,RCBCA,2013/14,6140,104449,0.06
RCB,RCBCA,2014/15,4366,106333,0.04
RCB,RCBCA,2015/16,4227,105385,0.04
RCB,RCBCA,2016/17,4228,112129,0.04
RCB,RCBCA,2017/18,3594,108842,0.03
RCB,RCBCA,2018/19,3649,109027,0.03
RCB,RCBCA,2019/20,2912,114626,0.03
RCB,RCBCA,2020/21,1403,81018,0.02
RCB,RCBCA,2021/22,2301,96519,0.02
RCB,RCBCA,2022/23,2499,108051,0.02
RCB,RCBCA,2023/24,2060,79294,0.03
RCB,RCBCP,2010/11,155,3,51.67
RCB,RCBCP,2011/12,306,0,306
RCB,RCBCP,2012/13,155,0,155
RCB,RCBCP,2013/14,7,0,7
RCB,RCBCP,2016/17,16,0,16
RCB,RCBCP,2017/18,5,0,5
RCB,RCBCP,2020/21,453,0,453
RCB,RCBCP,2022/23,414,0,414
RCB,RCBCP,2023/24,638,0,638
RCB,RCBL8,2013/14,310,3379,0.09
RCB,RCBL8,2014/15,92,3627,0.03
RCB,RCBL8,2015/16,94,4946,0.02
RCB,RCBL8,2016/17,43,6275,0.01
RCB,RCBL8,2017/18,18,3840,0
RCB,RCBL8,2018/19,5,379,0.01
RCB,RCBL8,2019/20,6,0,6
RCB,RCBL8,2020/21,166,0,166
RCB,RCBL8,2021/22,62,0,62
RCB,RCBL8,2022/23,124,0,124
RCB,RCBL8,2023/24,77,0,77
RCB,RCBL9,2010/11,14,389,0.04
RCB,RCBL9,2011/12,70,171,0.41
RCB,RCBL9,2012/13,0,42,0
RCB,RCBNH,2013/14,426,271,1.57
RCB,RCBNH,2014/15,2201,501,4.39
RCB,RCBNH,2015/16,2661,1738,1.53
RCB,RCBNH,2016/17,2522,458,5.51
RCB,RCBNH,2017/18,1971,279,7.06
RCB,RCBNH,2018/19,1703,196,8.69
RCB,RCBNH,2019/20,1224,74,16.54
RCB,RCBNH,2020/21,828,33,25.09
RCB,RCBNH,2021/22,722,451,1.6
RCB,RCBNH,2022/23,677,1080,0.63
RCB,RCBNH,2023/24,296,1021,0.29
RCB,RCBP3,2019/20,3,0,3
RCB,RCBP5,2018/19,6,0,6
RCB,RCBP9,2010/11,0,627,0
RCB,RCBP9,2011/12,89,77,1.16
RCB,RCBP9,2012/13,17,125,0.14
RCB,RCBP9,2013/14,23,0,23
RCB,RCBP9,2014/15,0,38,0
RCB,RCBP9,2015/16,0,1492,0
RCB,RCBP9,2016/17,0,284,0
RCB,RCBP9,2017/18,3,527,0.01
RCB,RCBP9,2018/19,0,338,0
RCB,RCBP9,2019/20,99,392,0.25
RCB,RCBP9,2020/21,0,52,0
RCB,RCBP9,2022/23,0,6,0
RCB,RCBP9,2023/24,0,44,0
RCB,RCBRH,2013/14,1,0,1
RCB,RCBRH,2014/15,1,0,1
RCB,RCBRH,2015/16,8,0,8
RCB,RCBRH,2018/19,0,0,0
RCB,RCBTV,2012/13,0,43,0
RCB,RCBTV,2013/14,0,18,0
RCB,RCBTV,2015/16,33,1802,0.02
RCB,RCBTV,2016/17,63,1,63
RCB,RCBTV,2017/18,7,15,0.47
RCB,RCBTV,2018/19,0,22,0
RCB,RCBTV,2019/20,8,85,0.09
RCB,RCBTV,2020/21,0,194,0
RCB,RCBTV,2021/22,7,260,0.03
RCB,RCBTV,2022/23,20,172,0.12
RCB,RCBTV,2023/24,0,132,0
RCB,RCBWH,2013/14,4,4417,0
RCB,RCBWH,2014/15,0,5424,0
RCB,RCBWH,2015/16,28,5294,0.01
RCC,RCC25,2008/09,13853,73929,0.19
RCC,RCC25,2009/10,6778,62604,0.11
RCC,RCC25,2010/11,10123,93009,0.11
RCC,RCC25,2011/12,9343,91054,0.1
RCC,RCC25,2012/13,7680,97140,0.08
RCC,RCC27,2008/09,505,11213,0.05
RCC,RCC27,2009/10,220,2001,0.11
RCC,RCC27,2010/11,170,1149,0.15
RCC,RCC27,2011/12,160,399,0.4
RCC,RCC27,2012/13,532,583,0.91
RCC,RCC29,2008/09,17,205,0.08
RCC,RCC29,2009/10,10,156,0.06
RCC,RCC29,2010/11,0,79,0
RCC,RCC29,2011/12,0,29,0
RCC,RCC29,2012/13,25,1923,0.01
RCC,RCC56,2008/09,19,154,0.12
RCC,RCC56,2009/10,59,24,2.46
RCC,RCC56,2012/13,32,3504,0.01
RCC,RCCCH,2009/10,0,45,0
RCD,RCD00,2014/15,0,0,0
RCD,RCD00,2015/16,3,0,3
RCD,RCD00,2017/18,0,0,0
RCD,RCD00,2019/20,0,0,0
RCD,RCD00,2021/22,0,0,0
RCD,RCD01,2008/09,13406,74257,0.18
RCD,RCD01,2009/10,14355,83060,0.17
RCD,RCD01,2010/11,15148,83930,0.18
RCD,RCD01,2011/12,12288,82488,0.15
RCD,RCD01,2012/13,12185,85348,0.14
RCD,RCD01,2013/14,13277,87517,0.15
RCD,RCD01,2014/15,11591,91815,0.13
RCD,RCD01,2015/16,11082,90013,0.12
RCD,RCD01,2016/17,10176,92540,0.11
RCD,RCD01,2017/18,8778,95770,0.09
RCD,RCD01,2018/19,8858,93284,0.09
RCD,RCD01,2019/20,7757,95170,0.08
RCD,RCD01,2020/21,3890,69436,0.06
RCD,RCD01,2021/22,5907,93981,0.06
RCD,RCD01,2022/23,5786,104052,0.06
RCD,RCD01,2023/24,2322,69351,0.03
RCD,RCD02,2011/12,96,1307,0.07
RCD,RCD02,2012/13,60,933,0.06
RCD,RCD02,2013/14,295,926,0.32
RCD,RCD02,2014/15,184,1090,0.17
RCD,RCD02,2015/16,0,2446,0
RCD,RCD02,2016/17,34,763,0.04
RCD,RCD02,2017/18,101,532,0.19
RCD,RCD02,2018/19,17,658,0.03
RCD,RCD02,2019/20,0,719,0
RCD,RCD02,2020/21,0,269,0
RCD,RCD02,2021/22,0,753,0
RCD,RCD02,2022/23,0,763,0
RCD,RCD02,2023/24,0,163,0
RCD,RCD08,2008/09,581,215,2.7
RCD,RCD08,2009/10,636,526,1.21
RCD,RCD08,2010/11,798,941,0.85
RCD,RCD08,2011/12,157,1733,0.09
RCD,RCD08,2012/13,64,1968,0.03
RCD,RCD08,2013/14,136,1491,0.09
RCD,RCD08,2014/15,66,939,0.07
RCD,RCD08,2015/16,93,1768,0.05
RCD,RCD08,2016/17,39,1022,0.04
RCD,RCD08,2017/18,0,802,0
RCD,RCD08,2018/19,0,524,0
RCD,RCD08,2019/20,0,204,0
RCD,RCD08,2020/21,0,10,0
RCD,S1U5I,2022/23,143,779,0.18
RCD,S1U5I,2023/24,1791,262,6.84
RCF,RCF00,2008/09,13326,91775,0.15
RCF,RCF00,2009/10,160,6413,0.02
RCF,RCF22,2009/10,12378,94552,0.13
RCF,RCF22,2010/11,11723,97458,0.12
RCF,RCF22,2011/12,10024,88446,0.11
RCF,RCF22,2012/13,9630,97324,0.1
RCF,RCF22,2013/14,9016,100875,0.09
RCF,RCF22,2014/15,9162,101425,0.09
RCF,RCF22,2015/16,10182,94060,0.11
RCF,RCF22,2016/17,9065,99591,0.09
RCF,RCF22,2017/18,7382,97359,0.08
RCF,RCF22,2018/19,7318,101378,0.07
RCF,RCF22,2019/20,6407,108450,0.06
RCF,RCF22,2020/21,2809,83776,0.03
RCF,RCF22,2021/22,5265,100841,0.05
RCF,RCF22,2022/23,5697,111191,0.05
RCF,RCF22,2023/24,4052,80414,0.05
RCU,RCU70,2020/21,2,0,2
RCU,RCU70,2021/22,0,0,0
RCU,RCUEF,2008/09,11044,16695,0.66
RCU,RCUEF,2009/10,10585,19136,0.55
RCU,RCUEF,2010/11,11373,20403,0.56
RCU,RCUEF,2011/12,12120,17403,0.7
RCU,RCUEF,2012/13,12441,21207,0.59
RCU,RCUEF,2013/14,12172,19499,0.62
RCU,RCUEF,2014/15,13311,20210,0.66
RCU,RCUEF,2015/16,11139,21197,0.53
RCU,RCUEF,2016/17,11249,22986,0.49
RCU,RCUEF,2017/18,10841,23445,0.46
RCU,RCUEF,2018/19,12272,21868,0.56
RCU,RCUEF,2019/20,12811,20735,0.62
RCU,RCUEF,2020/21,9247,16188,0.57
RCU,RCUEF,2021/22,10995,21034,0.52
RCU,RCUEF,2022/23,10733,23681,0.45
RCU,RCUEF,2023/24,8977,16197,0.55
RCX,RCX07,2018/19,69,0,69
RCX,RCX07,2019/20,203,0,203
RCX,RCX66,2008/09,490,474,1.03
RCX,RCX66,2009/10,464,674,0.69
RCX,RCX66,2010/11,49,733,0.07
RCX,RCX66,2011/12,23,251,0.09
RCX,RCX66,2012/13,84,326,0.26
RCX,RCX66,2013/14,9,204,0.04
RCX,RCX66,2014/15,19,482,0.04
RCX,RCX66,2015/16,14,0,14
RCX,RCX66,2016/17,2,0,2
RCX,RCX66,2017/18,1,0,1
RCX,RCX66,2021/22,0,0,0
RCX,RCX66,2022/23,0,0,0
RCX,RCX66,2023/24,0,0,0
RCX,RCX70,2008/09,15210,120558,0.13
RCX,RCX70,2009/10,14339,136408,0.11
RCX,RCX70,2010/11,12529,143973,0.09
RCX,RCX70,2011/12,12624,149779,0.08
RCX,RCX70,2012/13,10705,136816,0.08
RCX,RCX70,2013/14,10184,126009,0.08
RCX,RCX70,2014/15,9330,124267,0.08
RCX,RCX70,2015/16,9875,125725,0.08
RCX,RCX70,2016/17,9754,131148,0.07
RCX,RCX70,2017/18,8411,139525,0.06
RCX,RCX70,2018/19,8690,138025,0.06
RCX,RCX70,2019/20,7986,140040,0.06
RCX,RCX70,2020/21,4437,133246,0.03
RCX,RCX70,2021/22,6517,157109,0.04
RCX,RCX70,2022/23,7867,172189,0.05
RCX,RCX70,2023/24,5269,131394,0.04
RD1,F6P2R,2023/24,309,0,309
RD1,RD100,2008/09,29413,182057,0.16
RD1,RD100,2009/10,27671,204915,0.14
RD1,RD100,2010/11,406,8284,0.05
RD1,RD100,2011/12,0,72,0
RD1,RD100,2014/15,1,55,0.02
RD1,RD100,2015/16,0,116,0
RD1,RD100,2016/17,1,216,0
RD1,RD100,2017/18,0,331,0
RD1,RD100,2018/19,7,63,0.11
RD1,RD100,2019/20,0,61,0
RD1,RD100,2020/21,8,39,0.21
RD1,RD100,2021/22,6,27,0.22
RD1,RD100,2022/23,2,2918,0
RD1,RD100,2023/24,2226,339,6.57
RD1,RD102,2014/15,0,5,0
RD1,RD102,2015/16,0,1,0
RD1,RD102,2016/17,0,3,0
RD1,RD102,2017/18,0,0,0
RD1,RD102,2018/19,0,10,0
RD1,RD102,2019/20,0,9,0
RD1,RD102,2020/21,0,3,0
RD1,RD108,2014/15,0,13,0
RD1,RD108,2016/17,0,0,0
RD1,RD108,2017/18,0,0,0
RD1,RD108,2018/19,0,2,0
RD1,RD108,2019/20,0,1,0
RD1,RD115,2015/16,2948,376,7.84
RD1,RD115,2016/17,2877,120,23.98
RD1,RD115,2017/18,3164,171,18.5
RD1,RD115,2018/19,2302,311,7.4
RD1,RD115,2019/20,1590,45,35.33
RD1,RD115,2020/21,394,0,394
RD1,RD115,2021/22,658,0,658
RD1,RD115,2022/23,1318,0,1318
RD1,RD115,2023/24,947,5,189.4
RD1,RD121,2014/15,0,1,0
RD1,RD121,2015/16,0,1,0
RD1,RD121,2016/17,0,3,0
RD1,RD121,2017/18,0,0,0
RD1,RD121,2018/19,0,1,0
RD1,RD121,2019/20,0,0,0
RD1,RD121,2020/21,0,0,0
RD1,RD121,2021/22,0,0,0
RD1,RD129,2014/15,2,4,0.5
RD1,RD129,2015/16,0,8,0
RD1,RD129,2016/17,0,6,0
RD1,RD129,2017/18,0,4,0
RD1,RD129,2018/19,0,19,0
RD1,RD129,2019/20,0,5,0
RD1,RD129,2020/21,0,1,0
RD1,RD129,2021/22,0,0,0
RD1,RD130,2008/09,0,0,0
RD1,RD130,2010/11,24148,173235,0.14
RD1,RD130,2011/12,20338,182082,0.11
RD1,RD130,2012/13,18806,190013,0.1
RD1,RD130,2013/14,17218,185078,0.09
RD1,RD130,2014/15,15862,191586,0.08
RD1,RD130,2015/16,15920,195416,0.08
RD1,RD130,2016/17,16416,200235,0.08
RD1,RD130,2017/18,13985,198137,0.07
RD1,RD130,2018/19,12915,194130,0.07
RD1,RD130,2019/20,13253,197481,0.07
RD1,RD130,2020/21,7781,145173,0.05
RD1,RD130,2021/22,11962,177408,0.07
RD1,RD130,2022/23,12352,194963,0.06
RD1,RD130,2023/24,7334,140481,0.05
RD3,RD300,2008/09,19013,151871,0.13
RD3,RD300,2009/10,18868,167604,0.11
RD3,RD300,2010/11,14785,148267,0.1
RD3,RD300,2011/12,13002,128444,0.1
RD3,RD300,2012/13,13390,128546,0.1
RD3,RD300,2013/14,13327,130258,0.1
RD3,RD300,2014/15,11366,142238,0.08
RD3,RD300,2015/16,11515,155901,0.07
RD3,RD300,2016/17,11524,159236,0.07
RD3,RD300,2017/18,10262,151976,0.07
RD3,RD300,2018/19,9837,153281,0.06
RD3,RD300,2019/20,11581,158762,0.07
RD3,RD300,2020/21,6766,117802,0.06
RD7,RD700,2008/09,33,7,4.71
RD7,RD700,2010/11,0,0,0
RD7,RD700,2011/12,100,0,100
RD7,RD700,2012/13,323,0,323
RD7,RD700,2013/14,353,53,6.66
RD7,RD700,2014/15,125,0,125
RD7,RD700,2015/16,1,0,1
RD7,RD700,2016/17,0,4,0
RD7,RD750,2008/09,11973,112412,0.11
RD7,RD750,2009/10,11623,144766,0.08
RD7,RD750,2010/11,14282,146765,0.1
RD7,RD750,2011/12,15296,145401,0.11
RD7,RD750,2012/13,14993,150210,0.1
RD7,RD750,2013/14,14237,169355,0.08
RD7,RD750,2014/15,13199,183806,0.07
RD7,RD750,2015/16,14430,178503,0.08
RD7,RD750,2016/17,14900,183457,0.08
RD7,RD750,2017/18,60,9565,0.01
RD7,RD752,2008/09,7099,30783,0.23
RD7,RD752,2009/10,6511,8634,0.75
RD7,RD752,2010/11,5414,1171,4.62
RD7,RD752,2011/12,4268,226,18.88
RD7,RD752,2012/13,4327,365,11.85
RD7,RD752,2013/14,4457,543,8.21
RD7,RD752,2014/15,4635,101,45.89
RD7,RD752,2015/16,3930,19,206.84
RD7,RD752,2016/17,4041,2,2020.5
RD7,RD753,2013/14,1,0,1
RD7,RD753,2014/15,43,0,43
RD7,RD753,2015/16,8,0,8
RD7,RD753,2016/17,0,0,0
RD7,RD756,2008/09,1,0,1
RD7,RD767,2008/09,1,0,1
RD7,RD767,2010/11,2,0,2
RD7,RD767,2011/12,2,12,0.17
RD7,RD767,2015/16,1,0,1
RD7,RD767,2016/17,0,1,0
RD7,RD768,2010/11,6,0,6
RD7,RD768,2011/12,0,17,0
RD7,RD768,2012/13,67,0,67
RD7,RD768,2013/14,16,0,16
RD7,RD768,2014/15,0,1,0
RD7,RD768,2015/16,0,2,0
RD7,RD768,2016/17,0,0,0
RD8,RD800,2008/09,0,170,0
RD8,RD804,2022/23,30,0,30
RD8,RD816,2008/09,12671,102713,0.12
RD8,RD816,2009/10,12469,115746,0.11
RD8,RD816,2010/11,12927,118225,0.11
RD8,RD816,2011/12,11848,106755,0.11
RD8,RD816,2012/13,11568,114766,0.1
RD8,RD816,2013/14,10212,119508,0.09
RD8,RD816,2014/15,11390,124175,0.09
RD8,RD816,2015/16,9317,133895,0.07
RD8,RD816,2016/17,9421,137945,0.07
RD8,RD816,2017/18,8475,148295,0.06
RD8,RD816,2018/19,9417,153598,0.06
RD8,RD816,2019/20,8132,154448,0.05
RD8,RD816,2020/21,5290,106049,0.05
RD8,RD816,2021/22,7102,142131,0.05
RD8,RD816,2022/23,8504,168637,0.05
RD8,RD816,2023/24,7178,129757,0.06
RD8,RD858,2023/24,1,0,1
RDD,RDD0D,2019/20,247,0,247
RDD,RDDH0,2008/09,18713,155585,0.12
RDD,RDDH0,2009/10,18913,180321,0.1
RDD,RDDH0,2010/11,18335,178276,0.1
RDD,RDDH0,2011/12,15904,175199,0.09
RDD,RDDH0,2012/13,15706,183719,0.09
RDD,RDDH0,2013/14,16664,191270,0.09
RDD,RDDH0,2014/15,15394,197092,0.08
RDD,RDDH0,2015/16,13118,196668,0.07
RDD,RDDH0,2016/17,12580,201088,0.06
RDD,RDDH0,2017/18,14105,198648,0.07
RDD,RDDH0,2018/19,14541,197917,0.07
RDD,RDDH0,2019/20,14744,198158,0.07
RDD,RDDH0,2020/21,4,0,4
RDD,RDDH1,2008/09,55,6,9.17
RDD,RDDH1,2009/10,209,5,41.8
RDD,RDDH1,2010/11,70,2,35
RDD,RDDH1,2011/12,63,0,63
RDD,RDDH1,2012/13,55,0,55
RDD,RDDH1,2013/14,38,0,38
RDD,RDDH1,2014/15,31,0,31
RDD,RDDH1,2015/16,27,0,27
RDD,RDDH1,2016/17,35,0,35
RDD,RDDH1,2017/18,27,0,27
RDD,RDDH1,2018/19,10,0,10
RDD,RDDH1,2019/20,12,0,12
RDD,RDDH4,2019/20,53,0,53
RDD,RDDH6,2012/13,0,6,0
RDD,RDDH6,2013/14,33,22,1.5
RDD,RDDH6,2014/15,0,140,0
RDD,RDDH6,2015/16,0,495,0
RDD,RDDH6,2016/17,0,29,0
RDD,RDDH6,2018/19,4,0,4
RDD,RDDH8,2008/09,8544,1515,5.64
RDD,RDDH8,2009/10,8203,3700,2.22
RDD,RDDH8,2010/11,7161,5350,1.34
RDD,RDDH8,2011/12,6867,5655,1.21
RDD,RDDH8,2012/13,7496,7369,1.02
RDD,RDDH8,2013/14,7984,7949,1
RDD,RDDH8,2014/15,9010,7255,1.24
RDD,RDDH8,2015/16,8332,8055,1.03
RDD,RDDH8,2016/17,8725,8842,0.99
RDD,RDDH8,2017/18,9424,10223,0.92
RDD,RDDH8,2018/19,10296,8858,1.16
RDD,RDDH8,2019/20,9435,8741,1.08
RDE,RDE00,2015/16,8,0,8
RDE,RDE00,2016/17,18,0,18
RDE,RDE00,2017/18,3,0,3
RDE,RDE03,2014/15,17,0,17
RDE,RDE03,2015/16,16,0,16
RDE,RDE03,2016/17,1,0,1
RDE,RDE03,2018/19,12705,127952,0.1
RDE,RDE03,2019/20,17749,195080,0.09
RDE,RDE03,2020/21,9424,158737,0.06
RDE,RDE03,2021/22,15266,188219,0.08
RDE,RDE03,2022/23,13499,208306,0.06
RDE,RDE03,2023/24,9277,149413,0.06
RDE,RDE05,2021/22,0,11,0
RDE,RDE57,2018/19,0,16,0
RDE,RDE57,2022/23,0,11,0
RDE,RDEE2,2008/09,0,6,0
RDE,RDEE2,2009/10,37,0,37
RDE,RDEE2,2010/11,103,0,103
RDE,RDEE2,2011/12,49,0,49
RDE,RDEE2,2012/13,26,0,26
RDE,RDEE2,2013/14,13,0,13
RDE,RDEE2,2014/15,19,0,19
RDE,RDEE2,2015/16,0,0,0
RDE,RDEE2,2016/17,7,0,7
RDE,RDEE2,2017/18,11,0,11
RDE,RDEE2,2018/19,49,0,49
RDE,RDEE2,2019/20,1,0,1
RDE,RDEE2,2020/21,5,60,0.08
RDE,RDEE2,2021/22,245,185,1.32
RDE,RDEE2,2022/23,39,249,0.16
RDE,RDEE2,2023/24,386,45,8.58
RDE,RDEE4,2008/09,24185,153256,0.16
RDE,RDEE4,2009/10,25988,170189,0.15
RDE,RDEE4,2010/11,21948,178060,0.12
RDE,RDEE4,2011/12,19656,165855,0.12
RDE,RDEE4,2012/13,19292,160997,0.12
RDE,RDEE4,2013/14,17471,165616,0.11
RDE,RDEE4,2014/15,17670,178805,0.1
RDE,RDEE4,2015/16,19575,172952,0.11
RDE,RDEE4,2016/17,16905,176098,0.1
RDE,RDEE4,2017/18,16324,177296,0.09
RDE,RDEE4,2018/19,16177,178337,0.09
RDE,RDEE4,2019/20,13097,185219,0.07
RDE,RDEE4,2020/21,7847,148018,0.05
RDE,RDEE4,2021/22,12819,171599,0.07
RDE,RDEE4,2022/23,11739,198024,0.06
RDE,RDEE4,2023/24,8395,137421,0.06
RDE,RDEEB,2008/09,2476,6699,0.37
RDE,RDEEB,2009/10,1356,6948,0.2
RDE,RDEEB,2010/11,875,6731,0.13
RDE,RDEEB,2011/12,879,6688,0.13
RDE,RDEEB,2012/13,800,6506,0.12
RDE,RDEEB,2013/14,684,6671,0.1
RDE,RDEEB,2014/15,43,3700,0.01
RDE,RDEEB,2015/16,1,10,0.1
RDE,RDEEB,2016/17,6,22,0.27
RDE,RDEEB,2017/18,2,0,2
RDE,RDEEB,2018/19,7,4,1.75
RDE,RDEEE,2009/10,51,0,51
RDE,RDEEE,2010/11,1,1,1
RDE,RDEEE,2011/12,0,13,0
RDE,RDEEE,2012/13,0,3,0
RDE,RDEEE,2017/18,0,0,0
RDE,RDEEE,2018/19,0,8,0
RDE,RDEEE,2019/20,0,19,0
RDE,RDEEE,2020/21,0,19,0
RDE,RDEEE,2021/22,136,112,1.21
RDE,RDEEE,2022/23,183,147,1.24
RDE,RDEEE,2023/24,529,73,7.25
RDE,RDEEV,2013/14,7,0,7
RDE,RDEEV,2014/15,22,0,22
RDE,RDEEV,2015/16,2,0,2
RDE,RDEEV,2016/17,1,0,1
RDE,RDEEV,2017/18,2,0,2
RDE,RDEEV,2018/19,5,0,5
RDE,RDEEV,2019/20,6,18,0.33
RDE,RDEEV,2020/21,7,21,0.33
RDE,RDEEV,2021/22,35,6,5.83
RDE,RDEEV,2022/23,11,10,1.1
RDE,RDEEV,2023/24,23,9,2.56
RDE,RDENF,2008/09,147,0,147
RDE,RDENF,2009/10,56,0,56
RDE,RDENF,2010/11,5,0,5
RDE,RDENF,2011/12,57,0,57
RDE,RDENF,2012/13,98,0,98
RDE,RDENF,2014/15,73,0,73
RDE,RDENF,2015/16,146,0,146
RDE,RDENF,2016/17,234,0,234
RDE,RDEP1,2008/09,559,0,559
RDE,RDEP1,2009/10,255,0,255
RDE,RDEP1,2010/11,50,0,50
RDE,RDEP1,2011/12,34,0,34
RDE,RDEP1,2012/13,16,0,16
RDE,RDEP1,2013/14,2,0,2
RDE,RDEP1,2014/15,102,0,102
RDE,RDEP1,2015/16,102,0,102
RDE,RDEP1,2016/17,9,0,9
RDE,RDEP1,2017/18,2,0,2
RDE,RDEP1,2018/19,1833,0,1833
RDE,RDEP1,2019/20,1776,0,1776
RDE,RDEP1,2020/21,858,0,858
RDE,RDEP1,2021/22,1422,0,1422
RDE,RDEP1,2022/23,991,0,991
RDE,RDEP1,2023/24,902,0,902
RDE,RDEP4,2008/09,39,0,39
RDE,RDEP4,2009/10,38,0,38
RDE,RDEP4,2011/12,4,0,4
RDE,RDEP4,2013/14,0,0,0
RDE,RDEP4,2014/15,7,0,7
RDE,RDEP4,2015/16,12,0,12
RDE,RDEP4,2016/17,14,0,14
RDE,RDEP5,2008/09,29,0,29
RDE,RDERN,2013/14,61,0,61
RDE,RDERN,2022/23,0,4,0
RDE,RDEWW,2010/11,3,0,3
RDE,RDEWW,2011/12,0,0,0
RDE,RDEWW,2014/15,0,0,0
RDE,RDEXX,2014/15,0,0,0
RDR,RDR00,2010/11,0,3352,0
RDR,RDR00,2011/12,0,5599,0
RDR,RDR00,2012/13,30,4012,0.01
RDR,RDR00,2013/14,4,4538,0
RDR,RDR00,2014/15,0,242,0
RDR,RDR00,2015/16,0,611,0
RDR,RDR00,2016/17,0,275,0
RDR,RDR00,2017/18,0,28,0
RDR,RDR00,2018/19,0,961,0
RDR,RDR00,2019/20,0,86,0
RDR,RDR00,2022/23,0,160,0
RDR,RDR1D,2010/11,0,856,0
RDR,RDR1D,2012/13,0,156,0
RDR,RDR1D,2019/20,0,118,0
RDR,RDR1D,2020/21,0,25,0
RDR,RDR1H,2010/11,0,4511,0
RDR,RDR1H,2011/12,0,11790,0
RDR,RDR1H,2012/13,0,10776,0
RDR,RDR1H,2013/14,0,11920,0
RDR,RDR1H,2018/19,0,7656,0
RDR,RDR1H,2019/20,0,7833,0
RDR,RDR1H,2020/21,0,2574,0
RDR,RDR1H,2023/24,0,82,0
RDR,RDR1L,2010/11,0,2657,0
RDR,RDR1L,2011/12,0,3013,0
RDR,RDR1L,2012/13,0,1028,0
RDR,RDR1L,2013/14,0,7481,0
RDR,RDR1L,2018/19,0,8892,0
RDR,RDR1L,2019/20,0,9556,0
RDR,RDR1L,2020/21,0,4568,0
RDR,RDR1L,2021/22,0,85,0
RDR,RDR1L,2022/23,0,58,0
RDR,RDR1L,2023/24,0,62,0
RDR,RDR1R,2010/11,0,2804,0
RDR,RDR1R,2011/12,0,5858,0
RDR,RDR1R,2012/13,0,5950,0
RDR,RDR1R,2013/14,0,6715,0
RDR,RDR1R,2014/15,0,223,0
RDR,RDR1R,2018/19,0,3577,0
RDR,RDR1R,2019/20,0,5090,0
RDR,RDR1R,2020/21,0,2553,0
RDR,RDR1R,2021/22,0,115,0
RDR,RDR1R,2022/23,0,153,0
RDR,RDR1T,2019/20,0,4,0
RDR,RDR1X,2010/11,0,29,0
RDR,RDR2F,2010/11,0,962,0
RDR,RDR2F,2011/12,0,1609,0
RDR,RDR2F,2012/13,0,2069,0
RDR,RDR2F,2013/14,0,1844,0
RDR,RDR2F,2018/19,0,721,0
RDR,RDR2F,2020/21,0,5,0
RDR,RDR2K,2010/11,402,10,40.2
RDR,RDR2K,2011/12,693,9,77
RDR,RDR2K,2012/13,601,16,37.56
RDR,RDR2K,2013/14,237,141,1.68
RDR,RDR2K,2018/19,0,10,0
RDR,RDR2M,2010/11,0,77,0
RDR,RDR2N,2013/14,0,6,0
RDR,RDR2V,2010/11,2,3023,0
RDR,RDR2V,2011/12,10,7219,0
RDR,RDR2V,2012/13,2,7194,0
RDR,RDR2V,2013/14,0,15708,0
RDR,RDR2V,2018/19,0,13851,0
RDR,RDR2V,2019/20,0,15998,0
RDR,RDR2V,2020/21,19,9041,0
RDR,RDR2V,2021/22,0,127,0
RDR,RDR2V,2022/23,0,72,0
RDR,RDR2V,2023/24,0,43,0
RDR,RDR3E,2012/13,0,1266,0
RDR,RDR3E,2014/15,0,1756,0
RDR,RDR3E,2019/20,0,62,0
RDR,RDR3E,2020/21,0,371,0
RDR,RDR3E,2021/22,0,703,0
RDR,RDR3E,2022/23,0,486,0
RDR,RDR3E,2023/24,0,490,0
RDR,RDR3L,2010/11,0,5782,0
RDR,RDR3L,2011/12,0,12222,0
RDR,RDR3L,2012/13,0,12232,0
RDR,RDR3L,2013/14,0,10277,0
RDR,RDR3L,2018/19,0,12588,0
RDR,RDR3L,2019/20,0,13059,0
RDR,RDR3L,2020/21,0,5002,0
RDR,RDR4C,2016/17,11095,46,241.2
RDR,RDR4C,2017/18,9888,0,9888
RDR,RDR4C,2018/19,10438,0,10438
RDR,RDR4C,2019/20,7029,0,7029
RDR,RDR4C,2020/21,2838,105,27.03
RDR,RDR4C,2021/22,0,20,0
RDR,RDR4C,2023/24,0,36,0
RDR,RDRCK,2015/16,0,877,0
RDR,RDRCK,2016/17,2665,1834,1.45
RDR,RDRCK,2017/18,2917,1701,1.71
RDR,RDRCK,2018/19,3273,965,3.39
RDR,RDRCK,2019/20,4408,384,11.48
RDR,RDRCK,2020/21,0,152,0
RDR,RDRCK,2021/22,0,56,0
RDR,RDRCK,2022/23,0,86,0
RDR,RDRCK,2023/24,0,45,0
RDR,RDRCR,2015/16,14,414,0.03
RDR,RDRCR,2016/17,4408,1544,2.85
RDR,RDRCR,2017/18,3809,1794,2.12
RDR,RDRCR,2018/19,4906,409,12
RDR,RDRCR,2019/20,5752,497,11.57
RDR,RDRCR,2020/21,1912,108,17.7
RDR,RDRCR,2021/22,0,92,0
RDR,RDRCR,2022/23,0,164,0
RDR,RDRHR,2020/21,0,33,0
RDR,RDRHR,2021/22,0,633,0
RDR,RDRHR,2022/23,0,781,0
RDR,RDRHR,2023/24,0,372,0
RDR,RDRLV,2015/16,36,193,0.19
RDR,RDRLV,2016/17,7814,803,9.73
RDR,RDRLV,2017/18,7024,569,12.34
RDR,RDRLV,2018/19,7268,542,13.41
RDR,RDRLV,2019/20,6107,318,19.2
RDR,RDRLV,2020/21,0,156,0
RDR,RDRLV,2021/22,0,15,0
RDR,RDRLV,2022/23,0,29,0
RDR,RDRLV,2023/24,0,16,0
RDR,RDRNH,2021/22,0,56,0
RDR,RDRNH,2022/23,0,69,0
RDU,D3Z3U,2022/23,13,93,0.14
RDU,D3Z3U,2023/24,25,123,0.2
RDU,R2U7M,2023/24,3408,16,213
RDU,RDU01,2008/09,27583,144378,0.19
RDU,RDU01,2009/10,27521,158533,0.17
RDU,RDU01,2010/11,26391,160231,0.16
RDU,RDU01,2011/12,25997,147766,0.18
RDU,RDU01,2012/13,23773,151011,0.16
RDU,RDU01,2013/14,21673,168296,0.13
RDU,RDU01,2014/15,23109,179394,0.13
RDU,RDU01,2015/16,24014,192455,0.12
RDU,RDU01,2016/17,24578,207909,0.12
RDU,RDU01,2017/18,24558,203698,0.12
RDU,RDU01,2018/19,23196,200595,0.12
RDU,RDU01,2019/20,24180,208312,0.12
RDU,RDU01,2020/21,10326,176171,0.06
RDU,RDU01,2021/22,16591,208093,0.08
RDU,RDU01,2022/23,3012,54999,0.05
RDU,RDU01,2023/24,12209,182601,0.07
RDU,RDU02,2015/16,1,77,0.01
RDU,RDU02,2016/17,16,56,0.29
RDU,RDU02,2017/18,0,252,0
RDU,RDU02,2018/19,101,642,0.16
RDU,RDU02,2019/20,9,201,0.04
RDU,RDU02,2020/21,298,2369,0.13
RDU,RDU02,2021/22,807,2071,0.39
RDU,RDU02,2022/23,30,299,0.1
RDU,RDU02,2023/24,275,715,0.38
RDU,RDU03,2016/17,0,12,0
RDU,RDU03,2017/18,422,432,0.98
RDU,RDU03,2018/19,746,671,1.11
RDU,RDU03,2019/20,82,855,0.1
RDU,RDU03,2020/21,40,20,2
RDU,RDU06,2015/16,31,0,31
RDU,RDU06,2016/17,57,0,57
RDU,RDU06,2017/18,3,0,3
RDU,RDU06,2020/21,498,0,498
RDU,RDU06,2021/22,100,0,100
RDU,RDU22,2016/17,0,0,0
RDU,RDU22,2019/20,1,0,1
RDU,RDU36,2014/15,21,0,21
RDU,RDU49,2015/16,46,0,46
RDU,RDU49,2016/17,123,0,123
RDU,RDU50,2017/18,13817,186198,0.07
RDU,RDU50,2018/19,12495,182525,0.07
RDU,RDU50,2019/20,13662,180813,0.08
RDU,RDU50,2020/21,6920,143280,0.05
RDU,RDU50,2021/22,10640,178621,0.06
RDU,RDU50,2022/23,2213,47683,0.05
RDU,RDU50,2023/24,7961,168178,0.05
RDU,RDU52,2016/17,29,0,29
RDU,RDU52,2017/18,4092,14,292.29
RDU,RDU52,2018/19,4291,28,153.25
RDU,RDU52,2019/20,4147,42,98.74
RDU,RDU52,2020/21,1547,15,103.13
RDU,RDU52,2021/22,3335,18,185.28
RDU,RDU52,2022/23,1038,0,1038
RDU,RDU54,2020/21,569,0,569
RDU,RDU67,2020/21,134,0,134
RDU,RDU67,2021/22,40,0,40
RDU,RDU68,2017/18,0,2,0
RDU,RDU68,2018/19,0,1,0
RDU,RDU68,2020/21,234,0,234
RDU,RDU68,2021/22,6,0,6
RDY,RDY00,2010/11,8277,31,267
RDY,RDY00,2011/12,4184,3864,1.08
RDY,RDY00,2012/13,815,413,1.97
RDY,RDY00,2013/14,455,391,1.16
RDY,RDY00,2014/15,1677,1231,1.36
RDY,RDY00,2015/16,4072,1011,4.03
RDY,RDY00,2016/17,2652,566,4.69
RDY,RDY00,2022/23,41952,37985,1.1
RDY,RDY00,2023/24,35964,35515,1.01
RDY,RDY02,2008/09,4690,0,4690
RDY,RDY02,2009/10,7187,21,342.24
RDY,RDY02,2010/11,6980,274,25.47
RDY,RDY02,2011/12,9564,440,21.74
RDY,RDY02,2012/13,7384,1363,5.42
RDY,RDY02,2013/14,5934,3129,1.9
RDY,RDY02,2014/15,496,0,496
RDY,RDY08,2008/09,262,0,262
RDY,RDY08,2009/10,52,0,52
RDY,RDY10,2008/09,18261,37,493.54
RDY,RDY10,2009/10,23870,58,411.55
RDY,RDY10,2010/11,26710,610,43.79
RDY,RDY10,2011/12,26433,1882,14.05
RDY,RDY10,2012/13,26174,4115,6.36
RDY,RDY10,2013/14,27051,7265,3.72
RDY,RDY10,2014/15,20203,11455,1.76
RDY,RDY10,2015/16,12069,13392,0.9
RDY,RDY10,2016/17,16049,12577,1.28
RDY,RDY10,2017/18,24320,15672,1.55
RDY,RDY10,2018/19,13376,19746,0.68
RDY,RDY10,2019/20,5338,31571,0.17
RDY,RDY10,2020/21,10213,35501,0.29
RDY,RDY10,2021/22,6586,33569,0.2
RDY,RDY10,2022/23,0,728,0
RDY,RDY12,2008/09,404,0,404
RDY,RDY12,2009/10,1057,0,1057
RDY,RDY22,2008/09,4987,94,53.05
RDY,RDY22,2009/10,8093,263,30.77
RDY,RDY22,2010/11,9398,329,28.57
RDY,RDY22,2011/12,21186,171,123.89
RDY,RDY22,2012/13,22873,395,57.91
RDY,RDY22,2013/14,19473,881,22.1
RDY,RDY22,2014/15,22192,3292,6.74
RDY,RDY22,2015/16,18551,3481,5.33
RDY,RDY22,2016/17,6357,4929,1.29
RDY,RDY22,2017/18,6340,5648,1.12
RDY,RDY22,2018/19,2540,7916,0.32
RDY,RDY22,2019/20,2613,11019,0.24
RDY,RDY22,2020/21,344,8498,0.04
RDY,RDY22,2021/22,0,4561,0
RDY,RDY24,2008/09,143,0,143
RDY,RDY24,2009/10,97,0,97
RDY,RDY25,2008/09,1,0,1
RDY,RDY27,2009/10,141,0,141
RDY,RDY30,2008/09,54,0,54
RDY,RDY30,2009/10,2,0,2
RDY,RDY31,2009/10,101,0,101
RDY,RDY32,2008/09,1902,0,1902
RDY,RDY32,2009/10,2282,0,2282
RDY,RDY32,2010/11,2470,77,32.08
RDY,RDY32,2011/12,2171,0,2171
RDY,RDY32,2012/13,1703,0,1703
RDY,RDY32,2013/14,1594,91,17.52
RDY,RDY32,2014/15,1741,194,8.97
RDY,RDY32,2015/16,1941,46,42.2
RDY,RDY32,2016/17,1428,61,23.41
RDY,RDY32,2017/18,1023,0,1023
RDY,RDY32,2018/19,2855,205,13.93
RDY,RDY32,2019/20,975,598,1.63
RDY,RDY32,2020/21,2025,430,4.71
RDY,RDY32,2021/22,1277,366,3.49
RDY,RDY38,2008/09,2994,0,2994
RDY,RDY38,2009/10,2448,0,2448
RDY,RDY42,2008/09,1015,0,1015
RDY,RDY42,2009/10,998,0,998
RDY,RDY42,2010/11,817,0,817
RDY,RDY46,2008/09,288,0,288
RDY,RDY46,2010/11,282,0,282
RDY,RDY46,2012/13,551,838,0.66
RDY,RDY46,2013/14,1512,1002,1.51
RDY,RDY46,2014/15,1570,1499,1.05
RDY,RDY46,2015/16,1312,1564,0.84
RDY,RDY46,2016/17,1440,1593,0.9
RDY,RDY46,2017/18,909,1539,0.59
RDY,RDY46,2018/19,1855,1877,0.99
RDY,RDY46,2019/20,598,2121,0.28
RDY,RDY46,2020/21,395,1743,0.23
RDY,RDY46,2021/22,0,868,0
RDY,RDY99,2008/09,35,0,35
RDY,RDY99,2009/10,523,0,523
RDY,RDYCV,2010/11,78,0,78
RDY,RDYCV,2011/12,208,0,208
RDY,RDYCV,2012/13,269,0,269
RDY,RDYCV,2013/14,169,0,169
RDY,RDYCV,2014/15,124,0,124
RDY,RDYCV,2015/16,126,0,126
RDY,RDYEF,2011/12,652,832,0.78
RDY,RDYEF,2012/13,2940,965,3.05
RDY,RDYEF,2013/14,4207,1142,3.68
RDY,RDYEF,2014/15,984,1757,0.56
RDY,RDYEF,2015/16,1049,1390,0.75
RDY,RDYEF,2016/17,417,497,0.84
RDY,RDYEG,2011/12,1331,2190,0.61
RDY,RDYEG,2012/13,2076,3988,0.52
RDY,RDYEG,2013/14,536,2835,0.19
RDY,RDYEG,2014/15,0,4689,0
RDY,RDYEG,2015/16,1,4806,0
RDY,RDYEG,2016/17,0,5001,0
RDY,RDYEG,2017/18,0,4321,0
RDY,RDYEG,2018/19,0,3328,0
RDY,RDYEG,2019/20,0,3717,0
RDY,RDYEG,2020/21,0,1013,0
RDY,RDYEG,2021/22,0,1321,0
RDY,RDYEH,2011/12,0,235,0
RDY,RDYEH,2012/13,0,645,0
RDY,RDYEH,2013/14,45,778,0.06
RDY,RDYEH,2014/15,0,690,0
RDY,RDYEH,2015/16,0,139,0
RDY,RDYEH,2016/17,0,129,0
RDY,RDYEH,2017/18,0,160,0
RDY,RDYEH,2018/19,0,399,0
RDY,RDYEJ,2011/12,922,2165,0.43
RDY,RDYEJ,2012/13,1100,2965,0.37
RDY,RDYEJ,2013/14,1186,1837,0.65
RDY,RDYEJ,2014/15,10170,1381,7.36
RDY,RDYEJ,2015/16,9148,1483,6.17
RDY,RDYEJ,2016/17,0,3333,0
RDY,RDYEJ,2017/18,0,2628,0
RDY,RDYEJ,2018/19,0,1969,0
RDY,RDYEJ,2019/20,3,1509,0
RDY,RDYEJ,2020/21,0,629,0
RDY,RDYEJ,2021/22,0,855,0
RDY,RDYER,2011/12,1352,2489,0.54
RDY,RDYER,2012/13,2361,4140,0.57
RDY,RDYER,2013/14,1675,2489,0.67
RDY,RDYER,2014/15,2123,1014,2.09
RDY,RDYER,2015/16,1314,657,2
RDY,RDYER,2016/17,0,1395,0
RDY,RDYER,2017/18,0,1276,0
RDY,RDYER,2018/19,0,801,0
RDY,RDYER,2019/20,0,530,0
RDY,RDYER,2020/21,0,439,0
RDY,RDYER,2021/22,0,199,0
RDY,RDYEW,2011/12,2183,1937,1.13
RDY,RDYEW,2012/13,3725,6623,0.56
RDY,RDYEW,2013/14,2720,4283,0.64
RDY,RDYEW,2014/15,2792,6266,0.45
RDY,RDYEW,2015/16,2075,5469,0.38
RDY,RDYEW,2016/17,3541,5375,0.66
RDY,RDYEW,2017/18,4472,5201,0.86
RDY,RDYEW,2018/19,2852,5590,0.51
RDY,RDYEW,2019/20,1899,9867,0.19
RDY,RDYEW,2020/21,286,6126,0.05
RDY,RDYEW,2021/22,632,3652,0.17
RDY,RDYEW,2022/23,0,119,0
RDY,RDYEY,2011/12,70,1218,0.06
RDY,RDYEY,2012/13,31,1176,0.03
RDY,RDYEY,2013/14,0,1417,0
RDY,RDYEY,2014/15,0,858,0
RDY,RDYEY,2015/16,0,683,0
RDY,RDYEY,2016/17,0,738,0
RDY,RDYEY,2017/18,0,592,0
RDY,RDYEY,2018/19,0,98,0
RDY,RDYEY,2019/20,0,103,0
RDY,RDYEY,2020/21,0,94,0
RDY,RDYEY,2021/22,0,179,0
RDY,RDYFC,2011/12,1518,1953,0.78
RDY,RDYFC,2012/13,1948,3228,0.6
RDY,RDYFC,2013/14,411,1910,0.22
RDY,RDYFC,2014/15,0,2449,0
RDY,RDYFC,2015/16,0,1824,0
RDY,RDYFC,2016/17,0,2155,0
RDY,RDYFC,2017/18,0,1541,0
RDY,RDYFC,2018/19,0,1177,0
RDY,RDYFC,2019/20,0,917,0
RDY,RDYFC,2020/21,0,352,0
RDY,RDYFC,2021/22,0,385,0
RDY,RDYFD,2011/12,0,928,0
RDY,RDYFD,2012/13,123,1011,0.12
RDY,RDYFD,2013/14,550,1077,0.51
RDY,RDYFD,2014/15,203,491,0.41
RDY,RDYFD,2015/16,0,608,0
RDY,RDYFD,2016/17,0,1032,0
RDY,RDYFD,2017/18,0,885,0
RDY,RDYFD,2018/19,0,970,0
RDY,RDYFE,2011/12,215,490,0.44
RDY,RDYFE,2012/13,210,1091,0.19
RDY,RDYFE,2013/14,1017,546,1.86
RDY,RDYFE,2014/15,7065,85,83.12
RDY,RDYFE,2015/16,7547,14,539.07
RDY,RDYFE,2016/17,6683,6,1113.83
RDY,RDYFE,2017/18,7159,36,198.86
RDY,RDYFE,2018/19,7009,21,333.76
RDY,RDYFE,2019/20,7984,109,73.25
RDY,RDYFE,2020/21,5120,21,243.81
RDY,RDYFE,2021/22,6435,36,178.75
RDY,RDYFF,2011/12,15,1007,0.01
RDY,RDYFF,2012/13,187,1170,0.16
RDY,RDYFF,2013/14,324,1346,0.24
RDY,RDYFF,2014/15,966,1739,0.56
RDY,RDYFF,2015/16,1109,1024,1.08
RDY,RDYFF,2016/17,0,1026,0
RDY,RDYFF,2017/18,0,791,0
RDY,RDYFF,2018/19,2,678,0
RDY,RDYFF,2019/20,0,615,0
RDY,RDYFF,2020/21,0,50,0
RDY,RDYFF,2021/22,0,145,0
RDY,RDYFG,2011/12,5367,84,63.89
RDY,RDYFG,2012/13,7695,23,334.57
RDY,RDYFG,2013/14,1048,164,6.39
RDY,RDYFG,2014/15,0,101,0
RDY,RDYFG,2015/16,0,379,0
RDY,RDYFG,2016/17,0,224,0
RDY,RDYFG,2017/18,0,96,0
RDY,RDYFG,2018/19,0,49,0
RDY,RDYFT,2013/14,3957,0,3957
RDY,RDYFT,2014/15,2522,3,840.67
RDY,RDYFT,2015/16,679,0,679
RDY,RDYFT,2016/17,2280,2657,0.86
RDY,RDYFT,2017/18,1103,0,1103
RDY,RDYFT,2018/19,2395,580,4.13
RDY,RDYFT,2019/20,1720,1158,1.49
RDY,RDYFT,2020/21,433,558,0.78
RDY,RDYFT,2021/22,1503,886,1.7
RDY,RDYFX,2011/12,128,0,128
RDY,RDYFX,2012/13,2641,0,2641
RDY,RDYFX,2013/14,960,147,6.53
RDY,RDYFX,2014/15,5414,0,5414
RDY,RDYFX,2015/16,8369,873,9.59
RDY,RDYFX,2016/17,9631,40,240.78
RDY,RDYFX,2017/18,10459,1607,6.51
RDY,RDYFX,2018/19,4198,6200,0.68
RDY,RDYFX,2019/20,628,7763,0.08
RDY,RDYFX,2020/21,2081,2020,1.03
RDY,RDYFX,2021/22,1536,1636,0.94
RDY,RDYFY,2013/14,831,0,831
RDY,RDYFY,2014/15,3329,21,158.52
RDY,RDYFY,2015/16,63,0,63
RDY,RDYGA,2011/12,1807,198,9.13
RDY,RDYGA,2012/13,1527,266,5.74
RDY,RDYGA,2013/14,2236,769,2.91
RDY,RDYGA,2014/15,1971,486,4.06
RDY,RDYGA,2015/16,2556,367,6.96
RDY,RDYGA,2016/17,1571,310,5.07
RDY,RDYGA,2017/18,731,255,2.87
RDY,RDYGA,2018/19,777,513,1.51
RDY,RDYGA,2019/20,1292,466,2.77
RDY,RDYGA,2020/21,746,423,1.76
RDY,RDYGA,2021/22,664,189,3.51
RDY,RDYGA,2022/23,0,30,0
RDY,RDYKR,2012/13,307,571,0.54
RDY,RDYKR,2013/14,139,150,0.93
RDY,RDYKW,2012/13,1183,129,9.17
RDY,RDYKW,2013/14,2069,2077,1
RDY,RDYKW,2014/15,1005,4476,0.22
RDY,RDYKW,2015/16,1091,2871,0.38
RDY,RDYKW,2016/17,1568,4104,0.38
RDY,RDYKW,2017/18,863,2247,0.38
RDY,RDYKW,2018/19,605,3305,0.18
RDY,RDYKW,2019/20,350,5373,0.07
RDY,RDYKW,2020/21,0,1375,0
RDY,RDYKW,2021/22,0,607,0
RDY,RDYMR,2021/22,46,1962,0.02
RDZ,RDZ01,2010/11,2547,4031,0.63
RDZ,RDZ01,2011/12,51,6951,0.01
RDZ,RDZ01,2012/13,358,6544,0.05
RDZ,RDZ01,2013/14,421,6303,0.07
RDZ,RDZ01,2014/15,240,7219,0.03
RDZ,RDZ01,2015/16,189,4275,0.04
RDZ,RDZ01,2016/17,241,3570,0.07
RDZ,RDZ01,2017/18,398,3705,0.11
RDZ,RDZ01,2018/19,373,3456,0.11
RDZ,RDZ01,2019/20,191,3988,0.05
RDZ,RDZ01,2020/21,494,2256,0.22
RDZ,RDZ05,2008/09,11307,43272,0.26
RDZ,RDZ05,2009/10,9273,48158,0.19
RDZ,RDZ05,2010/11,2796,21582,0.13
RDZ,RDZ05,2011/12,871,18528,0.05
RDZ,RDZ05,2012/13,34,247,0.14
RDZ,RDZ05,2013/14,24,11,2.18
RDZ,RDZ05,2014/15,130,0,130
RDZ,RDZ05,2015/16,83,2,41.5
RDZ,RDZ05,2016/17,80,8,10
RDZ,RDZ05,2017/18,117,0,117
RDZ,RDZ05,2018/19,111,0,111
RDZ,RDZ05,2019/20,28,0,28
RDZ,RDZ05,2020/21,27,0,27
RDZ,RDZ20,2008/09,38823,121215,0.32
RDZ,RDZ20,2009/10,38325,134230,0.29
RDZ,RDZ20,2010/11,35962,146374,0.25
RDZ,RDZ20,2011/12,35789,140275,0.26
RDZ,RDZ20,2012/13,33420,159740,0.21
RDZ,RDZ20,2013/14,32160,164564,0.2
RDZ,RDZ20,2014/15,30882,162314,0.19
RDZ,RDZ20,2015/16,28636,166638,0.17
RDZ,RDZ20,2016/17,30843,159900,0.19
RDZ,RDZ20,2017/18,28247,156842,0.18
RDZ,RDZ20,2018/19,25889,156003,0.17
RDZ,RDZ20,2019/20,23329,157988,0.15
RDZ,RDZ20,2020/21,14182,135388,0.1
RE9,RE900,2008/09,0,83,0
RE9,RE900,2017/18,36,538,0.07
RE9,RE922,2013/14,3355,256,13.11
RE9,RE922,2014/15,4050,189,21.43
RE9,RE922,2015/16,4243,0,4243
RE9,RE922,2016/17,3155,254,12.42
RE9,RE922,2017/18,2439,131,18.62
RE9,RE922,2018/19,3238,1147,2.82
RE9,RE9GA,2008/09,8872,90988,0.1
RE9,RE9GA,2009/10,8119,108091,0.08
RE9,RE9GA,2010/11,6540,114264,0.06
RE9,RE9GA,2011/12,6376,113384,0.06
RE9,RE9GA,2012/13,5555,110812,0.05
RE9,RE9GA,2013/14,5053,106679,0.05
RE9,RE9GA,2014/15,4712,104715,0.04
RE9,RE9GA,2015/16,4400,103204,0.04
RE9,RE9GA,2016/17,4446,104295,0.04
RE9,RE9GA,2017/18,3446,95302,0.04
RE9,RE9GA,2018/19,3110,87274,0.04
RE9,RE9GC,2008/09,244,0,244
RE9,RE9GC,2009/10,411,9,45.67
RE9,RE9GC,2010/11,0,125,0
RE9,RE9GC,2011/12,461,457,1.01
RE9,RE9GC,2012/13,316,10,31.6
RE9,RE9GC,2013/14,194,21,9.24
RE9,RE9GC,2014/15,347,2,173.5
RE9,RE9GC,2015/16,0,125,0
RE9,RE9GF,2008/09,364,368,0.99
RE9,RE9GF,2009/10,535,129,4.15
RE9,RE9GF,2010/11,0,224,0
RE9,RE9GF,2011/12,155,6,25.83
RE9,RE9GF,2012/13,146,83,1.76
RE9,RE9GF,2013/14,421,39,10.79
RE9,RE9GF,2014/15,67,0,67
REF,REF00,2008/09,1,0,1
REF,REF01,2008/09,1054,9390,0.11
REF,REF01,2009/10,1129,11185,0.1
REF,REF01,2010/11,845,6817,0.12
REF,REF01,2011/12,917,3308,0.28
REF,REF01,2012/13,674,4783,0.14
REF,REF01,2013/14,387,5648,0.07
REF,REF01,2014/15,627,4722,0.13
REF,REF01,2015/16,1048,5504,0.19
REF,REF01,2016/17,646,2900,0.22
REF,REF01,2017/18,916,3870,0.24
REF,REF01,2018/19,1198,2474,0.48
REF,REF01,2019/20,2251,2893,0.78
REF,REF01,2020/21,1205,6689,0.18
REF,REF01,2021/22,2588,3340,0.77
REF,REF01,2022/23,2751,1978,1.39
REF,REF01,2023/24,1613,1827,0.88
REF,REF02,2008/09,5254,15,350.27
REF,REF02,2009/10,8154,52,156.81
REF,REF02,2010/11,9058,57,158.91
REF,REF02,2011/12,6777,21,322.71
REF,REF02,2012/13,6743,19,354.89
REF,REF02,2013/14,6133,26,235.88
REF,REF02,2014/15,4768,19,250.95
REF,REF02,2015/16,6578,912,7.21
REF,REF02,2016/17,4405,8,550.63
REF,REF02,2017/18,4420,378,11.69
REF,REF02,2018/19,4697,5,939.4
REF,REF02,2019/20,5975,32,186.72
REF,REF02,2020/21,4161,3980,1.05
REF,REF02,2021/22,4572,131,34.9
REF,REF02,2022/23,3114,96,32.44
REF,REF04,2008/09,759,0,759
REF,REF12,2008/09,19986,80172,0.25
REF,REF12,2009/10,30486,150874,0.2
REF,REF12,2010/11,26919,156675,0.17
REF,REF12,2011/12,26047,153811,0.17
REF,REF12,2012/13,23495,156012,0.15
REF,REF12,2013/14,24739,160365,0.15
REF,REF12,2014/15,22352,168710,0.13
REF,REF12,2015/16,21411,174905,0.12
REF,REF12,2016/17,20088,188849,0.11
REF,REF12,2017/18,20773,188898,0.11
REF,REF12,2018/19,21409,182721,0.12
REF,REF12,2019/20,21248,189806,0.11
REF,REF12,2020/21,14412,138273,0.1
REF,REF12,2021/22,16006,179711,0.09
REF,REF12,2022/23,18581,204847,0.09
REF,REF12,2023/24,17657,156068,0.11
REF,REF81,2008/09,335,1826,0.18
REF,REF81,2009/10,12,7,1.71
REF,REF81,2010/11,114,4,28.5
REF,REF81,2011/12,8,13,0.62
REF,REF81,2012/13,7,7,1
REF,REF81,2013/14,6,12,0.5
REF,REF81,2014/15,10,2,5
REF,REF81,2015/16,14,0,14
REF,REF81,2016/17,7,0,7
REF,REF81,2017/18,2,0,2
REF,REF81,2018/19,1,0,1
REF,REF81,2019/20,21,5,4.2
REF,REF81,2020/21,11,28,0.39
REF,REF81,2021/22,3,0,3
REF,REF81,2022/23,0,0,0
REF,REF85,2008/09,1524,492,3.1
REF,REF85,2016/17,15,0,15
REF,REF86,2016/17,100,0,100
REF,REF86,2017/18,0,0,0
REF,REF86,2019/20,0,0,0
REF,REF86,2020/21,6,0,6
REF,REF86,2021/22,3,0,3
REF,REF87,2008/09,53,226,0.23
REF,REF89,2012/13,2,0,2
REF,REF89,2018/19,1,0,1
REF,REF89,2019/20,0,0,0
REF,REF89,2020/21,0,0,0
REF,REF89,2021/22,1,0,1
REF,REF89,2022/23,0,0,0
REF,REF97,2008/09,77,670,0.11
REF,U5U2U,2022/23,1045,66,15.83
REF,U5U2U,2023/24,3250,286,11.36
REM,H5R4P,2021/22,129,2204,0.06
REM,H5R4P,2022/23,192,2480,0.08
REM,H5R4P,2023/24,158,1636,0.1
REM,N0K4X,2022/23,8,0,8
REM,N0K4X,2023/24,0,0,0
REM,REM00,2008/09,0,946,0
REM,REM00,2009/10,15,4,3.75
REM,REM00,2010/11,9257,60359,0.15
REM,REM00,2011/12,17020,117061,0.15
REM,REM00,2019/20,0,0,0
REM,REM00,2020/21,0,4,0
REM,REM20,2008/09,1,10,0.1
REM,REM20,2009/10,31,0,31
REM,REM20,2010/11,34,1,34
REM,REM21,2008/09,26151,222902,0.12
REM,REM21,2009/10,25984,240549,0.11
REM,REM21,2010/11,20339,162196,0.13
REM,REM21,2011/12,16209,95450,0.17
REM,REM21,2012/13,32165,210302,0.15
REM,REM21,2013/14,32827,197413,0.17
REM,REM21,2014/15,31510,200248,0.16
REM,REM21,2015/16,27957,202261,0.14
REM,REM21,2016/17,26054,216102,0.12
REM,REM21,2017/18,22653,231847,0.1
REM,REM21,2018/19,24375,245371,0.1
REM,REM21,2019/20,24204,252677,0.1
REM,REM21,2020/21,12491,219453,0.06
REM,REM21,2021/22,16995,251179,0.07
REM,REM21,2022/23,15790,274196,0.06
REM,REM21,2023/24,11698,217256,0.05
REM,REM26,2008/09,2,0,2
REM,REM26,2009/10,1,0,1
REM,REM26,2010/11,2,0,2
REM,REM26,2011/12,0,13,0
REM,REM26,2012/13,1,0,1
REM,REM26,2013/14,33,0,33
REM,REM26,2014/15,35,0,35
REM,REM26,2015/16,2,0,2
REM,REM26,2016/17,0,0,0
REM,REM26,2017/18,1,0,1
REM,REM26,2018/19,26,0,26
REM,REM26,2019/20,2,0,2
REM,REM30,2012/13,16,0,16
REM,REM30,2013/14,33,0,33
REM,REM30,2014/15,140,0,140
REM,REM30,2015/16,43,0,43
REM,REM30,2016/17,0,0,0
REM,REM30,2017/18,1,0,1
REM,REM30,2018/19,1,0,1
REM,REM30,2019/20,1,0,1
REM,REM30,2020/21,2,0,2
REM,REM71,2009/10,5,0,5
REM,REM71,2010/11,8,0,8
REM,REM71,2011/12,7,66,0.11
REM,REM71,2012/13,31,23,1.35
REM,REM71,2013/14,22,48,0.46
REM,REM71,2014/15,8,0,8
REM,REM71,2015/16,22,20,1.1
REM,REM71,2016/17,3,10,0.3
REM,REM71,2017/18,6,2,3
REM,REM71,2018/19,87,1,87
REM,REM71,2019/20,39,0,39
REM,REM71,2020/21,77,0,77
REM,REM71,2021/22,6,0,6
REM,REM71,2022/23,140,0,140
REM,REM71,2023/24,5,0,5
REM,REM97,2020/21,0,0,0
REM,REMAH,2019/20,4722,4458,1.06
REM,REMAH,2020/21,2571,1201,2.14
REM,REMAH,2021/22,7419,2612,2.84
REM,REMAH,2022/23,8773,918,9.56
REM,REMAH,2023/24,6524,897,7.27
REM,REMAX,2020/21,27,0,27
REM,REMBD,2020/21,25,2,12.5
REM,REMRQ,2019/20,12028,108982,0.11
REM,REMRQ,2020/21,13606,185980,0.07
REM,REMRQ,2021/22,20234,206276,0.1
REM,REMRQ,2022/23,22745,223132,0.1
REM,REMRQ,2023/24,18770,164363,0.11
REN,REN20,2008/09,9672,8738,1.11
REN,REN20,2009/10,9551,9584,1
REN,REN20,2010/11,7188,8626,0.83
REN,REN20,2011/12,7227,9274,0.78
REN,REN20,2012/13,6758,10775,0.63
REN,REN20,2013/14,6776,9403,0.72
REN,REN20,2014/15,6096,10845,0.56
REN,REN20,2015/16,5225,11439,0.46
REN,REN20,2016/17,5473,12453,0.44
REN,REN20,2017/18,4062,11650,0.35
REN,REN20,2018/19,3951,10787,0.37
REN,REN20,2019/20,3940,9856,0.4
REN,REN20,2020/21,6299,8959,0.7
REN,REN20,2021/22,14624,9169,1.59
REN,REN20,2022/23,14020,16075,0.87
REN,REN20,2023/24,10050,14055,0.72
REN,REN22,2017/18,3054,1481,2.06
REN,REN22,2018/19,5827,3178,1.83
REN,REN22,2019/20,5374,3856,1.39
REN,REN22,2020/21,2488,1644,1.51
REP,REP00,2013/14,438,465,0.94
REP,REP00,2015/16,0,3,0
REP,REP00,2023/24,0,9,0
REP,REP01,2008/09,6818,5276,1.29
REP,REP01,2009/10,7408,5681,1.3
REP,REP01,2010/11,6882,5284,1.3
REP,REP01,2011/12,6205,4437,1.4
REP,REP01,2012/13,6049,5075,1.19
REP,REP01,2013/14,4900,4185,1.17
REP,REP01,2014/15,5059,4802,1.05
REP,REP01,2015/16,4620,5005,0.92
REP,REP01,2016/17,4116,4816,0.85
REP,REP01,2017/18,4023,4288,0.94
REP,REP01,2018/19,3596,4378,0.82
REP,REP01,2019/20,3138,3487,0.9
REP,REP01,2020/21,3161,3228,0.98
REP,REP01,2021/22,3357,3161,1.06
REP,REP01,2022/23,3050,3434,0.89
REP,REP01,2023/24,1622,2476,0.66
REP,REP21,2008/09,919,0,919
REP,REP21,2009/10,809,8,101.13
REP,REP21,2010/11,155,0,155
REP,REP21,2011/12,0,0,0
REP,REP21,2012/13,373,0,373
REP,REP21,2014/15,370,0,370
REP,REP21,2016/17,0,0,0
REP,REP21,2017/18,3,0,3
RET,RET20,2008/09,9595,18749,0.51
RET,RET20,2009/10,12010,22820,0.53
RET,RET20,2010/11,14426,24029,0.6
RET,RET20,2011/12,14862,26079,0.57
RET,RET20,2012/13,14311,25417,0.56
RET,RET20,2013/14,14487,29646,0.49
RET,RET20,2014/15,17317,31919,0.54
RET,RET20,2015/16,16448,34012,0.48
RET,RET20,2016/17,18613,35424,0.53
RET,RET20,2017/18,15256,30158,0.51
RET,RET20,2018/19,15383,32865,0.47
RET,RET20,2019/20,15775,37123,0.42
RET,RET20,2020/21,7091,27049,0.26
RET,RET20,2021/22,11684,27930,0.42
RET,RET20,2022/23,12922,36134,0.36
RET,RET20,2023/24,9052,29914,0.3
RF4,P8E7P,2023/24,0,41,0
RF4,RF400,2012/13,76,0,76
RF4,RF400,2013/14,0,28,0
RF4,RF400,2014/15,0,0,0
RF4,RF400,2015/16,113,0,113
RF4,RF400,2016/17,708,0,708
RF4,RF400,2017/18,554,0,554
RF4,RF400,2018/19,87,3,29
RF4,RF400,2019/20,15,0,15
RF4,RF409,2020/21,261,0,261
RF4,RF40A,2020/21,3,0,3
RF4,RF4DG,2008/09,15535,107581,0.14
RF4,RF4DG,2009/10,14895,102550,0.15
RF4,RF4DG,2010/11,11785,97515,0.12
RF4,RF4DG,2011/12,10461,89940,0.12
RF4,RF4DG,2012/13,9238,77685,0.12
RF4,RF4DG,2013/14,9633,57567,0.17
RF4,RF4DG,2014/15,11195,83592,0.13
RF4,RF4DG,2015/16,10013,77001,0.13
RF4,RF4DG,2016/17,8568,70434,0.12
RF4,RF4DG,2017/18,7228,69383,0.1
RF4,RF4DG,2018/19,6369,69920,0.09
RF4,RF4DG,2019/20,6388,75253,0.08
RF4,RF4DG,2020/21,3482,67351,0.05
RF4,RF4DG,2021/22,8486,84035,0.1
RF4,RF4DG,2022/23,9992,93913,0.11
RF4,RF4DG,2023/24,7316,70173,0.1
RF4,RF4HG,2016/17,5,0,5
RF4,RF4HG,2017/18,22,0,22
RF4,RF4HG,2018/19,8,0,8
RF4,RF4HP,2008/09,0,0,0
RF4,RF4HR,2016/17,29,0,29
RF4,RF4HR,2017/18,0,0,0
RF4,RF4HW,2015/16,29,0,29
RF4,RF4HW,2016/17,2,0,2
RF4,RF4HW,2017/18,0,3,0
RF4,RF4HW,2020/21,308,0,308
RF4,RF4LD,2016/17,48,0,48
RF4,RF4LD,2017/18,0,0,0
RF4,RF4LD,2018/19,1,0,1
RF4,RF4PH,2008/09,1516,0,1516
RF4,RF4PH,2009/10,143,0,143
RF4,RF4PH,2010/11,29,0,29
RF4,RF4PP,2021/22,7,0,7
RF4,RF4PP,2022/23,7,0,7
RF4,RF4PP,2023/24,5,0,5
RF4,RF4QH,2008/09,19634,193391,0.1
RF4,RF4QH,2009/10,20066,224069,0.09
RF4,RF4QH,2010/11,17635,227235,0.08
RF4,RF4QH,2011/12,17258,229651,0.08
RF4,RF4QH,2012/13,14276,234404,0.06
RF4,RF4QH,2013/14,17530,241820,0.07
RF4,Rf4QH,2014/15,15017,228334,0.07
RF4,RF4QH,2015/16,14062,219399,0.06
RF4,RF4QH,2016/17,13974,218615,0.06
RF4,RF4QH,2017/18,14895,211093,0.07
RF4,RF4QH,2018/19,14059,213631,0.07
RF4,RF4QH,2019/20,15208,207980,0.07
RF4,RF4QH,2020/21,6673,178619,0.04
RF4,RF4QH,2021/22,9657,196161,0.05
RF4,RF4QH,2022/23,12663,217620,0.06
RF4,RF4QH,2023/24,12620,168865,0.07
RF4,RF4WL,2016/17,12,0,12
RFF,I5E1P,2021/22,1,0,1
RFF,I5E1P,2023/24,24,0,24
RFF,RFF00,2008/09,16064,112607,0.14
RFF,RFF00,2009/10,118,3388,0.03
RFF,RFF00,2023/24,0,1,0
RFF,RFFAA,2009/10,15455,120940,0.13
RFF,RFFAA,2010/11,12707,117912,0.11
RFF,RFFAA,2011/12,12337,128047,0.1
RFF,RFFAA,2012/13,11209,128731,0.09
RFF,RFFAA,2013/14,10241,120911,0.08
RFF,RFFAA,2014/15,10146,115163,0.09
RFF,RFFAA,2015/16,10236,118204,0.09
RFF,RFFAA,2016/17,9987,115126,0.09
RFF,RFFAA,2017/18,10028,120734,0.08
RFF,RFFAA,2018/19,8972,123559,0.07
RFF,RFFAA,2019/20,9049,127196,0.07
RFF,RFFAA,2020/21,5874,112178,0.05
RFF,RFFAA,2021/22,8432,132608,0.06
RFF,RFFAA,2022/23,10158,141786,0.07
RFF,RFFAA,2023/24,6276,101352,0.06
RFF,W7N4Y,2023/24,1788,292,6.12
RFJ02,RFJ02,2015/16,11,0,11
RFR,RFR00,2008/09,10,1,10
RFR,RFR00,2009/10,3,1,3
RFR,RFR00,2010/11,2,11,0.18
RFR,RFR00,2011/12,15,5,3
RFR,RFR00,2012/13,200,3705,0.05
RFR,RFR00,2013/14,171,6533,0.03
RFR,RFR00,2014/15,1433,11985,0.12
RFR,RFR00,2015/16,0,85,0
RFR,RFR30,2015/16,213,2903,0.07
RFR,RFR30,2016/17,139,3280,0.04
RFR,RFR30,2017/18,128,2623,0.05
RFR,RFR30,2018/19,89,3486,0.03
RFR,RFR30,2019/20,0,203,0
RFR,RFRAA,2014/15,80,0,80
RFR,RFRAA,2015/16,253,8,31.63
RFR,RFRAA,2016/17,35,23,1.52
RFR,RFRC1,2015/16,0,1543,0
RFR,RFRC1,2016/17,0,1193,0
RFR,RFRC1,2017/18,0,1889,0
RFR,RFRC1,2018/19,0,2547,0
RFR,RFRC1,2019/20,0,2596,0
RFR,RFRC1,2020/21,0,0,0
RFR,RFRDR,2008/09,696,669,1.04
RFR,RFRDR,2009/10,647,602,1.07
RFR,RFRDR,2010/11,659,471,1.4
RFR,RFRDR,2011/12,536,392,1.37
RFR,RFRDR,2012/13,467,359,1.3
RFR,RFRDR,2013/14,452,810,0.56
RFR,RFRDR,2014/15,373,935,0.4
RFR,RFRDR,2015/16,170,1008,0.17
RFR,RFRDR,2016/17,422,365,1.16
RFR,RFRDR,2017/18,348,424,0.82
RFR,RFRDR,2018/19,296,829,0.36
RFR,RFRDR,2019/20,264,891,0.3
RFR,RFRDR,2020/21,124,485,0.26
RFR,RFRDR,2021/22,166,626,0.27
RFR,RFRDR,2022/23,259,946,0.27
RFR,RFRDR,2023/24,96,565,0.17
RFR,RFRPA,2008/09,17180,125572,0.14
RFR,RFRPA,2009/10,18214,142656,0.13
RFR,RFRPA,2010/11,17444,144705,0.12
RFR,RFRPA,2011/12,17456,144107,0.12
RFR,RFRPA,2012/13,18892,136621,0.14
RFR,RFRPA,2013/14,18872,124318,0.15
RFR,RFRPA,2014/15,15562,120970,0.13
RFR,RFRPA,2015/16,16790,119448,0.14
RFR,RFRPA,2016/17,14031,116836,0.12
RFR,RFRPA,2017/18,13994,115126,0.12
RFR,RFRPA,2018/19,15549,111547,0.14
RFR,RFRPA,2019/20,14513,117992,0.12
RFR,RFRPA,2020/21,8778,113079,0.08
RFR,RFRPA,2021/22,12943,130193,0.1
RFR,RFRPA,2022/23,11404,139560,0.08
RFR,RFRPA,2023/24,8823,96502,0.09
RFR,RFRPB,2011/12,251,2260,0.11
RFR,RFRPB,2012/13,94,696,0.14
RFR,RFRPB,2014/15,212,3278,0.06
RFS,RFS00,2008/09,22,27,0.81
RFS,RFS00,2009/10,14,0,14
RFS,RFS00,2010/11,1,0,1
RFS,RFS00,2011/12,37,0,37
RFS,RFS00,2012/13,185,0,185
RFS,RFS00,2013/14,43,0,43
RFS,RFS00,2021/22,0,4,0
RFS,RFSAB,2008/09,4,9,0.44
RFS,RFSAB,2009/10,0,7,0
RFS,RFSAB,2011/12,0,4,0
RFS,RFSAB,2012/13,0,1,0
RFS,RFSAC,2021/22,0,0,0
RFS,RFSDA,2008/09,19548,133432,0.15
RFS,RFSDA,2009/10,20259,146001,0.14
RFS,RFSDA,2010/11,19118,150518,0.13
RFS,RFSDA,2011/12,17414,164096,0.11
RFS,RFSDA,2012/13,15877,161230,0.1
RFS,RFSDA,2013/14,14746,159949,0.09
RFS,RFSDA,2014/15,14073,143205,0.1
RFS,RFSDA,2015/16,12411,149747,0.08
RFS,RFSDA,2016/17,11864,156960,0.08
RFS,RFSDA,2017/18,11500,147854,0.08
RFS,RFSDA,2018/19,11737,143082,0.08
RFS,RFSDA,2019/20,11032,168477,0.07
RFS,RFSDA,2020/21,4399,119467,0.04
RFS,RFSDA,2021/22,7835,143261,0.05
RFS,RFSDA,2022/23,9714,170809,0.06
RFS,RFSDA,2023/24,8386,124543,0.07
RFW,RFW00,2015/16,0,460,0
RFW,RFW01,2008/09,9526,95851,0.1
RFW,RFW01,2009/10,9772,106947,0.09
RFW,RFW01,2010/11,8933,96952,0.09
RFW,RFW01,2011/12,6725,84402,0.08
RFW,RFW01,2012/13,7398,98883,0.07
RFW,RFW01,2013/14,6966,101933,0.07
RFW,RFW01,2014/15,11124,117781,0.09
RFW,RFW01,2015/16,7856,110847,0.07
RFW,RFW01,2016/17,160,3180,0.05
RG2,RG222,2008/09,19041,102996,0.18
RG2,RG222,2009/10,57,5125,0.01
RG3,RG300,2008/09,15536,111726,0.14
RG3,RG300,2009/10,44,3104,0.01
RG3,RG3TC,2008/09,5330,1535,3.47
RGC,RGCKH,2008/09,16196,144227,0.11
RGC,RGCKH,2009/10,17484,164316,0.11
RGC,RGCKH,2010/11,15551,167669,0.09
RGC,RGCKH,2011/12,15706,150360,0.1
RGC,RGCKH,2012/13,0,0,0
RGD,RGD00,2009/10,357,1,357
RGD,RGD00,2011/12,66,0,66
RGD,RGD00,2012/13,1976,4618,0.43
RGD,RGD00,2013/14,1315,1011,1.3
RGD,RGD00,2014/15,820,863,0.95
RGD,RGD02,2008/09,499,732,0.68
RGD,RGD02,2009/10,1188,1675,0.71
RGD,RGD02,2010/11,2361,1394,1.69
RGD,RGD02,2011/12,1703,0,1703
RGD,RGD03,2008/09,1903,22,86.5
RGD,RGD03,2009/10,2524,0,2524
RGD,RGD03,2010/11,1972,0,1972
RGD,RGD03,2011/12,2316,0,2316
RGD,RGD03,2012/13,1842,0,1842
RGD,RGD03,2013/14,1856,0,1856
RGD,RGD03,2014/15,2273,0,2273
RGD,RGD03,2015/16,2641,0,2641
RGD,RGD03,2016/17,2189,0,2189
RGD,RGD03,2017/18,2880,0,2880
RGD,RGD03,2018/19,2080,0,2080
RGD,RGD03,2019/20,2250,0,2250
RGD,RGD05,2008/09,8243,6907,1.19
RGD,RGD05,2009/10,17875,8146,2.19
RGD,RGD05,2010/11,18428,10674,1.73
RGD,RGD05,2011/12,16068,9000,1.79
RGD,RGD05,2012/13,16241,11261,1.44
RGD,RGD05,2013/14,13418,14741,0.91
RGD,RGD05,2014/15,5284,20702,0.26
RGD,RGD05,2015/16,2303,25867,0.09
RGD,RGD05,2016/17,1804,21352,0.08
RGD,RGD05,2017/18,1367,25035,0.05
RGD,RGD05,2018/19,1505,25720,0.06
RGD,RGD05,2019/20,1216,21753,0.06
RGD,RGD0A,2018/19,0,736,0
RGD,RGD10,2008/09,1446,1,1446
RGD,RGD10,2009/10,671,283,2.37
RGD,RGD10,2010/11,1278,2652,0.48
RGD,RGD10,2011/12,1595,903,1.77
RGD,RGD10,2012/13,245,515,0.48
RGD,RGD10,2014/15,33,0,33
RGD,RGD10,2015/16,0,1537,0
RGD,RGD10,2016/17,234,0,234
RGD,RGD10,2017/18,355,0,355
RGD,RGD10,2019/20,667,499,1.34
RGD,RGD14,2008/09,4826,5168,0.93
RGD,RGD14,2009/10,8291,5994,1.38
RGD,RGD14,2010/11,9755,9578,1.02
RGD,RGD14,2011/12,14274,10555,1.35
RGD,RGD14,2012/13,12265,12854,0.95
RGD,RGD14,2013/14,3561,7382,0.48
RGD,RGD14,2014/15,0,1647,0
RGD,RGD17,2008/09,2372,20,118.6
RGD,RGD17,2009/10,2913,93,31.32
RGD,RGD17,2010/11,2477,500,4.95
RGD,RGD17,2011/12,3041,266,11.43
RGD,RGD17,2012/13,2143,89,24.08
RGD,RGD17,2013/14,4012,25,160.48
RGD,RGD17,2014/15,2720,0,2720
RGD,RGD17,2015/16,3238,24,134.92
RGD,RGD17,2016/17,2361,12,196.75
RGD,RGD17,2017/18,1851,13,142.38
RGD,RGD17,2018/19,2067,0,2067
RGD,RGD17,2019/20,1086,0,1086
RGD,RGD47,2008/09,285,7,40.71
RGD,RGD47,2009/10,703,0,703
RGD,RGD47,2010/11,281,677,0.42
RGD,RGD47,2011/12,1546,0,1546
RGD,RGD47,2012/13,1422,0,1422
RGD,RGD50,2009/10,485,0,485
RGD,RGD50,2010/11,82,0,82
RGD,RGD64,2008/09,36,192,0.19
RGD,RGD64,2010/11,384,0,384
RGD,RGD64,2012/13,1234,0,1234
RGD,RGD64,2013/14,0,516,0
RGD,RGD75,2008/09,553,541,1.02
RGD,RGD75,2009/10,1434,859,1.67
RGD,RGD75,2012/13,249,0,249
RGD,RGD75,2013/14,445,0,445
RGD,RGD75,2014/15,186,0,186
RGD,RGD75,2015/16,959,3239,0.3
RGD,RGD76,2008/09,96,0,96
RGD,RGD76,2009/10,943,0,943
RGD,RGD76,2010/11,1729,0,1729
RGD,RGD76,2011/12,84,0,84
RGD,RGD76,2012/13,590,0,590
RGD,RGD76,2013/14,476,0,476
RGD,RGD76,2014/15,2186,0,2186
RGD,RGD76,2015/16,2356,1198,1.97
RGD,RGDAB,2013/14,8453,6874,1.23
RGD,RGDAB,2014/15,9930,9772,1.02
RGD,RGDAB,2015/16,6705,9943,0.67
RGD,RGDAB,2016/17,8740,14344,0.61
RGD,RGDAB,2017/18,10724,10053,1.07
RGD,RGDAB,2018/19,10032,4700,2.13
RGD,RGDAB,2019/20,6886,11901,0.58
RGD,RGDAP,2008/09,590,5,118
RGD,RGDAP,2009/10,329,83,3.96
RGD,RGDAP,2010/11,691,0,691
RGD,RGDAP,2011/12,189,0,189
RGD,RGDAP,2012/13,629,0,629
RGD,RGDAP,2013/14,1185,0,1185
RGD,RGDAP,2014/15,891,0,891
RGD,RGDAP,2015/16,1713,2602,0.66
RGD,RGDAP,2016/17,1833,1487,1.23
RGD,RGDBL,2008/09,2818,16545,0.17
RGD,RGDBL,2009/10,5683,27038,0.21
RGD,RGDBL,2010/11,6618,28056,0.24
RGD,RGDBL,2011/12,8953,25885,0.35
RGD,RGDBL,2012/13,6626,30191,0.22
RGD,RGDBL,2013/14,6457,42971,0.15
RGD,RGDBL,2014/15,3780,36562,0.1
RGD,RGDBL,2015/16,886,26144,0.03
RGD,RGDBL,2016/17,743,29633,0.03
RGD,RGDBL,2017/18,1193,31900,0.04
RGD,RGDBL,2018/19,275,30084,0.01
RGD,RGDBL,2019/20,0,30016,0
RGD,RGDPL,2008/09,311,105,2.96
RGD,RGDPL,2009/10,112,443,0.25
RGD,RGDPL,2010/11,1010,292,3.46
RGD,RGDPL,2011/12,1506,1294,1.16
RGD,RGDPL,2012/13,599,1289,0.46
RGD,RGDPL,2013/14,2549,228,11.18
RGD,RGDPL,2014/15,413,1388,0.3
RGD,RGDPL,2015/16,596,1054,0.57
RGD,RGDPL,2016/17,496,2267,0.22
RGD,RGDPL,2017/18,419,1279,0.33
RGD,RGDPL,2018/19,262,1742,0.15
RGD,RGDPL,2019/20,297,690,0.43
RGD,RGDT1,2012/13,31,282,0.11
RGD,RGDT1,2013/14,278,1012,0.27
RGD,RGDT1,2014/15,278,612,0.45
RGD,RGDT1,2015/16,738,3308,0.22
RGD,RGDT2,2011/12,0,49,0
RGD,RGDT2,2012/13,226,1147,0.2
RGD,RGDT2,2013/14,317,768,0.41
RGD,RGDT2,2014/15,565,317,1.78
RGD,RGDT2,2015/16,811,1545,0.52
RGD,RGDT3,2011/12,52,244,0.21
RGD,RGDT3,2012/13,1181,4380,0.27
RGD,RGDT3,2013/14,2498,9076,0.28
RGD,RGDT3,2014/15,2006,10992,0.18
RGD,RGDT3,2015/16,1389,10056,0.14
RGD,RGDT4,2015/16,0,4,0
RGD,RGDT5,2013/14,231,115,2.01
RGD,RGDT5,2014/15,3438,30,114.6
RGD,RGDT5,2015/16,3097,165,18.77
RGD,RGDT5,2016/17,6069,542,11.2
RGD,RGDT5,2017/18,6648,319,20.84
RGD,RGDT5,2018/19,7922,0,7922
RGD,RGDT5,2019/20,705,0,705
RGD,RGDT7,2014/15,70,0,70
RGD,RGDT8,2014/15,336,0,336
RGD,RGDT8,2015/16,331,0,331
RGD,RGDT9,2011/12,0,61,0
RGD,RGDT9,2012/13,823,533,1.54
RGD,RGDT9,2013/14,2680,391,6.85
RGD,RGDT9,2014/15,1329,419,3.17
RGD,RGDT9,2015/16,399,0,399
RGD,RGDVA,2014/15,1077,0,1077
RGD,RGDVA,2015/16,1562,1511,1.03
RGD,RGDVC,2012/13,107,286,0.37
RGD,RGDVC,2013/14,399,1342,0.3
RGD,RGDVC,2014/15,2855,768,3.72
RGD,RGDVC,2015/16,1691,1385,1.22
RGD,RGDVC,2016/17,0,427,0
RGD,RGDVE,2011/12,38,8,4.75
RGD,RGDVE,2012/13,21,1097,0.02
RGD,RGDVE,2014/15,270,754,0.36
RGD,RGDVE,2015/16,2250,864,2.6
RGD,RGDVE,2016/17,1047,674,1.55
RGD,RGDVE,2017/18,1375,265,5.19
RGD,RGDVE,2018/19,639,1355,0.47
RGD,RGDVE,2019/20,1725,1714,1.01
RGD,RGDVG,2011/12,9,1,9
RGD,RGDVG,2012/13,34,324,0.1
RGD,RGDVG,2013/14,411,67,6.13
RGD,RGDVG,2014/15,225,2590,0.09
RGD,RGDVG,2015/16,2068,1012,2.04
RGD,RGDVM,2012/13,59,710,0.08
RGD,RGDVM,2013/14,329,1165,0.28
RGD,RGDVM,2014/15,87,2516,0.03
RGD,RGDVM,2015/16,0,2066,0
RGM,RGM00,2018/19,0,4,0
RGM,RGM21,2008/09,44534,3430,12.98
RGM,RGM21,2009/10,46181,5020,9.2
RGM,RGM21,2010/11,44506,7456,5.97
RGM,RGM21,2011/12,44850,8810,5.09
RGM,RGM21,2012/13,44483,11419,3.9
RGM,RGM21,2013/14,42930,9833,4.37
RGM,RGM21,2014/15,41527,10948,3.79
RGM,RGM21,2015/16,38893,10197,3.81
RGM,RGM21,2016/17,39473,8635,4.57
RGM,RGM21,2017/18,35432,10104,3.51
RGM,RGM21,2018/19,34917,10515,3.32
RGM,RGM21,2019/20,3320,1278,2.6
RGM,RGM22,2019/20,30667,8694,3.53
RGM,RGM22,2020/21,22966,12124,1.89
RGM,RGM22,2021/22,28567,13488,2.12
RGM,RGM22,2022/23,28588,12679,2.25
RGM,RGM22,2023/24,21167,10773,1.96
RGN,E0U7H,2020/21,456,0,456
RGN,E0U7H,2022/23,68,0,68
RGN,Q5O6X,2020/21,59,14,4.21
RGN,RGN00,2017/18,0,1,0
RGN,RGN00,2019/20,0,1,0
RGN,RGN42,2008/09,7831,134970,0.06
RGN,RGN42,2009/10,9086,149645,0.06
RGN,RGN42,2010/11,7026,104578,0.07
RGN,RGN44,2008/09,9,465,0.02
RGN,RGN44,2009/10,68,396,0.17
RGN,RGN44,2010/11,4,279,0.01
RGN,RGN49,2008/09,228,15,15.2
RGN,RGN49,2009/10,235,128,1.84
RGN,RGN49,2010/11,117,85,1.38
RGN,RGN49,2011/12,44,46,0.96
RGN,RGN49,2012/13,14,71,0.2
RGN,RGN49,2013/14,9,70,0.13
RGN,RGN49,2014/15,12,122,0.1
RGN,RGN49,2015/16,211,618,0.34
RGN,RGN49,2016/17,0,55,0
RGN,RGN49,2017/18,0,204,0
RGN,RGN49,2018/19,0,53,0
RGN,RGN49,2019/20,5,112,0.04
RGN,RGN49,2020/21,1,51,0.02
RGN,RGN49,2021/22,2,126,0.02
RGN,RGN49,2022/23,1,202,0
RGN,RGN49,2023/24,0,97,0
RGN,RGN66,2008/09,13544,3317,4.08
RGN,RGN66,2009/10,13674,2738,4.99
RGN,RGN66,2010/11,7501,1989,3.77
RGN,RGN73,2008/09,0,0,0
RGN,RGN73,2009/10,0,0,0
RGN,RGN73,2011/12,0,0,0
RGN,RGN73,2013/14,0,0,0
RGN,RGN73,2014/15,0,0,0
RGN,RGN73,2015/16,0,0,0
RGN,RGN73,2016/17,0,0,0
RGN,RGN80,2010/11,5593,41067,0.14
RGN,RGN80,2011/12,20156,150239,0.13
RGN,RGN80,2012/13,19341,164537,0.12
RGN,RGN80,2013/14,18139,171133,0.11
RGN,RGN80,2014/15,17503,175358,0.1
RGN,RGN80,2015/16,17149,165815,0.1
RGN,RGN80,2016/17,15920,171146,0.09
RGN,RGN80,2017/18,14398,175185,0.08
RGN,RGN80,2018/19,14567,181878,0.08
RGN,RGN80,2019/20,13016,197688,0.07
RGN,RGN80,2020/21,6418,177679,0.04
RGN,RGN80,2021/22,7589,200470,0.04
RGN,RGN80,2022/23,7849,212798,0.04
RGN,RGN80,2023/24,5744,157884,0.04
RGN,RGN90,2017/18,6506,62855,0.1
RGN,RGN90,2018/19,6623,66410,0.1
RGN,RGN90,2019/20,5848,80295,0.07
RGN,RGN90,2020/21,2198,66584,0.03
RGN,RGN90,2021/22,5741,72188,0.08
RGN,RGN90,2022/23,4814,86283,0.06
RGN,RGN90,2023/24,3856,64117,0.06
RGN,RGN95,2017/18,1274,1238,1.03
RGN,RGN95,2018/19,1321,1670,0.79
RGN,S1J7N,2020/21,21,0,21
RGP,RGP00,2008/09,20569,99560,0.21
RGP,RGP00,2009/10,21599,104979,0.21
RGP,RGP00,2010/11,239,2889,0.08
RGP,RGP00,2015/16,13,17,0.76
RGP,RGP00,2016/17,6,2,3
RGP,RGP00,2017/18,3,4,0.75
RGP,RGP00,2018/19,0,22,0
RGP,RGP00,2022/23,0,2,0
RGP,RGP75,2008/09,15,0,15
RGP,RGP75,2009/10,2434,5959,0.41
RGP,RGP75,2010/11,20842,112250,0.19
RGP,RGP75,2011/12,17397,117394,0.15
RGP,RGP75,2012/13,17554,116355,0.15
RGP,RGP75,2013/14,15317,117681,0.13
RGP,RGP75,2014/15,11728,124933,0.09
RGP,RGP75,2015/16,12728,118294,0.11
RGP,RGP75,2016/17,10477,125202,0.08
RGP,RGP75,2017/18,10793,125802,0.09
RGP,RGP75,2018/19,10362,125534,0.08
RGP,RGP75,2019/20,9868,133527,0.07
RGP,RGP75,2020/21,5427,118503,0.05
RGP,RGP75,2021/22,8366,140686,0.06
RGP,RGP75,2022/23,9258,150999,0.06
RGP,RGP75,2023/24,7620,115908,0.07
RGQ,RGQ00,2009/10,337,0,337
RGQ,RGQ00,2010/11,101,0,101
RGQ,RGQ00,2011/12,3,0,3
RGQ,RGQ00,2012/13,131,29,4.52
RGQ,RGQ00,2013/14,0,10,0
RGQ,RGQ02,2008/09,26139,132992,0.2
RGQ,RGQ02,2009/10,26469,144257,0.18
RGQ,RGQ02,2010/11,23829,155106,0.15
RGQ,RGQ02,2011/12,22887,149449,0.15
RGQ,RGQ02,2012/13,22344,144181,0.15
RGQ,RGQ02,2013/14,22474,152277,0.15
RGQ,RGQ02,2014/15,21178,152827,0.14
RGQ,RGQ02,2015/16,20353,158365,0.13
RGQ,RGQ02,2016/17,19940,173843,0.11
RGQ,RGQ02,2017/18,19676,175466,0.11
RGQ,RGQ02,2018/19,4544,57954,0.08
RGQ,RGQ03,2010/11,0,0,0
RGQ,RGQ03,2011/12,0,0,0
RGQ,RGQ03,2013/14,0,0,0
RGQ,RGQ03,2017/18,80,0,80
RGQ,RGQ03,2018/19,60,0,60
RGQ,RGQ05,2011/12,0,0,0
RGQ,RGQ05,2012/13,0,0,0
RGQ,RGQ05,2013/14,0,0,0
RGQ,RGQ05,2017/18,59,0,59
RGQ,RGQ05,2018/19,26,0,26
RGQ,RGQ06,2010/11,0,0,0
RGQ,RGQ06,2013/14,0,4,0
RGQ,RGQ09,2010/11,0,0,0
RGQ,RGQ11,2009/10,0,1,0
RGQ,RGQ57,2014/15,0,11,0
RGQ,RGQ57,2015/16,0,0,0
RGQ,RGQ57,2017/18,0,4,0
RGQ,RGQ78,2017/18,560,963,0.58
RGQ,RGQ78,2018/19,134,566,0.24
RGR,RGR00,2013/14,10499,116155,0.09
RGR,RGR00,2014/15,2271,32067,0.07
RGR,RGR00,2022/23,22,0,22
RGR,RGR00,2023/24,14,4448,0
RGR,RGR44,2019/20,0,201,0
RGR,RGR44,2020/21,9,224,0.04
RGR,RGR44,2021/22,0,172,0
RGR,RGR44,2022/23,0,325,0
RGR,RGR44,2023/24,0,428,0
RGR,RGR48,2018/19,0,2,0
RGR,RGR50,2008/09,14120,113055,0.12
RGR,RGR50,2009/10,12455,122526,0.1
RGR,RGR50,2010/11,12306,115664,0.11
RGR,RGR50,2011/12,11327,111183,0.1
RGR,RGR50,2012/13,10102,119052,0.08
RGR,RGR50,2013/14,43,5706,0.01
RGR,RGR50,2014/15,7832,93555,0.08
RGR,RGR50,2015/16,10569,125822,0.08
RGR,RGR50,2016/17,9271,131283,0.07
RGR,RGR50,2017/18,9121,122169,0.07
RGR,RGR50,2018/19,8799,120863,0.07
RGR,RGR50,2019/20,8417,133306,0.06
RGR,RGR50,2020/21,5523,124635,0.04
RGR,RGR50,2021/22,7668,147769,0.05
RGR,RGR50,2022/23,8352,166790,0.05
RGR,RGR50,2023/24,6584,120128,0.05
RGR,RGR51,2014/15,28,0,28
RGR,RGR56,2015/16,79,234,0.34
RGR,RGR56,2016/17,0,125,0
RGR,RGR58,2020/21,0,29,0
RGR,RGR58,2021/22,0,12,0
RGR,RGR58,2023/24,53,227,0.23
RGT,F9H6U,2023/24,283,0,283
RGT,RGT00,2014/15,9,0,9
RGT,RGT01,2008/09,66629,218359,0.31
RGT,RGT01,2009/10,70327,251236,0.28
RGT,RGT01,2010/11,65011,239776,0.27
RGT,RGT01,2011/12,62887,242045,0.26
RGT,RGT01,2012/13,66229,252810,0.26
RGT,RGT01,2013/14,61487,259488,0.24
RGT,RGT01,2014/15,56948,269488,0.21
RGT,RGT01,2015/16,53852,267761,0.2
RGT,RGT01,2016/17,50418,276036,0.18
RGT,RGT01,2017/18,49979,282347,0.18
RGT,RGT01,2018/19,50493,287905,0.18
RGT,RGT01,2019/20,50753,293395,0.17
RGT,RGT01,2020/21,33031,253285,0.13
RGT,RGT01,2021/22,47511,290097,0.16
RGT,RGT01,2022/23,49222,324373,0.15
RGT,RGT01,2023/24,36928,240810,0.15
RGT,RGT03,2009/10,30,0,30
RGT,RGT03,2010/11,18,0,18
RGT,RGT03,2011/12,27,0,27
RGT,RGT03,2012/13,39,0,39
RGT,RGT03,2013/14,0,0,0
RGT,RGT03,2014/15,5,0,5
RGT,RGT03,2015/16,0,0,0
RGT,RGT03,2016/17,0,0,0
RGT,RGT03,2017/18,0,0,0
RGT,RGT03,2018/19,0,0,0
RGT,RGT04,2009/10,6,0,6
RGT,RGT04,2010/11,1,0,1
RGT,RGT04,2012/13,1,0,1
RGT,RGT04,2013/14,0,0,0
RGT,RGT04,2014/15,10,0,10
RGT,RGT04,2015/16,0,0,0
RGT,RGT04,2016/17,0,0,0
RGT,RGT04,2017/18,0,0,0
RGT,RGT04,2018/19,0,0,0
RGT,RGT04,2019/20,0,0,0
RGT,RGT04,2020/21,4,0,4
RGT,RGT04,2021/22,8,0,8
RGT,RGT04,2022/23,6,0,6
RGT,RGT04,2023/24,1,0,1
RGT,RGT1Q,2014/15,2,0,2
RGT,RGT1Q,2015/16,9,0,9
RGT,RGT1Q,2016/17,8,0,8
RGT,RGT1Q,2017/18,0,0,0
RGT,RGT1Q,2018/19,0,0,0
RGT,RGT1Q,2019/20,0,0,0
RGT,RGT1Q,2020/21,2,0,2
RGT,RGT1Q,2021/22,23,0,23
RGT,RGT1Q,2022/23,10,0,10
RGT,RGT1Q,2023/24,13,0,13
RGT,RGT1Y,2015/16,0,0,0
RGT,RGT1Y,2016/17,2,0,2
RGT,RGT1Y,2017/18,5,0,5
RGT,RGT1Y,2018/19,3,0,3
RGT,RGT1Y,2019/20,0,0,0
RGT,RGT1Y,2020/21,4,0,4
RGT,RGT1Y,2021/22,6,0,6
RGT,RGT1Y,2022/23,4,0,4
RGT,RGT1Y,2023/24,2,0,2
RGT,RGT32,2014/15,635,1220,0.52
RGT,RGT32,2015/16,507,4156,0.12
RGT,RGT32,2016/17,276,4834,0.06
RGT,RGT32,2017/18,283,2500,0.11
RGT,RGT32,2018/19,386,2930,0.13
RGT,RGT32,2019/20,389,3144,0.12
RGT,RGT32,2020/21,346,2512,0.14
RGT,RGT32,2021/22,380,2476,0.15
RGT,RGT32,2022/23,292,1890,0.15
RGT,RGT32,2023/24,247,1467,0.17
RGT,RGT3Q,2019/20,1,0,1
RGT,RGT3Q,2020/21,29,0,29
RGT,RGT3Q,2021/22,11,0,11
RGT,RGT3Q,2022/23,7,0,7
RGT,RGT3Q,2023/24,4,0,4
RGT,RGT65,2009/10,0,0,0
RGT,RGT65,2010/11,5,0,5
RGT,RGT65,2011/12,10,0,10
RGT,RGT65,2013/14,1,0,1
RGT,RGT65,2014/15,6,0,6
RGT,RGT65,2015/16,0,0,0
RGT,RGT65,2016/17,8,0,8
RGT,RGT65,2017/18,21,0,21
RGT,RGT65,2019/20,0,0,0
RGT,RGT65,2020/21,0,0,0
RGT,RGT65,2021/22,4,0,4
RGT,RGT65,2022/23,15,0,15
RGT,RGT65,2023/24,2,0,2
RGT,RGT97,2014/15,105,0,105
RGT,RGT97,2015/16,297,0,297
RGT,RGT97,2016/17,620,0,620
RGT,RGT97,2017/18,639,0,639
RGT,RGT97,2018/19,1023,0,1023
RGT,RGT97,2019/20,483,0,483
RGT,RGT97,2020/21,698,0,698
RGT,RGT97,2021/22,28,0,28
RGT,RGT97,2022/23,49,0,49
RGT,RGT97,2023/24,26,0,26
RGT,RGT98,2014/15,403,0,403
RGT,RGT98,2015/16,386,0,386
RGT,RGT98,2016/17,838,0,838
RGT,RGT98,2017/18,732,0,732
RGT,RGT98,2018/19,963,0,963
RGT,RGT98,2019/20,506,0,506
RGT,RGT98,2020/21,1359,132,10.3
RGT,RGT98,2021/22,205,0,205
RGT,RGT98,2022/23,231,0,231
RGT,RGT98,2023/24,212,0,212
RGT,T8C3T,2022/23,0,9,0
RGZ,RGZ01,2008/09,7992,91101,0.09
RH5,RH500,2011/12,0,59,0
RH5,RH500,2012/13,0,27,0
RH5,RH500,2014/15,0,12,0
RH5,RH500,2020/21,78,3767,0.02
RH5,RH502,2008/09,1613,2269,0.71
RH5,RH502,2009/10,878,1584,0.55
RH5,RH503,2008/09,716,2484,0.29
RH5,RH503,2009/10,89,3452,0.03
RH5,RH503,2010/11,1462,341,4.29
RH5,RH508,2008/09,1649,3568,0.46
RH5,RH508,2009/10,1185,5463,0.22
RH5,RH508,2010/11,1863,3679,0.51
RH5,RH508,2011/12,2237,4396,0.51
RH5,RH508,2012/13,1203,5349,0.22
RH5,RH508,2013/14,454,4900,0.09
RH5,RH508,2014/15,0,3517,0
RH5,RH508,2015/16,0,3575,0
RH5,RH508,2016/17,0,3313,0
RH5,RH508,2017/18,0,1413,0
RH5,RH512,2008/09,54,78,0.69
RH5,RH512,2009/10,0,153,0
RH5,RH512,2010/11,494,11,44.91
RH5,RH512,2012/13,1312,0,1312
RH5,RH536,2008/09,559,6658,0.08
RH5,RH536,2009/10,1109,11276,0.1
RH5,RH536,2010/11,403,7536,0.05
RH5,RH536,2011/12,772,6888,0.11
RH5,RH536,2012/13,1333,13753,0.1
RH5,RH536,2013/14,929,14775,0.06
RH5,RH536,2014/15,799,12886,0.06
RH5,RH536,2015/16,477,13654,0.03
RH5,RH536,2016/17,0,13113,0
RH5,RH536,2017/18,0,14003,0
RH5,RH536,2018/19,0,13062,0
RH5,RH536,2019/20,0,14332,0
RH5,RH536,2020/21,0,9676,0
RH5,RH536,2021/22,0,12646,0
RH5,RH536,2022/23,0,12408,0
RH5,RH536,2023/24,0,11040,0
RH5,RH563,2008/09,2596,4628,0.56
RH5,RH563,2009/10,1833,8270,0.22
RH5,RH563,2010/11,1586,11485,0.14
RH5,RH563,2011/12,1794,8162,0.22
RH5,RH563,2012/13,2848,8249,0.35
RH5,RH563,2013/14,2390,8101,0.3
RH5,RH563,2014/15,1307,10316,0.13
RH5,RH563,2015/16,0,9084,0
RH5,RH563,2016/17,0,7551,0
RH5,RH563,2017/18,0,8467,0
RH5,RH563,2018/19,0,8539,0
RH5,RH563,2019/20,0,9007,0
RH5,RH563,2020/21,0,8118,0
RH5,RH563,2021/22,0,6639,0
RH5,RH563,2022/23,0,9149,0
RH5,RH563,2023/24,0,6878,0
RH5,RH572,2008/09,845,6210,0.14
RH5,RH572,2009/10,515,8993,0.06
RH5,RH572,2010/11,415,10758,0.04
RH5,RH572,2011/12,1379,9421,0.15
RH5,RH572,2012/13,1655,13171,0.13
RH5,RH572,2013/14,875,9081,0.1
RH5,RH572,2014/15,501,7507,0.07
RH5,RH572,2015/16,0,8853,0
RH5,RH572,2016/17,0,7791,0
RH5,RH572,2017/18,0,7507,0
RH5,RH572,2018/19,0,8746,0
RH5,RH572,2019/20,0,12489,0
RH5,RH572,2020/21,0,8440,0
RH5,RH572,2021/22,0,9733,0
RH5,RH572,2022/23,0,7721,0
RH5,RH572,2023/24,0,7888,0
RH5,RH576,2008/09,98,1656,0.06
RH5,RH576,2009/10,43,2236,0.02
RH5,RH576,2010/11,29,2896,0.01
RH5,RH576,2011/12,622,2748,0.23
RH5,RH576,2012/13,1645,4008,0.41
RH5,RH576,2013/14,1582,6318,0.25
RH5,RH576,2014/15,0,2693,0
RH5,RH576,2015/16,0,2621,0
RH5,RH576,2016/17,0,3395,0
RH5,RH576,2017/18,0,3910,0
RH5,RH576,2018/19,0,7894,0
RH5,RH576,2019/20,0,2886,0
RH5,RH576,2020/21,0,2789,0
RH5,RH576,2021/22,0,2791,0
RH5,RH576,2022/23,0,4610,0
RH5,RH576,2023/24,0,5528,0
RH5,RH577,2008/09,689,1226,0.56
RH5,RH577,2009/10,1422,1167,1.22
RH5,RH577,2010/11,1418,1090,1.3
RH5,RH577,2011/12,0,888,0
RH5,RH5A8,2020/21,8944,165468,0.05
RH5,RH5A8,2021/22,12878,213505,0.06
RH5,RH5A8,2022/23,13167,247204,0.05
RH5,RH5A8,2023/24,9205,163365,0.06
RH5,RH5C7,2008/09,208,0,208
RH5,RH5C7,2009/10,1832,274,6.69
RH5,RH5D4,2009/10,127,406,0.31
RH5,RH5D4,2010/11,944,1213,0.78
RH5,RH5D4,2011/12,165,1837,0.09
RH5,RH5D5,2009/10,0,569,0
RH5,RH5D5,2010/11,81,1311,0.06
RH5,RH5D5,2011/12,319,1984,0.16
RH5,RH5D5,2013/14,0,518,0
RH5,RH5D8,2010/11,205,279,0.73
RH5,RH5D8,2011/12,1109,1342,0.83
RH5,RH5D8,2012/13,2178,1621,1.34
RH5,RH5D8,2014/15,0,217,0
RH5,RH5D8,2015/16,0,2535,0
RH5,RH5D8,2016/17,0,2356,0
RH5,RH5D8,2017/18,0,3613,0
RH5,RH5D8,2018/19,0,2928,0
RH5,RH5D8,2019/20,0,2569,0
RH5,RH5D8,2020/21,0,2117,0
RH5,RH5D8,2021/22,0,2320,0
RH5,RH5D8,2022/23,0,1840,0
RH5,RH5D8,2023/24,0,1995,0
RH5,RH5D9,2011/12,0,0,0
RH5,RH5D9,2012/13,69,154,0.45
RH5,RH5D9,2013/14,587,8,73.38
RH5,RH5D9,2014/15,0,18,0
RH5,RH5D9,2015/16,0,4554,0
RH5,RH5D9,2016/17,0,2259,0
RH5,RH5D9,2017/18,0,2318,0
RH5,RH5D9,2018/19,0,735,0
RH5,RH5D9,2019/20,0,324,0
RH5,RH5D9,2020/21,0,1901,0
RH5,RH5D9,2021/22,0,406,0
RH5,RH5D9,2022/23,0,2716,0
RH5,RH5D9,2023/24,0,3681,0
RH5,RH5E1,2012/13,648,0,648
RH5,RH5E1,2013/14,1321,0,1321
RH5,RH5E1,2014/15,0,2422,0
RH5,RH5E1,2015/16,0,4151,0
RH5,RH5E1,2016/17,0,2909,0
RH5,RH5E1,2017/18,0,2194,0
RH5,RH5E1,2018/19,0,705,0
RH5,RH5E1,2019/20,0,484,0
RH5,RH5E1,2020/21,0,2505,0
RH5,RH5E1,2021/22,0,4875,0
RH5,RH5E1,2022/23,0,1053,0
RH5,RH5E1,2023/24,0,1470,0
RH5,RH5F1,2011/12,0,572,0
RH5,RH5F1,2012/13,296,1433,0.21
RH5,RH5F1,2013/14,1078,845,1.28
RH5,RH5F1,2014/15,887,1552,0.57
RH5,RH5F1,2015/16,0,2148,0
RH5,RH5F1,2016/17,0,725,0
RH5,RH5F1,2017/18,0,426,0
RH5,RH5F1,2018/19,0,238,0
RH5,RH5F1,2019/20,0,142,0
RH5,RH5F2,2011/12,0,441,0
RH5,RH5F2,2012/13,0,1763,0
RH5,RH5F2,2013/14,0,373,0
RH5,RH5F2,2014/15,41,2040,0.02
RH5,RH5F2,2015/16,0,3233,0
RH5,RH5F2,2016/17,0,1126,0
RH5,RH5F2,2017/18,0,18,0
RH5,RH5F3,2011/12,0,1732,0
RH5,RH5F3,2012/13,0,2996,0
RH5,RH5F3,2013/14,0,1252,0
RH5,RH5F4,2011/12,115,1556,0.07
RH5,RH5F4,2012/13,0,5083,0
RH5,RH5F4,2013/14,0,5438,0
RH5,RH5F4,2014/15,0,5247,0
RH5,RH5F4,2015/16,0,2972,0
RH5,RH5F4,2016/17,0,1094,0
RH5,RH5F4,2017/18,0,541,0
RH5,RH5F4,2018/19,0,413,0
RH5,RH5F4,2019/20,0,497,0
RH5,RH5F4,2020/21,0,246,0
RH5,RH5F4,2021/22,0,183,0
RH5,RH5F4,2022/23,0,364,0
RH5,RH5F4,2023/24,0,384,0
RH5,RH5F5,2011/12,0,1934,0
RH5,RH5F5,2012/13,1,2640,0
RH5,RH5F5,2013/14,1,2355,0
RH5,RH5F5,2014/15,14,1874,0.01
RH5,RH5F5,2015/16,0,3107,0
RH5,RH5F5,2016/17,0,1051,0
RH5,RH5F5,2017/18,0,512,0
RH5,RH5F5,2018/19,0,689,0
RH5,RH5F5,2019/20,0,719,0
RH5,RH5F5,2020/21,0,960,0
RH5,RH5F5,2021/22,6,850,0.01
RH5,RH5F5,2022/23,0,584,0
RH5,RH5F5,2023/24,0,400,0
RH5,RH5F6,2011/12,0,515,0
RH5,RH5F6,2012/13,0,2094,0
RH5,RH5F6,2013/14,0,3026,0
RH5,RH5F6,2014/15,0,4049,0
RH5,RH5F6,2015/16,0,4167,0
RH5,RH5F6,2016/17,0,1393,0
RH5,RH5F6,2017/18,0,664,0
RH5,RH5F6,2018/19,0,271,0
RH5,RH5F6,2019/20,0,486,0
RH5,RH5F6,2020/21,0,216,0
RH5,RH5F6,2021/22,0,342,0
RH5,RH5F6,2022/23,0,466,0
RH5,RH5F6,2023/24,0,156,0
RH5,RH5F7,2011/12,0,1267,0
RH5,RH5F7,2012/13,0,2407,0
RH5,RH5F7,2013/14,0,2840,0
RH5,RH5F7,2014/15,118,2335,0.05
RH5,RH5F7,2015/16,0,2314,0
RH5,RH5F7,2016/17,0,886,0
RH5,RH5F8,2011/12,0,1569,0
RH5,RH5F8,2012/13,0,2986,0
RH5,RH5F8,2013/14,0,2592,0
RH5,RH5F8,2014/15,8,3404,0
RH5,RH5F8,2015/16,0,5676,0
RH5,RH5F8,2016/17,0,1656,0
RH5,RH5F8,2017/18,0,898,0
RH5,RH5F8,2018/19,0,991,0
RH5,RH5F8,2019/20,0,662,0
RH5,RH5F8,2020/21,0,841,0
RH5,RH5F8,2021/22,0,784,0
RH5,RH5F8,2022/23,0,474,0
RH5,RH5F8,2023/24,0,856,0
RH5,RH5F9,2012/13,0,1483,0
RH5,RH5F9,2013/14,1156,825,1.4
RH5,RH5F9,2014/15,0,4103,0
RH5,RH5F9,2015/16,0,3576,0
RH5,RH5F9,2016/17,0,1313,0
RH5,RH5F9,2017/18,0,421,0
RH5,RH5F9,2018/19,0,473,0
RH5,RH5F9,2019/20,0,354,0
RH5,RH5F9,2020/21,0,348,0
RH5,RH5F9,2021/22,0,147,0
RH5,RH5F9,2022/23,0,218,0
RH5,RH5F9,2023/24,0,353,0
RH5,RH5G1,2012/13,41,319,0.13
RH5,RH5G1,2013/14,2176,240,9.07
RH5,RH5G1,2014/15,0,2529,0
RH5,RH5G1,2015/16,0,2389,0
RH5,RH5G1,2016/17,0,1212,0
RH5,RH5G1,2017/18,0,236,0
RH5,RH5G1,2018/19,0,35,0
RH5,RH5G1,2019/20,0,199,0
RH5,RH5G1,2020/21,0,99,0
RH5,RH5G1,2021/22,0,86,0
RH5,RH5G1,2022/23,0,334,0
RH5,RH5G1,2023/24,0,215,0
RH5,RH5G2,2012/13,0,1305,0
RH5,RH5G2,2013/14,1064,1322,0.8
RH5,RH5G2,2014/15,111,3432,0.03
RH5,RH5G2,2015/16,0,3945,0
RH5,RH5G2,2016/17,0,1143,0
RH5,RH5G2,2017/18,0,702,0
RH5,RH5G2,2018/19,0,938,0
RH5,RH5G2,2019/20,0,1026,0
RH5,RH5G2,2020/21,0,603,0
RH5,RH5G2,2021/22,0,267,0
RH5,RH5G2,2022/23,0,308,0
RH5,RH5G2,2023/24,0,370,0
RH5,RH5G3,2011/12,0,2772,0
RH5,RH5G3,2012/13,0,2568,0
RH5,RH5G3,2013/14,0,3014,0
RH5,RH5G3,2014/15,0,3036,0
RH5,RH5G3,2015/16,0,3012,0
RH5,RH5G3,2016/17,0,1061,0
RH5,RH5G3,2017/18,0,14,0
RH5,RH5G3,2020/21,0,442,0
RH5,RH5G3,2021/22,0,897,0
RH5,RH5G3,2022/23,0,1327,0
RH5,RH5G3,2023/24,0,410,0
RH5,RH5G5,2011/12,0,2999,0
RH5,RH5G5,2012/13,0,6305,0
RH5,RH5G5,2013/14,0,6286,0
RH5,RH5G5,2014/15,0,7983,0
RH5,RH5G5,2015/16,0,4597,0
RH5,RH5G5,2016/17,0,2826,0
RH5,RH5G5,2017/18,0,1702,0
RH5,RH5G5,2018/19,0,2439,0
RH5,RH5G5,2019/20,0,2134,0
RH5,RH5G5,2020/21,0,1250,0
RH5,RH5G5,2021/22,0,1258,0
RH5,RH5G5,2022/23,0,345,0
RH5,RH5G5,2023/24,0,564,0
RH5,RH5H5,2011/12,5,117,0.04
RH5,RH5H5,2012/13,855,3002,0.28
RH5,RH5H5,2013/14,412,4246,0.1
RH5,RH5H5,2014/15,0,3084,0
RH5,RH5H5,2015/16,0,2904,0
RH5,RH5H5,2016/17,0,3820,0
RH5,RH5H5,2017/18,0,3206,0
RH5,RH5H5,2018/19,0,4020,0
RH5,RH5H5,2019/20,0,4393,0
RH5,RH5H5,2020/21,0,1338,0
RH5,RH5H5,2021/22,0,843,0
RH5,RH5H5,2022/23,0,1456,0
RH5,RH5H5,2023/24,0,1415,0
RH5,RH5K6,2014/15,0,2320,0
RH5,RH5K6,2015/16,0,2162,0
RH5,RH5K6,2016/17,0,1077,0
RH5,RH5K6,2017/18,0,691,0
RH5,RH5K6,2018/19,0,284,0
RH5,RH5K6,2019/20,0,537,0
RH5,RH5K6,2020/21,11,283,0.04
RH5,RH5K6,2021/22,15,1212,0.01
RH5,RH5K6,2022/23,12,677,0.02
RH5,RH5K6,2023/24,0,783,0
RH5,RH5O4,2021/22,18,0,18
RH5,RH5O4,2022/23,29,0,29
RH5,RH5O4,2023/24,4826,95489,0.05
RH5,RH5Q2,2020/21,10,0,10
RH5,RH5Q2,2021/22,18,0,18
RH5,RH5Q2,2022/23,31,0,31
RH5,RH5Q3,2020/21,401,1,401
RH5,RH5Q3,2021/22,84,0,84
RH5,RH5Q3,2022/23,197,0,197
RH5,RH5Q3,2023/24,34,0,34
RH5,RH5Q7,2023/24,3,0,3
RH8,E8Q7Z,2022/23,0,0,0
RH8,F5U9T,2023/24,44,0,44
RH8,K6V4F,2022/23,0,0,0
RH8,O0J8Z,2021/22,6,0,6
RH8,O0J8Z,2022/23,17,0,17
RH8,O0J8Z,2023/24,11,0,11
RH8,Q1L3X,2022/23,0,0,0
RH8,RH800,2020/21,92,2206,0.04
RH8,RH800,2021/22,109,1447,0.08
RH8,RH800,2022/23,80,2804,0.03
RH8,RH800,2023/24,60,1464,0.04
RH8,RH801,2008/09,54791,152262,0.36
RH8,RH801,2009/10,54236,168752,0.32
RH8,RH801,2010/11,46467,160994,0.29
RH8,RH801,2011/12,42958,166813,0.26
RH8,RH801,2012/13,40411,172287,0.23
RH8,RH801,2013/14,42314,186523,0.23
RH8,RH801,2014/15,41877,194399,0.22
RH8,RH801,2015/16,41035,196988,0.21
RH8,RH801,2016/17,37431,213985,0.17
RH8,RH801,2017/18,41610,213007,0.2
RH8,RH801,2018/19,39577,214417,0.18
RH8,RH801,2019/20,36034,232288,0.16
RH8,RH801,2020/21,17233,195096,0.09
RH8,RH801,2021/22,22402,240543,0.09
RH8,RH801,2022/23,22713,261051,0.09
RH8,RH801,2023/24,17780,185149,0.1
RH8,RH802,2008/09,34,0,34
RH8,RH802,2009/10,127,0,127
RH8,RH802,2010/11,229,0,229
RH8,RH802,2011/12,1003,1,1003
RH8,RH802,2012/13,318,0,318
RH8,RH802,2013/14,383,0,383
RH8,RH802,2014/15,292,0,292
RH8,RH802,2015/16,513,0,513
RH8,RH802,2016/17,615,2,307.5
RH8,RH802,2017/18,257,3,85.67
RH8,RH802,2018/19,266,0,266
RH8,RH802,2019/20,673,0,673
RH8,RH802,2020/21,173,0,173
RH8,RH802,2021/22,52,0,52
RH8,RH802,2022/23,105,0,105
RH8,RH802,2023/24,102,0,102
RH8,RH805,2008/09,1675,0,1675
RH8,RH805,2009/10,1643,0,1643
RH8,RH805,2010/11,1442,0,1442
RH8,RH833,2010/11,0,1,0
RH8,RH833,2011/12,0,1,0
RH8,RH833,2012/13,0,4,0
RH8,RH833,2013/14,0,10,0
RH8,RH833,2014/15,0,1,0
RH8,RH833,2015/16,12,6,2
RH8,RH833,2016/17,66,30,2.2
RH8,RH833,2017/18,223,35,6.37
RH8,RH833,2019/20,2,0,2
RH8,RH833,2020/21,0,17,0
RH8,RH834,2016/17,0,22,0
RH8,RH837,2014/15,0,0,0
RH8,RH837,2022/23,1,438,0
RH8,RH837,2023/24,11,592,0.02
RH8,RH853,2008/09,16,0,16
RH8,RH853,2009/10,3,0,3
RH8,RH853,2010/11,24,0,24
RH8,RH853,2011/12,17,7,2.43
RH8,RH853,2012/13,34,15,2.27
RH8,RH853,2013/14,42,27,1.56
RH8,RH853,2014/15,23,40,0.57
RH8,RH853,2015/16,101,215,0.47
RH8,RH853,2016/17,379,1831,0.21
RH8,RH853,2017/18,380,889,0.43
RH8,RH853,2018/19,296,83,3.57
RH8,RH853,2019/20,310,210,1.48
RH8,RH853,2020/21,171,560,0.31
RH8,RH853,2021/22,0,5,0
RH8,RH853,2022/23,0,9,0
RH8,RH853,2023/24,0,4,0
RH8,RH854,2010/11,0,0,0
RH8,RH854,2011/12,0,4,0
RH8,RH854,2012/13,0,28,0
RH8,RH854,2013/14,1,32,0.03
RH8,RH854,2014/15,2,28,0.07
RH8,RH854,2015/16,2,42,0.05
RH8,RH854,2016/17,137,150,0.91
RH8,RH854,2017/18,42,424,0.1
RH8,RH854,2018/19,1,0,1
RH8,RH854,2019/20,2,0,2
RH8,RH854,2020/21,5,0,5
RH8,RH854,2021/22,19,0,19
RH8,RH854,2022/23,23,0,23
RH8,RH854,2023/24,9,0,9
RH8,RH857,2008/09,3,0,3
RH8,RH857,2010/11,0,0,0
RH8,RH857,2011/12,10,0,10
RH8,RH857,2012/13,20,0,20
RH8,RH857,2013/14,1,0,1
RH8,RH857,2014/15,3,0,3
RH8,RH857,2015/16,5,0,5
RH8,RH857,2016/17,15,0,15
RH8,RH857,2017/18,4,1,4
RH8,RH857,2018/19,2,0,2
RH8,RH857,2020/21,1,0,1
RH8,RH858,2008/09,10,0,10
RH8,RH858,2009/10,12,0,12
RH8,RH858,2010/11,20,0,20
RH8,RH858,2011/12,4,0,4
RH8,RH858,2012/13,17,0,17
RH8,RH858,2013/14,33,0,33
RH8,RH858,2014/15,57,0,57
RH8,RH858,2015/16,37,0,37
RH8,RH858,2016/17,215,72,2.99
RH8,RH858,2017/18,159,227,0.7
RH8,RH858,2018/19,32,96,0.33
RH8,RH858,2019/20,86,31,2.77
RH8,RH858,2020/21,193,182,1.06
RH8,RH858,2021/22,7,108,0.06
RH8,RH858,2022/23,0,28,0
RH8,RH859,2008/09,6,0,6
RH8,RH859,2010/11,8,0,8
RH8,RH859,2011/12,3,0,3
RH8,RH859,2012/13,14,0,14
RH8,RH859,2013/14,9,0,9
RH8,RH859,2014/15,10,0,10
RH8,RH859,2015/16,7,0,7
RH8,RH859,2016/17,308,133,2.32
RH8,RH859,2017/18,944,121,7.8
RH8,RH859,2018/19,127,38,3.34
RH8,RH859,2019/20,98,30,3.27
RH8,RH859,2020/21,458,252,1.82
RH8,RH859,2021/22,0,86,0
RH8,RH859,2022/23,0,28,0
RH8,RH859,2023/24,0,17,0
RH8,RH868,2008/09,1451,0,1451
RH8,RH868,2009/10,1619,0,1619
RH8,RH868,2010/11,1972,0,1972
RH8,RH868,2011/12,852,80,10.65
RH8,RH868,2012/13,1872,0,1872
RH8,RH868,2013/14,1723,80,21.54
RH8,RH868,2014/15,1111,0,1111
RH8,RH868,2015/16,1608,1333,1.21
RH8,RH868,2016/17,1956,0,1956
RH8,RH868,2017/18,2049,0,2049
RH8,RH868,2018/19,848,2,424
RH8,RH868,2019/20,329,0,329
RH8,RH868,2020/21,1402,0,1402
RH8,RH868,2021/22,538,0,538
RH8,RH868,2022/23,81,0,81
RH8,RH868,2023/24,138,0,138
RH8,RH875,2015/16,1,0,1
RH8,RH875,2020/21,31,0,31
RH8,RH875,2021/22,46,0,46
RH8,RH875,2022/23,42,0,42
RH8,RH875,2023/24,13,0,13
RH8,RH877,2009/10,0,0,0
RH8,RH879,2013/14,1,0,1
RH8,RH879,2015/16,0,0,0
RH8,RH879,2019/20,1,0,1
RH8,RH879,2020/21,8,0,8
RH8,RH879,2021/22,14,0,14
RH8,RH879,2022/23,33,0,33
RH8,RH879,2023/24,52,0,52
RH8,RH880,2018/19,3,0,3
RH8,RH880,2019/20,22,0,22
RH8,RH880,2022/23,3326,97886,0.03
RH8,RH880,2023/24,2683,75458,0.04
RH8,RH884,2008/09,468,0,468
RH8,RH884,2009/10,384,0,384
RH8,RH884,2010/11,9,0,9
RH8,RH884,2017/18,97,0,97
RH8,RH884,2018/19,77,0,77
RH8,RH884,2019/20,143,0,143
RH8,RH884,2020/21,483,0,483
RH8,RH8A4,2016/17,25,321,0.08
RH8,RH8A4,2017/18,0,684,0
RH8,RH8D6,2016/17,45,0,45
RH8,RH8D6,2017/18,0,102,0
RH8,RH8G3,2020/21,5,0,5
RH8,RH8G3,2021/22,18,0,18
RH8,RH8G3,2022/23,25,8,3.13
RH8,RH8G3,2023/24,8,0,8
RH8,RH8K6,2021/22,15,0,15
RH8,RH8K6,2022/23,275,4,68.75
RH8,RH8K6,2023/24,31,0,31
RHA,RHA00,2008/09,1054,1230,0.86
RHA,RHA00,2009/10,432,417,1.04
RHA,RHA04,2021/22,69197,0,69197
RHA,RHA04,2022/23,70160,0,70160
RHA,RHA04,2023/24,75012,0,75012
RHA,RHA05,2009/10,0,1861,0
RHA,RHA05,2010/11,0,10033,0
RHA,RHA05,2011/12,0,6287,0
RHA,RHA05,2012/13,0,15315,0
RHA,RHA05,2013/14,0,1612,0
RHA,RHAAA,2008/09,1831,7426,0.25
RHA,RHAAA,2009/10,4137,10798,0.38
RHA,RHAAA,2010/11,4544,11136,0.41
RHA,RHAAA,2011/12,4202,12785,0.33
RHA,RHAAA,2012/13,4762,14242,0.33
RHA,RHAAA,2013/14,4526,10732,0.42
RHA,RHAAA,2014/15,5700,14954,0.38
RHA,RHAAA,2015/16,8206,8209,1
RHA,RHAAA,2016/17,8147,7981,1.02
RHA,RHAAA,2017/18,7588,7863,0.97
RHA,RHAAA,2018/19,7672,9527,0.81
RHA,RHAAA,2019/20,8744,11805,0.74
RHA,RHAAA,2020/21,5873,6374,0.92
RHA,RHAAA,2021/22,10767,4602,2.34
RHA,RHAAA,2022/23,6061,2344,2.59
RHA,RHAAA,2023/24,314,488,0.64
RHA,RHAAR,2009/10,0,613,0
RHA,RHAAR,2010/11,0,9809,0
RHA,RHAAR,2011/12,0,16649,0
RHA,RHAAR,2012/13,0,23635,0
RHA,RHAAR,2013/14,0,26344,0
RHA,RHAAR,2014/15,15332,8303,1.85
RHA,RHAAR,2015/16,17674,513,34.45
RHA,RHAAR,2016/17,28732,950,30.24
RHA,RHAAR,2017/18,21463,113,189.94
RHA,RHAAR,2018/19,22089,0,22089
RHA,RHAAR,2021/22,19509,0,19509
RHA,RHAAR,2022/23,26132,0,26132
RHA,RHAAR,2023/24,36505,0,36505
RHA,RHABL,2008/09,546,0,546
RHA,RHABL,2009/10,722,69,10.46
RHA,RHABL,2010/11,3546,22,161.18
RHA,RHABL,2011/12,2434,5,486.8
RHA,RHABL,2012/13,2994,6,499
RHA,RHABL,2013/14,8934,0,8934
RHA,RHABL,2014/15,10437,0,10437
RHA,RHABL,2015/16,9592,6941,1.38
RHA,RHABL,2016/17,8010,1997,4.01
RHA,RHABL,2017/18,5211,0,5211
RHA,RHABL,2018/19,10161,715,14.21
RHA,RHABL,2019/20,4191,0,4191
RHA,RHABL,2020/21,2350,216,10.88
RHA,RHABL,2021/22,4175,360,11.6
RHA,RHABL,2022/23,5449,0,5449
RHA,RHABL,2023/24,6423,0,6423
RHA,RHABW,2008/09,3951,5270,0.75
RHA,RHABW,2009/10,6246,9918,0.63
RHA,RHABW,2010/11,5653,14409,0.39
RHA,RHABW,2011/12,7333,11635,0.63
RHA,RHABW,2012/13,7233,15612,0.46
RHA,RHABW,2013/14,15654,17464,0.9
RHA,RHABW,2014/15,10210,22314,0.46
RHA,RHABW,2015/16,12047,19684,0.61
RHA,RHABW,2016/17,15737,15973,0.99
RHA,RHABW,2017/18,17079,15551,1.1
RHA,RHABW,2018/19,14342,15355,0.93
RHA,RHABW,2019/20,19407,13414,1.45
RHA,RHABW,2020/21,9340,5128,1.82
RHA,RHABW,2021/22,12043,4960,2.43
RHA,RHABW,2022/23,13176,7811,1.69
RHA,RHABW,2023/24,11728,8153,1.44
RHA,RHACC,2008/09,592,25,23.68
RHA,RHACC,2009/10,961,264,3.64
RHA,RHACC,2010/11,909,487,1.87
RHA,RHACC,2011/12,1384,0,1384
RHA,RHACC,2012/13,878,165,5.32
RHA,RHACC,2013/14,1437,230,6.25
RHA,RHACC,2014/15,1041,0,1041
RHA,RHACD,2009/10,84,0,84
RHA,RHACD,2010/11,414,0,414
RHA,RHACE,2008/09,630,308,2.05
RHA,RHACE,2009/10,576,1671,0.34
RHA,RHACE,2010/11,460,1076,0.43
RHA,RHACE,2011/12,466,1201,0.39
RHA,RHACE,2012/13,1821,510,3.57
RHA,RHACE,2013/14,440,951,0.46
RHA,RHACE,2014/15,959,0,959
RHA,RHAFJ,2008/09,2784,198,14.06
RHA,RHAFJ,2009/10,5212,2147,2.43
RHA,RHAFJ,2010/11,5444,1119,4.87
RHA,RHAFJ,2011/12,6105,536,11.39
RHA,RHAFJ,2012/13,5812,1040,5.59
RHA,RHAFJ,2013/14,171,345,0.5
RHA,RHAFJ,2014/15,1124,777,1.45
RHA,RHAFL,2018/19,3776,1539,2.45
RHA,RHAFL,2019/20,7712,3847,2
RHA,RHAFL,2020/21,6229,4382,1.42
RHA,RHAFL,2021/22,4735,1561,3.03
RHA,RHAFL,2022/23,4741,1833,2.59
RHA,RHAFL,2023/24,4799,743,6.46
RHA,RHAFR,2010/11,456,0,456
RHA,RHAFR,2012/13,0,363,0
RHA,RHAG4,2011/12,1821,396,4.6
RHA,RHAG4,2012/13,1632,330,4.95
RHA,RHAG4,2013/14,2251,321,7.01
RHA,RHAG4,2014/15,2497,375,6.66
RHA,RHAG4,2015/16,3059,149,20.53
RHA,RHAG4,2016/17,2758,138,19.99
RHA,RHAG4,2017/18,3009,106,28.39
RHA,RHAG4,2018/19,3933,0,3933
RHA,RHAG4,2019/20,3531,6,588.5
RHA,RHAG4,2020/21,2374,0,2374
RHA,RHAG4,2021/22,3230,0,3230
RHA,RHAG4,2022/23,3380,0,3380
RHA,RHAG4,2023/24,2888,0,2888
RHA,RHAGW,2008/09,1223,44,27.8
RHA,RHAGW,2009/10,1276,14,91.14
RHA,RHAGW,2010/11,1161,74,15.69
RHA,RHAGW,2011/12,1131,160,7.07
RHA,RHAGW,2012/13,1228,36,34.11
RHA,RHAGW,2013/14,1136,0,1136
RHA,RHAGW,2014/15,931,0,931
RHA,RHAHP,2008/09,1173,152,7.72
RHA,RHAHP,2009/10,1647,377,4.37
RHA,RHAHP,2010/11,388,0,388
RHA,RHALC,2008/09,3057,4972,0.61
RHA,RHALC,2009/10,6148,7294,0.84
RHA,RHALC,2010/11,6892,6686,1.03
RHA,RHALC,2011/12,5812,6046,0.96
RHA,RHALC,2012/13,6826,10061,0.68
RHA,RHALC,2013/14,6066,7084,0.86
RHA,RHALC,2014/15,5001,3032,1.65
RHA,RHANA,2008/09,3070,451,6.81
RHA,RHANA,2009/10,5235,640,8.18
RHA,RHANA,2010/11,7180,1281,5.6
RHA,RHANA,2011/12,4051,2904,1.39
RHA,RHANA,2012/13,3103,2327,1.33
RHA,RHANA,2013/14,12701,2157,5.89
RHA,RHANA,2014/15,6986,3471,2.01
RHA,RHANA,2015/16,16734,3809,4.39
RHA,RHANA,2016/17,17309,6759,2.56
RHA,RHANA,2017/18,18350,4268,4.3
RHA,RHANA,2018/19,16778,4490,3.74
RHA,RHANA,2019/20,19437,4790,4.06
RHA,RHANA,2020/21,7372,2079,3.55
RHA,RHANA,2021/22,8259,1873,4.41
RHA,RHANA,2022/23,12401,1242,9.98
RHA,RHANA,2023/24,33039,785,42.09
RHA,RHANM,2008/09,1366,1615,0.85
RHA,RHANM,2009/10,1403,3712,0.38
RHA,RHANM,2010/11,4739,5380,0.88
RHA,RHANM,2011/12,14024,6516,2.15
RHA,RHANM,2012/13,15775,14278,1.1
RHA,RHANM,2013/14,19275,28850,0.67
RHA,RHANM,2014/15,15424,28385,0.54
RHA,RHANM,2015/16,18526,27832,0.67
RHA,RHANM,2016/17,24471,27295,0.9
RHA,RHANM,2017/18,22252,30914,0.72
RHA,RHANM,2018/19,18726,30524,0.61
RHA,RHANM,2019/20,19472,26075,0.75
RHA,RHANM,2020/21,21219,22673,0.94
RHA,RHANM,2021/22,22467,21264,1.06
RHA,RHANM,2022/23,29366,14239,2.06
RHA,RHANM,2023/24,27406,14558,1.88
RHA,RHANN,2011/12,1691,14139,0.12
RHA,RHANN,2012/13,0,131,0
RHA,RHANN,2013/14,293,88,3.33
RHA,RHANN,2014/15,6678,874,7.64
RHA,RHANN,2015/16,15063,42,358.64
RHA,RHANN,2016/17,14190,0,14190
RHA,RHANN,2017/18,13764,20,688.2
RHA,RHANN,2018/19,16755,61,274.67
RHA,RHANN,2019/20,17587,36,488.53
RHA,RHANN,2020/21,13977,0,13977
RHA,RHANN,2021/22,20978,0,20978
RHA,RHANN,2022/23,24427,0,24427
RHA,RHANN,2023/24,18377,0,18377
RHA,RHANP,2008/09,102,0,102
RHA,RHANP,2009/10,305,23,13.26
RHA,RHANP,2010/11,461,0,461
RHA,RHANP,2011/12,783,0,783
RHA,RHANP,2013/14,4753,0,4753
RHA,RHANP,2014/15,0,33,0
RHA,RHANP,2015/16,4088,4204,0.97
RHA,RHANP,2016/17,245,2164,0.11
RHA,RHANP,2017/18,864,1456,0.59
RHA,RHANP,2018/19,1067,0,1067
RHA,RHANP,2019/20,474,0,474
RHA,RHANP,2020/21,2799,7,399.86
RHA,RHANP,2021/22,1707,0,1707
RHA,RHANP,2022/23,3865,0,3865
RHA,RHANP,2023/24,901,958,0.94
RHA,RHAPB,2008/09,1028,1433,0.72
RHA,RHAPB,2009/10,1915,2234,0.86
RHA,RHAPB,2010/11,1812,1802,1.01
RHA,RHAPB,2011/12,2120,1942,1.09
RHA,RHAPB,2012/13,1204,1519,0.79
RHA,RHAPB,2013/14,3745,1410,2.66
RHA,RHAPB,2014/15,3409,841,4.05
RHA,RHAPB,2015/16,3260,694,4.7
RHA,RHAPB,2016/17,3398,1020,3.33
RHA,RHAPB,2017/18,2166,1108,1.95
RHA,RHAPB,2018/19,830,457,1.82
RHA,RHAPK,2009/10,550,0,550
RHA,RHAPK,2013/14,691,4,172.75
RHA,RHAPK,2014/15,1079,0,1079
RHA,RHAPK,2015/16,1774,2503,0.71
RHA,RHAPK,2016/17,0,909,0
RHA,RHAPN,2008/09,8,0,8
RHA,RHAPN,2009/10,78,17,4.59
RHA,RHAPN,2010/11,1445,173,8.35
RHA,RHAPN,2011/12,1054,0,1054
RHA,RHAPN,2012/13,2399,131,18.31
RHA,RHAPN,2013/14,1654,257,6.44
RHA,RHARA,2008/09,25406,8750,2.9
RHA,RHARA,2009/10,41943,11498,3.65
RHA,RHARA,2010/11,50707,8834,5.74
RHA,RHARA,2011/12,38717,12551,3.08
RHA,RHARA,2012/13,26327,17876,1.47
RHA,RHARA,2013/14,20892,18134,1.15
RHA,RHARA,2014/15,11162,14936,0.75
RHA,RHARA,2015/16,1550,905,1.71
RHA,RHARA,2016/17,1346,1912,0.7
RHA,RHARA,2017/18,1420,1887,0.75
RHA,RHARA,2018/19,255,1647,0.15
RHA,RHARY,2013/14,0,14509,0
RHA,RHARY,2014/15,15480,2727,5.68
RHA,RHARY,2015/16,19431,2837,6.85
RHA,RHARY,2016/17,23939,2760,8.67
RHA,RHARY,2017/18,21663,0,21663
RHA,RHARY,2018/19,22149,3047,7.27
RHA,RHARY,2021/22,24470,2023,12.1
RHA,RHARY,2022/23,22222,673,33.02
RHA,RHARY,2023/24,19551,0,19551
RHA,RHATM,2008/09,185,0,185
RHA,RHATY,2014/15,622,0,622
RHA,RHATY,2015/16,3351,0,3351
RHA,RHATY,2016/17,2991,1422,2.1
RHA,RHATY,2017/18,280,0,280
RHA,RHATY,2018/19,126,0,126
RHA,RHATY,2022/23,0,2168,0
RHA,RHATZ,2014/15,1104,0,1104
RHA,S4K5W,2022/23,1898,365,5.2
RHA,S4K5W,2023/24,12677,5892,2.15
RHM,L6Q2F,2022/23,28,0,28
RHM,L6Q2F,2023/24,105,0,105
RHM,RHM00,2008/09,4146,26026,0.16
RHM,RHM00,2009/10,2113,11,192.09
RHM,RHM00,2010/11,328,0,328
RHM,RHM00,2011/12,618,90,6.87
RHM,RHM00,2012/13,1324,9,147.11
RHM,RHM00,2013/14,2757,52,53.02
RHM,RHM00,2014/15,4676,28,167
RHM,RHM00,2015/16,3758,25,150.32
RHM,RHM00,2016/17,3632,7,518.86
RHM,RHM00,2017/18,3996,3,1332
RHM,RHM00,2018/19,3360,48,70
RHM,RHM00,2019/20,3453,38,90.87
RHM,RHM00,2020/21,5744,146,39.34
RHM,RHM00,2021/22,2929,110,26.63
RHM,RHM00,2022/23,2900,77,37.66
RHM,RHM00,2023/24,1898,757,2.51
RHM,RHM01,2008/09,71710,192984,0.37
RHM,RHM01,2009/10,76033,250160,0.3
RHM,RHM01,2010/11,74447,257589,0.29
RHM,RHM01,2011/12,70322,263864,0.27
RHM,RHM01,2012/13,68469,278139,0.25
RHM,RHM01,2013/14,64077,305084,0.21
RHM,RHM01,2014/15,72959,324744,0.22
RHM,RHM01,2015/16,74371,314832,0.24
RHM,RHM01,2016/17,72911,324805,0.22
RHM,RHM01,2017/18,78468,317521,0.25
RHM,RHM01,2018/19,75303,307525,0.24
RHM,RHM01,2019/20,71922,325095,0.22
RHM,RHM01,2020/21,46709,254794,0.18
RHM,RHM01,2021/22,65214,322849,0.2
RHM,RHM01,2022/23,68481,353364,0.19
RHM,RHM01,2023/24,53359,266743,0.2
RHM,RHM02,2008/09,0,37,0
RHM,RHM02,2009/10,8,0,8
RHM,RHM02,2013/14,1,0,1
RHM,RHM02,2014/15,0,0,0
RHM,RHM02,2015/16,0,0,0
RHM,RHM03,2008/09,0,39,0
RHM,RHM03,2009/10,0,44,0
RHM,RHM03,2010/11,0,42,0
RHM,RHM03,2011/12,0,12,0
RHM,RHM03,2012/13,0,36,0
RHM,RHM03,2013/14,0,4,0
RHM,RHM03,2014/15,0,13,0
RHM,RHM03,2015/16,0,12,0
RHM,RHM03,2016/17,0,5,0
RHM,RHM03,2017/18,0,7,0
RHM,RHM03,2018/19,0,1,0
RHM,RHM03,2019/20,4,12,0.33
RHM,RHM03,2020/21,0,6,0
RHM,RHM03,2021/22,0,2,0
RHM,RHM04,2008/09,5372,187,28.73
RHM,RHM04,2009/10,1558,3919,0.4
RHM,RHM04,2010/11,549,3925,0.14
RHM,RHM04,2011/12,728,4236,0.17
RHM,RHM04,2012/13,430,4862,0.09
RHM,RHM04,2013/14,143,5892,0.02
RHM,RHM04,2014/15,22,5612,0
RHM,RHM04,2015/16,289,5602,0.05
RHM,RHM04,2016/17,0,5820,0
RHM,RHM04,2017/18,120,6534,0.02
RHM,RHM04,2018/19,49,6197,0.01
RHM,RHM04,2019/20,15,379,0.04
RHM,RHM04,2020/21,26,33,0.79
RHM,RHM04,2021/22,27,178,0.15
RHM,RHM04,2022/23,0,242,0
RHM,RHM08,2018/19,102,0,102
RHM,RHM08,2019/20,488,0,488
RHM,RHM08,2020/21,512,0,512
RHM,RHM08,2021/22,332,0,332
RHM,RHM08,2022/23,219,0,219
RHM,RHM08,2023/24,384,0,384
RHM,RHM12,2008/09,3786,2467,1.53
RHM,RHM12,2009/10,4495,2851,1.58
RHM,RHM12,2010/11,3534,2652,1.33
RHM,RHM12,2011/12,3312,2310,1.43
RHM,RHM12,2012/13,3113,1839,1.69
RHM,RHM12,2013/14,2799,1915,1.46
RHM,RHM12,2014/15,2685,1882,1.43
RHM,RHM12,2015/16,2673,2074,1.29
RHM,RHM12,2016/17,2591,2057,1.26
RHM,RHM12,2017/18,2518,2154,1.17
RHM,RHM12,2018/19,1987,2062,0.96
RHM,RHM12,2019/20,2321,2401,0.97
RHM,RHM12,2020/21,1596,1818,0.88
RHM,RHM12,2021/22,2011,2218,0.91
RHM,RHM12,2022/23,2286,2832,0.81
RHM,RHM12,2023/24,1915,2172,0.88
RHM,RHM13,2008/09,5,0,5
RHM,RHM13,2015/16,0,0,0
RHM,RHM14,2022/23,18,0,18
RHM,RHM14,2023/24,45,0,45
RHM,RHM18,2018/19,0,0,0
RHM,RHM18,2019/20,0,0,0
RHM,RHM18,2021/22,0,0,0
RHM,RHM18,2022/23,0,0,0
RHM,RHM18,2023/24,1,0,1
RHM,RHM38,2008/09,0,0,0
RHM,RHM38,2019/20,31,0,31
RHM,RHM38,2022/23,8,0,8
RHM,RHM99,2008/09,385,488,0.79
RHM,RHM99,2020/21,79,0,79
RHM,RHMH1,2021/22,2104,0,2104
RHM,RHMH1,2022/23,2301,0,2301
RHM,RHMH1,2023/24,1514,0,1514
RHM,RHMTC,2009/10,19,1,19
RHM,RHMTC,2010/11,16,0,16
RHQ,A3J7G,2023/24,3111,0,3111
RHQ,B1M2H,2022/23,50,0,50
RHQ,B1M2H,2023/24,66,0,66
RHQ,D9D9F,2022/23,120,0,120
RHQ,D9D9F,2023/24,119,0,119
RHQ,H8Q4N,2022/23,0,0,0
RHQ,H8Q4N,2023/24,5,0,5
RHQ,I0T2R,2022/23,2,0,2
RHQ,I0T2R,2023/24,1,0,1
RHQ,Q7J9P,2022/23,401,52,7.71
RHQ,Q7J9P,2023/24,536,61,8.79
RHQ,R0W4A,2022/23,125,0,125
RHQ,R0W4A,2023/24,84,0,84
RHQ,RHQ00,2012/13,11,0,11
RHQ,RHQ00,2013/14,165,0,165
RHQ,RHQ00,2015/16,96,0,96
RHQ,RHQ00,2018/19,256,0,256
RHQ,RHQ00,2019/20,2593,0,2593
RHQ,RHQ00,2020/21,1265,0,1265
RHQ,RHQ00,2021/22,2453,0,2453
RHQ,RHQ00,2022/23,2256,4,564
RHQ,RHQ00,2023/24,1501,0,1501
RHQ,RHQ03,2016/17,0,0,0
RHQ,RHQ03,2022/23,0,0,0
RHQ,RHQ8T,2013/14,380,0,380
RHQ,RHQ8T,2014/15,1111,25,44.44
RHQ,RHQ8T,2015/16,431,12,35.92
RHQ,RHQ8T,2016/17,422,0,422
RHQ,RHQ8T,2017/18,343,0,343
RHQ,RHQ8T,2018/19,298,0,298
RHQ,RHQ8T,2019/20,266,0,266
RHQ,RHQ8T,2020/21,59,0,59
RHQ,RHQ8T,2021/22,183,0,183
RHQ,RHQ8T,2022/23,339,0,339
RHQ,RHQ8T,2023/24,291,0,291
RHQ,RHQAA,2011/12,183,0,183
RHQ,RHQAA,2012/13,946,5,189.2
RHQ,RHQAA,2013/14,435,0,435
RHQ,RHQAA,2014/15,428,0,428
RHQ,RHQAA,2015/16,584,0,584
RHQ,RHQAA,2016/17,1731,0,1731
RHQ,RHQAA,2017/18,1599,0,1599
RHQ,RHQAA,2018/19,1406,0,1406
RHQ,RHQAA,2019/20,53,0,53
RHQ,RHQAA,2020/21,15,0,15
RHQ,RHQAA,2021/22,32,0,32
RHQ,RHQAA,2022/23,31,2,15.5
RHQ,RHQAA,2023/24,20,0,20
RHQ,RHQAC,2011/12,381,0,381
RHQ,RHQAC,2012/13,2065,0,2065
RHQ,RHQAC,2013/14,1600,0,1600
RHQ,RHQAC,2014/15,875,0,875
RHQ,RHQAC,2015/16,1354,0,1354
RHQ,RHQAC,2016/17,1965,0,1965
RHQ,RHQAC,2017/18,1530,0,1530
RHQ,RHQAC,2018/19,1017,0,1017
RHQ,RHQAC,2019/20,153,0,153
RHQ,RHQAC,2020/21,70,0,70
RHQ,RHQAC,2021/22,63,0,63
RHQ,RHQAC,2022/23,35,0,35
RHQ,RHQAC,2023/24,45,0,45
RHQ,RHQAH,2014/15,95,0,95
RHQ,RHQBN,2014/15,11,6,1.83
RHQ,RHQBN,2015/16,33,21,1.57
RHQ,RHQBN,2016/17,41,0,41
RHQ,RHQBN,2017/18,75,0,75
RHQ,RHQBN,2018/19,21,27,0.78
RHQ,RHQBN,2019/20,1,0,1
RHQ,RHQBN,2022/23,1,0,1
RHQ,RHQBN,2023/24,0,0,0
RHQ,RHQCC,2008/09,2,0,2
RHQ,RHQCC,2009/10,0,1,0
RHQ,RHQCC,2010/11,1,0,1
RHQ,RHQCC,2011/12,29,0,29
RHQ,RHQCC,2012/13,2,0,2
RHQ,RHQCC,2013/14,3,0,3
RHQ,RHQCC,2014/15,28,0,28
RHQ,RHQCC,2015/16,5,0,5
RHQ,RHQCC,2016/17,0,0,0
RHQ,RHQCC,2017/18,0,0,0
RHQ,RHQCC,2018/19,0,4,0
RHQ,RHQCC,2019/20,1,0,1
RHQ,RHQCC,2020/21,0,0,0
RHQ,RHQCC,2021/22,1,0,1
RHQ,RHQCC,2022/23,4,0,4
RHQ,RHQCC,2023/24,0,0,0
RHQ,RHQCH,2008/09,0,0,0
RHQ,RHQCH,2012/13,0,0,0
RHQ,RHQCH,2013/14,5,0,5
RHQ,RHQCH,2014/15,13,0,13
RHQ,RHQCH,2015/16,0,0,0
RHQ,RHQCH,2023/24,0,0,0
RHQ,RHQCR,2012/13,10,0,10
RHQ,RHQCR,2014/15,20,0,20
RHQ,RHQDR,2013/14,19,0,19
RHQ,RHQDR,2014/15,21,0,21
RHQ,RHQDR,2015/16,2,0,2
RHQ,RHQDR,2016/17,1,0,1
RHQ,RHQDR,2021/22,0,0,0
RHQ,RHQDR,2022/23,0,0,0
RHQ,RHQDR,2023/24,0,0,0
RHQ,RHQGL,2014/15,109,0,109
RHQ,RHQGL,2015/16,4,0,4
RHQ,RHQHE,2015/16,19,0,19
RHQ,RHQHH,2008/09,51703,129787,0.4
RHQ,RHQHH,2009/10,52723,134994,0.39
RHQ,RHQHH,2010/11,43328,104879,0.41
RHQ,RHQHH,2011/12,38771,68748,0.56
RHQ,RHQHH,2012/13,41495,69652,0.6
RHQ,RHQHH,2013/14,42493,71700,0.59
RHQ,RHQHH,2014/15,37515,69173,0.54
RHQ,RHQHH,2015/16,39535,67101,0.59
RHQ,RHQHH,2016/17,40737,71159,0.57
RHQ,RHQHH,2017/18,37678,74713,0.5
RHQ,RHQHH,2018/19,33644,62809,0.54
RHQ,RHQHH,2019/20,34812,61265,0.57
RHQ,RHQHH,2020/21,21511,59588,0.36
RHQ,RHQHH,2021/22,31687,63814,0.5
RHQ,RHQHH,2022/23,36654,64156,0.57
RHQ,RHQHH,2023/24,23759,47037,0.51
RHQ,RHQNG,2008/09,53549,238311,0.22
RHQ,RHQNG,2009/10,53426,274935,0.19
RHQ,RHQNG,2010/11,52238,284196,0.18
RHQ,RHQNG,2011/12,51020,320547,0.16
RHQ,RHQNG,2012/13,42698,319674,0.13
RHQ,RHQNG,2013/14,45063,327558,0.14
RHQ,RHQNG,2014/15,46379,327591,0.14
RHQ,RHQNG,2015/16,47746,326293,0.15
RHQ,RHQNG,2016/17,55467,341246,0.16
RHQ,RHQNG,2017/18,57574,324082,0.18
RHQ,RHQNG,2018/19,55137,316018,0.17
RHQ,RHQNG,2019/20,54538,310789,0.18
RHQ,RHQNG,2020/21,31799,257409,0.12
RHQ,RHQNG,2021/22,40060,302825,0.13
RHQ,RHQNG,2022/23,47631,344758,0.14
RHQ,RHQNG,2023/24,38063,240582,0.16
RHQ,RHQP1,2022/23,2,0,2
RHQ,RHQP1,2023/24,14,0,14
RHQ,RHQRT,2012/13,30,0,30
RHQ,RHQRT,2013/14,5,0,5
RHQ,RHQRT,2015/16,0,0,0
RHQ,RHQRT,2018/19,25,0,25
RHQ,RHQRT,2019/20,16,0,16
RHQ,RHQRT,2020/21,20,0,20
RHQ,RHQRT,2021/22,10,0,10
RHQ,RHQRT,2022/23,13,0,13
RHQ,RHQRT,2023/24,41,0,41
RHQ,RHQSH,2018/19,54,0,54
RHQ,RHQSH,2019/20,13,0,13
RHQ,RHQWP,2008/09,11694,12510,0.93
RHQ,RHQWP,2009/10,11465,13810,0.83
RHQ,RHQWP,2010/11,9803,13181,0.74
RHQ,RHQWP,2011/12,9644,12832,0.75
RHQ,RHQWP,2012/13,8391,12949,0.65
RHQ,RHQWP,2013/14,5409,12344,0.44
RHQ,RHQWP,2014/15,5436,14256,0.38
RHQ,RHQWP,2015/16,5972,13506,0.44
RHQ,RHQWP,2016/17,4820,14849,0.32
RHQ,RHQWP,2017/18,4712,14413,0.33
RHQ,RHQWP,2018/19,5115,15255,0.34
RHQ,RHQWP,2019/20,4946,14982,0.33
RHQ,RHQWP,2020/21,2670,10343,0.26
RHQ,RHQWP,2021/22,3105,10407,0.3
RHQ,RHQWP,2022/23,3679,12459,0.3
RHQ,RHQWP,2023/24,2782,10285,0.27
RHU,RHU00,2008/09,3070,345,8.9
RHU,RHU00,2009/10,358,342,1.05
RHU,RHU00,2010/11,98,199,0.49
RHU,RHU00,2011/12,31,90,0.34
RHU,RHU00,2012/13,91,149,0.61
RHU,RHU00,2013/14,65,160,0.41
RHU,RHU00,2014/15,2,77,0.03
RHU,RHU00,2015/16,16,2550,0.01
RHU,RHU00,2016/17,0,8,0
RHU,RHU00,2017/18,0,15,0
RHU,RHU00,2018/19,0,0,0
RHU,RHU00,2019/20,0,0,0
RHU,RHU02,2008/09,7311,19402,0.38
RHU,RHU02,2009/10,3273,4340,0.75
RHU,RHU02,2010/11,25,6,4.17
RHU,RHU02,2011/12,8,0,8
RHU,RHU02,2012/13,38,0,38
RHU,RHU03,2008/09,37625,234494,0.16
RHU,RHU03,2009/10,40879,274598,0.15
RHU,RHU03,2010/11,36884,257613,0.14
RHU,RHU03,2011/12,36566,259046,0.14
RHU,RHU03,2012/13,37098,267533,0.14
RHU,RHU03,2013/14,38188,273591,0.14
RHU,RHU03,2014/15,44625,286944,0.16
RHU,RHU03,2015/16,48021,289103,0.17
RHU,RHU03,2016/17,41533,313070,0.13
RHU,RHU03,2017/18,32679,327992,0.1
RHU,RHU03,2018/19,31872,319605,0.1
RHU,RHU03,2019/20,30566,328815,0.09
RHU,RHU03,2020/21,18998,264994,0.07
RHU,RHU03,2021/22,28839,313620,0.09
RHU,RHU03,2022/23,27294,346374,0.08
RHU,RHU03,2023/24,19293,263146,0.07
RHU,RHU08,2008/09,1,0,1
RHU,RHU08,2009/10,2,0,2
RHU,RHU08,2010/11,3,0,3
RHU,RHU08,2011/12,7,6,1.17
RHU,RHU08,2012/13,10,0,10
RHU,RHU08,2013/14,12,0,12
RHU,RHU08,2014/15,2,0,2
RHU,RHU08,2016/17,1,0,1
RHU,RHU08,2017/18,1,0,1
RHW,RHW01,2008/09,32420,151028,0.21
RHW,RHW01,2009/10,28100,173528,0.16
RHW,RHW01,2010/11,27387,168463,0.16
RHW,RHW01,2011/12,25107,164035,0.15
RHW,RHW01,2012/13,24078,176851,0.14
RHW,RHW01,2013/14,21685,181149,0.12
RHW,RHW01,2014/15,18915,177223,0.11
RHW,RHW01,2015/16,16809,184393,0.09
RHW,RHW01,2016/17,15865,192610,0.08
RHW,RHW01,2017/18,14664,190797,0.08
RHW,RHW01,2018/19,14869,185758,0.08
RHW,RHW01,2019/20,14763,193326,0.08
RHW,RHW01,2020/21,10004,152915,0.07
RHW,RHW01,2021/22,16339,168551,0.1
RHW,RHW01,2022/23,17316,185676,0.09
RHW,RHW01,2023/24,12084,132777,0.09
RHW,RHW03,2008/09,49,0,49
RHW,RHW03,2009/10,1,0,1
RHW,RHW03,2010/11,7,0,7
RHW,RHW03,2011/12,0,0,0
RHW,RHW03,2012/13,385,1,385
RHW,RHW03,2013/14,204,0,204
RHW,RHW03,2014/15,60,0,60
RHW,RHW03,2017/18,58,0,58
RHW,RHW03,2018/19,8,0,8
RHW,RHW03,2019/20,8,0,8
RHW,RHW03,2020/21,1,0,1
RHW,RHW03,2021/22,5,0,5
RHW,RHW03,2022/23,9,0,9
RHW,RHW05,2008/09,2,0,2
RHW,RHW05,2009/10,6,5,1.2
RHW,RHW05,2010/11,0,56,0
RHW,RHW05,2011/12,0,6,0
RHW,RHW05,2012/13,1,0,1
RHW,RHW05,2013/14,11,61,0.18
RHW,RHW05,2014/15,18,0,18
RHW,RHW05,2017/18,0,0,0
RHW,RHW05,2018/19,3,0,3
RHW,RHW05,2019/20,0,0,0
RHW,RHW05,2020/21,0,0,0
RHW,RHW05,2021/22,4,297,0.01
RHW,RHW05,2022/23,3,373,0.01
RHW,RHW05,2023/24,3,272,0.01
RHW,RHW0F,2020/21,0,5,0
RHW,RHW24,2021/22,0,0,0
RHW,RHW24,2022/23,32,0,32
RHW,RHW24,2023/24,95,0,95
RHW,RHW25,2011/12,275,0,275
RHW,RHW25,2012/13,5,3,1.67
RHW,RHW25,2020/21,4,126,0.03
RHW,RHW25,2021/22,20,0,20
RHW,RHW25,2022/23,14,0,14
RHW,RHW25,2023/24,3,0,3
RHW,RHW37,2017/18,19,0,19
RHW,RHW37,2018/19,144,0,144
RHW,RHW37,2019/20,29,0,29
RHW,RHW37,2020/21,21,0,21
RHW,RHW37,2021/22,45,0,45
RHW,RHW37,2022/23,3,0,3
RHW,RHW37,2023/24,4,0,4
RHX,RHX00,2008/09,174,0,174
RHX,RHX00,2009/10,872,0,872
RHX,RHX12,2010/11,419,262,1.6
RHX,RHX12,2011/12,1539,1056,1.46
RHX,RHX12,2012/13,3313,1405,2.36
RHX,RHX66,2011/12,714,0,714
RHX,RHX80,2011/12,1905,0,1905
RHX,RHX80,2012/13,538,0,538
RHX,RHX81,2010/11,566,0,566
RHX,RHX81,2012/13,2606,0,2606
RHX,RHX90,2009/10,293,395,0.74
RHX,RHX90,2010/11,1199,507,2.36
RHX,RHX90,2011/12,450,1214,0.37
RHX,RHX90,2012/13,1767,0,1767
RHX,RHX91,2009/10,537,0,537
RHX,RHX91,2010/11,885,0,885
RJ1,E6T3L,2021/22,178,0,178
RJ1,E6T3L,2022/23,132,0,132
RJ1,E6T3L,2023/24,27,0,27
RJ1,RJ100,2008/09,4,0,4
RJ1,RJ100,2009/10,108,0,108
RJ1,RJ100,2010/11,44,3,14.67
RJ1,RJ100,2011/12,4,0,4
RJ1,RJ100,2014/15,0,0,0
RJ1,RJ100,2015/16,7,0,7
RJ1,RJ100,2021/22,1,5,0.2
RJ1,RJ100,2022/23,5,7,0.71
RJ1,RJ121,2008/09,45163,19478,2.32
RJ1,RJ121,2009/10,44907,21354,2.1
RJ1,RJ121,2010/11,44282,21948,2.02
RJ1,RJ121,2011/12,46153,19954,2.31
RJ1,RJ121,2012/13,45315,20360,2.23
RJ1,RJ121,2013/14,45029,21215,2.12
RJ1,RJ121,2014/15,41418,22925,1.81
RJ1,RJ121,2015/16,42375,25141,1.69
RJ1,RJ121,2016/17,39140,23806,1.64
RJ1,RJ121,2017/18,44126,25922,1.7
RJ1,RJ121,2018/19,43498,29108,1.49
RJ1,RJ121,2019/20,42177,28651,1.47
RJ1,RJ121,2020/21,27481,22606,1.22
RJ1,RJ121,2021/22,39571,23616,1.68
RJ1,RJ121,2022/23,43915,29402,1.49
RJ1,RJ121,2023/24,24062,18689,1.29
RJ1,RJ122,2008/09,49676,141725,0.35
RJ1,RJ122,2009/10,47106,144374,0.33
RJ1,RJ122,2010/11,45982,143421,0.32
RJ1,RJ122,2011/12,48203,153479,0.31
RJ1,RJ122,2012/13,51608,161478,0.32
RJ1,RJ122,2013/14,55309,172093,0.32
RJ1,RJ122,2014/15,52382,166295,0.31
RJ1,RJ122,2015/16,55614,165137,0.34
RJ1,RJ122,2016/17,52066,154340,0.34
RJ1,RJ122,2017/18,63976,162565,0.39
RJ1,RJ122,2018/19,62134,166015,0.37
RJ1,RJ122,2019/20,61620,168382,0.37
RJ1,RJ122,2020/21,47659,141846,0.34
RJ1,RJ122,2021/22,56489,164439,0.34
RJ1,RJ122,2022/23,62166,184281,0.34
RJ1,RJ122,2023/24,35797,104518,0.34
RJ1,RJ128,2011/12,2,44,0.05
RJ1,RJ128,2013/14,55,15,3.67
RJ1,RJ128,2016/17,0,0,0
RJ1,RJ128,2017/18,11,0,11
RJ1,RJ128,2018/19,7,0,7
RJ1,RJ128,2019/20,34,12,2.83
RJ1,RJ128,2020/21,7,2,3.5
RJ1,RJ128,2021/22,10,2,5
RJ1,RJ128,2022/23,6,0,6
RJ1,RJ128,2023/24,4,1,4
RJ1,RJ132,2016/17,0,0,0
RJ1,RJ133,2021/22,11,0,11
RJ1,RJ133,2022/23,68,3,22.67
RJ1,RJ133,2023/24,213,0,213
RJ1,RJ144,2017/18,120,3430,0.03
RJ1,RJ144,2018/19,43,43,1
RJ1,RJ144,2020/21,0,226,0
RJ1,RJ181,2021/22,18330,19720,0.93
RJ1,RJ181,2022/23,18131,21164,0.86
RJ1,RJ181,2023/24,10860,9918,1.09
RJ1,RJ182,2021/22,31205,11243,2.78
RJ1,RJ182,2022/23,42175,9007,4.68
RJ1,RJ182,2023/24,22157,4787,4.63
RJ1,RJ1A0,2015/16,332,0,332
RJ1,RJ1A0,2016/17,90,0,90
RJ1,RJ1A0,2017/18,135,11,12.27
RJ1,RJ1A0,2018/19,120,0,120
RJ1,RJ1A0,2019/20,119,9,13.22
RJ1,RJ1A0,2020/21,109,0,109
RJ1,RJ1A0,2021/22,217,2,108.5
RJ1,RJ1A0,2022/23,56,23,2.43
RJ1,RJ1A0,2023/24,114,24,4.75
RJ1,RJ1A1,2015/16,93,0,93
RJ1,RJ1A1,2016/17,47,1,47
RJ1,RJ1A1,2017/18,146,0,146
RJ1,RJ1A1,2018/19,41,0,41
RJ1,RJ1A1,2019/20,255,0,255
RJ1,RJ1A1,2020/21,96,0,96
RJ1,RJ1A1,2021/22,72,0,72
RJ1,RJ1A1,2022/23,28,0,28
RJ1,RJ1A1,2023/24,16,0,16
RJ1,RJ1A2,2015/16,79,6,13.17
RJ1,RJ1A2,2016/17,362,6,60.33
RJ1,RJ1A2,2017/18,320,0,320
RJ1,RJ1A2,2018/19,709,494,1.44
RJ1,RJ1A2,2019/20,596,0,596
RJ1,RJ1A2,2020/21,471,235,2
RJ1,RJ1A2,2021/22,1316,134,9.82
RJ1,RJ1A2,2022/23,631,6,105.17
RJ1,RJ1A2,2023/24,1136,0,1136
RJ1,RJ1A3,2015/16,33,0,33
RJ1,RJ1A3,2016/17,28,0,28
RJ1,RJ1A3,2017/18,41,0,41
RJ1,RJ1A3,2018/19,28,0,28
RJ1,RJ1A3,2019/20,13,41,0.32
RJ1,RJ1A3,2020/21,26,0,26
RJ1,RJ1A3,2021/22,35,0,35
RJ1,RJ1A3,2022/23,3,0,3
RJ1,RJ1A3,2023/24,15,0,15
RJ1,RJ1A4,2015/16,28,0,28
RJ1,RJ1A4,2016/17,2,0,2
RJ1,RJ1A4,2017/18,28,0,28
RJ1,RJ1A4,2018/19,54,1,54
RJ1,RJ1A4,2019/20,64,0,64
RJ1,RJ1A4,2020/21,50,0,50
RJ1,RJ1A4,2021/22,15,0,15
RJ1,RJ1A4,2022/23,21,0,21
RJ1,RJ1A4,2023/24,67,0,67
RJ1,RJ1AB,2021/22,838,0,838
RJ1,RJ1AB,2022/23,409,0,409
RJ1,RJ1AB,2023/24,52,0,52
RJ137,RJ137,2015/16,39,0,39
RJ137,RJ137,2016/17,40,0,40
RJ137,RJ137,2017/18,19,0,19
RJ137,RJ137,2018/19,14,0,14
RJ137,RJ137,2019/20,20,0,20
RJ137,RJ137,2020/21,57,0,57
RJ137,RJ137,2021/22,11,0,11
RJ137,RJ137,2022/23,20,0,20
RJ137,RJ137,2023/24,26,0,26
RJ2,RJ200,2013/14,4,0,4
RJ2,RJ224,2008/09,18002,102866,0.18
RJ2,RJ224,2009/10,11373,109473,0.1
RJ2,RJ224,2010/11,12023,113923,0.11
RJ2,RJ224,2011/12,12392,113596,0.11
RJ2,RJ224,2012/13,12115,111290,0.11
RJ2,RJ224,2013/14,9355,119347,0.08
RJ2,RJ224,2014/15,11714,131087,0.09
RJ2,RJ224,2015/16,11830,141476,0.08
RJ2,RJ224,2016/17,9797,145844,0.07
RJ2,RJ224,2017/18,9179,134292,0.07
RJ2,RJ224,2018/19,8276,132426,0.06
RJ2,RJ224,2019/20,7753,129205,0.06
RJ2,RJ224,2020/21,4648,103694,0.04
RJ2,RJ224,2021/22,18247,115563,0.16
RJ2,RJ224,2022/23,6433,124876,0.05
RJ2,RJ224,2023/24,5769,93953,0.06
RJ2,RJ230,2013/14,820,0,820
RJ2,RJ230,2014/15,781,30,26.03
RJ2,RJ230,2015/16,483,2764,0.17
RJ2,RJ230,2016/17,64,212,0.3
RJ2,RJ230,2021/22,20,0,20
RJ2,RJ230,2022/23,86,0,86
RJ2,RJ230,2023/24,298,0,298
RJ2,RJ231,2013/14,6167,68630,0.09
RJ2,RJ231,2014/15,7452,147823,0.05
RJ2,RJ231,2015/16,7833,154294,0.05
RJ2,RJ231,2016/17,5904,155016,0.04
RJ2,RJ231,2017/18,4472,145660,0.03
RJ2,RJ231,2018/19,4754,145336,0.03
RJ2,RJ231,2019/20,4875,161819,0.03
RJ2,RJ231,2020/21,3681,134934,0.03
RJ2,RJ231,2021/22,5102,153190,0.03
RJ2,RJ231,2022/23,5719,165659,0.03
RJ2,RJ231,2023/24,3865,125903,0.03
RJ5,RJ500,2008/09,16440,50520,0.33
RJ5,RJ500,2009/10,21224,63237,0.34
RJ5,RJ500,2010/11,1219,5191,0.23
RJ5,RJ501,2008/09,13507,47585,0.28
RJ5,RJ511,2008/09,581,284,2.05
RJ6,F3E3F,2022/23,3340,0,3340
RJ6,F3E3F,2023/24,2945,0,2945
RJ6,RJ600,2008/09,0,2,0
RJ6,RJ600,2009/10,3020,38640,0.08
RJ6,RJ600,2010/11,0,2762,0
RJ6,RJ600,2012/13,26,20548,0
RJ6,RJ600,2013/14,3328,127007,0.03
RJ6,RJ600,2014/15,4872,133405,0.04
RJ6,RJ611,2008/09,14695,150303,0.1
RJ6,RJ611,2009/10,11110,120448,0.09
RJ6,RJ611,2010/11,13630,157659,0.09
RJ6,RJ611,2011/12,12185,151299,0.08
RJ6,RJ611,2012/13,11334,132970,0.09
RJ6,RJ611,2013/14,4813,24544,0.2
RJ6,RJ611,2014/15,1148,17820,0.06
RJ6,RJ611,2015/16,6603,145536,0.05
RJ6,RJ611,2016/17,6228,152220,0.04
RJ6,RJ611,2017/18,6139,155760,0.04
RJ6,RJ611,2018/19,6781,155884,0.04
RJ6,RJ611,2019/20,6801,163509,0.04
RJ6,RJ611,2020/21,4863,141822,0.03
RJ6,RJ611,2021/22,7563,155935,0.05
RJ6,RJ611,2022/23,2691,156450,0.02
RJ6,RJ611,2023/24,1042,121741,0.01
RJ7,K0O2Q,2023/24,16,0,16
RJ7,RJ7 3,2011/12,9,0,9
RJ7,RJ7 3,2012/13,1196,42,28.48
RJ7,RJ7 3,2013/14,134,0,134
RJ7,RJ700,2010/11,0,1,0
RJ7,RJ700,2013/14,1229,5846,0.21
RJ7,RJ700,2014/15,26091,113404,0.23
RJ7,RJ701,2008/09,53697,174188,0.31
RJ7,RJ701,2009/10,35214,74757,0.47
RJ7,RJ701,2010/11,32632,66521,0.49
RJ7,RJ701,2011/12,53975,187170,0.29
RJ7,RJ701,2012/13,60961,200012,0.3
RJ7,RJ701,2013/14,60519,212613,0.28
RJ7,RJ701,2014/15,38416,126222,0.3
RJ7,RJ701,2015/16,67359,242239,0.28
RJ7,RJ701,2016/17,70115,236034,0.3
RJ7,RJ701,2017/18,62784,231993,0.27
RJ7,RJ701,2018/19,55854,224161,0.25
RJ7,RJ701,2019/20,47508,242531,0.2
RJ7,RJ701,2020/21,29202,206197,0.14
RJ7,RJ701,2021/22,43589,252320,0.17
RJ7,RJ701,2022/23,44757,273350,0.16
RJ7,RJ701,2023/24,36099,188014,0.19
RJ7,RJ710,2008/09,9781,0,9781
RJ7,RJ710,2009/10,6678,48,139.13
RJ7,RJ710,2010/11,5272,1,5272
RJ7,RJ710,2011/12,9233,1,9233
RJ7,RJ710,2012/13,720,0,720
RJ7,RJ731,2012/13,5,0,5
RJ7,RJ731,2017/18,131,0,131
RJ7,RJ731,2019/20,6994,805,8.69
RJ7,RJ731,2020/21,4929,1020,4.83
RJ7,RJ731,2021/22,5436,1224,4.44
RJ7,RJ731,2022/23,5345,1179,4.53
RJ7,RJ731,2023/24,7071,11477,0.62
RJ7,RJ758,2020/21,3,0,3
RJ7,RJ763,2013/14,22062,30,735.4
RJ7,RJ763,2014/15,22747,1,22747
RJ7,RJ763,2015/16,18585,58,320.43
RJ7,RJ763,2016/17,16949,21,807.1
RJ7,RJ763,2017/18,16618,0,16618
RJ7,RJ763,2018/19,16906,86,196.58
RJ7,RJ763,2019/20,6352,26,244.31
RJ7,RJ765,2015/16,22,0,22
RJ7,RJ765,2016/17,1,0,1
RJ7,RJ765,2017/18,4,0,4
RJ7,RJ765,2018/19,1,0,1
RJ7,RJ765,2019/20,79,0,79
RJ7,RJ765,2020/21,293,0,293
RJ7,RJ765,2021/22,10,0,10
RJ7,RJ765,2022/23,18,0,18
RJ7,RJ765,2023/24,1,0,1
RJ8,RJ800,2008/09,12712,228,55.75
RJ8,RJ800,2009/10,1744,0,1744
RJ8,RJ801,2016/17,110,1081,0.1
RJ8,RJ801,2017/18,1008,715,1.41
RJ8,RJ801,2018/19,501,605,0.83
RJ8,RJ801,2019/20,1588,403,3.94
RJ8,RJ801,2020/21,3461,2177,1.59
RJ8,RJ801,2021/22,4631,3476,1.33
RJ8,RJ801,2022/23,6357,1537,4.14
RJ8,RJ801,2023/24,6900,1034,6.67
RJ8,RJ805,2016/17,281,339,0.83
RJ8,RJ805,2017/18,3038,288,10.55
RJ8,RJ805,2018/19,1774,404,4.39
RJ8,RJ805,2019/20,2683,657,4.08
RJ8,RJ805,2020/21,2323,589,3.94
RJ8,RJ805,2021/22,2325,929,2.5
RJ8,RJ805,2022/23,3811,257,14.83
RJ8,RJ805,2023/24,3228,26,124.15
RJ8,RJ807,2016/17,77,662,0.12
RJ8,RJ807,2017/18,39,596,0.07
RJ8,RJ807,2018/19,79,260,0.3
RJ8,RJ807,2019/20,52,143,0.36
RJ8,RJ807,2020/21,290,488,0.59
RJ8,RJ807,2021/22,271,436,0.62
RJ8,RJ807,2022/23,344,345,1
RJ8,RJ807,2023/24,361,30,12.03
RJ8,RJ809,2016/17,252,454,0.56
RJ8,RJ809,2017/18,211,292,0.72
RJ8,RJ809,2018/19,84,303,0.28
RJ8,RJ809,2019/20,90,447,0.2
RJ8,RJ809,2020/21,34,277,0.12
RJ8,RJ809,2021/22,194,380,0.51
RJ8,RJ809,2022/23,115,557,0.21
RJ8,RJ809,2023/24,207,417,0.5
RJ8,RJ80G,2019/20,221,474,0.47
RJ8,RJ80G,2020/21,459,840,0.55
RJ8,RJ80G,2021/22,522,440,1.19
RJ8,RJ80G,2022/23,1254,1107,1.13
RJ8,RJ80G,2023/24,370,337,1.1
RJ8,RJ817,2016/17,269,153,1.76
RJ8,RJ817,2017/18,1265,120,10.54
RJ8,RJ817,2018/19,3161,172,18.38
RJ8,RJ817,2019/20,3755,237,15.84
RJ8,RJ817,2020/21,3915,3488,1.12
RJ8,RJ817,2021/22,4934,4146,1.19
RJ8,RJ817,2022/23,4569,4761,0.96
RJ8,RJ817,2023/24,3450,4084,0.84
RJ8,RJ824,2008/09,14161,297,47.68
RJ8,RJ824,2009/10,2427,0,2427
RJ8,RJ830,2019/20,0,6,0
RJ8,RJ830,2020/21,22,0,22
RJ8,RJ830,2021/22,0,0,0
RJ8,RJ830,2022/23,131,0,131
RJ8,RJ830,2023/24,236,0,236
RJ8,RJ831,2009/10,1271,78,16.29
RJ8,RJ831,2010/11,296,0,296
RJ8,RJ842,2016/17,3,156,0.02
RJ8,RJ842,2017/18,12,255,0.05
RJ8,RJ842,2018/19,256,116,2.21
RJ8,RJ842,2019/20,23,219,0.11
RJ8,RJ842,2020/21,191,578,0.33
RJ8,RJ842,2021/22,745,1155,0.65
RJ8,RJ842,2022/23,967,1519,0.64
RJ8,RJ842,2023/24,148,219,0.68
RJ8,RJ863,2009/10,15382,716,21.48
RJ8,RJ863,2010/11,16595,1723,9.63
RJ8,RJ863,2011/12,10101,3295,3.07
RJ8,RJ863,2012/13,8930,3047,2.93
RJ8,RJ863,2013/14,5545,3799,1.46
RJ8,RJ863,2014/15,4390,7117,0.62
RJ8,RJ863,2015/16,3557,3754,0.95
RJ8,RJ863,2016/17,5210,4928,1.06
RJ8,RJ863,2017/18,6089,4472,1.36
RJ8,RJ863,2018/19,4937,7091,0.7
RJ8,RJ863,2019/20,7511,7027,1.07
RJ8,RJ863,2020/21,6143,5874,1.05
RJ8,RJ863,2021/22,4503,6101,0.74
RJ8,RJ863,2022/23,8151,5526,1.48
RJ8,RJ863,2023/24,6531,4798,1.36
RJ8,RJ866,2009/10,19553,288,67.89
RJ8,RJ866,2010/11,22930,1278,17.94
RJ8,RJ866,2011/12,16320,3247,5.03
RJ8,RJ866,2012/13,12767,3640,3.51
RJ8,RJ866,2013/14,18596,5026,3.7
RJ8,RJ866,2014/15,14534,7898,1.84
RJ8,RJ866,2015/16,14961,8915,1.68
RJ8,RJ866,2016/17,16661,8612,1.93
RJ8,RJ866,2017/18,13037,12010,1.09
RJ8,RJ866,2018/19,14989,6904,2.17
RJ8,RJ866,2019/20,10663,8322,1.28
RJ8,RJ866,2020/21,12448,12446,1
RJ8,RJ866,2021/22,12547,15275,0.82
RJ8,RJ866,2022/23,10340,9763,1.06
RJ8,RJ866,2023/24,10586,6601,1.6
RJ8,RJ867,2016/17,2299,263,8.74
RJ8,RJ867,2017/18,1010,260,3.88
RJ8,RJ867,2018/19,1594,571,2.79
RJ8,RJ867,2019/20,188,172,1.09
RJ8,RJ867,2020/21,527,405,1.3
RJ8,RJ867,2021/22,1452,1231,1.18
RJ8,RJ867,2022/23,2051,291,7.05
RJ8,RJ867,2023/24,2168,198,10.95
RJ8,RJ870,2016/17,0,7,0
RJ8,RJ870,2017/18,822,183,4.49
RJ8,RJ870,2018/19,107,124,0.86
RJ8,RJ870,2019/20,1494,49,30.49
RJ8,RJ870,2020/21,668,773,0.86
RJ8,RJ870,2021/22,2298,1606,1.43
RJ8,RJ870,2022/23,3594,401,8.96
RJ8,RJ870,2023/24,3030,378,8.02
RJ8,RJ8A3,2016/17,51,360,0.14
RJ8,RJ8A3,2017/18,3194,171,18.68
RJ8,RJ8A3,2018/19,5501,147,37.42
RJ8,RJ8A3,2019/20,7493,254,29.5
RJ8,RJ8A3,2020/21,6111,1620,3.77
RJ8,RJ8A3,2021/22,4031,3523,1.14
RJ8,RJ8A3,2022/23,4086,1545,2.64
RJ8,RJ8A3,2023/24,3576,1780,2.01
RJ8,RJ8A4,2016/17,0,47,0
RJ8,RJ8A5,2016/17,74,102,0.73
RJ8,RJ8CP,2011/12,59,0,59
RJ8,RJ8CQ,2010/11,97,0,97
RJ8,RJ8CQ,2011/12,540,0,540
RJ8,RJ8CX,2010/11,80,0,80
RJ8,RJ8CX,2011/12,477,0,477
RJC,RJC00,2014/15,0,17,0
RJC,RJC00,2015/16,0,31,0
RJC,RJC02,2008/09,14073,91737,0.15
RJC,RJC02,2009/10,15321,104293,0.15
RJC,RJC02,2010/11,14531,118417,0.12
RJC,RJC02,2011/12,13043,133045,0.1
RJC,RJC02,2012/13,10731,133009,0.08
RJC,RJC02,2013/14,12595,132919,0.09
RJC,RJC02,2014/15,11653,129272,0.09
RJC,RJC02,2015/16,11495,128184,0.09
RJC,RJC02,2016/17,11251,125335,0.09
RJC,RJC02,2017/18,10821,127674,0.08
RJC,RJC02,2018/19,11079,122571,0.09
RJC,RJC02,2019/20,8483,130331,0.07
RJC,RJC02,2020/21,4603,96933,0.05
RJC,RJC02,2021/22,7664,121447,0.06
RJC,RJC02,2022/23,7977,135494,0.06
RJC,RJC02,2023/24,5722,94516,0.06
RJC,RJC03,2008/09,0,0,0
RJC,RJC03,2009/10,26,67,0.39
RJC,RJC03,2010/11,139,1618,0.09
RJC,RJC03,2011/12,11,1782,0.01
RJC,RJC03,2012/13,175,2331,0.08
RJC,RJC03,2013/14,413,2929,0.14
RJC,RJC03,2014/15,512,2467,0.21
RJC,RJC03,2015/16,389,2890,0.13
RJC,RJC03,2016/17,889,1596,0.56
RJC,RJC03,2017/18,534,1460,0.37
RJC,RJC03,2018/19,114,926,0.12
RJC,RJC03,2019/20,277,847,0.33
RJC,RJC03,2020/21,94,292,0.32
RJC,RJC03,2021/22,214,334,0.64
RJC,RJC03,2022/23,182,828,0.22
RJC,RJC03,2023/24,41,905,0.05
RJC,RJC04,2011/12,3314,298,11.12
RJC,RJC04,2012/13,1693,2207,0.77
RJC,RJC04,2013/14,338,1800,0.19
RJC,RJC04,2014/15,884,1257,0.7
RJC,RJC04,2015/16,1018,2416,0.42
RJC,RJC04,2016/17,461,882,0.52
RJC,RJC04,2017/18,182,1210,0.15
RJC,RJC04,2018/19,107,711,0.15
RJC,RJC04,2019/20,391,216,1.81
RJC,RJC04,2020/21,44,241,0.18
RJC,RJC04,2021/22,66,0,66
RJC,RJC46,2011/12,4486,142,31.59
RJC,RJC46,2012/13,3901,206,18.94
RJC,RJC46,2013/14,9552,0,9552
RJC,RJC46,2014/15,11883,638,18.63
RJC,RJC46,2015/16,12298,1824,6.74
RJC,RJC46,2016/17,10529,611,17.23
RJC,RJC46,2017/18,1338,182,7.35
RJC,RJC46,2018/19,0,5,0
RJC,RJC46,2019/20,92,0,92
RJC,RJC46,2020/21,0,210,0
RJC,RJC46,2021/22,0,467,0
RJC,RJC46,2022/23,0,1013,0
RJC,RJC46,2023/24,0,1323,0
RJC,RJC51,2012/13,169,150,1.13
RJC,RJC51,2013/14,626,569,1.1
RJC,RJC51,2014/15,39,28,1.39
RJD,RJD00,2014/15,0,17,0
RJD,RJD01,2008/09,10660,92420,0.12
RJD,RJD01,2009/10,11214,97971,0.11
RJD,RJD01,2010/11,10195,99374,0.1
RJD,RJD01,2011/12,9098,90715,0.1
RJD,RJD01,2012/13,8683,86629,0.1
RJD,RJD01,2013/14,8493,86235,0.1
RJD,RJD01,2014/15,4873,50150,0.1
RJD,RJD13,2008/09,1695,1493,1.14
RJD,RJD13,2009/10,1955,1022,1.91
RJD,RJD13,2010/11,996,1074,0.93
RJD,RJD13,2011/12,772,760,1.02
RJD,RJD13,2012/13,541,1199,0.45
RJD,RJD13,2013/14,2017,1603,1.26
RJD,RJD13,2014/15,2019,482,4.19
RJD,RJDTC,2008/09,6542,0,6542
RJD,RJDTC,2009/10,5874,0,5874
RJD,RJDTC,2010/11,5213,0,5213
RJD,RJDTC,2011/12,4687,0,4687
RJD,RJDTC,2012/13,3784,0,3784
RJD,RJDTC,2013/14,971,0,971
RJE,RJE01,2008/09,61322,236715,0.26
RJE,RJE01,2009/10,60609,251954,0.24
RJE,RJE01,2010/11,58067,277218,0.21
RJE,RJE01,2011/12,50525,252705,0.2
RJE,RJE01,2012/13,47123,255981,0.18
RJE,RJE01,2013/14,49827,269058,0.19
RJE,RJE01,2014/15,52597,304475,0.17
RJE,RJE01,2015/16,52430,312289,0.17
RJE,RJE01,2016/17,52259,322386,0.16
RJE,RJE01,2017/18,48827,333619,0.15
RJE,RJE01,2018/19,50225,330806,0.15
RJE,RJE01,2019/20,46384,339738,0.14
RJE,RJE01,2020/21,26772,281256,0.1
RJE,RJE01,2021/22,36513,314356,0.12
RJE,RJE01,2022/23,42678,330806,0.13
RJE,RJE01,2023/24,31877,254820,0.13
RJE,RJE08,2016/17,16930,123,137.64
RJE,RJE08,2017/18,0,95,0
RJE,RJE08,2018/19,0,115,0
RJE,RJE09,2014/15,1869,29227,0.06
RJE,RJE09,2015/16,2640,52295,0.05
RJE,RJE09,2016/17,4206,50404,0.08
RJE,RJE09,2017/18,4504,58191,0.08
RJE,RJE09,2018/19,6255,55406,0.11
RJE,RJE09,2019/20,5049,57859,0.09
RJE,RJE09,2020/21,2348,42570,0.06
RJE,RJE09,2021/22,3537,50116,0.07
RJE,RJE09,2022/23,4247,54575,0.08
RJE,RJE09,2023/24,1471,38457,0.04
RJE,RJE51,2016/17,9384,0,9384
RJE,RJE82,2015/16,630,74,8.51
RJE,RJE82,2016/17,271,25,10.84
RJE,T7C7N,2023/24,1230,6,205
RJF,RJF02,2008/09,13995,93399,0.15
RJF,RJF02,2009/10,13905,108387,0.13
RJF,RJF02,2010/11,14634,102428,0.14
RJF,RJF02,2011/12,13446,97815,0.14
RJF,RJF02,2012/13,11857,100731,0.12
RJF,RJF02,2013/14,10133,103348,0.1
RJF,RJF02,2014/15,9999,109532,0.09
RJF,RJF02,2015/16,8901,113961,0.08
RJF,RJF02,2016/17,9656,131334,0.07
RJF,RJF02,2017/18,9898,133447,0.07
RJF,RJF02,2018/19,2547,30969,0.08
RJF,RJF04,2011/12,0,521,0
RJF,RJF04,2012/13,1,170,0.01
RJF,RJF04,2013/14,0,132,0
RJF,RJF04,2014/15,2,52,0.04
RJF,RJF04,2015/16,0,48,0
RJF,RJF04,2016/17,69,2141,0.03
RJF,RJF04,2017/18,73,2104,0.03
RJF,RJF04,2018/19,11,159,0.07
RJF,RJF05,2011/12,0,432,0
RJF,RJF05,2012/13,86,272,0.32
RJF,RJF05,2013/14,16,96,0.17
RJF,RJF05,2014/15,41,65,0.63
RJF,RJF05,2015/16,21,32,0.66
RJF,RJF05,2016/17,10,530,0.02
RJF,RJF05,2017/18,47,695,0.07
RJF,RJF05,2018/19,0,93,0
RJL,M5V2U,2023/24,110,275,0.4
RJL,Q8U9Z,2023/24,249,209,1.19
RJL,RJL30,2008/09,19846,92970,0.21
RJL,RJL30,2009/10,17858,96565,0.18
RJL,RJL30,2010/11,15462,96134,0.16
RJL,RJL30,2011/12,14487,99687,0.15
RJL,RJL30,2012/13,13338,96970,0.14
RJL,RJL30,2013/14,12239,96619,0.13
RJL,RJL30,2014/15,10596,99662,0.11
RJL,RJL30,2015/16,9374,104890,0.09
RJL,RJL30,2016/17,8892,110525,0.08
RJL,RJL30,2017/18,8131,110735,0.07
RJL,RJL30,2018/19,8956,109216,0.08
RJL,RJL30,2019/20,8123,108202,0.08
RJL,RJL30,2020/21,5119,87700,0.06
RJL,RJL30,2021/22,7044,96890,0.07
RJL,RJL30,2022/23,6548,110685,0.06
RJL,RJL30,2023/24,3892,75767,0.05
RJL,RJL31,2008/09,1316,6569,0.2
RJL,RJL31,2009/10,97,6417,0.02
RJL,RJL31,2010/11,166,7973,0.02
RJL,RJL31,2011/12,1925,6602,0.29
RJL,RJL31,2012/13,2596,1819,1.43
RJL,RJL31,2013/14,2020,148,13.65
RJL,RJL31,2014/15,2127,50,42.54
RJL,RJL31,2015/16,1979,330,6
RJL,RJL31,2016/17,2179,112,19.46
RJL,RJL31,2017/18,2075,140,14.82
RJL,RJL31,2018/19,3058,745,4.1
RJL,RJL31,2019/20,3297,1810,1.82
RJL,RJL31,2020/21,1208,3179,0.38
RJL,RJL31,2021/22,1637,2136,0.77
RJL,RJL31,2022/23,1532,1672,0.92
RJL,RJL31,2023/24,660,1183,0.56
RJL,RJL32,2008/09,13313,81957,0.16
RJL,RJL32,2009/10,12548,84446,0.15
RJL,RJL32,2010/11,11327,84535,0.13
RJL,RJL32,2011/12,10830,88142,0.12
RJL,RJL32,2012/13,9864,95724,0.1
RJL,RJL32,2013/14,9304,98343,0.09
RJL,RJL32,2014/15,9026,107479,0.08
RJL,RJL32,2015/16,7848,107531,0.07
RJL,RJL32,2016/17,7471,101888,0.07
RJL,RJL32,2017/18,6150,99439,0.06
RJL,RJL32,2018/19,5475,105992,0.05
RJL,RJL32,2019/20,5252,103653,0.05
RJL,RJL32,2020/21,2013,86109,0.02
RJL,RJL32,2021/22,3564,96061,0.04
RJL,RJL32,2022/23,3821,104343,0.04
RJL,RJL32,2023/24,4856,74449,0.07
RJL,RJL99,2008/09,2,0,2
RJL,RJLT1,2008/09,2618,15,174.53
RJL,RJLT1,2009/10,2940,258,11.4
RJL,RJLT1,2010/11,2876,174,16.53
RJL,RJLT1,2011/12,1232,54,22.81
RJL,T9F5R,2023/24,520,516,1.01
RJN,RJN00,2008/09,22,0,22
RJN,RJN00,2009/10,3,0,3
RJN,RJN00,2010/11,17,0,17
RJN,RJN03,2011/12,250,0,250
RJN,RJN03,2012/13,253,19,13.32
RJN,RJN03,2013/14,163,0,163
RJN,RJN03,2014/15,282,0,282
RJN,RJN03,2015/16,107,0,107
RJN,RJN03,2018/19,78,0,78
RJN,RJN03,2019/20,28,0,28
RJN,RJN03,2020/21,5,0,5
RJN,RJN38,2011/12,123,0,123
RJN,RJN38,2012/13,21,0,21
RJN,RJN40,2011/12,34,0,34
RJN,RJN63,2008/09,35,213,0.16
RJN,RJN63,2009/10,91,286,0.32
RJN,RJN68,2008/09,0,360,0
RJN,RJN68,2009/10,0,397,0
RJN,RJN71,2008/09,9866,93553,0.11
RJN,RJN71,2009/10,9670,96241,0.1
RJN,RJN71,2010/11,9488,91694,0.1
RJN,RJN71,2011/12,8121,94560,0.09
RJN,RJN71,2012/13,7657,99676,0.08
RJN,RJN71,2013/14,7122,93481,0.08
RJN,RJN71,2014/15,5434,94567,0.06
RJN,RJN71,2015/16,6701,86773,0.08
RJN,RJN71,2016/17,4535,89729,0.05
RJN,RJN71,2017/18,4533,87823,0.05
RJN,RJN71,2018/19,4884,88277,0.06
RJN,RJN71,2019/20,4694,93917,0.05
RJN,RJN71,2020/21,1941,76732,0.03
RJN,RJN71,2021/22,2875,91071,0.03
RJN,RJN71,2022/23,3543,106363,0.03
RJN,RJN71,2023/24,3208,67390,0.05
RJR,RJR00,2008/09,15438,98998,0.16
RJR,RJR00,2009/10,89,7739,0.01
RJR,RJR00,2018/19,117,0,117
RJR,RJR00,2019/20,109,0,109
RJR,RJR00,2020/21,44,2,22
RJR,RJR00,2021/22,3,6662,0
RJR,RJR00,2022/23,0,3051,0
RJR,RJR00,2023/24,11,22,0.5
RJR,RJR05,2009/10,14485,104645,0.14
RJR,RJR05,2010/11,13030,110373,0.12
RJR,RJR05,2011/12,12688,109251,0.12
RJR,RJR05,2012/13,11830,112426,0.11
RJR,RJR05,2013/14,12491,126252,0.1
RJR,RJR05,2014/15,15281,155723,0.1
RJR,RJR05,2015/16,15930,151235,0.11
RJR,RJR05,2016/17,13801,156578,0.09
RJR,RJR05,2017/18,12664,162129,0.08
RJR,RJR05,2018/19,13448,163148,0.08
RJR,RJR05,2019/20,11573,176984,0.07
RJR,RJR05,2020/21,7181,149535,0.05
RJR,RJR05,2021/22,10376,156677,0.07
RJR,RJR05,2022/23,8886,151202,0.06
RJR,RJR05,2023/24,5392,112860,0.05
RJR,RJR0A,2018/19,20,0,20
RJR,RJR0A,2019/20,7,0,7
RJR,RJR60,2011/12,1201,1212,0.99
RJR,RJR60,2012/13,2602,3938,0.66
RJR,RJR60,2013/14,798,1605,0.5
RJR,RJR60,2014/15,161,268,0.6
RJR,RJR60,2015/16,158,4286,0.04
RJR,RJR60,2016/17,125,98,1.28
RJR,RJR60,2017/18,185,20,9.25
RJR,RJR60,2018/19,337,129,2.61
RJR,RJR60,2019/20,325,25,13
RJR,RJR60,2020/21,24,308,0.08
RJR,RJR60,2021/22,102,21810,0
RJR,RJR60,2022/23,248,35465,0.01
RJR,RJR60,2023/24,218,26354,0.01
RJX,RJX00,2008/09,296,0,296
RJX,RJX00,2010/11,628,0,628
RJX,RJX00,2012/13,3085,0,3085
RJX,RJX04,2008/09,133,0,133
RJX,RJX04,2009/10,2706,0,2706
RJX,RJX04,2010/11,5512,0,5512
RJX,RJX04,2011/12,8333,985,8.46
RJX,RJX04,2012/13,13747,102,134.77
RJX,RJX04,2013/14,10391,0,10391
RJX,RJX04,2014/15,22592,0,22592
RJX,RJX05,2011/12,143,0,143
RJX,RJX05,2012/13,4233,0,4233
RJX,RJX05,2013/14,2011,0,2011
RJX,RJX05,2014/15,3567,0,3567
RJX,RJX51,2011/12,889,0,889
RJX,RJX51,2012/13,2803,0,2803
RJX,RJX51,2013/14,1824,0,1824
RJX,RJX51,2014/15,2038,0,2038
RJZ,RJZ00,2013/14,3714,61,60.89
RJZ,RJZ00,2014/15,1995,813,2.45
RJZ,RJZ00,2015/16,693,3930,0.18
RJZ,RJZ01,2008/09,70981,154328,0.46
RJZ,RJZ01,2009/10,72097,174790,0.41
RJZ,RJZ01,2010/11,71978,162108,0.44
RJZ,RJZ01,2011/12,77154,171498,0.45
RJZ,RJZ01,2012/13,78415,194061,0.4
RJZ,RJZ01,2013/14,86633,222881,0.39
RJZ,RJZ01,2014/15,88843,226748,0.39
RJZ,RJZ01,2015/16,78049,206240,0.38
RJZ,RJZ01,2016/17,72413,215923,0.34
RJZ,RJZ01,2017/18,71160,219132,0.32
RJZ,RJZ01,2018/19,73311,212046,0.35
RJZ,RJZ01,2019/20,75503,209581,0.36
RJZ,RJZ01,2020/21,48781,189047,0.26
RJZ,RJZ01,2021/22,63619,202698,0.31
RJZ,RJZ01,2022/23,63627,221485,0.29
RJZ,RJZ01,2023/24,31154,112981,0.28
RJZ,RJZ03,2008/09,21,0,21
RJZ,RJZ03,2009/10,22,0,22
RJZ,RJZ03,2010/11,22,0,22
RJZ,RJZ03,2011/12,1,0,1
RJZ,RJZ10,2013/14,211,0,211
RJZ,RJZ10,2014/15,1052,0,1052
RJZ,RJZ10,2015/16,13,0,13
RJZ,RJZ10,2016/17,14,0,14
RJZ,RJZ10,2017/18,40,0,40
RJZ,RJZ10,2018/19,7,0,7
RJZ,RJZ10,2019/20,14,0,14
RJZ,RJZ10,2020/21,8,0,8
RJZ,RJZ10,2021/22,30,0,30
RJZ,RJZ10,2022/23,130,0,130
RJZ,RJZ10,2023/24,0,0,0
RJZ,RJZ12,2008/09,21,0,21
RJZ,RJZ12,2009/10,1061,673,1.58
RJZ,RJZ12,2010/11,2472,487,5.08
RJZ,RJZ12,2011/12,2037,89,22.89
RJZ,RJZ12,2012/13,2549,0,2549
RJZ,RJZ12,2013/14,1106,0,1106
RJZ,RJZ12,2014/15,2108,707,2.98
RJZ,RJZ12,2015/16,1227,1891,0.65
RJZ,RJZ30,2013/14,4377,55628,0.08
RJZ,RJZ30,2014/15,10214,140837,0.07
RJZ,RJZ30,2015/16,8818,149100,0.06
RJZ,RJZ30,2016/17,8211,152447,0.05
RJZ,RJZ30,2017/18,9146,152137,0.06
RJZ,RJZ30,2018/19,8671,145432,0.06
RJZ,RJZ30,2019/20,9430,140802,0.07
RJZ,RJZ30,2020/21,6062,129976,0.05
RJZ,RJZ30,2021/22,7555,143493,0.05
RJZ,RJZ30,2022/23,8322,147361,0.06
RJZ,RJZ30,2023/24,5102,76718,0.07
RJZ,RJZ31,2014/15,0,5,0
RJZ,RJZ31,2017/18,22,0,22
RJZ,RJZ31,2018/19,85,0,85
RJZ,RJZ31,2019/20,125,0,125
RJZ,RJZ31,2020/21,36,0,36
RJZ,RJZ31,2021/22,53,0,53
RJZ,RJZ31,2022/23,10,0,10
RJZ,RJZ31,2023/24,0,0,0
RJZ,RJZ33,2008/09,187,0,187
RJZ,RJZ33,2009/10,322,0,322
RJZ,RJZ33,2010/11,270,0,270
RJZ,RJZ33,2011/12,110,0,110
RJZ,RJZ33,2012/13,208,0,208
RJZ,RJZ33,2013/14,724,0,724
RJZ,RJZ33,2014/15,243,0,243
RJZ,RJZ33,2015/16,251,0,251
RJZ,RJZ33,2016/17,102,0,102
RJZ,RJZ33,2017/18,123,0,123
RJZ,RJZ33,2018/19,149,0,149
RJZ,RJZ33,2019/20,156,22,7.09
RJZ,RJZ33,2020/21,187,0,187
RJZ,RJZ33,2021/22,132,0,132
RJZ,RJZ33,2022/23,143,0,143
RJZ,RJZ33,2023/24,29,0,29
RJZ,RJZ67,2013/14,0,0,0
RJZ,RJZ68,2013/14,1130,18708,0.06
RJZ,RJZ70,2013/14,1369,0,1369
RJZ,RJZ70,2014/15,4279,512,8.36
RJZ,RJZ70,2015/16,8512,5055,1.68
RJZ,RJZ70,2016/17,10124,9561,1.06
RJZ,RJZ70,2017/18,9684,26045,0.37
RJZ,RJZ70,2018/19,7112,27035,0.26
RJZ,RJZ70,2019/20,6602,33947,0.19
RJZ,RJZ70,2020/21,4490,31512,0.14
RJZ,RJZ70,2021/22,5684,34567,0.16
RJZ,RJZ70,2022/23,5810,34091,0.17
RJZ,RJZ70,2023/24,2963,17808,0.17
RK5,RK5BC,2008/09,21346,144336,0.15
RK5,RK5BC,2009/10,21462,148871,0.14
RK5,RK5BC,2010/11,20443,156887,0.13
RK5,RK5BC,2011/12,19164,170623,0.11
RK5,RK5BC,2012/13,17463,195578,0.09
RK5,RK5BC,2013/14,16657,199216,0.08
RK5,RK5BC,2014/15,15623,209654,0.07
RK5,RK5BC,2015/16,15224,189738,0.08
RK5,RK5BC,2016/17,13192,185831,0.07
RK5,RK5BC,2017/18,12786,176372,0.07
RK5,RK5BC,2018/19,12677,183179,0.07
RK5,RK5BC,2019/20,12499,184880,0.07
RK5,RK5BC,2020/21,6435,142268,0.05
RK5,RK5BC,2021/22,9241,183156,0.05
RK5,RK5BC,2022/23,11064,214129,0.05
RK5,RK5BC,2023/24,7877,161585,0.05
RK5,RK5BL,2008/09,686,59,11.63
RK5,RK5BL,2009/10,41,22,1.86
RK5,RK5BL,2011/12,246,80,3.08
RK5,RK5BL,2012/13,149,206,0.72
RK5,RK5BL,2013/14,1395,314,4.44
RK5,RK5BL,2014/15,2192,373,5.88
RK5,RK5BL,2015/16,922,531,1.74
RK5,RK5BL,2016/17,1101,242,4.55
RK5,RK5BL,2017/18,817,396,2.06
RK5,RK5BL,2018/19,1465,253,5.79
RK5,RK5BL,2019/20,96,57,1.68
RK5,RK5BL,2023/24,22,0,22
RK5,RK5FJ,2011/12,2517,87,28.93
RK5,RK5FJ,2012/13,2937,175,16.78
RK5,RK5FJ,2013/14,736,38,19.37
RK5,RK5HP,2008/09,1830,14608,0.13
RK5,RK5HP,2009/10,2146,16166,0.13
RK5,RK5HP,2010/11,2071,15146,0.14
RK5,RK5HP,2011/12,1736,5554,0.31
RK5,RK5HP,2012/13,1756,3388,0.52
RK5,RK5HP,2013/14,2196,4093,0.54
RK5,RK5HP,2014/15,1877,3905,0.48
RK5,RK5HP,2015/16,418,5070,0.08
RK5,RK5HP,2016/17,366,2789,0.13
RK5,RK5HP,2017/18,390,1611,0.24
RK5,RK5HP,2018/19,923,681,1.36
RK5,RK5HP,2019/20,1141,481,2.37
RK5,RK5HP,2020/21,700,168,4.17
RK5,RK5HP,2021/22,933,57,16.37
RK5,RK5HP,2022/23,725,4,181.25
RK5,RK5HP,2023/24,345,53,6.51
RK9,E8R5L,2021/22,311,0,311
RK9,E8R5L,2022/23,238,0,238
RK9,E8R5L,2023/24,157,0,157
RK9,K1E8C,2022/23,8,0,8
RK9,K1E8C,2023/24,0,0,0
RK9,N5C7Z,2022/23,0,0,0
RK9,N5C7Z,2023/24,3,0,3
RK9,RK900,2018/19,0,34,0
RK9,RK900,2019/20,0,3,0
RK9,RK900,2020/21,3,56,0.05
RK9,RK900,2021/22,2,0,2
RK9,RK900,2022/23,0,1,0
RK9,RK901,2008/09,0,773,0
RK9,RK901,2021/22,74,0,74
RK9,RK901,2023/24,48,336,0.14
RK9,RK903,2012/13,1,0,1
RK9,RK903,2020/21,35,0,35
RK9,RK920,2011/12,25,0,25
RK9,RK920,2012/13,7,0,7
RK9,RK920,2014/15,0,0,0
RK9,RK920,2018/19,1,0,1
RK9,RK922,2008/09,2,0,2
RK9,RK922,2009/10,45,0,45
RK9,RK922,2010/11,14,0,14
RK9,RK922,2011/12,0,1,0
RK9,RK922,2012/13,4,0,4
RK9,RK922,2013/14,0,0,0
RK9,RK922,2014/15,5,4,1.25
RK9,RK922,2015/16,8,0,8
RK9,RK922,2016/17,3,0,3
RK9,RK922,2017/18,5,0,5
RK9,RK922,2018/19,3,0,3
RK9,RK922,2021/22,26,288,0.09
RK9,RK922,2022/23,1,136,0.01
RK9,RK922,2023/24,2,108,0.02
RK9,RK935,2011/12,1,0,1
RK9,RK935,2012/13,36,0,36
RK9,RK935,2013/14,7,0,7
RK9,RK935,2014/15,2,0,2
RK9,RK935,2015/16,0,0,0
RK9,RK935,2016/17,2,0,2
RK9,RK935,2021/22,30,12,2.5
RK9,RK935,2022/23,61,180,0.34
RK9,RK935,2023/24,25,115,0.22
RK9,RK950,2008/09,63747,201493,0.32
RK9,RK950,2009/10,61152,228359,0.27
RK9,RK950,2010/11,58787,221111,0.27
RK9,RK950,2011/12,56053,205403,0.27
RK9,RK950,2012/13,53161,218154,0.24
RK9,RK950,2013/14,51544,226348,0.23
RK9,RK950,2014/15,47808,243189,0.2
RK9,RK950,2015/16,43952,248687,0.18
RK9,RK950,2016/17,43408,254954,0.17
RK9,RK950,2017/18,39156,262335,0.15
RK9,RK950,2018/19,38537,260484,0.15
RK9,RK950,2019/20,39053,265392,0.15
RK9,RK950,2020/21,25137,229963,0.11
RK9,RK950,2021/22,28576,283446,0.1
RK9,RK950,2022/23,36362,315605,0.12
RK9,RK950,2023/24,25805,248749,0.1
RK9,RK953,2008/09,388,360,1.08
RK9,RK953,2009/10,378,303,1.25
RK9,RK953,2010/11,151,127,1.19
RK9,RK953,2011/12,23,3,7.67
RK9,RK953,2012/13,15,1,15
RK9,RK954,2019/20,0,0,0
RK9,RK954,2021/22,2,0,2
RK9,RK955,2012/13,0,0,0
RK9,RK956,2008/09,34,0,34
RK9,RK956,2009/10,0,33,0
RK9,RK956,2010/11,0,4,0
RK9,RK958,2008/09,6,0,6
RK9,RK959,2011/12,0,0,0
RK9,RK959,2014/15,10,0,10
RK9,RK959,2015/16,1,0,1
RK9,RK959,2021/22,2,8,0.25
RK9,RK959,2022/23,61,355,0.17
RK9,RK959,2023/24,151,149,1.01
RK9,RK960,2022/23,397,0,397
RK9,RK960,2023/24,272,1,272
RK9,RK967,2013/14,17,0,17
RK9,RK967,2014/15,93,0,93
RK9,RK967,2015/16,206,0,206
RK9,RK967,2016/17,156,0,156
RK9,RK967,2017/18,504,0,504
RK9,RK967,2018/19,1817,0,1817
RK9,RK967,2019/20,2843,0,2843
RK9,RK967,2020/21,593,0,593
RK9,RK967,2021/22,1,0,1
RK9,RK968,2013/14,5,0,5
RK9,RK968,2014/15,23,0,23
RK9,RK968,2015/16,5,0,5
RK9,RK968,2016/17,24,0,24
RK9,RK968,2018/19,5,0,5
RK9,RK968,2020/21,1367,649,2.11
RK9,RK968,2021/22,18,0,18
RK9,RK973,2015/16,609,0,609
RK9,RK976,2017/18,5,0,5
RK9,RK976,2018/19,4,0,4
RK9,RK976,2019/20,20,0,20
RK9,RK976,2020/21,42,0,42
RK9,RK976,2021/22,88,0,88
RK9,RK976,2022/23,12,0,12
RK9,RK976,2023/24,19,0,19
RK9,RK982,2019/20,881,0,881
RK9,RK982,2021/22,1185,0,1185
RK9,RK982,2022/23,1430,0,1430
RK9,RK982,2023/24,981,0,981
RK9,RK984,2020/21,2,2,1
RK9,T3Z1X,2022/23,55,0,55
RK9,T3Z1X,2023/24,19,0,19
RK9,Z0O0U,2022/23,0,0,0
RKB,RKB00,2015/16,6,0,6
RKB,RKB00,2018/19,128,0,128
RKB,RKB00,2019/20,18,36,0.5
RKB,RKB00,2020/21,32,32,1
RKB,RKB00,2021/22,4,112,0.04
RKB,RKB00,2022/23,0,79,0
RKB,RKB00,2023/24,0,120,0
RKB,RKB01,2008/09,55925,234139,0.24
RKB,RKB01,2009/10,56382,265108,0.21
RKB,RKB01,2010/11,51433,284183,0.18
RKB,RKB01,2011/12,51060,288824,0.18
RKB,RKB01,2012/13,46809,291087,0.16
RKB,RKB01,2013/14,42261,299219,0.14
RKB,RKB01,2014/15,40260,314082,0.13
RKB,RKB01,2015/16,41295,301668,0.14
RKB,RKB01,2016/17,40950,311197,0.13
RKB,RKB01,2017/18,41000,307613,0.13
RKB,RKB01,2018/19,39842,304981,0.13
RKB,RKB01,2019/20,37108,321570,0.12
RKB,RKB01,2020/21,22115,253826,0.09
RKB,RKB01,2021/22,29691,294234,0.1
RKB,RKB01,2022/23,30596,323375,0.09
RKB,RKB01,2023/24,13186,237745,0.06
RKB,RKB03,2008/09,7307,9779,0.75
RKB,RKB03,2009/10,6744,8811,0.77
RKB,RKB03,2010/11,7608,7605,1
RKB,RKB03,2011/12,7110,6534,1.09
RKB,RKB03,2012/13,6586,4359,1.51
RKB,RKB03,2013/14,6150,1446,4.25
RKB,RKB03,2014/15,6873,766,8.97
RKB,RKB03,2015/16,6893,3520,1.96
RKB,RKB03,2016/17,6784,265,25.6
RKB,RKB03,2017/18,7063,568,12.43
RKB,RKB03,2018/19,7106,124,57.31
RKB,RKB03,2019/20,6564,121,54.25
RKB,RKB03,2020/21,2805,551,5.09
RKB,RKB03,2021/22,4655,184,25.3
RKB,RKB03,2022/23,4204,73,57.59
RKB,RKB03,2023/24,126,102,1.24
RKB,RKB13,2009/10,8,0,8
RKB,RKB13,2011/12,35,0,35
RKB,RKB13,2012/13,17,0,17
RKB,RKB13,2013/14,132,0,132
RKB,RKB13,2014/15,235,0,235
RKB,RKB13,2015/16,76,0,76
RKB,RKB13,2016/17,3,0,3
RKB,RKB13,2020/21,77,0,77
RKB,RKB15,2008/09,78,0,78
RKB,RKB15,2009/10,4,0,4
RKB,RKB15,2016/17,171,0,171
RKB,RKB15,2017/18,1,0,1
RKB,RKB15,2018/19,117,0,117
RKB,RKB15,2019/20,17,0,17
RKB,RKB16,2009/10,1,0,1
RKB,RKB18,2008/09,97,0,97
RKB,RKB18,2009/10,319,0,319
RKB,RKB18,2010/11,19,0,19
RKB,RKB18,2011/12,417,0,417
RKB,RKB18,2012/13,1097,0,1097
RKB,RKB18,2013/14,949,0,949
RKB,RKB18,2014/15,1062,0,1062
RKB,RKB18,2015/16,499,11,45.36
RKB,RKB18,2016/17,267,0,267
RKB,RKB18,2017/18,446,0,446
RKB,RKB18,2018/19,241,0,241
RKB,RKB18,2019/20,108,0,108
RKB,RKB18,2020/21,1000,10,100
RKB,RKB18,2021/22,20,0,20
RKB,RKB18,2022/23,82,0,82
RKB,RKB18,2023/24,27,0,27
RKB,RKB19,2017/18,9,0,9
RKB,RKB32,2014/15,3,0,3
RKB,RKB32,2015/16,2,0,2
RKB,RKB33,2017/18,5,0,5
RKB,RKB33,2018/19,100,0,100
RKB,RKB33,2019/20,15,0,15
RKB,RKB33,2021/22,46,0,46
RKB,RKB33,2022/23,2,0,2
RKB,RKB33,2023/24,0,0,0
RKB,RKB34,2015/16,1,0,1
RKB,RKB36,2022/23,32,0,32
RKB,RKB36,2023/24,949,0,949
RKB,V9T3X,2023/24,2618,29,90.28
RKB,Z1R8K,2023/24,8754,487,17.98
RKE,RKE00,2014/15,0,0,0
RKE,RKEHC,2014/15,1,0,1
RKE,RKEQ4,2008/09,8414,81689,0.1
RKE,RKEQ4,2009/10,8248,88662,0.09
RKE,RKEQ4,2010/11,8050,90735,0.09
RKE,RKEQ4,2011/12,7048,80951,0.09
RKE,RKEQ4,2012/13,6923,79436,0.09
RKE,RKEQ4,2013/14,8751,102096,0.09
RKE,RKEQ4,2014/15,12335,89082,0.14
RKE,RKEQ4,2015/16,10367,83682,0.12
RKE,RKEQ4,2016/17,9748,85355,0.11
RKE,RKEQ4,2017/18,7493,81010,0.09
RKE,RKEQ4,2018/19,7691,81380,0.09
RKE,RKEQ4,2019/20,7194,80292,0.09
RKE,RKEQ4,2020/21,2109,65236,0.03
RKE,RKEQ4,2021/22,2902,78803,0.04
RKE,RKEQ4,2022/23,4508,86429,0.05
RKE,RKEQ4,2023/24,2668,65346,0.04
RKL,RKL00,2008/09,25328,37741,0.67
RKL,RKL00,2009/10,52643,64571,0.82
RKL,RKL00,2010/11,61486,68765,0.89
RKL,RKL00,2011/12,24050,28209,0.85
RKL,RKL00,2012/13,16728,9708,1.72
RKL,RKL00,2013/14,18149,9830,1.85
RKL,RKL00,2014/15,11891,7530,1.58
RKL,RKL01,2011/12,6042,23688,0.26
RKL,RKL01,2012/13,3014,11216,0.27
RKL,RKL01,2013/14,995,4420,0.23
RKL,RKL01,2014/15,0,1905,0
RKL,RKL14,2011/12,1949,9003,0.22
RKL,RKL14,2012/13,1273,14548,0.09
RKL,RKL14,2013/14,879,13689,0.06
RKL,RKL14,2014/15,2433,24025,0.1
RKL,RKL14,2015/16,1969,29114,0.07
RKL,RKL14,2016/17,0,33554,0
RKL,RKL14,2017/18,2534,31323,0.08
RKL,RKL19,2016/17,990,274,3.61
RKL,RKL19,2017/18,4913,486,10.11
RKL,RKL25,2011/12,156,1284,0.12
RKL,RKL30,2011/12,2161,6575,0.33
RKL,RKL30,2012/13,6158,10489,0.59
RKL,RKL30,2013/14,7907,7656,1.03
RKL,RKL30,2014/15,1676,3759,0.45
RKL,RKL48,2011/12,5076,0,5076
RKL,RKL48,2012/13,4381,0,4381
RKL,RKL48,2013/14,4305,0,4305
RKL,RKL48,2014/15,4030,0,4030
RKL,RKL48,2015/16,4330,0,4330
RKL,RKL48,2016/17,5188,0,5188
RKL,RKL48,2017/18,3790,0,3790
RKL,RKL62,2011/12,1354,21,64.48
RKL,RKL62,2012/13,1301,0,1301
RKL,RKL62,2014/15,0,47,0
RKL,RKL62,2015/16,2832,1173,2.41
RKL,RKL62,2016/17,0,1961,0
RKL,RKL62,2017/18,707,1827,0.39
RKL,RKL67,2011/12,2812,589,4.77
RKL,RKL67,2012/13,10150,19570,0.52
RKL,RKL67,2013/14,11839,30809,0.38
RKL,RKL67,2014/15,26845,32030,0.84
RKL,RKL67,2015/16,45574,36780,1.24
RKL,RKL67,2016/17,42080,30651,1.37
RKL,RKL67,2017/18,34900,36881,0.95
RKL,RKL72,2011/12,4838,358,13.51
RKL,RKL72,2012/13,10693,2014,5.31
RKL,RKL72,2013/14,8504,1134,7.5
RKL,RKL72,2014/15,10017,3269,3.06
RKL,RKL72,2015/16,11527,546,21.11
RKL,RKL72,2016/17,7101,1499,4.74
RKL,RKL72,2017/18,17474,2575,6.79
RKL,RKL79,2011/12,6514,12812,0.51
RKL,RKL79,2012/13,7461,23112,0.32
RKL,RKL79,2013/14,3585,29541,0.12
RKL,RKL79,2014/15,1567,31721,0.05
RKL,RKL79,2015/16,750,33610,0.02
RKL,RKL79,2016/17,54,38747,0
RKL,RKL79,2017/18,476,32994,0.01
RL1,P1W4W,2022/23,12,0,12
RL1,RL100,2008/09,152,0,152
RL1,RL100,2009/10,100,0,100
RL1,RL100,2010/11,20,0,20
RL1,RL100,2011/12,7,0,7
RL1,RL100,2012/13,166,0,166
RL1,RL100,2013/14,141,0,141
RL1,RL100,2014/15,56,0,56
RL1,RL100,2015/16,372,0,372
RL1,RL100,2016/17,360,0,360
RL1,RL130,2016/17,226,0,226
RL1,RL130,2017/18,24,0,24
RL1,RL131,2008/09,23878,6372,3.75
RL1,RL131,2009/10,24811,8619,2.88
RL1,RL131,2010/11,24992,3336,7.49
RL1,RL131,2011/12,22518,4249,5.3
RL1,RL131,2012/13,21616,3506,6.17
RL1,RL131,2013/14,20750,3073,6.75
RL1,RL131,2014/15,30481,2246,13.57
RL1,RL131,2015/16,28748,1693,16.98
RL1,RL131,2016/17,28627,1692,16.92
RL1,RL131,2017/18,30183,1874,16.11
RL1,RL131,2018/19,27824,2114,13.16
RL1,RL131,2019/20,28121,2987,9.41
RL1,RL131,2020/21,9375,8823,1.06
RL1,RL131,2021/22,20496,2736,7.49
RL1,RL131,2022/23,22716,3598,6.31
RL1,RL131,2023/24,14692,2517,5.84
RL1,RL132,2016/17,16,0,16
RL4,RL400,2008/09,556,287,1.94
RL4,RL403,2008/09,36977,150545,0.25
RL4,RL403,2009/10,37297,166267,0.22
RL4,RL403,2010/11,38178,170605,0.22
RL4,RL403,2011/12,35696,177221,0.2
RL4,RL403,2012/13,32213,191324,0.17
RL4,RL403,2013/14,29183,193377,0.15
RL4,RL403,2014/15,30056,212151,0.14
RL4,RL403,2015/16,28742,220359,0.13
RL4,RL403,2016/17,26424,232135,0.11
RL4,RL403,2017/18,22848,231831,0.1
RL4,RL403,2018/19,25765,235496,0.11
RL4,RL403,2019/20,24430,240736,0.1
RL4,RL403,2020/21,14845,205274,0.07
RL4,RL403,2021/22,19263,242216,0.08
RL4,RL403,2022/23,18756,265025,0.07
RL4,RL403,2023/24,15112,193481,0.08
RL4,RL408,2014/15,3,0,3
RL4,RL408,2019/20,0,0,0
RL4,RL408,2020/21,241,0,241
RL4,RL408,2021/22,31,0,31
RL4,RL408,2022/23,17,0,17
RL4,RL4CD,2011/12,806,89,9.06
RL4,RL4CD,2012/13,208,185,1.12
RL4,RL4CD,2013/14,144,0,144
RL4,RL4CD,2014/15,204,114,1.79
RL4,RL4CD,2015/16,360,82,4.39
RL4,RL4CD,2016/17,665,339,1.96
RL4,RL4CD,2017/18,1290,46,28.04
RL4,RL4CD,2018/19,795,191,4.16
RL4,RL4CD,2019/20,530,181,2.93
RL4,RL4CD,2020/21,179,132,1.36
RL4,RL4CD,2021/22,203,98,2.07
RL4,RL4CD,2022/23,109,116,0.94
RL4,RL4CD,2023/24,298,320,0.93
RL4,RL4TA,2014/15,204,0,204
RL4,RL4TA,2015/16,28,0,28
RL4,RL4TC,2014/15,1749,60,29.15
RL4,RL4TC,2015/16,2055,1967,1.04
RL4,RL4TC,2016/17,4277,2220,1.93
RL4,RL4TC,2017/18,5422,1348,4.02
RL4,RL4TC,2018/19,5364,1122,4.78
RL4,RL4TC,2019/20,4966,429,11.58
RL4,RL4TC,2020/21,2020,233,8.67
RL4,RL4TC,2021/22,5299,209,25.35
RL4,RL4TC,2022/23,5099,188,27.12
RL4,RL4TC,2023/24,3066,34,90.18
RLN,RLNDU,2008/09,183,199,0.92
RLN,RLNDU,2009/10,90,1,90
RLN,RLNDU,2010/11,196,32,6.13
RLN,RLNDU,2011/12,108,164,0.66
RLN,RLNDU,2012/13,41,0,41
RLN,RLNDU,2013/14,237,193,1.23
RLN,RLNDU,2014/15,25,23,1.09
RLN,RLNDU,2015/16,21,135,0.16
RLN,RLNDU,2016/17,37,70,0.53
RLN,RLNDU,2017/18,11,2,5.5
RLN,RLNDU,2018/19,13,10,1.3
RLN,RLNDU,2019/20,0,1,0
RLN,RLNDU,2020/21,0,0,0
RLN,RLNDU,2022/23,7,0,7
RLN,RLNDU,2023/24,2,1,2
RLN,RLNGL,2008/09,33387,209532,0.16
RLN,RLNGL,2009/10,34946,228721,0.15
RLN,RLNGL,2010/11,33483,220696,0.15
RLN,RLNGL,2011/12,33452,208340,0.16
RLN,RLNGL,2012/13,30677,213643,0.14
RLN,RLNGL,2013/14,33851,204813,0.17
RLN,RLNGL,2014/15,36458,196153,0.19
RLN,RLNGL,2015/16,33479,182628,0.18
RLN,RLNGL,2016/17,28088,184714,0.15
RLN,RLNGL,2017/18,26292,180606,0.15
RLN,RLNGL,2018/19,25497,183563,0.14
RLN,RLNGM,2008/09,1003,684,1.47
RLN,RLNGM,2009/10,889,933,0.95
RLN,RLNGM,2010/11,842,697,1.21
RLN,RLNGM,2011/12,868,730,1.19
RLN,RLNGM,2012/13,1042,864,1.21
RLN,RLNGM,2013/14,837,679,1.23
RLN,RLNGM,2014/15,914,742,1.23
RLN,RLNGM,2015/16,987,977,1.01
RLN,RLNGM,2016/17,843,883,0.95
RLN,RLNGM,2017/18,725,866,0.84
RLN,RLNGM,2018/19,747,938,0.8
RLN,RLNGP,2008/09,9,38,0.24
RLN,RLNGP,2009/10,333,124,2.69
RLN,RLNGP,2010/11,30,248,0.12
RLN,RLNGT,2008/09,451,4,112.75
RLN,RLNGT,2009/10,147,2,73.5
RLN,RLNGT,2010/11,77,8,9.63
RLN,RLNGT,2011/12,59,6,9.83
RLN,RLNGT,2012/13,43,0,43
RLN,RLNGT,2013/14,18,0,18
RLN,RLNGT,2014/15,13,5,2.6
RLN,RLNGT,2015/16,15,0,15
RLN,RLNGT,2016/17,12,0,12
RLN,RLNGT,2017/18,4,0,4
RLN,RLNGT,2018/19,0,0,0
RLN,RLNQE,2008/09,2112,0,2112
RLN,RLNQE,2009/10,1256,0,1256
RLN,RLNQE,2010/11,59,0,59
RLN,RLNQE,2011/12,5,0,5
RLQ,L7Q9C,2023/24,2,0,2
RLQ,O4C8N,2021/22,1,0,1
RLQ,RLQ00,2017/18,0,40,0
RLQ,RLQ00,2018/19,0,2,0
RLQ,RLQ01,2008/09,11698,57185,0.2
RLQ,RLQ01,2009/10,11904,63240,0.19
RLQ,RLQ01,2010/11,10549,64527,0.16
RLQ,RLQ01,2011/12,12102,86099,0.14
RLQ,RLQ01,2012/13,10828,86721,0.12
RLQ,RLQ01,2013/14,10522,87802,0.12
RLQ,RLQ01,2014/15,10863,94672,0.11
RLQ,RLQ01,2015/16,10195,93586,0.11
RLQ,RLQ01,2016/17,10091,102331,0.1
RLQ,RLQ01,2017/18,8938,102561,0.09
RLQ,RLQ01,2018/19,10077,106384,0.09
RLQ,RLQ01,2019/20,8475,107048,0.08
RLQ,RLQ01,2020/21,3055,83165,0.04
RLQ,RLQ01,2021/22,6197,104538,0.06
RLQ,RLQ01,2022/23,7327,123922,0.06
RLQ,RLQ01,2023/24,5499,93191,0.06
RLQ,RLQ03,2011/12,347,450,0.77
RLQ,RLQ03,2012/13,629,1148,0.55
RLQ,RLQ03,2013/14,191,523,0.37
RLQ,RLQ03,2014/15,365,1065,0.34
RLQ,RLQ03,2015/16,920,1454,0.63
RLQ,RLQ03,2016/17,375,1297,0.29
RLQ,RLQ03,2017/18,57,1094,0.05
RLQ,RLQ03,2018/19,0,831,0
RLQ,RLQ03,2019/20,0,988,0
RLQ,RLQ03,2020/21,0,586,0
RLQ,RLQ03,2021/22,0,430,0
RLQ,RLQ03,2022/23,0,111,0
RLQ,RLQ03,2023/24,0,153,0
RLQ,RLQ06,2011/12,956,253,3.78
RLQ,RLQ06,2012/13,1583,805,1.97
RLQ,RLQ06,2013/14,1715,486,3.53
RLQ,RLQ06,2014/15,1235,659,1.87
RLQ,RLQ06,2015/16,992,1343,0.74
RLQ,RLQ06,2016/17,1032,378,2.73
RLQ,RLQ06,2017/18,203,676,0.3
RLQ,RLQ06,2018/19,0,501,0
RLQ,RLQ06,2019/20,0,805,0
RLQ,RLQ06,2020/21,0,704,0
RLQ,RLQ06,2021/22,0,446,0
RLQ,RLQ06,2022/23,0,86,0
RLQ,RLQ06,2023/24,0,75,0
RLQ,RLQ08,2011/12,1,1193,0
RLQ,RLQ08,2012/13,0,1975,0
RLQ,RLQ08,2013/14,20,1645,0.01
RLQ,RLQ08,2014/15,65,2276,0.03
RLQ,RLQ08,2015/16,37,3142,0.01
RLQ,RLQ08,2016/17,2,2168,0
RLQ,RLQ08,2017/18,7,2450,0
RLQ,RLQ08,2018/19,64,1207,0.05
RLQ,RLQ08,2019/20,11,1557,0.01
RLQ,RLQ08,2020/21,0,927,0
RLQ,RLQ08,2021/22,7,797,0.01
RLQ,RLQ08,2022/23,0,352,0
RLQ,RLQ08,2023/24,1,234,0
RLQ,RLQ14,2011/12,340,61,5.57
RLQ,RLQ14,2012/13,670,305,2.2
RLQ,RLQ14,2013/14,367,367,1
RLQ,RLQ14,2014/15,190,420,0.45
RLQ,RLQ14,2015/16,190,1735,0.11
RLQ,RLQ14,2016/17,146,628,0.23
RLQ,RLQ14,2017/18,45,666,0.07
RLQ,RLQ14,2018/19,0,3,0
RLQ,RLQ15,2011/12,1950,0,1950
RLQ,RLQ15,2012/13,2247,3,749
RLQ,RLQ15,2013/14,2056,0,2056
RLQ,RLQ15,2014/15,2093,0,2093
RLQ,RLQ15,2015/16,1387,0,1387
RLQ,RLQ15,2016/17,617,0,617
RLQ,RLQ16,2012/13,5,0,5
RLQ,RLQ16,2013/14,0,0,0
RLQ,RLQ16,2014/15,0,0,0
RLQ,RLQ16,2015/16,33,0,33
RLQ,RLQ16,2016/17,1,0,1
RLQ,RLQ16,2017/18,8,0,8
RLQ,RLQ16,2018/19,11,0,11
RLQ,RLQ16,2019/20,10,0,10
RLQ,RLQ16,2020/21,63,0,63
RLQ,RLQ16,2021/22,58,0,58
RLQ,RLQ16,2022/23,33,0,33
RLQ,RLQ16,2023/24,2,0,2
RLQ,RLQ20,2012/13,0,0,0
RLQ,RLQ20,2015/16,0,0,0
RLQ,RLQ20,2016/17,0,0,0
RLQ,RLQ21,2018/19,0,0,0
RLQ,RLQ21,2021/22,11,0,11
RLQ,RLQ21,2022/23,32,0,32
RLQ,RLQ21,2023/24,3,0,3
RLQ,RLQ23,2017/18,1,0,1
RLQ,RLQ23,2019/20,1,0,1
RLQ,RLQ96,2016/17,605,0,605
RLQ,RLQ96,2017/18,891,0,891
RLQ,RLQ96,2018/19,716,0,716
RLQ,RLQ96,2019/20,315,0,315
RLQ,RLQ99,2011/12,56,0,56
RLQ,RLQ99,2012/13,4,0,4
RLQ,RLQ99,2013/14,3,0,3
RLQ,RLQ99,2014/15,0,8,0
RLQ,RLQW1,2012/13,271,0,271
RLQ,RLQW1,2013/14,257,0,257
RLQ,RLQW1,2014/15,197,0,197
RLQ,RLQW1,2015/16,204,0,204
RLQ,RLQW1,2016/17,304,0,304
RLQ,RLQW1,2017/18,329,13,25.31
RLQ,RLQW1,2018/19,392,0,392
RLQ,RLQW1,2019/20,361,0,361
RLQ,RLQW1,2020/21,909,12,75.75
RLQ,RLQW1,2021/22,492,0,492
RLQ,RLQW1,2022/23,231,0,231
RLQ,RLQW1,2023/24,335,0,335
RLQ,RLQW5,2012/13,0,0,0
RLQ,RLQW5,2016/17,0,0,0
RLQ,W8Q5A,2022/23,33,0,33
RLT,RLT01,2008/09,8711,87297,0.1
RLT,RLT01,2009/10,9762,103780,0.09
RLT,RLT01,2010/11,8651,100170,0.09
RLT,RLT01,2011/12,7512,92096,0.08
RLT,RLT01,2012/13,6802,92016,0.07
RLT,RLT01,2013/14,6655,88623,0.08
RLT,RLT01,2014/15,7629,92730,0.08
RLT,RLT01,2015/16,6734,88137,0.08
RLT,RLT01,2016/17,5797,91061,0.06
RLT,RLT01,2017/18,5350,90023,0.06
RLT,RLT01,2018/19,5434,95113,0.06
RLT,RLT01,2019/20,4570,101335,0.05
RLT,RLT01,2020/21,2223,81368,0.03
RLT,RLT01,2021/22,4370,94586,0.05
RLT,RLT01,2022/23,6883,110270,0.06
RLT,RLT01,2023/24,9188,81570,0.11
RLT,RLT02,2008/09,185,173,1.07
RLT,RLT02,2009/10,0,244,0
RLU,RLU00,2008/09,3962,3431,1.15
RLU,RLU00,2009/10,3277,4646,0.71
RLU,RLU00,2010/11,3355,3414,0.98
RLU,RLU00,2011/12,1,0,1
RLU,RLU01,2011/12,3014,3809,0.79
RLU,RLU01,2012/13,3209,3846,0.83
RLU,RLU01,2013/14,2606,3153,0.83
RLU,RLU01,2014/15,2609,3421,0.76
RLU,RLU01,2015/16,2475,3269,0.76
RLU,RLU01,2016/17,2383,4300,0.55
RLY,RLY00,2008/09,17374,10594,1.64
RLY,RLY00,2009/10,778,1384,0.56
RLY,RLY00,2010/11,867,0,867
RLY,RLY00,2017/18,0,72,0
RLY,RLY00,2018/19,229,55,4.16
RLY,RLY00,2019/20,299,587,0.51
RLY,RLY00,2020/21,141,743,0.19
RLY,RLY00,2021/22,755,750,1.01
RLY,RLY00,2022/23,0,170,0
RLY,RLY00,2023/24,0,20,0
RLY,RLY10,2008/09,12672,1106,11.46
RLY,RLY10,2009/10,15366,605,25.4
RLY,RLY10,2010/11,4448,757,5.88
RLY,RLY10,2011/12,3204,1410,2.27
RLY,RLY10,2012/13,799,102,7.83
RLY,RLY10,2016/17,0,125,0
RLY,RLY15,2008/09,1019,1996,0.51
RLY,RLY15,2009/10,935,3071,0.3
RLY,RLY15,2010/11,524,2924,0.18
RLY,RLY15,2011/12,376,0,376
RLY,RLY30,2008/09,461,12,38.42
RLY,RLY30,2009/10,1406,26,54.08
RLY,RLY30,2010/11,1578,117,13.49
RLY,RLY30,2011/12,846,57,14.84
RLY,RLY30,2012/13,831,0,831
RLY,RLY33,2008/09,256,289,0.89
RLY,RLY33,2009/10,1596,175,9.12
RLY,RLY33,2010/11,680,992,0.69
RLY,RLY33,2011/12,1594,607,2.63
RLY,RLY33,2012/13,1293,118,10.96
RLY,RLY36,2008/09,1600,0,1600
RLY,RLY36,2009/10,3406,0,3406
RLY,RLY36,2010/11,3069,0,3069
RLY,RLY36,2011/12,2907,1,2907
RLY,RLY36,2012/13,1986,0,1986
RLY,RLY36,2013/14,1613,0,1613
RLY,RLY36,2014/15,1576,0,1576
RLY,RLY36,2015/16,1515,0,1515
RLY,RLY36,2016/17,1401,0,1401
RLY,RLY36,2017/18,1492,0,1492
RLY,RLY36,2018/19,1674,6,279
RLY,RLY36,2019/20,1591,4,397.75
RLY,RLY36,2020/21,652,0,652
RLY,RLY36,2021/22,1364,0,1364
RLY,RLY36,2022/23,1436,0,1436
RLY,RLY36,2023/24,979,0,979
RLY,RLY39,2008/09,508,4,127
RLY,RLY39,2009/10,1038,307,3.38
RLY,RLY39,2010/11,451,698,0.65
RLY,RLY39,2013/14,205,0,205
RLY,RLY39,2014/15,291,0,291
RLY,RLY39,2015/16,164,3527,0.05
RLY,RLY39,2016/17,240,0,240
RLY,RLY39,2017/18,720,1353,0.53
RLY,RLY39,2018/19,977,907,1.08
RLY,RLY39,2019/20,443,46,9.63
RLY,RLY39,2020/21,565,0,565
RLY,RLY39,2022/23,483,0,483
RLY,RLY40,2008/09,586,492,1.19
RLY,RLY40,2009/10,761,499,1.53
RLY,RLY40,2010/11,1160,393,2.95
RLY,RLY40,2011/12,667,693,0.96
RLY,RLY40,2012/13,145,229,0.63
RLY,RLY40,2013/14,0,637,0
RLY,RLY40,2023/24,1332,0,1332
RLY,RLY81,2008/09,0,179,0
RLY,RLY81,2009/10,193,913,0.21
RLY,RLY81,2010/11,1445,720,2.01
RLY,RLY81,2011/12,170,996,0.17
RLY,RLY81,2012/13,238,1453,0.16
RLY,RLY81,2013/14,331,334,0.99
RLY,RLY81,2014/15,0,662,0
RLY,RLY81,2015/16,1033,837,1.23
RLY,RLY81,2016/17,752,1659,0.45
RLY,RLY81,2017/18,635,974,0.65
RLY,RLY81,2018/19,530,313,1.69
RLY,RLY81,2019/20,342,797,0.43
RLY,RLY81,2020/21,149,470,0.32
RLY,RLY81,2021/22,517,419,1.23
RLY,RLY81,2022/23,0,564,0
RLY,RLY81,2023/24,1187,0,1187
RLY,RLY85,2008/09,1727,425,4.06
RLY,RLY85,2009/10,1295,223,5.81
RLY,RLY85,2010/11,818,258,3.17
RLY,RLY85,2011/12,299,493,0.61
RLY,RLY85,2012/13,258,497,0.52
RLY,RLY86,2009/10,3611,160,22.57
RLY,RLY86,2010/11,3546,1337,2.65
RLY,RLY86,2011/12,2661,1085,2.45
RLY,RLY86,2012/13,3052,835,3.66
RLY,RLY86,2013/14,3344,1060,3.15
RLY,RLY86,2014/15,4280,696,6.15
RLY,RLY86,2015/16,3933,587,6.7
RLY,RLY86,2016/17,3433,549,6.25
RLY,RLY86,2017/18,4057,439,9.24
RLY,RLY86,2018/19,2553,1938,1.32
RLY,RLY86,2019/20,3017,943,3.2
RLY,RLY86,2020/21,2243,880,2.55
RLY,RLY86,2021/22,2738,978,2.8
RLY,RLY86,2022/23,2466,970,2.54
RLY,RLY86,2023/24,2434,196,12.42
RLY,RLY87,2009/10,538,0,538
RLY,RLY87,2010/11,272,0,272
RLY,RLY87,2011/12,0,245,0
RLY,RLY87,2013/14,396,0,396
RLY,RLY87,2015/16,2133,3693,0.58
RLY,RLY87,2016/17,614,0,614
RLY,RLY87,2017/18,1830,798,2.29
RLY,RLY87,2018/19,1211,535,2.26
RLY,RLY87,2019/20,3359,0,3359
RLY,RLY87,2020/21,1377,564,2.44
RLY,RLY87,2021/22,735,200,3.67
RLY,RLY87,2022/23,1839,387,4.75
RLY,RLY87,2023/24,385,304,1.27
RLY,RLY88,2008/09,7199,7506,0.96
RLY,RLY88,2009/10,16438,30618,0.54
RLY,RLY88,2010/11,12146,35553,0.34
RLY,RLY88,2011/12,13839,32653,0.42
RLY,RLY88,2012/13,12569,33950,0.37
RLY,RLY88,2013/14,15799,31108,0.51
RLY,RLY88,2014/15,19775,32661,0.61
RLY,RLY88,2015/16,20424,24376,0.84
RLY,RLY88,2016/17,19291,28945,0.67
RLY,RLY88,2017/18,20191,27869,0.72
RLY,RLY88,2018/19,14321,25965,0.55
RLY,RLY88,2019/20,11660,30649,0.38
RLY,RLY88,2020/21,7376,25215,0.29
RLY,RLY88,2021/22,6896,26159,0.26
RLY,RLY88,2022/23,7487,25952,0.29
RLY,RLY88,2023/24,4876,21590,0.23
RM1,RM100,2008/09,0,9,0
RM1,RM100,2017/18,676,0,676
RM1,RM100,2018/19,2826,0,2826
RM1,RM100,2019/20,2336,62,37.68
RM1,RM100,2020/21,926,169,5.48
RM1,RM100,2021/22,609,3711,0.16
RM1,RM100,2022/23,594,3021,0.2
RM1,RM102,2008/09,61158,215261,0.28
RM1,RM102,2009/10,55912,240286,0.23
RM1,RM102,2010/11,52993,248077,0.21
RM1,RM102,2011/12,51886,257581,0.2
RM1,RM102,2012/13,48592,261221,0.19
RM1,RM102,2013/14,47775,274485,0.17
RM1,RM102,2014/15,44576,292546,0.15
RM1,RM102,2015/16,42069,296748,0.14
RM1,RM102,2016/17,41768,289675,0.14
RM1,RM102,2017/18,38265,269630,0.14
RM1,RM102,2018/19,38300,271806,0.14
RM1,RM102,2019/20,34013,288383,0.12
RM1,RM102,2020/21,19190,252057,0.08
RM1,RM102,2021/22,29709,290981,0.1
RM1,RM102,2022/23,31826,326087,0.1
RM1,RM102,2023/24,21297,239610,0.09
RM1,RM114,2020/21,378,1045,0.36
RM1,RM114,2021/22,25,109,0.23
RM1,RM12K,2019/20,7,0,7
RM1,RM12K,2020/21,62,0,62
RM1,RM12K,2021/22,17,0,17
RM1,RM12K,2022/23,44,0,44
RM1,RM12K,2023/24,0,0,0
RM1,RM12N,2020/21,194,0,194
RM1,RM12N,2021/22,1175,0,1175
RM1,RM12N,2022/23,1229,0,1229
RM1,RM12N,2023/24,1044,0,1044
RM1,RM131,2008/09,146,0,146
RM1,RM131,2009/10,62,0,62
RM1,RM131,2010/11,36,0,36
RM1,RM131,2011/12,44,0,44
RM1,RM131,2012/13,30,0,30
RM1,RM131,2013/14,23,0,23
RM1,RM131,2014/15,43,0,43
RM1,RM131,2015/16,14,0,14
RM1,RM131,2016/17,8,0,8
RM1,RM131,2017/18,16,0,16
RM1,RM131,2018/19,19,0,19
RM1,RM131,2019/20,24,0,24
RM1,RM131,2020/21,40,0,40
RM1,RM131,2021/22,45,0,45
RM1,RM131,2022/23,6,0,6
RM1,RM131,2023/24,0,0,0
RM1,RM189,2008/09,8,0,8
RM1,RM198,2010/11,0,0,0
RM2,RM200,2008/09,52033,155465,0.33
RM2,RM200,2009/10,0,7156,0
RM2,RM200,2010/11,726,0,726
RM2,RM201,2014/15,23,0,23
RM2,RM201,2015/16,7,0,7
RM2,RM201,2016/17,3,0,3
RM2,RM201,2017/18,0,0,0
RM2,RM202,2008/09,4759,10265,0.46
RM2,RM202,2009/10,58397,194470,0.3
RM2,RM202,2010/11,57393,198201,0.29
RM2,RM202,2011/12,56796,199700,0.28
RM2,RM202,2012/13,55238,201739,0.27
RM2,RM202,2013/14,58576,191856,0.31
RM2,RM202,2014/15,52898,208166,0.25
RM2,RM202,2015/16,49006,204301,0.24
RM2,RM202,2016/17,47629,214732,0.22
RM2,RM202,2017/18,23248,108552,0.21
RM3,D1N9M,2022/23,5,0,5
RM3,D1N9M,2023/24,45,0,45
RM3,RM300,2015/16,574,0,574
RM3,RM300,2020/21,217,0,217
RM3,RM300,2021/22,426,0,426
RM3,RM300,2022/23,33,0,33
RM3,RM300,2023/24,860,0,860
RM3,RM301,2008/09,13573,35421,0.38
RM3,RM301,2009/10,17749,60758,0.29
RM3,RM301,2010/11,40414,124062,0.33
RM3,RM301,2011/12,43312,164984,0.26
RM3,RM301,2012/13,46144,168908,0.27
RM3,RM301,2013/14,41629,183717,0.23
RM3,RM301,2014/15,38683,200122,0.19
RM3,RM301,2015/16,26372,171176,0.15
RM3,RM301,2016/17,36707,223176,0.16
RM3,RM301,2017/18,32248,232108,0.14
RM3,RM301,2018/19,35527,237884,0.15
RM3,RM301,2019/20,39639,253109,0.16
RM3,RM301,2020/21,28228,202317,0.14
RM3,RM301,2021/22,35184,237463,0.15
RM3,RM301,2022/23,35167,259273,0.14
RM3,RM301,2023/24,28691,193543,0.15
RM3,RM302,2008/09,30718,101620,0.3
RM3,RM302,2009/10,30916,100812,0.31
RM3,RM302,2010/11,7410,24516,0.3
RM3,RM309,2008/09,821,0,821
RM3,RM309,2009/10,1275,186,6.85
RM3,RM309,2010/11,1732,0,1732
RM3,RM309,2011/12,924,33,28
RM3,RM309,2012/13,1586,0,1586
RM3,RM309,2013/14,258,0,258
RM3,RM309,2014/15,1816,0,1816
RM3,RM309,2015/16,535,0,535
RM3,RM309,2016/17,404,0,404
RM3,RM309,2017/18,379,17,22.29
RM3,RM309,2018/19,1240,0,1240
RM3,RM309,2019/20,1015,0,1015
RM3,RM309,2020/21,502,0,502
RM3,RM309,2021/22,76,0,76
RM3,RM309,2022/23,433,0,433
RM3,RM309,2023/24,1365,0,1365
RM3,RM315,2021/22,2012,39993,0.05
RM3,RM315,2022/23,5257,83342,0.06
RM3,RM315,2023/24,2985,61358,0.05
RM3,RM316,2021/22,1269,4817,0.26
RM3,RM316,2022/23,1956,9855,0.2
RM3,RM316,2023/24,368,6897,0.05
RM3,RM317,2021/22,5152,61421,0.08
RM3,RM317,2022/23,10970,134958,0.08
RM3,RM317,2023/24,6750,98356,0.07
RM3,RM318,2021/22,151,191,0.79
RM3,RM318,2022/23,424,11112,0.04
RM3,RM318,2023/24,607,1,607
RM3,RM319,2012/13,5,0,5
RM3,RM319,2013/14,13,0,13
RM3,RM319,2014/15,14,0,14
RM3,RM319,2015/16,0,0,0
RM3,RM319,2017/18,2,0,2
RM3,RM319,2018/19,1,0,1
RM3,RM319,2019/20,35,0,35
RM3,RM319,2020/21,4,0,4
RM3,RM319,2022/23,1409,291,4.84
RM3,RM319,2023/24,2157,96,22.47
RM3,RM320,2008/09,13,0,13
RM3,RM320,2009/10,2,0,2
RM3,RM320,2010/11,6,0,6
RM3,RM320,2012/13,3,0,3
RM3,RM320,2013/14,2,0,2
RM3,RM320,2014/15,7,0,7
RM3,RM320,2015/16,0,0,0
RM3,RM321,2014/15,388,0,388
RM3,RM321,2015/16,1591,0,1591
RM3,RM321,2016/17,1671,0,1671
RM3,RM321,2017/18,1655,0,1655
RM3,RM321,2018/19,1878,0,1878
RM3,RM321,2019/20,1700,0,1700
RM3,RM325,2016/17,9,0,9
RM3,RM346,2008/09,0,0,0
RM3,RM346,2010/11,28,0,28
RM3,RM346,2011/12,0,0,0
RM3,RM346,2012/13,4,0,4
RM3,RM346,2013/14,10,0,10
RM3,RM346,2014/15,7,0,7
RM3,RM346,2015/16,0,0,0
RM3,RM346,2016/17,2,0,2
RM3,RM346,2017/18,3,0,3
RM3,RM346,2018/19,4,0,4
RM3,RM346,2019/20,3,0,3
RM3,RM346,2020/21,7,0,7
RM3,RM346,2021/22,11,0,11
RM3,RM346,2022/23,26,0,26
RM3,RM346,2023/24,12,0,12
RM3,RM347,2014/15,60,0,60
RM3,RM347,2015/16,19,0,19
RM3,RM352,2018/19,103,0,103
RM3,RM352,2019/20,164,0,164
RM3,RM352,2020/21,42,0,42
RM3,RM352,2021/22,8,0,8
RM3,RM353,2008/09,333,0,333
RM3,RM353,2009/10,207,0,207
RM3,RM353,2010/11,236,0,236
RM3,RM353,2011/12,22,0,22
RM3,RM353,2012/13,22,0,22
RM3,RM353,2014/15,1,0,1
RM3,RM353,2015/16,17,0,17
RM3,RM353,2016/17,20,0,20
RM3,RM353,2017/18,145,0,145
RM3,RM353,2018/19,109,0,109
RM3,RM353,2019/20,102,0,102
RM3,RM353,2020/21,69,0,69
RM3,RM353,2021/22,99,0,99
RM3,RM353,2022/23,106,0,106
RM3,RM356,2014/15,1,0,1
RM3,RM359,2016/17,248,0,248
RM3,RM359,2017/18,219,0,219
RM3,RM359,2018/19,129,0,129
RM3,RM359,2019/20,342,0,342
RM3,RM359,2020/21,443,0,443
RM3,RM359,2021/22,34,0,34
RM3,RM359,2022/23,2,0,2
RM3,RM362,2017/18,3,0,3
RM3,RM362,2018/19,7,0,7
RM3,RM362,2020/21,12,0,12
RM3,RM362,2021/22,4,0,4
RM3,RM362,2022/23,7,0,7
RM3,RM362,2023/24,0,0,0
RM3,RM363,2018/19,94,0,94
RM3,RM363,2019/20,274,56,4.89
RM3,RM363,2020/21,620,102,6.08
RM3,RM363,2021/22,320,32,10
RM3,RM364,2017/18,24,70,0.34
RM3,RM364,2018/19,440,120,3.67
RM3,RM364,2019/20,69,164,0.42
RM3,RM364,2020/21,141,1,141
RM3,RM364,2021/22,581,106,5.48
RM3,RM399,2008/09,64,0,64
RM3,RM399,2009/10,18,0,18
RM3,RM399,2010/11,107,0,107
RM3,RM399,2011/12,1,0,1
RM3,RM399,2012/13,41,0,41
RM3,V9V8F,2021/22,0,6,0
RM3,V9V8F,2022/23,285,125,2.28
RM3,V9V8F,2023/24,175,1005,0.17
RM4,RM401,2008/09,9506,63266,0.15
RM4,RM401,2009/10,7817,71633,0.11
RM4,RM401,2010/11,5811,72299,0.08
RM4,RM401,2011/12,5568,71888,0.08
RMC,RMC00,2008/09,20948,153102,0.14
RMC,RMC00,2009/10,220,7596,0.03
RMC,RMC00,2012/13,0,2,0
RMC,RMC00,2014/15,0,0,0
RMC,RMC00,2021/22,0,0,0
RMC,RMC00,2023/24,0,0,0
RMC,RMC01,2009/10,21329,151388,0.14
RMC,RMC01,2010/11,20230,160248,0.13
RMC,RMC01,2011/12,17700,160514,0.11
RMC,RMC01,2012/13,17445,159976,0.11
RMC,RMC01,2013/14,17748,158527,0.11
RMC,RMC01,2014/15,13782,165236,0.08
RMC,RMC01,2015/16,12742,158729,0.08
RMC,RMC01,2016/17,12141,166454,0.07
RMC,RMC01,2017/18,10922,167926,0.07
RMC,RMC01,2018/19,10991,159747,0.07
RMC,RMC01,2019/20,10763,165147,0.07
RMC,RMC01,2020/21,8113,134184,0.06
RMC,RMC01,2021/22,11583,159589,0.07
RMC,RMC01,2022/23,13355,174333,0.08
RMC,RMC01,2023/24,8087,126255,0.06
RMC,RMC54,2016/17,940,0,940
RMC,RMC54,2017/18,8725,0,8725
RMC,RMCD6,2016/17,900,0,900
RMC,RMCD6,2017/18,8978,20,448.9
RMC,RMCD6,2018/19,0,19,0
RMC,RMCD6,2019/20,927,0,927
RMC,RMCD6,2021/22,908,0,908
RMC,RMCD6,2023/24,224,38,5.89
RMP,RMP01,2008/09,13656,113254,0.12
RMP,RMP01,2009/10,14605,131432,0.11
RMP,RMP01,2010/11,11944,138242,0.09
RMP,RMP01,2011/12,10199,132148,0.08
RMP,RMP01,2012/13,10452,139854,0.07
RMP,RMP01,2013/14,10275,133769,0.08
RMP,RMP01,2014/15,11434,137854,0.08
RMP,RMP01,2015/16,10586,137489,0.08
RMP,RMP01,2016/17,9391,143959,0.07
RMP,RMP01,2017/18,6914,125657,0.06
RMP,RMP01,2018/19,7782,126102,0.06
RMP,RMP01,2019/20,6699,122909,0.05
RMP,RMP01,2020/21,2919,95212,0.03
RMP,RMP01,2021/22,5456,115517,0.05
RMP,RMP01,2022/23,5810,131715,0.04
RMP,RMP01,2023/24,4060,97215,0.04
RMY,RMY00,2008/09,8503,37340,0.23
RMY,RMY00,2009/10,0,1288,0
RMY,RMY00,2010/11,0,475,0
RMY,RMY00,2011/12,476,151,3.15
RMY,RMY00,2012/13,876,2472,0.35
RMY,RMY00,2013/14,1779,1684,1.06
RMY,RMY00,2014/15,3037,1644,1.85
RMY,RMY00,2015/16,40753,93587,0.44
RMY,RMY00,2016/17,16682,23304,0.72
RMY,RMY00,2017/18,12406,9901,1.25
RMY,RMY00,2018/19,9525,10953,0.87
RMY,RMY00,2019/20,8726,14082,0.62
RMY,RMY00,2020/21,38,0,38
RMY,RMY01,2009/10,2560,17630,0.15
RMY,RMY01,2010/11,1657,22364,0.07
RMY,RMY01,2011/12,657,23987,0.03
RMY,RMY01,2012/13,1699,21177,0.08
RMY,RMY01,2013/14,6325,21291,0.3
RMY,RMY01,2014/15,4291,12486,0.34
RMY,RMY01,2015/16,354,1502,0.24
RMY,RMY01,2016/17,7274,15673,0.46
RMY,RMY01,2017/18,7607,17594,0.43
RMY,RMY01,2018/19,9301,16056,0.58
RMY,RMY01,2019/20,10879,15538,0.7
RMY,RMY02,2009/10,3655,11958,0.31
RMY,RMY02,2010/11,4708,13133,0.36
RMY,RMY02,2011/12,4691,17743,0.26
RMY,RMY02,2012/13,6173,22392,0.28
RMY,RMY02,2013/14,4998,17102,0.29
RMY,RMY02,2014/15,2006,16442,0.12
RMY,RMY02,2015/16,332,960,0.35
RMY,RMY02,2016/17,9086,5924,1.53
RMY,RMY02,2017/18,13427,8906,1.51
RMY,RMY02,2018/19,17796,4919,3.62
RMY,RMY02,2019/20,13114,4668,2.81
RMY,RMY03,2009/10,533,3788,0.14
RMY,RMY03,2010/11,471,4995,0.09
RMY,RMY03,2011/12,536,5703,0.09
RMY,RMY03,2012/13,644,5384,0.12
RMY,RMY03,2013/14,441,7112,0.06
RMY,RMY03,2014/15,804,7194,0.11
RMY,RMY03,2015/16,9,650,0.01
RMY,RMY03,2016/17,734,8642,0.08
RMY,RMY03,2017/18,1499,8058,0.19
RMY,RMY03,2018/19,1392,6001,0.23
RMY,RMY03,2019/20,2167,6139,0.35
RMY,RMY04,2009/10,1143,424,2.7
RMY,RMY04,2010/11,3341,2067,1.62
RMY,RMY04,2011/12,5323,1685,3.16
RMY,RMY04,2012/13,8954,5043,1.78
RMY,RMY04,2013/14,9953,2712,3.67
RMY,RMY04,2014/15,8845,2497,3.54
RMY,RMY04,2015/16,1314,0,1314
RMY,RMY04,2016/17,4638,98,47.33
RMY,RMY04,2017/18,3813,200,19.07
RMY,RMY04,2018/19,4901,2805,1.75
RMY,RMY04,2019/20,10586,2936,3.61
RMY,RMY13,2009/10,290,10922,0.03
RMY,RMY13,2010/11,161,13717,0.01
RMY,RMY13,2011/12,378,15121,0.02
RMY,RMY13,2012/13,3021,23456,0.13
RMY,RMY13,2013/14,242,11757,0.02
RMY,RMY13,2014/15,47,15147,0
RMY,RMY13,2015/16,1435,995,1.44
RMY,RMY13,2016/17,421,2987,0.14
RMY,RMY13,2017/18,2012,5307,0.38
RMY,RMY13,2018/19,3294,1895,1.74
RMY,RMY13,2019/20,3985,124,32.14
RMY,RMY14,2009/10,236,1009,0.23
RMY,RMY14,2010/11,0,1714,0
RMY,RMY14,2011/12,118,339,0.35
RMY,RMY14,2012/13,234,1393,0.17
RMY,RMY14,2013/14,0,525,0
RMY,RMY14,2015/16,1020,0,1020
RMY,RMY27,2009/10,0,52,0
RMY,RMY27,2010/11,51,0,51
RMY,RMY33,2009/10,4,64,0.06
RMY,RMY33,2010/11,22,315,0.07
RMY,RMY33,2013/14,90,0,90
RMY,RMY34,2009/10,161,0,161
RMY,RMY34,2012/13,0,7,0
RMY,RMY34,2013/14,33,0,33
RMY,RMY55,2009/10,1156,67,17.25
RMY,RMY55,2010/11,1358,31,43.81
RMY,RMY55,2011/12,1221,92,13.27
RMY,RMY55,2012/13,1200,280,4.29
RMY,RMY55,2013/14,708,10,70.8
RMY,RMY55,2014/15,177,336,0.53
RMY,RMY55,2015/16,0,190,0
RMY,RMY55,2016/17,54,655,0.08
RMY,RMY55,2017/18,24,405,0.06
RMY,RMYC5,2016/17,2017,0,2017
RMY,RMYMV,2012/13,120,275,0.44
RMY,RMYMV,2013/14,1059,420,2.52
RMY,RMYMV,2014/15,2812,12,234.33
RMY,RMYMV,2015/16,350,0,350
RMY,RMYMV,2016/17,59,0,59
RMY,RMYMV,2017/18,1745,97,17.99
RMY,RMYMV,2018/19,858,583,1.47
RMY,RMYMV,2019/20,557,0,557
RMY,RMYMW,2011/12,0,88,0
RMY,RMYMW,2012/13,248,2190,0.11
RMY,RMYMW,2013/14,187,1411,0.13
RMY,RMYMW,2014/15,252,1550,0.16
RMY,RMYMW,2015/16,62,0,62
RMY,RMYMW,2016/17,599,1737,0.34
RMY,RMYMW,2017/18,54,1499,0.04
RMY,RMYMW,2018/19,722,953,0.76
RMY,RMYMW,2019/20,32,544,0.06
RMY,RMYNG,2011/12,829,449,1.85
RMY,RMYNG,2012/13,11237,8236,1.36
RMY,RMYNG,2013/14,11641,13724,0.85
RMY,RMYNG,2014/15,14119,10023,1.41
RMY,RMYNG,2015/16,971,1430,0.68
RMY,RMYNG,2016/17,6821,16193,0.42
RMY,RMYNG,2017/18,6921,16571,0.42
RMY,RMYNG,2018/19,7822,13955,0.56
RMY,RMYNG,2019/20,14867,14094,1.05
RMY,RMYNG,2020/21,203,65,3.12
RMY,RMYNP,2012/13,398,297,1.34
RMY,RMYNP,2013/14,2100,3,700
RMY,RMYNP,2014/15,1320,0,1320
RMY,RMYNP,2015/16,0,187,0
RMY,RMYNP,2016/17,1920,0,1920
RMY,RMYNR,2011/12,517,295,1.75
RMY,RMYNR,2012/13,8677,8524,1.02
RMY,RMYNR,2013/14,7969,9902,0.8
RMY,RMYNR,2014/15,6051,11110,0.54
RMY,RMYNR,2015/16,1121,654,1.71
RMY,RMYNR,2016/17,2387,13752,0.17
RMY,RMYNR,2017/18,1977,15210,0.13
RMY,RMYNR,2018/19,3517,16224,0.22
RMY,RMYNR,2019/20,3650,13280,0.27
RMY,RMYNX,2016/17,1953,0,1953
RMY,RMYNX,2018/19,1630,0,1630
RMY,RMYNX,2019/20,2572,0,2572
RMY,RMYWA,2009/10,476,6403,0.07
RMY,RMYWA,2010/11,435,5185,0.08
RMY,RMYWA,2011/12,345,5833,0.06
RMY,RMYWA,2012/13,384,5496,0.07
RMY,RMYWA,2013/14,455,5600,0.08
RMY,RMYWA,2014/15,416,3492,0.12
RMY,RMYWA,2015/16,20,372,0.05
RMY,RMYWA,2016/17,0,4805,0
RMY,RMYWA,2017/18,87,3664,0.02
RMY,RMYWA,2018/19,138,4929,0.03
RMY,RMYWA,2019/20,233,2789,0.08
RMY,RMYWF,2009/10,5280,1045,5.05
RMY,RMYWF,2010/11,4447,1600,2.78
RMY,RMYWF,2011/12,1344,6286,0.21
RMY,RMYWF,2012/13,52,7025,0.01
RMY,RMYWF,2013/14,0,1220,0
RMY,RMYWF,2014/15,11,162,0.07
RMY,RMYWF,2019/20,100,2561,0.04
RN1,RN100,2008/09,11319,68921,0.16
RN1,RN100,2009/10,31,346,0.09
RN1,RN100,2010/11,4,35,0.11
RN1,RN100,2011/12,7,146,0.05
RN1,RN101,2008/09,2946,21886,0.13
RN1,RN101,2009/10,9465,99475,0.1
RN1,RN101,2010/11,7967,99292,0.08
RN1,RN101,2011/12,5714,70927,0.08
RN1,RN103,2008/09,49,323,0.15
RN1,RN103,2009/10,112,1686,0.07
RN1,RN103,2010/11,0,1636,0
RN1,RN103,2011/12,21,1377,0.02
RN1,RN1TC,2008/09,323,105,3.08
RN1,RN1TC,2009/10,2882,1212,2.38
RN1,RN1TC,2010/11,3300,2194,1.5
RN1,RN1TC,2011/12,3756,1115,3.37
RN3,RN300,2014/15,109,192,0.57
RN3,RN313,2011/12,687,1485,0.46
RN3,RN313,2012/13,0,624,0
RN3,RN313,2013/14,0,83,0
RN3,RN313,2014/15,9,4734,0
RN3,RN313,2015/16,277,5293,0.05
RN3,RN313,2016/17,441,3108,0.14
RN3,RN325,2008/09,24074,140179,0.17
RN3,RN325,2009/10,25861,155150,0.17
RN3,RN325,2010/11,25220,151154,0.17
RN3,RN325,2011/12,22328,148850,0.15
RN3,RN325,2012/13,19224,138812,0.14
RN3,RN325,2013/14,19550,150065,0.13
RN3,RN325,2014/15,18450,150210,0.12
RN3,RN325,2015/16,18810,161021,0.12
RN3,RN325,2016/17,18955,163643,0.12
RN3,RN325,2017/18,18482,165727,0.11
RN3,RN325,2018/19,18075,166426,0.11
RN3,RN325,2019/20,17975,182131,0.1
RN3,RN325,2020/21,9837,140950,0.07
RN3,RN325,2021/22,15090,166252,0.09
RN3,RN325,2022/23,15743,176843,0.09
RN3,RN325,2023/24,10354,126886,0.08
RN3,RN333,2011/12,1889,4868,0.39
RN3,RN333,2012/13,3208,370,8.67
RN3,RN333,2013/14,8438,36,234.39
RN3,RN333,2014/15,0,121,0
RN3,RN333,2015/16,0,63,0
RN3,RN333,2016/17,0,63,0
RN3,RN334,2012/13,0,0,0
RN3,RN334,2013/14,0,1,0
RN3,RN334,2014/15,0,1,0
RN3,RN3C1,2011/12,43,164,0.26
RN3,RN3C1,2012/13,0,177,0
RN3,RN3C1,2013/14,0,311,0
RN3,RN3C1,2014/15,0,315,0
RN3,RN3C2,2011/12,2,2,1
RN3,RN3C2,2012/13,0,2,0
RN3,RN3C2,2013/14,0,1,0
RN3,RN3C3,2011/12,40,3,13.33
RN3,RN3C3,2012/13,2,2,1
RN3,RN3C3,2013/14,17,3,5.67
RN3,RN3C3,2014/15,0,18,0
RN3,RN3C5,2011/12,51,1156,0.04
RN3,RN3C5,2012/13,0,171,0
RN3,RN3C5,2013/14,0,6,0
RN3,RN3C5,2014/15,0,802,0
RN3,RN3C5,2015/16,58,2503,0.02
RN3,RN3C5,2016/17,0,895,0
RN3,RN3E0,2011/12,0,1,0
RN3,RN3G2,2017/18,8489,2441,3.48
RN3,RN3G2,2018/19,13250,4946,2.68
RN3,RN3G2,2019/20,14465,3067,4.72
RN3,RN3G2,2020/21,14136,1853,7.63
RN3,RN3G2,2021/22,16124,6714,2.4
RN3,RN3G2,2022/23,20717,4501,4.6
RN3,RN3G2,2023/24,11931,2077,5.74
RN5,M8W4R,2022/23,374,0,374
RN5,M8W4R,2023/24,865,0,865
RN5,O7U5A,2022/23,8,0,8
RN5,O7U5A,2023/24,34,0,34
RN5,RN500,2011/12,135,32,4.22
RN5,RN500,2012/13,214,70,3.06
RN5,RN500,2013/14,15,181,0.08
RN5,RN500,2014/15,0,60,0
RN5,RN500,2015/16,0,0,0
RN5,RN500,2019/20,0,5,0
RN5,RN500,2020/21,0,1,0
RN5,RN500,2021/22,0,435,0
RN5,RN500,2022/23,0,4,0
RN5,RN506,2008/09,17946,73525,0.24
RN5,RN506,2009/10,18594,87022,0.21
RN5,RN506,2010/11,18016,92404,0.19
RN5,RN506,2011/12,18271,91988,0.2
RN5,RN506,2012/13,20962,96000,0.22
RN5,RN506,2013/14,20702,97138,0.21
RN5,RN506,2014/15,20602,106738,0.19
RN5,RN506,2015/16,17864,115079,0.16
RN5,RN506,2016/17,15932,122070,0.13
RN5,RN506,2017/18,14095,120785,0.12
RN5,RN506,2018/19,13837,120633,0.11
RN5,RN506,2019/20,12918,130601,0.1
RN5,RN506,2020/21,7720,110896,0.07
RN5,RN506,2021/22,10790,133386,0.08
RN5,RN506,2022/23,9029,153025,0.06
RN5,RN506,2023/24,8737,112806,0.08
RN5,RN525,2008/09,409,0,409
RN5,RN525,2009/10,453,0,453
RN5,RN525,2010/11,526,0,526
RN5,RN525,2011/12,600,0,600
RN5,RN525,2012/13,569,0,569
RN5,RN525,2013/14,495,0,495
RN5,RN525,2014/15,264,0,264
RN5,RN525,2015/16,297,0,297
RN5,RN525,2016/17,159,3,53
RN5,RN525,2017/18,90,1,90
RN5,RN525,2018/19,133,0,133
RN5,RN525,2019/20,165,0,165
RN5,RN525,2020/21,126,0,126
RN5,RN525,2021/22,110,0,110
RN5,RN525,2022/23,214,5,42.8
RN5,RN525,2023/24,69,0,69
RN5,RN541,2011/12,2121,24351,0.09
RN5,RN541,2012/13,8634,101907,0.08
RN5,RN541,2013/14,7805,99485,0.08
RN5,RN541,2014/15,9153,107876,0.08
RN5,RN541,2015/16,11418,113312,0.1
RN5,RN541,2016/17,5985,120116,0.05
RN5,RN541,2017/18,4929,114523,0.04
RN5,RN541,2018/19,4488,111719,0.04
RN5,RN541,2019/20,4691,113844,0.04
RN5,RN541,2020/21,1923,84271,0.02
RN5,RN541,2021/22,3610,99400,0.04
RN5,RN541,2022/23,2481,118506,0.02
RN5,RN541,2023/24,1262,86276,0.01
RN5,RN542,2011/12,77,350,0.22
RN5,RN542,2012/13,61,1741,0.04
RN5,RN542,2013/14,22,1489,0.01
RN5,RN542,2014/15,194,1042,0.19
RN5,RN542,2015/16,332,1371,0.24
RN5,RN542,2016/17,27,199,0.14
RN5,RN542,2017/18,13,512,0.03
RN5,RN542,2018/19,19,139,0.14
RN5,RN542,2019/20,17,561,0.03
RN5,RN542,2020/21,12,417,0.03
RN5,RN542,2021/22,79,86,0.92
RN5,RN542,2022/23,21,216,0.1
RN5,RN542,2023/24,0,560,0
RN5,RN543,2011/12,718,1061,0.68
RN5,RN543,2012/13,3337,2181,1.53
RN5,RN543,2013/14,2862,1053,2.72
RN5,RN543,2014/15,1490,631,2.36
RN5,RN543,2016/17,2609,3098,0.84
RN5,RN543,2017/18,2089,2481,0.84
RN5,RN543,2018/19,1794,2253,0.8
RN5,RN543,2019/20,1569,3176,0.49
RN5,RN543,2020/21,1968,321,6.13
RN5,RN543,2021/22,3055,76,40.2
RN5,RN543,2022/23,2973,73,40.73
RN5,RN543,2023/24,1914,10,191.4
RN5,RN5T1,2008/09,1454,49,29.67
RN5,RN5T1,2009/10,1477,24,61.54
RN5,RN5T1,2010/11,1411,17,83
RN5,RN5T1,2011/12,1384,1,1384
RN5,RN5T1,2012/13,1558,76,20.5
RN5,RN5T1,2013/14,1331,18,73.94
RN5,RN5T1,2014/15,1271,3,423.67
RN5,V8O2H,2022/23,177,0,177
RN5,V8O2H,2023/24,884,0,884
RN5T1,RN5T1,2015/16,1264,55,22.98
RN5T1,RN5T1,2016/17,1050,155,6.77
RN5T1,RN5T1,2017/18,1316,67,19.64
RN5T1,RN5T1,2018/19,1217,78,15.6
RN5T1,RN5T1,2019/20,1194,70,17.06
RN5T1,RN5T1,2020/21,1291,146,8.84
RN5T1,RN5T1,2021/22,1628,24,67.83
RN5T1,RN5T1,2022/23,1444,152,9.5
RN5T1,RN5T1,2023/24,474,61,7.77
RN7,P4P4S,2021/22,45,0,45
RN7,RN700,2021/22,50,0,50
RN7,RN707,2008/09,14606,107716,0.14
RN7,RN707,2009/10,15776,118690,0.13
RN7,RN707,2010/11,16275,128661,0.13
RN7,RN707,2011/12,14336,123996,0.12
RN7,RN707,2012/13,14368,129381,0.11
RN7,RN707,2013/14,14692,137565,0.11
RN7,RN707,2014/15,14849,143615,0.1
RN7,RN707,2015/16,17274,146454,0.12
RN7,RN707,2016/17,16595,153725,0.11
RN7,RN707,2017/18,15080,155830,0.1
RN7,RN707,2018/19,14988,154739,0.1
RN7,RN707,2019/20,14029,152475,0.09
RN7,RN707,2020/21,7520,134009,0.06
RN7,RN707,2021/22,11416,156380,0.07
RN7,RN707,2022/23,16728,177815,0.09
RN7,RN707,2023/24,10702,131169,0.08
RN7,RN7C8,2020/21,371,7,53
RN7,RN7C8,2021/22,225,2,112.5
RN7,RN7FM,2013/14,193,0,193
RN7,RN7FM,2014/15,2,0,2
RN7,RN7FM,2016/17,17,0,17
RN7,RN7FM,2023/24,0,0,0
RN7,RN7QM,2013/14,1183,6,197.17
RN7,RN7QM,2014/15,1342,0,1342
RN7,RN7QM,2015/16,243,0,243
RN7,RN7QM,2016/17,1422,15,94.8
RN7,RN7QM,2017/18,1609,25,64.36
RN7,RN7QM,2018/19,1820,5,364
RN7,RN7QM,2019/20,1909,0,1909
RN7,RN7QM,2020/21,1213,0,1213
RN7,RN7QM,2021/22,2484,0,2484
RN7,RN7QM,2022/23,2478,0,2478
RN7,RN7QM,2023/24,1539,0,1539
RN7,S2I6U,2021/22,59,0,59
RN7,S2I6U,2022/23,109,0,109
RNA,RNA00,2008/09,40339,168511,0.24
RNA,RNA00,2009/10,321,12272,0.03
RNA,RNA00,2010/11,6,74,0.08
RNA,RNA00,2011/12,1,105,0.01
RNA,RNA00,2012/13,3,3,1
RNA,RNA00,2013/14,2,4,0.5
RNA,RNA00,2014/15,2,9,0.22
RNA,RNA00,2015/16,4,55,0.07
RNA,RNA00,2016/17,0,45,0
RNA,RNA00,2017/18,18,18,1
RNA,RNA00,2020/21,3,0,3
RNA,RNA00,2021/22,2,0,2
RNA,RNA00,2022/23,0,0,0
RNA,RNA01,2009/10,35817,181191,0.2
RNA,RNA01,2010/11,31853,203594,0.16
RNA,RNA01,2011/12,27546,193669,0.14
RNA,RNA01,2012/13,20805,203051,0.1
RNA,RNA01,2013/14,21090,197149,0.11
RNA,RNA01,2014/15,19832,202653,0.1
RNA,RNA01,2015/16,17548,198976,0.09
RNA,RNA01,2016/17,16382,215707,0.08
RNA,RNA01,2017/18,17768,196624,0.09
RNA,RNA01,2018/19,15856,195586,0.08
RNA,RNA01,2019/20,15506,192318,0.08
RNA,RNA01,2020/21,7995,171926,0.05
RNA,RNA01,2021/22,11575,189104,0.06
RNA,RNA01,2022/23,13967,204319,0.07
RNA,RNA01,2023/24,11815,149056,0.08
RNH,RNH00,2008/09,50,1447,0.03
RNH,RNH00,2009/10,0,26,0
RNH,RNH00,2010/11,0,41,0
RNH,RNH00,2011/12,0,21,0
RNH,RNH00,2015/16,2,3,0.67
RNH,RNH00,2016/17,0,8,0
RNH,RNH00,2017/18,0,368,0
RNH,RNHB1,2008/09,8954,82778,0.11
RNH,RNHB1,2009/10,10100,93718,0.11
RNH,RNHB1,2010/11,9348,91808,0.1
RNH,RNHB1,2011/12,12753,87577,0.15
RNH,RNHB1,2012/13,0,10,0
RNJ,RNJ00,2008/09,47,40,1.18
RNJ,RNJ00,2009/10,192,537,0.36
RNJ,RNJ00,2010/11,86,264,0.33
RNJ,RNJ00,2011/12,466,504,0.92
RNJ,RNJ12,2008/09,23217,133275,0.17
RNJ,RNJ12,2009/10,30548,146765,0.21
RNJ,RNJ12,2010/11,28619,160573,0.18
RNJ,RNJ12,2011/12,26347,164313,0.16
RNJ,RNJ15,2009/10,12,0,12
RNJ,RNJ15,2011/12,0,162,0
RNJ,RNJ83,2008/09,8548,11111,0.77
RNJ,RNJ83,2009/10,11498,10849,1.06
RNJ,RNJ83,2010/11,10854,12492,0.87
RNJ,RNJ83,2011/12,9893,13325,0.74
RNJ,RNJ86,2008/09,813,0,813
RNJ,RNJ86,2009/10,1194,9,132.67
RNJ,RNJ86,2010/11,66,0,66
RNJ,RNJ86,2011/12,314,0,314
RNJ,RNJ87,2008/09,0,3,0
RNJ,RNJ90,2008/09,19,8,2.38
RNJ,RNJ90,2009/10,0,1,0
RNJ,RNJ90,2011/12,0,1,0
RNJ,RNJM0,2008/09,31205,24187,1.29
RNJ,RNJM0,2009/10,35523,23784,1.49
RNJ,RNJM0,2010/11,28656,20712,1.38
RNJ,RNJM0,2011/12,24835,20218,1.23
RNL,RNLAY,2008/09,20834,84022,0.25
RNL,RNLAY,2009/10,20371,88600,0.23
RNL,RNLAY,2010/11,17554,90888,0.19
RNL,RNLAY,2011/12,16339,88185,0.19
RNL,RNLAY,2012/13,14033,95807,0.15
RNL,RNLAY,2013/14,13112,103020,0.13
RNL,RNLAY,2014/15,11040,112350,0.1
RNL,RNLAY,2015/16,11097,111417,0.1
RNL,RNLAY,2016/17,9814,111124,0.09
RNL,RNLAY,2017/18,7536,108992,0.07
RNL,RNLAY,2018/19,7232,110930,0.07
RNL,RNLAY,2019/20,3493,60821,0.06
RNL,RNLBE,2018/19,1,0,1
RNL,RNLBX,2008/09,7417,56355,0.13
RNL,RNLBX,2009/10,7614,50959,0.15
RNL,RNLBX,2010/11,5473,54164,0.1
RNL,RNLBX,2011/12,5008,55820,0.09
RNL,RNLBX,2012/13,4958,55637,0.09
RNL,RNLBX,2013/14,4553,53238,0.09
RNL,RNLBX,2014/15,3830,50192,0.08
RNL,RNLBX,2015/16,4241,49146,0.09
RNL,RNLBX,2016/17,4171,50622,0.08
RNL,RNLBX,2017/18,3245,51302,0.06
RNL,RNLBX,2018/19,3074,50444,0.06
RNL,RNLBX,2019/20,1804,30237,0.06
RNN,RNN00,2008/09,9407,18543,0.51
RNN,RNN00,2009/10,1242,3806,0.33
RNN,RNN00,2010/11,0,718,0
RNN,RNN00,2011/12,0,875,0
RNN,RNN00,2015/16,0,1167,0
RNN,RNN00,2019/20,408,8463,0.05
RNN,RNN42,2011/12,110,1474,0.07
RNN,RNN42,2012/13,33,1392,0.02
RNN,RNN42,2013/14,341,1253,0.27
RNN,RNN42,2014/15,59,1709,0.03
RNN,RNN42,2015/16,88,540,0.16
RNN,RNN42,2016/17,69,164,0.42
RNN,RNN42,2017/18,1452,815,1.78
RNN,RNN42,2018/19,1255,817,1.54
RNN,RNN42,2019/20,156,391,0.4
RNN,RNN42,2020/21,52,330,0.16
RNN,RNN42,2021/22,288,272,1.06
RNN,RNN42,2022/23,0,720,0
RNN,RNN42,2023/24,0,285,0
RNN,RNN62,2011/12,31,903,0.03
RNN,RNN62,2012/13,0,1234,0
RNN,RNN62,2013/14,0,693,0
RNN,RNN62,2014/15,0,242,0
RNN,RNN62,2019/20,3413,63490,0.05
RNN,RNN62,2020/21,3108,120349,0.03
RNN,RNN62,2021/22,5857,139158,0.04
RNN,RNN62,2022/23,6218,156211,0.04
RNN,RNN62,2023/24,5067,121969,0.04
RNN,RNNA1,2009/10,1390,3605,0.39
RNN,RNNA1,2010/11,2469,3777,0.65
RNN,RNNA1,2011/12,1292,2366,0.55
RNN,RNNA1,2012/13,1975,3171,0.62
RNN,RNNA1,2013/14,1833,2889,0.63
RNN,RNNA1,2014/15,1126,3962,0.28
RNN,RNNA1,2015/16,694,3521,0.2
RNN,RNNA1,2016/17,694,2108,0.33
RNN,RNNBD,2011/12,419,886,0.47
RNN,RNNBD,2012/13,426,903,0.47
RNN,RNNBD,2013/14,21,476,0.04
RNN,RNNBD,2014/15,0,982,0
RNN,RNNBD,2015/16,77,622,0.12
RNN,RNNBD,2016/17,84,777,0.11
RNN,RNNBD,2017/18,48,72,0.67
RNN,RNNBD,2019/20,0,185,0
RNN,RNNBD,2020/21,0,837,0
RNN,RNNBD,2021/22,230,579,0.4
RNN,RNNBD,2022/23,0,748,0
RNN,RNNBD,2023/24,56,328,0.17
RNN,RNNBE,2011/12,261,2668,0.1
RNN,RNNBE,2012/13,17,2215,0.01
RNN,RNNBE,2013/14,98,1790,0.05
RNN,RNNBE,2014/15,21,1747,0.01
RNN,RNNBE,2015/16,0,1694,0
RNN,RNNBE,2016/17,0,564,0
RNN,RNNBE,2017/18,0,46,0
RNN,RNNBE,2019/20,0,231,0
RNN,RNNBE,2020/21,57,571,0.1
RNN,RNNBE,2021/22,152,152,1
RNN,RNNBE,2022/23,0,525,0
RNN,RNNBE,2023/24,0,201,0
RNN,RNNBF,2011/12,0,733,0
RNN,RNNBF,2012/13,0,357,0
RNN,RNNBF,2013/14,0,646,0
RNN,RNNBF,2014/15,0,329,0
RNN,RNNBF,2015/16,0,315,0
RNN,RNNBF,2016/17,56,158,0.35
RNN,RNNBF,2017/18,2791,0,2791
RNN,RNNBF,2018/19,2633,186,14.16
RNN,RNNBF,2019/20,34,48,0.71
RNN,RNNBF,2020/21,52,163,0.32
RNN,RNNBF,2021/22,110,49,2.24
RNN,RNNBF,2022/23,3,200,0.01
RNN,RNNBF,2023/24,59,383,0.15
RNN,RNNBG,2011/12,612,820,0.75
RNN,RNNBG,2012/13,925,508,1.82
RNN,RNNBG,2013/14,1114,418,2.67
RNN,RNNBG,2014/15,176,435,0.4
RNN,RNNBG,2015/16,424,416,1.02
RNN,RNNBG,2016/17,1096,394,2.78
RNN,RNNBG,2017/18,198,25,7.92
RNN,RNNBH,2011/12,0,1228,0
RNN,RNNBH,2012/13,107,438,0.24
RNN,RNNBH,2013/14,13,931,0.01
RNN,RNNBH,2014/15,0,397,0
RNN,RNNBH,2015/16,0,688,0
RNN,RNNBH,2016/17,34,106,0.32
RNN,RNNBH,2017/18,1965,925,2.12
RNN,RNNBH,2018/19,1011,243,4.16
RNN,RNNBJ,2009/10,3614,9232,0.39
RNN,RNNBJ,2010/11,6719,16518,0.41
RNN,RNNBJ,2011/12,5042,17965,0.28
RNN,RNNBJ,2012/13,4514,20865,0.22
RNN,RNNBJ,2013/14,3764,17609,0.21
RNN,RNNBJ,2014/15,4026,19736,0.2
RNN,RNNBJ,2015/16,5283,14348,0.37
RNN,RNNBJ,2016/17,5868,10247,0.57
RNN,RNNBJ,2017/18,7009,16749,0.42
RNN,RNNBJ,2018/19,4608,18464,0.25
RNN,RNNBJ,2019/20,1686,7502,0.22
RNN,RNNBX,2009/10,287,4800,0.06
RNN,RNNBX,2010/11,268,4524,0.06
RNN,RNNBX,2011/12,769,5513,0.14
RNN,RNNBX,2012/13,123,7882,0.02
RNN,RNNBX,2013/14,125,6765,0.02
RNN,RNNBX,2014/15,143,5227,0.03
RNN,RNNBX,2015/16,452,5559,0.08
RNN,RNNBX,2016/17,134,4222,0.03
RNN,RNNBX,2017/18,3666,6707,0.55
RNN,RNNBX,2018/19,1680,6503,0.26
RNN,RNNBX,2019/20,2120,33836,0.06
RNN,RNNBX,2020/21,1811,56391,0.03
RNN,RNNBX,2021/22,4333,57247,0.08
RNN,RNNBX,2022/23,2929,69220,0.04
RNN,RNNBX,2023/24,1872,56243,0.03
RNN,RNNCA,2011/12,1677,1510,1.11
RNN,RNNCA,2012/13,2606,1071,2.43
RNN,RNNCA,2013/14,2393,1196,2
RNN,RNNCA,2014/15,789,1056,0.75
RNN,RNNCA,2015/16,1,780,0
RNN,RNNCA,2016/17,47,1213,0.04
RNN,RNNCA,2017/18,1605,1843,0.87
RNN,RNNCA,2018/19,842,552,1.53
RNN,RNNCB,2011/12,1,947,0
RNN,RNNCB,2012/13,0,966,0
RNN,RNNCB,2013/14,0,801,0
RNN,RNNCB,2014/15,0,842,0
RNN,RNNCB,2015/16,0,814,0
RNN,RNNCB,2016/17,0,455,0
RNN,RNNCB,2017/18,2162,416,5.2
RNN,RNNCB,2018/19,884,284,3.11
RNN,RNNCB,2019/20,24,292,0.08
RNN,RNNCB,2020/21,32,240,0.13
RNN,RNNCB,2021/22,50,378,0.13
RNN,RNNCB,2022/23,0,184,0
RNN,RNNCB,2023/24,0,304,0
RNN,RNNCC,2011/12,409,270,1.51
RNN,RNNCC,2012/13,158,695,0.23
RNN,RNNCC,2013/14,66,460,0.14
RNN,RNNCC,2014/15,86,330,0.26
RNN,RNNCC,2015/16,54,416,0.13
RNN,RNNCC,2016/17,72,537,0.13
RNN,RNNCC,2017/18,408,1014,0.4
RNN,RNNCJ,2017/18,1103,648,1.7
RNN,RNNCJ,2018/19,1275,888,1.44
RNN,RNNCJ,2019/20,6,369,0.02
RNN,RNNFH,2009/10,1347,3098,0.43
RNN,RNNFH,2010/11,2646,6210,0.43
RNN,RNNFH,2011/12,852,5569,0.15
RNN,RNNFH,2012/13,2141,7187,0.3
RNN,RNNFH,2013/14,1080,7803,0.14
RNN,RNNFH,2014/15,1285,5229,0.25
RNN,RNNFH,2015/16,222,6044,0.04
RNN,RNNFH,2016/17,260,4883,0.05
RNN,RNNFH,2017/18,4844,8634,0.56
RNN,RNNFH,2018/19,613,1269,0.48
RNN,RNNFH,2019/20,699,4545,0.15
RNN,RNNKV,2017/18,5852,827,7.08
RNN,RNNKV,2018/19,2926,478,6.12
RNN,RNNKV,2019/20,222,116,1.91
RNN,RNNLK,2009/10,555,911,0.61
RNN,RNNLK,2010/11,2216,338,6.56
RNN,RNN-T,2014/15,94,107,0.88
RNN,RNNWG,2009/10,91,2419,0.04
RNN,RNNWG,2010/11,283,3686,0.08
RNN,RNNWG,2011/12,3887,14205,0.27
RNN,RNNWG,2012/13,3083,14362,0.21
RNN,RNNWG,2013/14,3761,13641,0.28
RNN,RNNWG,2014/15,1540,13871,0.11
RNN,RNNWG,2015/16,2843,10861,0.26
RNN,RNNWG,2016/17,2620,8580,0.31
RNN,RNNWG,2017/18,6259,6569,0.95
RNN,RNNWG,2018/19,21,670,0.03
RNN,RNNWG,2019/20,90,554,0.16
RNQ,RNQ27,2019/20,2,0,2
RNQ,RNQ27,2020/21,971,0,971
RNQ,RNQ27,2021/22,2,0,2
RNQ,RNQ51,2008/09,21863,131450,0.17
RNQ,RNQ51,2009/10,19650,144787,0.14
RNQ,RNQ51,2010/11,17958,148709,0.12
RNQ,RNQ51,2011/12,19069,141495,0.13
RNQ,RNQ51,2012/13,17869,147225,0.12
RNQ,RNQ51,2013/14,16364,151884,0.11
RNQ,RNQ51,2014/15,13782,151521,0.09
RNQ,RNQ51,2015/16,13905,161118,0.09
RNQ,RNQ51,2016/17,12954,184817,0.07
RNQ,RNQ51,2017/18,12422,191490,0.06
RNQ,RNQ51,2018/19,13720,187527,0.07
RNQ,RNQ51,2019/20,13094,180494,0.07
RNQ,RNQ51,2020/21,8112,145083,0.06
RNQ,RNQ51,2021/22,12380,174195,0.07
RNQ,RNQ51,2022/23,12469,183716,0.07
RNQ,RNQ51,2023/24,9314,135997,0.07
RNS,RNS01,2008/09,27831,148421,0.19
RNS,RNS01,2009/10,28223,167657,0.17
RNS,RNS01,2010/11,25471,172465,0.15
RNS,RNS01,2011/12,32629,172514,0.19
RNS,RNS01,2012/13,24534,196344,0.12
RNS,RNS01,2013/14,31206,198060,0.16
RNS,RNS01,2014/15,17785,205094,0.09
RNS,RNS01,2015/16,17261,210145,0.08
RNS,RNS01,2016/17,15904,218988,0.07
RNS,RNS01,2017/18,15320,234022,0.07
RNS,RNS01,2018/19,16478,229689,0.07
RNS,RNS01,2019/20,15687,230326,0.07
RNS,RNS01,2020/21,10099,177438,0.06
RNS,RNS01,2021/22,14548,195767,0.07
RNS,RNS01,2022/23,17417,205090,0.08
RNS,RNS01,2023/24,11480,156267,0.07
RNS,RNS30,2008/09,965,3,321.67
RNS,RNS30,2009/10,1032,4,258
RNS,RNS30,2010/11,1046,1,1046
RNS,RNS30,2011/12,987,2,493.5
RNS,RNS30,2012/13,1056,3,352
RNS,RNS30,2013/14,369,5,73.8
RNU,RNU00,2008/09,18634,22867,0.81
RNU,RNU00,2009/10,1294,4694,0.28
RNU,RNU00,2010/11,1938,1970,0.98
RNU,RNU00,2011/12,3836,0,3836
RNU,RNU00,2012/13,7189,0,7189
RNU,RNU00,2013/14,2026,22,92.09
RNU,RNU00,2014/15,0,4681,0
RNU,RNU00,2015/16,4380,2870,1.53
RNU,RNU18,2008/09,1061,539,1.97
RNU,RNU18,2009/10,7,0,7
RNU,RNU23,2008/09,0,2397,0
RNU,RNU23,2009/10,781,4608,0.17
RNU,RNU23,2010/11,0,4762,0
RNU,RNU23,2011/12,250,5095,0.05
RNU,RNU23,2012/13,184,5360,0.03
RNU,RNU23,2013/14,40,5427,0.01
RNU,RNU23,2014/15,0,3857,0
RNU,RNU26,2015/16,0,131,0
RNU,RNU26,2018/19,2269,1729,1.31
RNU,RNU26,2019/20,3660,1377,2.66
RNU,RNU26,2020/21,2761,2015,1.37
RNU,RNU26,2021/22,4834,451,10.72
RNU,RNU26,2022/23,900,355,2.54
RNU,RNU30,2008/09,1604,755,2.12
RNU,RNU30,2009/10,382,8353,0.05
RNU,RNU30,2010/11,655,9560,0.07
RNU,RNU30,2011/12,2209,6517,0.34
RNU,RNU30,2012/13,68,10016,0.01
RNU,RNU30,2013/14,1208,11511,0.1
RNU,RNU30,2014/15,145,17634,0.01
RNU,RNU30,2015/16,4160,22985,0.18
RNU,RNU30,2016/17,11470,36999,0.31
RNU,RNU30,2017/18,8900,27797,0.32
RNU,RNU30,2018/19,7234,37738,0.19
RNU,RNU30,2019/20,8060,24629,0.33
RNU,RNU30,2020/21,8465,24162,0.35
RNU,RNU30,2021/22,10856,17123,0.63
RNU,RNU30,2022/23,6205,5250,1.18
RNU,RNU33,2009/10,4177,22860,0.18
RNU,RNU33,2010/11,2322,29791,0.08
RNU,RNU33,2011/12,3783,34359,0.11
RNU,RNU33,2012/13,2800,41705,0.07
RNU,RNU33,2013/14,425,37238,0.01
RNU,RNU33,2014/15,2838,32976,0.09
RNU,RNU33,2015/16,16385,60010,0.27
RNU,RNU33,2016/17,14923,49983,0.3
RNU,RNU33,2017/18,6045,24889,0.24
RNU,RNU33,2018/19,4902,20827,0.24
RNU,RNU33,2019/20,5413,29230,0.19
RNU,RNU33,2020/21,7333,35071,0.21
RNU,RNU33,2021/22,4583,18849,0.24
RNU,RNU33,2022/23,2045,3375,0.61
RNU,RNU55,2008/09,117,457,0.26
RNU,RNU75,2009/10,1881,5989,0.31
RNU,RNU75,2010/11,495,7017,0.07
RNU,RNU75,2011/12,1012,7316,0.14
RNU,RNU75,2012/13,192,7179,0.03
RNU,RNU75,2013/14,0,7317,0
RNU,RNU75,2014/15,655,8447,0.08
RNU,RNU75,2015/16,8001,11923,0.67
RNU,RNU75,2016/17,9464,11143,0.85
RNU,RNU75,2017/18,7117,9817,0.72
RNU,RNU75,2018/19,5713,8436,0.68
RNU,RNU75,2019/20,3717,8447,0.44
RNU,RNU75,2020/21,5662,5929,0.95
RNU,RNU75,2021/22,6387,9079,0.7
RNU,RNU75,2022/23,2104,3272,0.64
RNU,RNU80,2009/10,1732,457,3.79
RNU,RNU80,2010/11,1853,369,5.02
RNU,RNU80,2011/12,1739,339,5.13
RNU,RNU80,2012/13,0,1358,0
RNU,RNU80,2013/14,0,1263,0
RNU,RNU80,2014/15,0,3039,0
RNU,RNU80,2015/16,3560,2285,1.56
RNU,RNU80,2016/17,4119,1618,2.55
RNU,RNU80,2017/18,4108,40,102.7
RNU,RNU80,2018/19,1236,2513,0.49
RNU,RNU80,2019/20,2954,697,4.24
RNU,RNU80,2020/21,3878,0,3878
RNU,RNU80,2021/22,3438,152,22.62
RNU,RNU80,2022/23,990,168,5.89
RNU,RNU91,2008/09,837,1334,0.63
RNU,RNU92,2008/09,26,1026,0.03
RNU,RNU92,2009/10,458,377,1.21
RNU,RNU92,2010/11,633,2694,0.23
RNU,RNU92,2011/12,883,1081,0.82
RNU,RNU92,2012/13,652,4473,0.15
RNU,RNU92,2013/14,1339,2908,0.46
RNU,RNU92,2014/15,0,4086,0
RNU,RNU92,2015/16,350,5261,0.07
RNU,RNU92,2016/17,157,5165,0.03
RNU,RNU92,2017/18,1643,7431,0.22
RNU,RNU92,2018/19,866,5056,0.17
RNU,RNU92,2019/20,2316,460,5.03
RNU,RNU92,2020/21,429,85,5.05
RNU,RNU92,2021/22,2009,4345,0.46
RNU,RNU92,2022/23,2518,0,2518
RNU,RNU93,2009/10,5937,5646,1.05
RNU,RNU93,2010/11,8427,2656,3.17
RNU,RNU93,2011/12,3472,7155,0.49
RNU,RNU93,2012/13,131,7391,0.02
RNU,RNU93,2013/14,269,8939,0.03
RNU,RNU93,2014/15,50,3346,0.01
RNU,RNU95,2009/10,213,0,213
RNU,RNU95,2010/11,327,163,2.01
RNU,RNU95,2011/12,3280,924,3.55
RNU,RNU95,2012/13,4953,1377,3.6
RNU,RNU95,2013/14,2735,415,6.59
RNU,RNU95,2014/15,0,236,0
RNU,RNU96,2009/10,9524,2577,3.7
RNU,RNU96,2010/11,7604,9085,0.84
RNU,RNU96,2011/12,5275,13528,0.39
RNU,RNU96,2012/13,927,16002,0.06
RNU,RNU96,2013/14,338,23617,0.01
RNU,RNU96,2014/15,1549,7766,0.2
RNU,RNUAL,2010/11,656,2103,0.31
RNU,RNUAL,2011/12,1536,1340,1.15
RNU,RNUAL,2012/13,63,2587,0.02
RNU,RNUAL,2013/14,0,3407,0
RNU,RNUAL,2014/15,1000,2237,0.45
RNU,RNUAL,2015/16,5094,376,13.55
RNU,RNUAL,2016/17,4743,598,7.93
RNU,RNUAL,2017/18,1811,806,2.25
RNU,RNUAL,2018/19,866,3164,0.27
RNU,RNUAL,2019/20,1681,1421,1.18
RNU,RNUAL,2020/21,2546,1023,2.49
RNU,RNUAL,2021/22,2078,521,3.99
RNU,RNUAL,2022/23,875,195,4.49
RNU,RNUCE,2011/12,3203,178,17.99
RNU,RNUCE,2012/13,1717,812,2.11
RNU,RNUCE,2013/14,2457,235,10.46
RNU,RNUCE,2014/15,1536,247,6.22
RNU,RNUCE,2015/16,266,1665,0.16
RNU,RNUCE,2016/17,329,4202,0.08
RNU,RNUCE,2017/18,876,3265,0.27
RNU,RNUCE,2018/19,221,3981,0.06
RNU,RNUCE,2019/20,234,4068,0.06
RNU,RNUCE,2020/21,48,4170,0.01
RNU,RNUCE,2021/22,450,3485,0.13
RNU,RNUCE,2022/23,237,1226,0.19
RNU,RNUCJ,2011/12,4266,465,9.17
RNU,RNUCJ,2012/13,3903,633,6.17
RNU,RNUCJ,2013/14,2904,401,7.24
RNU,RNUCJ,2014/15,0,597,0
RNU,RNUCJ,2015/16,405,4556,0.09
RNU,RNUCK,2011/12,7138,419,17.04
RNU,RNUCK,2012/13,6899,222,31.08
RNU,RNUCK,2013/14,4302,892,4.82
RNU,RNUCK,2014/15,2126,577,3.68
RNU,RNUCK,2015/16,3199,2175,1.47
RNU,RNUCK,2016/17,798,5099,0.16
RNU,RNUCK,2017/18,3047,2989,1.02
RNU,RNUCK,2018/19,5434,0,5434
RNU,RNUCK,2019/20,5909,73,80.95
RNU,RNUCK,2020/21,5669,12,472.42
RNU,RNUCK,2021/22,5836,0,5836
RNU,RNUCK,2022/23,2357,0,2357
RNU,RNUCY,2013/14,4899,93,52.68
RNU,RNUCY,2014/15,3447,142,24.27
RNU,RNUDJ,2011/12,8015,0,8015
RNU,RNUDJ,2012/13,7481,134,55.83
RNU,RNUDJ,2013/14,5336,1213,4.4
RNU,RNUDJ,2014/15,4382,1591,2.75
RNU,RNUDJ,2015/16,1757,5955,0.3
RNU,RNUDJ,2016/17,1130,7269,0.16
RNU,RNUDJ,2017/18,1945,6231,0.31
RNU,RNUDJ,2018/19,5375,1613,3.33
RNU,RNUDJ,2019/20,4710,1800,2.62
RNU,RNUDJ,2020/21,4089,1658,2.47
RNU,RNUDJ,2021/22,5081,1660,3.06
RNU,RNUDJ,2022/23,1942,351,5.53
RNU,RNUDK,2011/12,119,401,0.3
RNU,RNUDK,2012/13,0,648,0
RNU,RNUDK,2013/14,1328,400,3.32
RNU,RNUDK,2014/15,2054,159,12.92
RNU,RNUDK,2015/16,2911,2010,1.45
RNU,RNUDK,2016/17,1581,311,5.08
RNU,RNUDM,2011/12,17662,740,23.87
RNU,RNUDM,2012/13,18498,1409,13.13
RNU,RNUDM,2013/14,12098,1444,8.38
RNU,RNUDM,2014/15,6279,3429,1.83
RNU,RNUDM,2015/16,9457,9835,0.96
RNU,RNUDM,2016/17,7987,8548,0.93
RNU,RNUDM,2017/18,9044,5455,1.66
RNU,RNUDM,2018/19,11824,2708,4.37
RNU,RNUDM,2019/20,10777,4628,2.33
RNU,RNUDM,2020/21,7834,3972,1.97
RNU,RNUDM,2021/22,7588,2970,2.55
RNU,RNUDM,2022/23,3293,427,7.71
RNU,RNUDQ,2011/12,13055,2911,4.48
RNU,RNUDQ,2012/13,14515,2071,7.01
RNU,RNUDQ,2013/14,11149,1846,6.04
RNU,RNUDQ,2014/15,8471,291,29.11
RNU,RNUDQ,2015/16,6281,6741,0.93
RNU,RNUDQ,2016/17,2868,8770,0.33
RNU,RNUDQ,2017/18,7798,3989,1.95
RNU,RNUDQ,2018/19,10121,1483,6.82
RNU,RNUDQ,2019/20,13840,556,24.89
RNU,RNUDQ,2020/21,11079,711,15.58
RNU,RNUDQ,2021/22,11321,1486,7.62
RNU,RNUDQ,2022/23,3721,1179,3.16
RNU,RNUDR,2011/12,4908,141,34.81
RNU,RNUDR,2012/13,4668,244,19.13
RNU,RNUDR,2013/14,3032,738,4.11
RNU,RNUDR,2014/15,2467,531,4.65
RNU,RNUDR,2015/16,2094,1049,2
RNU,RNUGP,2014/15,113,9753,0.01
RNU,RNUGP,2015/16,21559,55739,0.39
RNU,RNUGP,2016/17,24850,86613,0.29
RNU,RNUGP,2017/18,7218,33420,0.22
RNU,RNUGP,2018/19,2059,28838,0.07
RNU,RNUGP,2019/20,5711,40796,0.14
RNU,RNUGP,2020/21,3368,25024,0.13
RNU,RNUGP,2021/22,3052,24457,0.12
RNU,RNUGP,2022/23,1477,5959,0.25
RNU,RNUHE,2017/18,6609,0,6609
RNU,RNUMH,2015/16,0,991,0
RNU,RNUMH,2018/19,906,0,906
RNZ,RNZ00,2008/09,229,0,229
RNZ,RNZ00,2009/10,294,0,294
RNZ,RNZ00,2010/11,465,0,465
RNZ,RNZ00,2011/12,209,0,209
RNZ,RNZ00,2012/13,25,0,25
RNZ,RNZ00,2014/15,66,0,66
RNZ,RNZ00,2015/16,3,0,3
RNZ,RNZ00,2016/17,12,0,12
RNZ,RNZ00,2018/19,0,16,0
RNZ,RNZ00,2019/20,6,42,0.14
RNZ,RNZ01,2008/09,0,0,0
RNZ,RNZ02,2008/09,25881,110229,0.23
RNZ,RNZ02,2009/10,24670,122948,0.2
RNZ,RNZ02,2010/11,21849,111450,0.2
RNZ,RNZ02,2011/12,21858,101228,0.22
RNZ,RNZ02,2012/13,20865,101787,0.2
RNZ,RNZ02,2013/14,18280,104988,0.17
RNZ,RNZ02,2014/15,17156,110738,0.15
RNZ,RNZ02,2015/16,17055,109694,0.16
RNZ,RNZ02,2016/17,17379,125750,0.14
RNZ,RNZ02,2017/18,18678,122147,0.15
RNZ,RNZ02,2018/19,21317,118113,0.18
RNZ,RNZ02,2019/20,27385,118240,0.23
RNZ,RNZ02,2020/21,18881,100987,0.19
RNZ,RNZ02,2021/22,18587,119919,0.15
RNZ,RNZ02,2022/23,19677,139670,0.14
RNZ,RNZ02,2023/24,18973,97359,0.19
RNZ,RNZ25,2008/09,5,0,5
RNZ,RNZ25,2010/11,2,0,2
RNZ,RNZ25,2011/12,0,0,0
RNZ,RNZ52,2013/14,0,0,0
RNZ,RNZ78,2009/10,38,1780,0.02
RNZ,RNZ78,2010/11,15,1971,0.01
RNZ,RNZ78,2011/12,8,2007,0
RNZ,RNZ78,2012/13,27,1849,0.01
RNZ,RNZ78,2013/14,6,2031,0
RNZ,RNZ78,2014/15,73,1882,0.04
RNZ,RNZ78,2015/16,30,2184,0.01
RNZ,RNZ78,2016/17,29,1249,0.02
RNZ,RNZ78,2017/18,31,1940,0.02
RNZ,RNZ78,2018/19,69,1991,0.03
RNZ,RNZ78,2019/20,0,1535,0
RNZ,RNZ78,2020/21,1,1486,0
RNZ,RNZ78,2021/22,2,1569,0
RNZ,RNZ78,2022/23,0,1932,0
RNZ,RNZ78,2023/24,149,1104,0.13
RP1,RP100,2008/09,84,334,0.25
RP1,RP100,2009/10,357,940,0.38
RP1,RP100,2010/11,152,1104,0.14
RP1,RP100,2011/12,435,1614,0.27
RP1,RP100,2012/13,143,3100,0.05
RP1,RP100,2018/19,95,0,95
RP1,RP100,2019/20,1290,670,1.93
RP1,RP100,2020/21,109,120,0.91
RP1,RP100,2021/22,225,199,1.13
RP1,RP100,2022/23,0,0,0
RP1,RP100,2023/24,199,0,199
RP1,RP106,2009/10,400,545,0.73
RP1,RP107,2009/10,348,0,348
RP1,RP126,2018/19,4315,0,4315
RP1,RP126,2019/20,5043,0,5043
RP1,RP126,2020/21,330,0,330
RP1,RP126,2021/22,46,0,46
RP1,RP126,2022/23,437,0,437
RP1,RP126,2023/24,617,0,617
RP1,RP133,2018/19,11684,0,11684
RP1,RP133,2019/20,11344,0,11344
RP1,RP133,2020/21,198,0,198
RP1,RP133,2021/22,22,0,22
RP1,RP133,2022/23,379,0,379
RP1,RP133,2023/24,520,0,520
RP1,RP137,2018/19,0,138,0
RP1,RP137,2019/20,0,8,0
RP1,RP137,2021/22,0,366,0
RP1,RP1A1,2008/09,1676,16627,0.1
RP1,RP1A1,2009/10,2322,23553,0.1
RP1,RP1A1,2010/11,2137,27766,0.08
RP1,RP1A1,2011/12,2728,26434,0.1
RP1,RP1A1,2012/13,2989,16487,0.18
RP1,RP1A1,2013/14,0,1189,0
RP1,RP1A1,2014/15,485,0,485
RP1,RP1A1,2018/19,6778,22693,0.3
RP1,RP1A1,2019/20,9363,22573,0.41
RP1,RP1A1,2020/21,2489,10638,0.23
RP1,RP1A1,2021/22,3307,4671,0.71
RP1,RP1A1,2022/23,4282,3886,1.1
RP1,RP1A1,2023/24,2449,3271,0.75
RP1,RP1D7,2011/12,1427,0,1427
RP1,RP1D7,2012/13,1182,0,1182
RP1,RP1D8,2008/09,454,0,454
RP1,RP1D8,2009/10,1439,0,1439
RP1,RP1D8,2010/11,1491,0,1491
RP1,RP1D8,2011/12,1445,0,1445
RP1,RP1D8,2012/13,698,0,698
RP1,RP1E6,2008/09,60,90,0.67
RP1,RP1E6,2009/10,995,99,10.05
RP1,RP1E6,2010/11,790,134,5.9
RP1,RP1E6,2011/12,389,426,0.91
RP1,RP1E6,2012/13,122,0,122
RP1,RP1F4,2008/09,480,28,17.14
RP1,RP1F4,2009/10,1979,289,6.85
RP1,RP1F4,2010/11,1409,485,2.91
RP1,RP1F4,2011/12,370,0,370
RP1,RP1H1,2008/09,2286,4833,0.47
RP1,RP1H1,2009/10,5629,11558,0.49
RP1,RP1H1,2010/11,3876,7101,0.55
RP1,RP1H1,2011/12,5,2287,0
RP1,RP1H1,2012/13,188,1206,0.16
RP1,RP1J6,2018/19,9691,0,9691
RP1,RP1J6,2019/20,9665,0,9665
RP1,RP1J6,2020/21,210,0,210
RP1,RP1J6,2021/22,339,0,339
RP1,RP1J6,2022/23,111,0,111
RP1,RP1J6,2023/24,209,0,209
RP1,RP1K1,2008/09,2265,400,5.66
RP1,RP1K1,2009/10,2281,905,2.52
RP1,RP1K1,2010/11,2906,361,8.05
RP1,RP1L4,2008/09,933,295,3.16
RP1,RP1L4,2009/10,2026,303,6.69
RP1,RP1L4,2010/11,1400,224,6.25
RP1,RP1M5,2008/09,665,9403,0.07
RP1,RP1M5,2009/10,0,1618,0
RP1,RP1M7,2008/09,8,0,8
RP1,RP1M7,2009/10,214,0,214
RP1,RP1M7,2010/11,0,147,0
RP1,RP1M7,2011/12,254,228,1.11
RP1,RP1N8,2018/19,7355,0,7355
RP1,RP1N8,2019/20,7912,0,7912
RP1,RP1N8,2022/23,57,0,57
RP1,RP1N8,2023/24,199,0,199
RP1,RP1P5,2018/19,4228,240,17.62
RP1,RP1P5,2019/20,4330,276,15.69
RP1,RP1P5,2020/21,14,0,14
RP1,RP1P5,2023/24,9,0,9
RP1,RP1P6,2018/19,2617,213,12.29
RP1,RP1P6,2019/20,2516,26,96.77
RP1,RP1P6,2022/23,17,0,17
RP1,RP1Q9,2011/12,1616,0,1616
RP1,RP1Q9,2012/13,1523,0,1523
RP1,RP1V4,2008/09,206,1908,0.11
RP1,RP1V4,2009/10,1509,15298,0.1
RP1,RP1V4,2010/11,2236,22705,0.1
RP1,RP1V4,2011/12,4156,25368,0.16
RP1,RP1V4,2012/13,3712,20905,0.18
RP1,RP1V4,2013/14,0,1746,0
RP1,RP1V4,2014/15,0,852,0
RP1,RP1V4,2018/19,15713,24993,0.63
RP1,RP1V4,2019/20,13273,22972,0.58
RP1,RP1V4,2020/21,6415,8838,0.73
RP1,RP1V4,2021/22,5430,10148,0.54
RP1,RP1V4,2022/23,4211,7988,0.53
RP1,RP1V4,2023/24,3470,2255,1.54
RP1,RP1V6,2018/19,1509,1688,0.89
RP1,RP1V6,2019/20,1976,1413,1.4
RP1,RP1V6,2020/21,0,447,0
RP1,RP1V6,2021/22,0,272,0
RP4,RP400,2008/09,31681,18868,1.68
RP4,RP400,2009/10,1593,1695,0.94
RP4,RP400,2010/11,0,1461,0
RP4,RP400,2019/20,75,0,75
RP4,RP400,2020/21,31,0,31
RP4,RP400,2021/22,57,0,57
RP4,RP400,2022/23,28,0,28
RP4,RP400,2023/24,45,0,45
RP4,RP401,2009/10,35676,19665,1.81
RP4,RP401,2010/11,39591,20974,1.89
RP4,RP401,2011/12,48822,21518,2.27
RP4,RP401,2012/13,50168,16805,2.99
RP4,RP401,2013/14,47778,7156,6.68
RP4,RP401,2014/15,58816,6520,9.02
RP4,RP401,2015/16,61337,6555,9.36
RP4,RP401,2016/17,61709,6989,8.83
RP4,RP401,2017/18,66009,7450,8.86
RP4,RP401,2018/19,63051,5910,10.67
RP4,RP401,2019/20,53818,20050,2.68
RP4,RP401,2020/21,46945,31862,1.47
RP4,RP401,2021/22,50027,30379,1.65
RP4,RP401,2022/23,49929,33291,1.5
RP4,RP401,2023/24,38503,25569,1.51
RP4,RP435,2020/21,40,0,40
RP4,RP435,2023/24,3,0,3
RP5,RP500,2011/12,0,8,0
RP5,RP5BA,2008/09,6651,63001,0.11
RP5,RP5BA,2009/10,6462,65158,0.1
RP5,RP5BA,2010/11,5948,63810,0.09
RP5,RP5BA,2011/12,5508,55992,0.1
RP5,RP5BA,2012/13,4760,53765,0.09
RP5,RP5BA,2013/14,4527,54389,0.08
RP5,RP5BA,2014/15,4767,55770,0.09
RP5,RP5BA,2015/16,3940,55052,0.07
RP5,RP5BA,2016/17,3675,49279,0.07
RP5,RP5BA,2017/18,3642,42901,0.08
RP5,RP5BA,2018/19,4540,46600,0.1
RP5,RP5BA,2019/20,3473,46597,0.07
RP5,RP5BA,2020/21,1250,34262,0.04
RP5,RP5BA,2021/22,3916,39526,0.1
RP5,RP5BA,2022/23,2820,47279,0.06
RP5,RP5BA,2023/24,1728,32126,0.05
RP5,RP5DR,2008/09,25718,140349,0.18
RP5,RP5DR,2009/10,26789,167216,0.16
RP5,RP5DR,2010/11,24950,174000,0.14
RP5,RP5DR,2011/12,25363,174243,0.15
RP5,RP5DR,2012/13,22638,181347,0.12
RP5,RP5DR,2013/14,22174,189223,0.12
RP5,RP5DR,2014/15,21427,192997,0.11
RP5,RP5DR,2015/16,22670,187367,0.12
RP5,RP5DR,2016/17,20659,192797,0.11
RP5,RP5DR,2017/18,18962,186038,0.1
RP5,RP5DR,2018/19,18619,176091,0.11
RP5,RP5DR,2019/20,18575,177358,0.1
RP5,RP5DR,2020/21,9743,156960,0.06
RP5,RP5DR,2021/22,13320,174114,0.08
RP5,RP5DR,2022/23,15902,190346,0.08
RP5,RP5DR,2023/24,11504,145419,0.08
RP5,RP5MM,2008/09,1095,17098,0.06
RP5,RP5MM,2009/10,1010,17100,0.06
RP5,RP5MM,2010/11,1366,19865,0.07
RP5,RP5MM,2011/12,934,16904,0.06
RP5,RP5MM,2012/13,383,1475,0.26
RP5,RP5MM,2013/14,885,341,2.6
RP5,RP5MM,2014/15,545,344,1.58
RP5,RP5MM,2015/16,708,3629,0.2
RP5,RP5MM,2016/17,878,39,22.51
RP5,RP5MM,2017/18,506,0,506
RP5,RP5MM,2018/19,225,119,1.89
RP5,RP5MM,2019/20,125,172,0.73
RP5,RP5MM,2020/21,196,0,196
RP5,RP5MM,2021/22,325,0,325
RP5,RP5MM,2022/23,89,355,0.25
RP5,RP5MM,2023/24,136,0,136
RP5,RP5RH,2008/09,99,142,0.7
RP5,RP5RH,2009/10,75,81,0.93
RP5,RP5RH,2010/11,78,146,0.53
RP5,RP5RH,2011/12,41,112,0.37
RP5,RP5RH,2012/13,141,92,1.53
RP5,RP5RH,2013/14,146,50,2.92
RP5,RP5RH,2014/15,96,89,1.08
RP5,RP5RH,2015/16,146,191,0.76
RP5,RP5RH,2016/17,87,268,0.32
RP5,RP5RH,2017/18,98,303,0.32
RP5,RP5RH,2018/19,105,300,0.35
RP5,RP5RH,2019/20,98,175,0.56
RP5,RP5RH,2020/21,15,169,0.09
RP5,RP5RH,2021/22,33,258,0.13
RP5,RP5RH,2022/23,86,331,0.26
RP5,RP5RH,2023/24,57,171,0.33
RP5,RP5TR,2008/09,1480,862,1.72
RP5,RP5TR,2009/10,1521,2823,0.54
RP5,RP5TR,2010/11,1821,2273,0.8
RP5,RP5TR,2011/12,1026,1878,0.55
RP5,RP5TR,2012/13,0,516,0
RP6,RP601,2008/09,291,638,0.46
RP6,RP601,2009/10,871,1045,0.83
RP6,RP601,2010/11,692,453,1.53
RP6,RP601,2011/12,498,466,1.07
RP6,RP601,2012/13,369,564,0.65
RP6,RP601,2013/14,710,476,1.49
RP6,RP601,2014/15,757,609,1.24
RP6,RP601,2015/16,746,523,1.43
RP6,RP601,2016/17,843,684,1.23
RP6,RP601,2017/18,1104,503,2.19
RP6,RP601,2018/19,1263,470,2.69
RP6,RP601,2019/20,1044,470,2.22
RP6,RP601,2020/21,614,76,8.08
RP6,RP601,2021/22,968,120,8.07
RP6,RP601,2022/23,933,271,3.44
RP6,RP601,2023/24,597,145,4.12
RP6,RP603,2008/09,99,2,49.5
RP6,RP603,2009/10,118,0,118
RP6,RP603,2010/11,15,0,15
RP6,RP603,2011/12,16,0,16
RP6,RP603,2012/13,1,0,1
RP6,RP603,2013/14,2,0,2
RP6,RP603,2014/15,14,0,14
RP6,RP603,2015/16,0,0,0
RP6,RP603,2016/17,0,0,0
RP6,RP603,2017/18,1,0,1
RP6,RP603,2018/19,0,0,0
RP6,RP603,2019/20,0,0,0
RP6,RP603,2020/21,1,0,1
RP6,RP603,2021/22,0,0,0
RP6,RP603,2022/23,0,0,0
RP6,RP604,2008/09,119,439,0.27
RP6,RP604,2009/10,369,315,1.17
RP6,RP604,2010/11,233,289,0.81
RP6,RP604,2011/12,95,224,0.42
RP6,RP604,2012/13,111,152,0.73
RP6,RP604,2013/14,148,140,1.06
RP6,RP604,2014/15,118,178,0.66
RP6,RP604,2015/16,208,348,0.6
RP6,RP604,2016/17,72,176,0.41
RP6,RP604,2017/18,63,124,0.51
RP6,RP604,2018/19,7,91,0.08
RP6,RP604,2019/20,32,29,1.1
RP6,RP604,2020/21,35,4,8.75
RP6,RP604,2021/22,18,6,3
RP6,RP604,2022/23,23,0,23
RP6,RP604,2023/24,5,0,5
RP6,RP605,2008/09,0,0,0
RP6,RP605,2009/10,1,0,1
RP6,RP605,2010/11,15,0,15
RP6,RP605,2011/12,0,0,0
RP6,RP605,2012/13,0,0,0
RP6,RP605,2013/14,4,0,4
RP6,RP605,2014/15,0,0,0
RP6,RP605,2015/16,1,0,1
RP6,RP605,2018/19,0,0,0
RP6,RP605,2019/20,0,0,0
RP6,RP605,2020/21,1,0,1
RP6,RP605,2021/22,0,0,0
RP6,RP605,2022/23,0,0,0
RP6,RP606,2013/14,0,0,0
RP6,RP606,2014/15,0,0,0
RP6,RP606,2015/16,0,0,0
RP6,RP606,2016/17,1,0,1
RP6,RP606,2017/18,0,0,0
RP6,RP606,2018/19,0,0,0
RP6,RP606,2019/20,0,0,0
RP6,RP606,2020/21,0,0,0
RP6,RP606,2021/22,0,0,0
RP6,RP607,2008/09,4,0,4
RP6,RP607,2009/10,104,0,104
RP6,RP607,2010/11,1,0,1
RP6,RP607,2011/12,0,0,0
RP6,RP607,2012/13,2,0,2
RP6,RP607,2014/15,0,0,0
RP6,RP607,2015/16,0,0,0
RP6,RP607,2016/17,0,0,0
RP6,RP607,2018/19,0,0,0
RP6,RP607,2019/20,3,0,3
RP6,RP608,2014/15,336,2,168
RP6,RP608,2015/16,0,0,0
RP6,RP608,2016/17,0,0,0
RP6,RP608,2017/18,0,0,0
RP6,RP608,2018/19,1,0,1
RP6,RP608,2020/21,0,0,0
RP6,RP608,2021/22,7,0,7
RP6,RP608,2022/23,2,0,2
RP6,RP610,2008/09,0,0,0
RP6,RP610,2009/10,0,0,0
RP6,RP610,2010/11,0,0,0
RP6,RP610,2011/12,4,0,4
RP6,RP610,2012/13,1,0,1
RP6,RP610,2013/14,0,0,0
RP6,RP610,2014/15,0,0,0
RP6,RP610,2015/16,0,0,0
RP6,RP610,2016/17,0,0,0
RP6,RP610,2017/18,0,0,0
RP6,RP610,2018/19,31,0,31
RP6,RP610,2019/20,0,0,0
RP6,RP610,2020/21,0,0,0
RP6,RP610,2022/23,0,0,0
RP6,RP620,2014/15,0,0,0
RP6,RP620,2018/19,0,0,0
RP6,RP620,2022/23,0,0,0
RP6,RP627,2017/18,0,0,0
RP6,RP627,2019/20,24,0,24
RP6,RP630,2015/16,0,0,0
RP6,RP633,2015/16,479,0,479
RP6,RP633,2016/17,434,0,434
RP6,RP633,2017/18,117,0,117
RP6,RP633,2018/19,137,0,137
RP6,RP633,2019/20,109,0,109
RP6,RP633,2020/21,12,0,12
RP6,RP633,2021/22,48,0,48
RP6,RP633,2022/23,20,0,20
RP6,RP640,2017/18,0,0,0
RP6,RP640,2018/19,5,0,5
RP6,RP640,2019/20,1,0,1
RP7,RP700,2008/09,7361,11209,0.66
RP7,RP700,2009/10,200,4064,0.05
RP7,RP700,2010/11,0,2206,0
RP7,RP700,2011/12,1142,0,1142
RP7,RP700,2014/15,0,2053,0
RP7,RP701,2009/10,515,3571,0.14
RP7,RP701,2010/11,1622,6706,0.24
RP7,RP701,2011/12,55,5231,0.01
RP7,RP701,2012/13,206,3482,0.06
RP7,RP701,2013/14,37,4729,0.01
RP7,RP701,2014/15,1505,4250,0.35
RP7,RP701,2015/16,54,2900,0.02
RP7,RP701,2016/17,465,6732,0.07
RP7,RP701,2017/18,485,4565,0.11
RP7,RP701,2018/19,57,2467,0.02
RP7,RP701,2019/20,0,387,0
RP7,RP705,2009/10,1694,651,2.6
RP7,RP705,2010/11,946,2856,0.33
RP7,RP705,2011/12,265,3210,0.08
RP7,RP705,2012/13,105,3476,0.03
RP7,RP705,2013/14,2678,2480,1.08
RP7,RP705,2014/15,1734,695,2.49
RP7,RP705,2015/16,694,6936,0.1
RP7,RP706,2018/19,978,710,1.38
RP7,RP706,2019/20,660,0,660
RP7,RP719,2009/10,8,5783,0
RP7,RP719,2010/11,93,7442,0.01
RP7,RP719,2011/12,153,8697,0.02
RP7,RP719,2012/13,107,4469,0.02
RP7,RP719,2013/14,298,4206,0.07
RP7,RP719,2014/15,254,8282,0.03
RP7,RP723,2009/10,176,1232,0.14
RP7,RP723,2010/11,327,224,1.46
RP7,RP723,2011/12,1372,36,38.11
RP7,RP723,2013/14,1865,0,1865
RP7,RP768,2011/12,39,0,39
RP7,RP768,2012/13,2440,0,2440
RP7,RP768,2013/14,3172,0,3172
RP7,RP768,2014/15,5507,0,5507
RP7,RP768,2015/16,7424,3950,1.88
RP7,RP768,2016/17,5387,3401,1.58
RP7,RP768,2017/18,7557,15129,0.5
RP7,RP768,2018/19,6698,9568,0.7
RP7,RP768,2019/20,0,27,0
RP7,RP7CG,2008/09,3851,6510,0.59
RP7,RP7CG,2009/10,437,11242,0.04
RP7,RP7CG,2010/11,0,13925,0
RP7,RP7CG,2011/12,117,13075,0.01
RP7,RP7CG,2012/13,0,13354,0
RP7,RP7CG,2013/14,154,10544,0.01
RP7,RP7CG,2014/15,1332,10349,0.13
RP7,RP7CG,2015/16,1013,10574,0.1
RP7,RP7CG,2016/17,543,9307,0.06
RP7,RP7CG,2017/18,551,11686,0.05
RP7,RP7CG,2018/19,1324,9374,0.14
RP7,RP7CG,2019/20,0,93,0
RP7,RP7DC,2009/10,583,290,2.01
RP7,RP7DC,2010/11,959,13,73.77
RP7,RP7DC,2011/12,605,0,605
RP7,RP7DC,2012/13,1860,0,1860
RP7,RP7DC,2013/14,425,0,425
RP7,RP7DC,2014/15,1553,52,29.87
RP7,RP7DC,2015/16,2514,2871,0.88
RP7,RP7DC,2016/17,1842,0,1842
RP7,RP7DC,2017/18,870,1114,0.78
RP7,RP7DC,2018/19,765,2368,0.32
RP7,RP7DC,2019/20,45,0,45
RP7,RP7DG,2010/11,1,293,0
RP7,RP7EL,2008/09,0,340,0
RP7,RP7ER,2008/09,1517,180,8.43
RP7,RP7EV,2008/09,26,10057,0
RP7,RP7EV,2009/10,522,13741,0.04
RP7,RP7EV,2010/11,516,16361,0.03
RP7,RP7EV,2011/12,277,21098,0.01
RP7,RP7EV,2012/13,319,13100,0.02
RP7,RP7EV,2013/14,3070,14031,0.22
RP7,RP7EV,2014/15,1146,18393,0.06
RP7,RP7EV,2015/16,1648,17409,0.09
RP7,RP7EV,2016/17,2790,20192,0.14
RP7,RP7EV,2017/18,3979,24098,0.17
RP7,RP7EV,2018/19,2094,13816,0.15
RP7,RP7EV,2019/20,19,1123,0.02
RP7,RP7FK,2008/09,0,316,0
RP7,RP7FK,2010/11,0,810,0
RP7,RP7FK,2018/19,2369,332,7.14
RP7,RP7LA,2015/16,181,6861,0.03
RP7,RP7LA,2016/17,245,7589,0.03
RP7,RP7LA,2017/18,444,9947,0.04
RP7,RP7LA,2018/19,276,13433,0.02
RP7,RP7LA,2019/20,5,345,0.01
RP7,RP7LP,2009/10,2890,3240,0.89
RP7,RP7LP,2010/11,303,4836,0.06
RP7,RP7LP,2011/12,349,4540,0.08
RP7,RP7LP,2012/13,968,4548,0.21
RP7,RP7LP,2013/14,1536,3970,0.39
RP7,RP7LP,2014/15,760,5135,0.15
RP7,RP7LP,2015/16,1326,6159,0.22
RP7,RP7LP,2016/17,263,5946,0.04
RP7,RP7LP,2017/18,1542,4065,0.38
RP7,RP7LP,2018/19,982,5225,0.19
RP7,RP7LP,2019/20,0,70,0
RP7,RP7MA,2009/10,1998,746,2.68
RP7,RP7MA,2010/11,1586,1765,0.9
RP7,RP7MA,2011/12,1759,1548,1.14
RP7,RP7MA,2012/13,1355,2684,0.5
RP7,RP7MA,2013/14,2991,1538,1.94
RP7,RP7MA,2014/15,1484,2743,0.54
RP7,RP7MA,2015/16,3285,1420,2.31
RP7,RP7MA,2016/17,2377,1216,1.95
RP7,RP7MA,2017/18,2589,1083,2.39
RP7,RP7MA,2018/19,2089,1328,1.57
RP7,RP7MA,2019/20,0,239,0
RP7,RP7WH,2009/10,782,2390,0.33
RP7,RP7WH,2010/11,1179,1891,0.62
RP7,RP7WH,2011/12,2199,1950,1.13
RP7,RP7WH,2012/13,2683,1951,1.38
RP7,RP7WH,2013/14,1572,0,1572
RP7,RP7WH,2014/15,1182,1107,1.07
RP7,RP7WH,2015/16,784,2169,0.36
RP7,RP7WH,2016/17,4481,1781,2.52
RP7,RP7WH,2017/18,519,1539,0.34
RP7,RP7WH,2018/19,1186,0,1186
RPA,RPA00,2008/09,8575,69431,0.12
RPA,RPA00,2009/10,5897,68073,0.09
RPA,RPA00,2010/11,80,763,0.1
RPA,RPA00,2014/15,827,5,165.4
RPA,RPA00,2015/16,0,0,0
RPA,RPA00,2016/17,0,1,0
RPA,RPA00,2019/20,4,380,0.01
RPA,RPA00,2023/24,3,0,3
RPA,RPA02,2009/10,4746,32597,0.15
RPA,RPA02,2010/11,21327,164985,0.13
RPA,RPA02,2011/12,20420,156549,0.13
RPA,RPA02,2012/13,21838,157224,0.14
RPA,RPA02,2013/14,19893,163707,0.12
RPA,RPA02,2014/15,17605,169269,0.1
RPA,RPA02,2015/16,15452,183071,0.08
RPA,RPA02,2016/17,12916,175505,0.07
RPA,RPA02,2017/18,12919,177967,0.07
RPA,RPA02,2018/19,12648,176886,0.07
RPA,RPA02,2019/20,11976,178975,0.07
RPA,RPA02,2020/21,6410,147434,0.04
RPA,RPA02,2021/22,9112,176671,0.05
RPA,RPA02,2022/23,11917,197550,0.06
RPA,RPA02,2023/24,10433,148961,0.07
RPA,RPA17,2022/23,0,190,0
RPA,RPA17,2023/24,0,683,0
RPA,RPA27,2023/24,1,0,1
RPA,RPA28,2011/12,12,0,12
RPA,RPA28,2012/13,12,0,12
RPA,RPA28,2013/14,6,0,6
RPA,RPA28,2014/15,11,1,11
RPA,RPA28,2015/16,8,0,8
RPA,RPA28,2016/17,12,0,12
RPA,RPA28,2017/18,53,12,4.42
RPA,RPA28,2018/19,21,0,21
RPA,RPA28,2019/20,10,17,0.59
RPA,RPA28,2020/21,0,10,0
RPA,RPA28,2021/22,1,18,0.06
RPA,RPA28,2022/23,11,0,11
RPA,RPA28,2023/24,1,0,1
RPA,RPA44,2016/17,141,0,141
RPA,RPA44,2017/18,137,0,137
RPA,RPA44,2020/21,141,0,141
RPA,RPA44,2021/22,2,0,2
RPA,RPA44,2022/23,4,0,4
RPA,RPA44,2023/24,73,0,73
RPA,RPA62,2009/10,635,0,635
RPA,RPA62,2010/11,2020,0,2020
RPA,RPA62,2011/12,1484,0,1484
RPA,RPA62,2012/13,1344,0,1344
RPA,RPA62,2013/14,774,0,774
RPA,RPA81,2014/15,223,0,223
RPA,RPA81,2015/16,203,0,203
RPA,RPA81,2016/17,133,0,133
RPA,RPA81,2017/18,261,0,261
RPA,RPA81,2018/19,36,0,36
RPA,RPA81,2019/20,7,0,7
RPA,RPA81,2020/21,123,0,123
RPA,RPA81,2021/22,41,0,41
RPA,RPA81,2022/23,32,0,32
RPA,RPA82,2015/16,4,0,4
RPA,RPA82,2016/17,30,0,30
RPA,RPA82,2017/18,34,0,34
RPA,RPA82,2018/19,15,0,15
RPA,RPA82,2019/20,20,0,20
RPA,RPA82,2020/21,20,1,20
RPA,RPA82,2021/22,7,0,7
RPA,RPA82,2022/23,5,0,5
RPA,RPA82,2023/24,34,0,34
RPA,RPA83,2015/16,108,0,108
RPA,RPA86,2016/17,5,0,5
RPA,RPA88,2016/17,221,0,221
RPA,RPA88,2017/18,305,0,305
RPA,RPA88,2018/19,13,0,13
RPA,RPA89,2016/17,1,0,1
RPA,RPA90,2016/17,178,0,178
RPA,RPA90,2017/18,152,0,152
RPA,RPAMM,2008/09,12604,64518,0.2
RPA,RPAMM,2009/10,12074,60284,0.2
RPA,RPAMM,2010/11,0,389,0
RPA,RPAPH,2008/09,362,0,362
RPA,RPAPH,2009/10,657,0,657
RPA,RPAPH,2011/12,3,0,3
RPA,RPAPH,2012/13,224,0,224
RPA,RPAPH,2013/14,62,0,62
RPC,RPC00,2008/09,8,0,8
RPC,RPC00,2009/10,17,0,17
RPC,RPC00,2010/11,9,2,4.5
RPC,RPC00,2011/12,12,0,12
RPC,RPC00,2012/13,4,0,4
RPC,RPC00,2013/14,8,0,8
RPC,RPC00,2014/15,4,0,4
RPC,RPC00,2021/22,6,0,6
RPC,RPC00,2022/23,49,3,16.33
RPC,RPC00,2023/24,4,0,4
RPC,RPC04,2008/09,15069,6315,2.39
RPC,RPC04,2009/10,17007,5324,3.19
RPC,RPC04,2010/11,13844,5139,2.69
RPC,RPC04,2011/12,11596,5384,2.15
RPC,RPC04,2012/13,9282,5912,1.57
RPC,RPC04,2013/14,9476,5783,1.64
RPC,RPC04,2014/15,8414,5380,1.56
RPC,RPC04,2015/16,8317,6618,1.26
RPC,RPC04,2016/17,8422,6297,1.34
RPC,RPC04,2017/18,8330,6202,1.34
RPC,RPC04,2018/19,7919,6321,1.25
RPC,RPC04,2019/20,7472,6125,1.22
RPC,RPC04,2020/21,4801,4405,1.09
RPC,RPC04,2021/22,5992,4633,1.29
RPC,RPC04,2022/23,5475,4848,1.13
RPC,RPC04,2023/24,3951,3574,1.11
RPC,RPC11,2015/16,41,0,41
RPC,RPC11,2016/17,15,1,15
RPC,RPC11,2017/18,33,0,33
RPC,RPC11,2018/19,78,0,78
RPC,RPC11,2019/20,45,0,45
RPC,RPC11,2020/21,1,0,1
RPC,RPC11,2021/22,6,3,2
RPC,RPC11,2022/23,41,1,41
RPC,RPC11,2023/24,19,0,19
RPC,RPC12,2008/09,1,14,0.07
RPC,RPC12,2010/11,12,87,0.14
RPC,RPC12,2011/12,21,17,1.24
RPC,RPC12,2012/13,12,0,12
RPC,RPC12,2013/14,9,0,9
RPC,RPC12,2014/15,39,130,0.3
RPC,RPC12,2015/16,1,4,0.25
RPC,RPC12,2016/17,64,1,64
RPC,RPC12,2017/18,19,0,19
RPC,RPC12,2018/19,29,0,29
RPC,RPC12,2019/20,2,40,0.05
RPC,RPC12,2020/21,0,4,0
RPC,RPC12,2022/23,0,2,0
RPC,RPC12,2023/24,0,0,0
RPG,RPG00,2008/09,207,0,207
RPG,RPG00,2009/10,2382,565,4.22
RPG,RPG00,2010/11,282,374,0.75
RPG,RPG00,2011/12,1479,1069,1.38
RPG,RPG00,2015/16,0,1,0
RPG,RPG00,2016/17,1294,642,2.02
RPG,RPG00,2017/18,244,522,0.47
RPG,RPG00,2018/19,1284,1124,1.14
RPG,RPG00,2019/20,7354,2094,3.51
RPG,RPG00,2020/21,2328,616,3.78
RPG,RPG00,2021/22,67,333,0.2
RPG,RPG00,2022/23,25,1026,0.02
RPG,RPG00,2023/24,1433,1881,0.76
RPG,RPGAB,2008/09,1046,0,1046
RPG,RPGAB,2009/10,4316,550,7.85
RPG,RPGAB,2010/11,8681,410,21.17
RPG,RPGAB,2011/12,13280,1668,7.96
RPG,RPGAB,2012/13,12425,479,25.94
RPG,RPGAB,2013/14,22945,1684,13.63
RPG,RPGAB,2014/15,13296,712,18.67
RPG,RPGAB,2015/16,17502,4422,3.96
RPG,RPGAB,2016/17,19573,4803,4.08
RPG,RPGAB,2017/18,22127,2644,8.37
RPG,RPGAB,2018/19,19779,4851,4.08
RPG,RPGAB,2019/20,25011,7086,3.53
RPG,RPGAB,2020/21,25076,4731,5.3
RPG,RPGAB,2021/22,6307,925,6.82
RPG,RPGAB,2022/23,11014,1152,9.56
RPG,RPGAB,2023/24,14114,5143,2.74
RPG,RPGAD,2008/09,9052,5795,1.56
RPG,RPGAD,2009/10,13528,11497,1.18
RPG,RPGAD,2010/11,17438,14543,1.2
RPG,RPGAD,2011/12,14845,13406,1.11
RPG,RPGAD,2012/13,9816,16934,0.58
RPG,RPGAD,2013/14,11431,19045,0.6
RPG,RPGAD,2014/15,9443,21736,0.43
RPG,RPGAD,2015/16,6985,13997,0.5
RPG,RPGAD,2016/17,7206,22328,0.32
RPG,RPGAD,2017/18,7186,16466,0.44
RPG,RPGAD,2018/19,6145,13207,0.47
RPG,RPGAD,2019/20,6908,15682,0.44
RPG,RPGAD,2020/21,4594,10633,0.43
RPG,RPGAD,2021/22,5726,7022,0.82
RPG,RPGAD,2022/23,7311,8433,0.87
RPG,RPGAD,2023/24,7150,8980,0.8
RPG,RPGAE,2008/09,4863,14098,0.34
RPG,RPGAE,2009/10,7943,16453,0.48
RPG,RPGAE,2010/11,11522,21965,0.52
RPG,RPGAE,2011/12,8160,20158,0.4
RPG,RPGAE,2012/13,11457,23312,0.49
RPG,RPGAE,2013/14,15954,27032,0.59
RPG,RPGAE,2014/15,14213,20716,0.69
RPG,RPGAE,2015/16,13715,17908,0.77
RPG,RPGAE,2016/17,13218,17429,0.76
RPG,RPGAE,2017/18,10852,17531,0.62
RPG,RPGAE,2018/19,17509,15311,1.14
RPG,RPGAE,2019/20,20850,14482,1.44
RPG,RPGAE,2020/21,11708,13962,0.84
RPG,RPGAE,2021/22,10965,7320,1.5
RPG,RPGAE,2022/23,11406,6307,1.81
RPG,RPGAE,2023/24,8524,4650,1.83
RPG,RPGAG,2009/10,604,0,604
RPG,RPGAG,2010/11,693,0,693
RPG,RPGAG,2011/12,1338,0,1338
RPG,RPGAG,2012/13,1881,0,1881
RPG,RPGAG,2013/14,5411,0,5411
RPG,RPGAG,2014/15,0,1076,0
RPG,RPGAG,2015/16,3188,218,14.62
RPG,RPGAG,2016/17,121,0,121
RPG,RPGAG,2018/19,0,375,0
RPG,RPGAG,2019/20,72,0,72
RPG,RPGAG,2020/21,1616,0,1616
RPG,RPGAG,2021/22,1558,0,1558
RPG,RPGAG,2022/23,2835,75,37.8
RPG,RPGAG,2023/24,2637,0,2637
RPG,RPGAH,2008/09,7085,5584,1.27
RPG,RPGAH,2009/10,11213,7367,1.52
RPG,RPGAH,2010/11,13209,7777,1.7
RPG,RPGAH,2011/12,8562,12852,0.67
RPG,RPGAH,2012/13,11987,11205,1.07
RPG,RPGAH,2013/14,10424,15091,0.69
RPG,RPGAH,2014/15,13449,16394,0.82
RPG,RPGAH,2015/16,7223,10567,0.68
RPG,RPGAH,2016/17,5851,14364,0.41
RPG,RPGAH,2017/18,5521,13240,0.42
RPG,RPGAH,2018/19,7694,12163,0.63
RPG,RPGAH,2019/20,3937,11418,0.34
RPG,RPGAH,2020/21,4669,9570,0.49
RPG,RPGAH,2021/22,5155,6941,0.74
RPG,RPGAH,2022/23,8000,10709,0.75
RPG,RPGAH,2023/24,4105,10578,0.39
RPG,RPGAJ,2008/09,35,202,0.17
RPG,RPGAK,2009/10,279,0,279
RPG,RPGAK,2014/15,0,29,0
RPG,RPGAL,2016/17,2781,0,2781
RPG,RPGAP,2009/10,0,129,0
RPG,RPGAP,2012/13,2341,0,2341
RPG,RPGAP,2013/14,2816,0,2816
RPG,RPGAP,2014/15,638,793,0.8
RPG,RPGAP,2015/16,5771,2694,2.14
RPG,RPGAP,2016/17,1662,3148,0.53
RPG,RPGAP,2017/18,178,0,178
RPG,RPGAP,2019/20,1077,0,1077
RPG,RPGAP,2020/21,372,0,372
RPG,RPGAP,2021/22,1238,46,26.91
RPG,RPGAP,2022/23,714,315,2.27
RPG,RPGAP,2023/24,97,0,97
RPG,RPGAQ,2008/09,199,0,199
RPG,RPGAQ,2009/10,651,344,1.89
RPG,RPGAQ,2010/11,1356,187,7.25
RPG,RPGAQ,2011/12,2547,991,2.57
RPG,RPGAQ,2012/13,4919,382,12.88
RPG,RPGAQ,2013/14,4838,174,27.8
RPG,RPGAQ,2014/15,2798,72,38.86
RPG,RPGAQ,2015/16,9395,5924,1.59
RPG,RPGAQ,2016/17,8035,752,10.68
RPG,RPGAQ,2017/18,7202,2959,2.43
RPG,RPGAQ,2018/19,5621,0,5621
RPG,RPGAQ,2019/20,3077,111,27.72
RPG,RPGAQ,2020/21,1573,3148,0.5
RPG,RPGAQ,2021/22,1767,0,1767
RPG,RPGAQ,2022/23,1128,750,1.5
RPG,RPGAQ,2023/24,1060,160,6.63
RPG,RPGED,2010/11,2733,0,2733
RPG,RPGED,2011/12,2140,0,2140
RPG,RPGED,2012/13,1208,0,1208
RPG,RPGED,2013/14,4472,0,4472
RPG,RPGED,2014/15,1371,0,1371
RPG,RPGED,2015/16,5702,1145,4.98
RPG,RPGED,2016/17,10479,4228,2.48
RPL,RPL03,2008/09,6348,1491,4.26
RPL,RPL04,2008/09,12323,145539,0.08
RPR,RPR01,2008/09,15401,98817,0.16
RPR,RPRTC,2008/09,4152,998,4.16
RPY,RPY00,2020/21,2052,4,513
RPY,RPY00,2021/22,154,0,154
RPY,RPY00,2023/24,36480,13389,2.72
RPY,RPY01,2008/09,13286,9630,1.38
RPY,RPY01,2009/10,11651,9404,1.24
RPY,RPY01,2010/11,13166,7409,1.78
RPY,RPY01,2011/12,16261,10628,1.53
RPY,RPY01,2012/13,17117,11378,1.5
RPY,RPY01,2013/14,16541,12679,1.3
RPY,RPY01,2014/15,19092,13671,1.4
RPY,RPY01,2015/16,17124,13217,1.3
RPY,RPY01,2016/17,18218,12529,1.45
RPY,RPY01,2017/18,17685,15051,1.18
RPY,RPY01,2018/19,18776,14050,1.34
RPY,RPY01,2019/20,18219,13307,1.37
RPY,RPY01,2020/21,17595,11487,1.53
RPY,RPY01,2021/22,20402,12133,1.68
RPY,RPY01,2022/23,22812,11792,1.93
RPY,RPY02,2008/09,15665,18788,0.83
RPY,RPY02,2009/10,12702,17562,0.72
RPY,RPY02,2010/11,12424,14804,0.84
RPY,RPY02,2011/12,14940,16714,0.89
RPY,RPY02,2012/13,16031,15763,1.02
RPY,RPY02,2013/14,16238,14336,1.13
RPY,RPY02,2014/15,15981,14788,1.08
RPY,RPY02,2015/16,16308,13175,1.24
RPY,RPY02,2016/17,16241,12370,1.31
RPY,RPY02,2017/18,16313,12764,1.28
RPY,RPY02,2018/19,17103,11825,1.45
RPY,RPY02,2019/20,16626,12605,1.32
RPY,RPY02,2020/21,14267,13402,1.06
RPY,RPY02,2021/22,14766,12695,1.16
RPY,RPY02,2022/23,15046,14462,1.04
RQ3,RQ300,2008/09,20600,27942,0.74
RQ3,RQ300,2009/10,31192,33294,0.94
RQ3,RQ300,2010/11,16066,15558,1.03
RQ3,RQ301,2010/11,18755,22701,0.83
RQ3,RQ301,2011/12,34372,38840,0.88
RQ3,RQ301,2012/13,33957,41622,0.82
RQ3,RQ301,2013/14,35573,42831,0.83
RQ3,RQ301,2014/15,32568,46528,0.7
RQ3,RQ301,2015/16,34126,48662,0.7
RQ3,RQ301,2016/17,30781,49181,0.63
RQ3,RQ301,2017/18,34968,46114,0.76
RQ3,RQ301,2018/19,33988,44666,0.76
RQ3,RQ301,2019/20,35582,46234,0.77
RQ3,RQ301,2020/21,24073,35903,0.67
RQ3,RQ301,2021/22,26684,42867,0.62
RQ3,RQ301,2022/23,27779,47906,0.58
RQ3,RQ301,2023/24,19067,38217,0.5
RQ3,RQ370,2017/18,2274,3490,0.65
RQ3,RQ370,2018/19,2236,3997,0.56
RQ3,RQ370,2019/20,2111,4119,0.51
RQ3,RQ370,2020/21,1488,3539,0.42
RQ3,RQ370,2021/22,1856,2602,0.71
RQ3,RQ370,2022/23,1751,3476,0.5
RQ3,RQ370,2023/24,1106,2647,0.42
RQ6,RQ600,2008/09,40592,166181,0.24
RQ6,RQ600,2009/10,1169,19593,0.06
RQ6,RQ600,2010/11,0,289,0
RQ6,RQ600,2011/12,7,0,7
RQ6,RQ600,2013/14,0,0,0
RQ6,RQ600,2014/15,0,0,0
RQ6,RQ600,2016/17,3,13,0.23
RQ6,RQ600,2017/18,2,0,2
RQ6,RQ600,2020/21,4,0,4
RQ6,RQ601,2008/09,3219,353,9.12
RQ6,RQ601,2009/10,12501,1664,7.51
RQ6,RQ601,2010/11,10811,1413,7.65
RQ6,RQ601,2011/12,10083,214,47.12
RQ6,RQ601,2012/13,10890,390,27.92
RQ6,RQ601,2013/14,11755,485,24.24
RQ6,RQ601,2014/15,10857,474,22.91
RQ6,RQ601,2015/16,11671,1376,8.48
RQ6,RQ601,2016/17,12224,720,16.98
RQ6,RQ601,2017/18,10987,690,15.92
RQ6,RQ601,2018/19,10280,754,13.63
RQ6,RQ601,2019/20,4301,463,9.29
RQ6,RQ608,2017/18,1,0,1
RQ6,RQ614,2008/09,0,0,0
RQ6,RQ614,2010/11,3,0,3
RQ6,RQ614,2012/13,0,0,0
RQ6,RQ614,2013/14,0,0,0
RQ6,RQ614,2014/15,0,0,0
RQ6,RQ617,2008/09,8324,52584,0.16
RQ6,RQ617,2009/10,39889,221115,0.18
RQ6,RQ617,2010/11,38149,225954,0.17
RQ6,RQ617,2011/12,36944,208847,0.18
RQ6,RQ617,2012/13,35785,203935,0.18
RQ6,RQ617,2013/14,37006,204249,0.18
RQ6,RQ617,2014/15,40416,215206,0.19
RQ6,RQ617,2015/16,37850,218749,0.17
RQ6,RQ617,2016/17,36054,223972,0.16
RQ6,RQ617,2017/18,33090,223610,0.15
RQ6,RQ617,2018/19,26734,219015,0.12
RQ6,RQ617,2019/20,14091,110358,0.13
RQ8,RQ800,2010/11,18,0,18
RQ8,RQ800,2011/12,224,12,18.67
RQ8,RQ800,2012/13,215,38,5.66
RQ8,RQ800,2013/14,123,32,3.84
RQ8,RQ800,2014/15,8516,0,8516
RQ8,RQ800,2015/16,130,57,2.28
RQ8,RQ800,2016/17,39,5,7.8
RQ8,RQ800,2017/18,33,28,1.18
RQ8,RQ800,2018/19,25,0,25
RQ8,RQ800,2019/20,76,9,8.44
RQ8,RQ803,2009/10,0,0,0
RQ8,RQ899,2008/09,17,0,17
RQ8,RQ899,2009/10,8,0,8
RQ8,RQ899,2010/11,0,0,0
RQ8,RQ8CC,2008/09,10,0,10
RQ8,RQ8CH,2009/10,2,0,2
RQ8,RQ8DD,2015/16,4,0,4
RQ8,RQ8DD,2016/17,28,0,28
RQ8,RQ8EH,2010/11,6,0,6
RQ8,RQ8HW,2008/09,34,0,34
RQ8,RQ8HW,2009/10,5,0,5
RQ8,RQ8HW,2010/11,71,0,71
RQ8,RQ8HW,2011/12,9,0,9
RQ8,RQ8L0,2008/09,29079,132701,0.22
RQ8,RQ8L0,2009/10,30066,140241,0.21
RQ8,RQ8L0,2010/11,28371,130682,0.22
RQ8,RQ8L0,2011/12,30187,135307,0.22
RQ8,RQ8L0,2012/13,28853,140324,0.21
RQ8,RQ8L0,2013/14,27392,141839,0.19
RQ8,RQ8L0,2014/15,24551,153211,0.16
RQ8,RQ8L0,2015/16,24275,150102,0.16
RQ8,RQ8L0,2016/17,22333,154886,0.14
RQ8,RQ8L0,2017/18,23595,159609,0.15
RQ8,RQ8L0,2018/19,19322,166221,0.12
RQ8,RQ8L0,2019/20,17295,172045,0.1
RQ8,RQ8L0,2020/21,88,3175,0.03
RQ8,RQ8LH,2008/09,4424,3233,1.37
RQ8,RQ8LH,2009/10,4489,2861,1.57
RQ8,RQ8LH,2010/11,2602,2087,1.25
RQ8,RQ8LJ,2008/09,159,26,6.12
RQ8,RQ8LJ,2009/10,205,6,34.17
RQ8,RQ8LJ,2010/11,52,2,26
RQ8,RQ8LJ,2011/12,149,6,24.83
RQ8,RQ8LJ,2012/13,135,8,16.88
RQ8,RQ8LJ,2013/14,118,6,19.67
RQ8,RQ8LJ,2014/15,82,5,16.4
RQ8,RQ8LJ,2015/16,64,2,32
RQ8,RQ8LJ,2016/17,73,3,24.33
RQ8,RQ8LJ,2017/18,40,2,20
RQ8,RQ8LJ,2018/19,0,2,0
RQ8,RQ8LJ,2019/20,0,11,0
RQ8,RQ8LK,2008/09,85,0,85
RQ8,RQ8LK,2009/10,178,0,178
RQ8,RQ8LK,2010/11,58,6,9.67
RQ8,RQ8LK,2011/12,32,0,32
RQ8,RQ8LK,2012/13,16,16,1
RQ8,RQ8LK,2013/14,27,1,27
RQ8,RQ8LK,2014/15,9,7,1.29
RQ8,RQ8LK,2015/16,13,11,1.18
RQ8,RQ8LK,2016/17,2,5,0.4
RQ8,RQ8LK,2017/18,0,4,0
RQ8,RQ8LK,2018/19,0,2,0
RQ8,RQ8LK,2019/20,0,25,0
RQ8,RQ8LM,2015/16,0,0,0
RQ8,RQ8MM,2008/09,2,0,2
RQ8,RQ8MM,2009/10,9,0,9
RQ8,RQ8MM,2010/11,9,0,9
RQ8,RQ8MM,2011/12,0,0,0
RQ8,RQ8MM,2016/17,0,0,0
RQ8,RQ8NF,2013/14,7,0,7
RQ8,RQ8NF,2014/15,1,0,1
RQ8,RQ8NH,2009/10,146,0,146
RQ8,RQ8NH,2010/11,169,0,169
RQ8,RQ8NH,2011/12,8,0,8
RQ8,RQ8NH,2018/19,31,0,31
RQ8,RQ8NH,2019/20,13,0,13
RQ8,RQ8PH,2008/09,216,0,216
RQ8,RQ8PH,2009/10,95,0,95
RQ8,RQ8PH,2010/11,439,0,439
RQ8,RQ8PH,2011/12,198,0,198
RQ8,RQ8PH,2012/13,46,0,46
RQ8,RQ8PH,2013/14,17,0,17
RQ8,RQ8PH,2014/15,13,0,13
RQ8,RQ8PH,2015/16,28,0,28
RQ8,RQ8PH,2016/17,76,0,76
RQ8,RQ8PH,2017/18,374,0,374
RQ8,RQ8PH,2018/19,44,0,44
RQ8,RQ8PH,2019/20,0,0,0
RQ8,RQ8PX,2008/09,0,0,0
RQ8,RQ8RR,2011/12,3,0,3
RQ8,RQ8RR,2012/13,0,0,0
RQ8,RQ8RR,2013/14,0,0,0
RQ8,RQ8RR,2014/15,16,0,16
RQ8,RQ8RR,2015/16,32,0,32
RQ8,RQ8RR,2016/17,26,0,26
RQ8,RQ8RR,2017/18,37,0,37
RQ8,RQ8RR,2018/19,887,3,295.67
RQ8,RQ8RR,2019/20,1321,0,1321
RQ8,RQ8WH,2008/09,16,0,16
RQ8,RQ8WH,2009/10,30,0,30
RQM,RQM00,2008/09,23315,80441,0.29
RQM,RQM00,2009/10,196,3846,0.05
RQM,RQM01,2008/09,0,31,0
RQM,RQM01,2009/10,17944,61725,0.29
RQM,RQM01,2010/11,21897,60906,0.36
RQM,RQM01,2011/12,25376,83937,0.3
RQM,RQM01,2012/13,20503,87183,0.24
RQM,RQM01,2013/14,23133,88703,0.26
RQM,RQM01,2014/15,21005,88687,0.24
RQM,RQM01,2015/16,21498,92169,0.23
RQM,RQM01,2016/17,22359,99355,0.23
RQM,RQM01,2017/18,23861,99093,0.24
RQM,RQM01,2018/19,22128,95099,0.23
RQM,RQM01,2019/20,17242,98481,0.18
RQM,RQM01,2020/21,12634,81550,0.15
RQM,RQM01,2021/22,11619,94254,0.12
RQM,RQM01,2022/23,15330,113842,0.13
RQM,RQM01,2023/24,16630,99966,0.17
RQM,RQM91,2016/17,8284,113170,0.07
RQM,RQM91,2017/18,7278,118855,0.06
RQM,RQM91,2018/19,8190,122614,0.07
RQM,RQM91,2019/20,4498,128857,0.03
RQM,RQM91,2020/21,1945,103343,0.02
RQM,RQM91,2021/22,3444,123332,0.03
RQM,RQM91,2022/23,5075,145612,0.03
RQM,RQM91,2023/24,5191,122327,0.04
RQN,RQN00,2009/10,2,86,0.02
RQN,RQN00,2010/11,12063,57764,0.21
RQN,RQN01,2008/09,32801,102184,0.32
RQN,RQN01,2009/10,31262,112152,0.28
RQN,RQN01,2010/11,28932,106941,0.27
RQN,RQN02,2008/09,28645,71637,0.4
RQN,RQN02,2009/10,28942,77212,0.37
RQN,RQN02,2010/11,31375,74502,0.42
RQQ,RQQ00,2009/10,0,92,0
RQQ,RQQ00,2010/11,208,8347,0.02
RQQ,RQQ00,2011/12,250,1719,0.15
RQQ,RQQ00,2012/13,162,2222,0.07
RQQ,RQQ00,2013/14,115,1690,0.07
RQQ,RQQ00,2014/15,0,12,0
RQQ,RQQ00,2015/16,0,28,0
RQQ,RQQ00,2016/17,0,12,0
RQQ,RQQ00,2017/18,0,1,0
RQQ,RQQ11,2009/10,23,1,23
RQQ,RQQ11,2010/11,20,0,20
RQQ,RQQ12,2009/10,116,0,116
RQQ,RQQ12,2010/11,64,0,64
RQQ,RQQ12,2011/12,62,0,62
RQQ,RQQ12,2012/13,60,0,60
RQQ,RQQ12,2013/14,5,0,5
RQQ,RQQ31,2008/09,8191,65779,0.12
RQQ,RQQ31,2009/10,7913,74610,0.11
RQQ,RQQ31,2010/11,8530,61906,0.14
RQQ,RQQ31,2011/12,7795,68845,0.11
RQQ,RQQ31,2012/13,6112,66128,0.09
RQQ,RQQ31,2013/14,6488,64605,0.1
RQQ,RQQ31,2014/15,7282,71611,0.1
RQQ,RQQ31,2015/16,6657,64482,0.1
RQQ,RQQ31,2016/17,7590,64829,0.12
RQQ,RQQTC,2008/09,1817,427,4.26
RQQ,RQQTC,2009/10,1804,494,3.65
RQQ,RQQTC,2010/11,1725,149,11.58
RQQ,RQQTC,2011/12,1600,607,2.64
RQQ,RQQTC,2012/13,1521,577,2.64
RQQ,RQQTC,2013/14,1667,809,2.06
RQQ,RQQTC,2014/15,1700,757,2.25
RQQTC,RQQTC,2015/16,1703,861,1.98
RQQTC,RQQTC,2016/17,1772,1812,0.98
RQW,RQWG0,2008/09,18464,117000,0.16
RQW,RQWG0,2009/10,18126,135724,0.13
RQW,RQWG0,2010/11,17677,134326,0.13
RQW,RQWG0,2011/12,17583,123375,0.14
RQW,RQWG0,2012/13,14446,118308,0.12
RQW,RQWG0,2013/14,13368,125838,0.11
RQW,RQWG0,2014/15,12948,138827,0.09
RQW,RQWG0,2015/16,15025,142699,0.11
RQW,RQWG0,2016/17,12553,139218,0.09
RQW,RQWG0,2017/18,8522,136987,0.06
RQW,RQWG0,2018/19,8931,137504,0.06
RQW,RQWG0,2019/20,9171,137370,0.07
RQW,RQWG0,2020/21,3969,116780,0.03
RQW,RQWG0,2021/22,6160,133159,0.05
RQW,RQWG0,2022/23,8061,147758,0.05
RQW,RQWG0,2023/24,5730,102384,0.06
RQW,RQWG1,2008/09,13,0,13
RQW,RQWG1,2009/10,18,0,18
RQW,RQWG1,2010/11,11,0,11
RQW,RQWG1,2011/12,8,0,8
RQW,RQWG1,2014/15,0,280,0
RQW,RQWG1,2018/19,0,4,0
RQW,RQWG1,2019/20,0,103,0
RQW,RQWG2,2009/10,0,0,0
RQW,RQWG3,2014/15,0,100,0
RQW,RQWG4,2008/09,996,4,249
RQW,RQWG4,2009/10,51,0,51
RQW,RQWG4,2010/11,335,0,335
RQW,RQWG4,2011/12,125,0,125
RQW,RQWG4,2012/13,81,0,81
RQW,RQWG4,2013/14,31,0,31
RQW,RQWG4,2014/15,60,0,60
RQX,RQX00,2008/09,2289,8338,0.27
RQX,RQX00,2009/10,3588,9021,0.4
RQX,RQX00,2010/11,2640,9385,0.28
RQX,RQX00,2011/12,2715,10324,0.26
RQX,RQX00,2012/13,2920,12719,0.23
RQX,RQX00,2013/14,3888,16765,0.23
RQX,RQX00,2014/15,3040,4895,0.62
RQX,RQX00,2015/16,1597,3794,0.42
RQX,RQX00,2016/17,504,10428,0.05
RQX,RQX00,2017/18,390,8643,0.05
RQX,RQX00,2018/19,699,731,0.96
RQX,RQX00,2019/20,0,1329,0
RQX,RQX00,2020/21,0,20,0
RQX,RQX00,2021/22,0,1582,0
RQX,RQX00,2022/23,0,2587,0
RQX,RQX00,2023/24,0,1646,0
RQX,RQXM1,2008/09,17654,72967,0.24
RQX,RQXM1,2009/10,23862,80449,0.3
RQX,RQXM1,2010/11,16477,80383,0.2
RQX,RQXM1,2011/12,13192,77174,0.17
RQX,RQXM1,2012/13,15597,75156,0.21
RQX,RQXM1,2013/14,15327,73119,0.21
RQX,RQXM1,2014/15,18319,87859,0.21
RQX,RQXM1,2015/16,17147,89964,0.19
RQX,RQXM1,2016/17,17977,82777,0.22
RQX,RQXM1,2017/18,18457,80837,0.23
RQX,RQXM1,2018/19,23975,84480,0.28
RQX,RQXM1,2019/20,23805,86830,0.27
RQX,RQXM1,2020/21,12943,69363,0.19
RQX,RQXM1,2021/22,14109,78535,0.18
RQX,RQXM1,2022/23,15109,87976,0.17
RQX,RQXM1,2023/24,14694,64437,0.23
RQY,RQY00,2008/09,4721,3701,1.28
RQY,RQY00,2019/20,34656,36921,0.94
RQY,RQY00,2020/21,34902,42549,0.82
RQY,RQY00,2021/22,51138,47648,1.07
RQY,RQY00,2022/23,48359,45807,1.06
RQY,RQY00,2023/24,9211,16341,0.56
RQY,RQY01,2008/09,19986,11490,1.74
RQY,RQY01,2009/10,11126,2911,3.82
RQY,RQY01,2010/11,17125,3870,4.43
RQY,RQY01,2011/12,39876,23306,1.71
RQY,RQY01,2012/13,30199,21385,1.41
RQY,RQY01,2013/14,40098,19650,2.04
RQY,RQY01,2014/15,52147,24899,2.09
RQY,RQY01,2015/16,44746,32604,1.37
RQY,RQY01,2016/17,44951,35767,1.26
RQY,RQY01,2017/18,52567,39920,1.32
RQY,RQY01,2018/19,40871,36486,1.12
RQY,RQY01,2019/20,19797,12855,1.54
RQY,RQY01,2020/21,8047,2426,3.32
RQY,RQY01,2021/22,4752,4719,1.01
RQY,RQY01,2022/23,0,2388,0
RQY,RQY03,2009/10,332,436,0.76
RQY,RQY03,2010/11,0,409,0
RQY,RQY04,2008/09,107,0,107
RQY,RQY04,2009/10,328,0,328
RQY,RQY04,2010/11,874,0,874
RQY,RQY04,2011/12,2726,40,68.15
RQY,RQY04,2012/13,2331,0,2331
RQY,RQY04,2013/14,34,536,0.06
RQY,RQY04,2014/15,685,0,685
RQY,RQY04,2019/20,0,2449,0
RQY,RQY05,2008/09,4400,1462,3.01
RQY,RQY05,2009/10,4847,802,6.04
RQY,RQY05,2010/11,5811,2381,2.44
RQY,RQY05,2011/12,3707,1469,2.52
RQY,RQY05,2012/13,1353,0,1353
RQY,RQY07,2008/09,5958,8414,0.71
RQY,RQY07,2009/10,4710,5038,0.93
RQY,RQY07,2010/11,4352,4850,0.9
RQY,RQY07,2011/12,9971,10628,0.94
RQY,RQY07,2012/13,10516,12417,0.85
RQY,RQY07,2013/14,11224,13267,0.85
RQY,RQY07,2014/15,7046,15313,0.46
RQY,RQY07,2015/16,7311,13120,0.56
RQY,RQY07,2016/17,6669,14982,0.45
RQY,RQY07,2017/18,6302,14364,0.44
RQY,RQY07,2018/19,5323,15218,0.35
RQY,RQY07,2019/20,1998,5050,0.4
RQY,RQY07,2020/21,0,3258,0
RQY,RQY07,2022/23,0,1523,0
RQY,RQY08,2008/09,8176,5220,1.57
RQY,RQY08,2009/10,10660,5440,1.96
RQY,RQY08,2010/11,11491,7100,1.62
RQY,RQY08,2011/12,12957,7289,1.78
RQY,RQY08,2012/13,9711,6045,1.61
RQY,RQY08,2013/14,5396,8233,0.66
RQY,RQY08,2014/15,4101,8912,0.46
RQY,RQY08,2015/16,10561,7987,1.32
RQY,RQY08,2016/17,5257,4896,1.07
RQY,RQY08,2017/18,5177,5632,0.92
RQY,RQY08,2018/19,4165,6033,0.69
RQY,RQY08,2019/20,223,660,0.34
RQY,RQY12,2008/09,1269,636,2
RQY,RQY12,2009/10,2220,137,16.2
RQY,RQY12,2010/11,3035,0,3035
RQY,RQY12,2011/12,1746,661,2.64
RQY,RQY12,2012/13,2520,494,5.1
RQY,RQY12,2013/14,0,374,0
RQY,RQY13,2011/12,0,165,0
RQY,RQY13,2012/13,1192,207,5.76
RQY,RQY13,2013/14,94,2580,0.04
RQY,RQY13,2014/15,663,260,2.55
RQY,RQY13,2015/16,846,1042,0.81
RQY,RQY13,2016/17,0,362,0
RQY,RQY13,2017/18,1722,915,1.88
RQY,RQY13,2019/20,1160,0,1160
RQY,RQY14,2008/09,41,0,41
RQY,RQY14,2011/12,335,0,335
RQY,RQY14,2012/13,178,2,89
RQY,RQY14,2013/14,12,92,0.13
RQY,RQY14,2014/15,1782,218,8.17
RQY,RQY14,2015/16,166,422,0.39
RQY,RQY14,2016/17,707,0,707
RQY,RQY14,2017/18,4403,0,4403
RQY,RQY14,2018/19,1400,4530,0.31
RQY,RQY14,2019/20,0,1376,0
RQY,RQY19,2008/09,66,0,66
RQY,RQY19,2009/10,14,0,14
RQY,RQY19,2010/11,2144,0,2144
RQY,RQY19,2011/12,232,0,232
RQY,RQY21,2010/11,34,0,34
RQY,RQY21,2011/12,2119,0,2119
RQY,RQY32,2009/10,441,0,441
RQY,RQY32,2010/11,2380,1059,2.25
RQY,RQY32,2011/12,2590,1320,1.96
RQY,RQY32,2012/13,576,1126,0.51
RR1,RR100,2008/09,9,0,9
RR1,RR101,2008/09,23602,148853,0.16
RR1,RR101,2009/10,25236,162351,0.16
RR1,RR101,2010/11,25938,161485,0.16
RR1,RR101,2011/12,32535,197756,0.16
RR1,RR101,2012/13,31424,199683,0.16
RR1,RR101,2013/14,30348,200578,0.15
RR1,RR101,2014/15,25612,205163,0.12
RR1,RR101,2015/16,23351,215226,0.11
RR1,RR101,2016/17,23751,225666,0.11
RR1,RR101,2017/18,21447,230680,0.09
RR1,RR101,2018/19,20326,233473,0.09
RR1,RR101,2019/20,19130,245743,0.08
RR1,RR101,2020/21,0,4483,0
RR1,RR105,2008/09,18200,151568,0.12
RR1,RR105,2009/10,14999,169137,0.09
RR1,RR105,2010/11,14394,162148,0.09
RR1,RR105,2011/12,13834,155924,0.09
RR1,RR105,2012/13,15866,152931,0.1
RR1,RR105,2013/14,13785,149064,0.09
RR1,RR105,2014/15,12476,140175,0.09
RR1,RR105,2015/16,12262,143731,0.09
RR1,RR105,2016/17,10760,150758,0.07
RR1,RR105,2017/18,9035,167145,0.05
RR1,RR105,2018/19,11014,175934,0.06
RR1,RR105,2019/20,9217,182990,0.05
RR1,RR105,2020/21,44,3715,0.01
RR1,RR109,2008/09,7180,23313,0.31
RR1,RR109,2009/10,7598,25422,0.3
RR1,RR109,2010/11,10107,33243,0.3
RR1,RR109,2011/12,14854,64225,0.23
RR1,RR109,2012/13,14692,69823,0.21
RR1,RR109,2013/14,12890,67134,0.19
RR1,RR109,2014/15,12685,58434,0.22
RR1,RR109,2015/16,11224,55231,0.2
RR1,RR109,2016/17,10761,55462,0.19
RR1,RR109,2017/18,8625,57794,0.15
RR1,RR109,2018/19,9596,53320,0.18
RR1,RR109,2019/20,9683,56204,0.17
RR1,RR109,2020/21,0,1016,0
RR2,RR200,2008/09,4,150,0.03
RR2,RR200,2009/10,3,84,0.04
RR2,RR200,2010/11,10,466,0.02
RR7,RR700,2013/14,0,28,0
RR7,RR738,2016/17,0,0,0
RR7,RR738,2017/18,1,1,1
RR7,RR738,2018/19,8,0,8
RR7,RR738,2019/20,7,0,7
RR7,RR738,2020/21,15,0,15
RR7,RR738,2021/22,30,0,30
RR7,RR739,2020/21,71,0,71
RR7,RR7DH,2011/12,1,0,1
RR7,RR7DH,2012/13,19,0,19
RR7,RR7DH,2013/14,12,0,12
RR7,RR7DH,2014/15,14,0,14
RR7,RR7DH,2015/16,0,0,0
RR7,RR7DH,2018/19,1,0,1
RR7,RR7EN,2008/09,13884,128070,0.11
RR7,RR7EN,2009/10,14835,152204,0.1
RR7,RR7EN,2010/11,12562,142422,0.09
RR7,RR7EN,2011/12,12315,131447,0.09
RR7,RR7EN,2012/13,24734,130928,0.19
RR7,RR7EN,2013/14,24591,129953,0.19
RR7,RR7EN,2014/15,22977,136357,0.17
RR7,RR7EN,2015/16,23536,143244,0.16
RR7,RR7EN,2016/17,23072,141068,0.16
RR7,RR7EN,2017/18,22117,141222,0.16
RR7,RR7EN,2018/19,18184,141693,0.13
RR7,RR7EN,2019/20,15132,145447,0.1
RR7,RR7EN,2020/21,7125,115555,0.06
RR7,RR7EN,2021/22,10605,133216,0.08
RR7,RR7EN,2022/23,13352,149558,0.09
RR7,RR7EN,2023/24,7470,105404,0.07
RR7,RR7ER,2008/09,1165,86,13.55
RR7,RR7ER,2009/10,2040,187,10.91
RR7,RR7ER,2010/11,1960,1010,1.94
RR7,RR7ER,2011/12,1314,94,13.98
RR7,RR7ER,2012/13,670,974,0.69
RR7,RR7TC,2008/09,8979,391,22.96
RR7,RR7TC,2009/10,9700,741,13.09
RR7,RR7TC,2010/11,10820,1056,10.25
RR7,RR7TC,2011/12,10958,777,14.1
RR7,RR7TC,2012/13,97,0,97
RR8,F4B9A,2022/23,44,0,44
RR8,F4B9A,2023/24,156,0,156
RR8,P0X3H,2022/23,1240,126,9.84
RR8,P0X3H,2023/24,3378,453,7.46
RR8,RR801,2008/09,51838,220691,0.23
RR8,RR801,2009/10,57772,234734,0.25
RR8,RR801,2010/11,60462,192764,0.31
RR8,RR801,2011/12,55472,159348,0.35
RR8,RR801,2012/13,45083,141582,0.32
RR8,RR801,2013/14,41857,150261,0.28
RR8,RR801,2014/15,37718,153961,0.24
RR8,RR801,2015/16,37810,157710,0.24
RR8,RR801,2016/17,37228,161826,0.23
RR8,RR801,2017/18,36530,160758,0.23
RR8,RR801,2018/19,36181,168980,0.21
RR8,RR801,2019/20,36735,164082,0.22
RR8,RR801,2020/21,25796,138845,0.19
RR8,RR801,2021/22,35552,151314,0.23
RR8,RR801,2022/23,35472,173588,0.2
RR8,RR801,2023/24,28755,135068,0.21
RR8,RR802,2008/09,140,0,140
RR8,RR802,2009/10,14,0,14
RR8,RR802,2010/11,2,0,2
RR8,RR802,2011/12,1,0,1
RR8,RR802,2012/13,4,0,4
RR8,RR802,2013/14,2,0,2
RR8,RR802,2014/15,1,0,1
RR8,RR802,2015/16,5,0,5
RR8,RR802,2016/17,8,0,8
RR8,RR802,2017/18,9,0,9
RR8,RR802,2018/19,29,0,29
RR8,RR802,2019/20,56,0,56
RR8,RR802,2020/21,16,0,16
RR8,RR802,2021/22,18,0,18
RR8,RR802,2022/23,14,0,14
RR8,RR802,2023/24,8,0,8
RR8,RR807,2008/09,1407,148,9.51
RR8,RR807,2009/10,906,148,6.12
RR8,RR807,2010/11,624,201,3.1
RR8,RR807,2011/12,371,38,9.76
RR8,RR807,2012/13,222,0,222
RR8,RR807,2013/14,119,0,119
RR8,RR807,2014/15,46,8,5.75
RR8,RR807,2015/16,66,0,66
RR8,RR807,2016/17,209,0,209
RR8,RR807,2017/18,209,136,1.54
RR8,RR807,2018/19,196,161,1.22
RR8,RR807,2019/20,81,269,0.3
RR8,RR807,2020/21,103,201,0.51
RR8,RR807,2021/22,97,104,0.93
RR8,RR807,2022/23,283,0,283
RR8,RR808,2020/21,1287,49,26.27
RR8,RR808,2021/22,1773,1,1773
RR8,RR808,2022/23,1742,0,1742
RR8,RR808,2023/24,829,0,829
RR8,RR809,2020/21,316,0,316
RR8,RR809,2021/22,21,0,21
RR8,RR809,2022/23,35,0,35
RR8,RR809,2023/24,37,0,37
RR8,RR813,2008/09,66761,193268,0.35
RR8,RR813,2009/10,69483,213805,0.32
RR8,RR813,2010/11,60137,245223,0.25
RR8,RR813,2011/12,58091,289243,0.2
RR8,RR813,2012/13,61742,295236,0.21
RR8,RR813,2013/14,61391,298395,0.21
RR8,RR813,2014/15,56863,294778,0.19
RR8,RR813,2015/16,52540,307235,0.17
RR8,RR813,2016/17,49641,322563,0.15
RR8,RR813,2017/18,48897,342698,0.14
RR8,RR813,2018/19,50488,335096,0.15
RR8,RR813,2019/20,51590,337771,0.15
RR8,RR813,2020/21,31625,280061,0.11
RR8,RR813,2021/22,43753,312678,0.14
RR8,RR813,2022/23,46017,332675,0.14
RR8,RR813,2023/24,34748,257722,0.13
RR8,RR814,2008/09,32,0,32
RR8,RR814,2009/10,22,0,22
RR8,RR814,2010/11,448,0,448
RR8,RR814,2016/17,0,0,0
RR8,RR814,2017/18,0,0,0
RR8,RR814,2018/19,0,0,0
RR8,RR814,2019/20,0,0,0
RR8,RR814,2022/23,0,0,0
RR8,RR819,2008/09,12630,732,17.25
RR8,RR819,2009/10,11498,983,11.7
RR8,RR819,2010/11,11360,1660,6.84
RR8,RR819,2011/12,11677,1575,7.41
RR8,RR819,2012/13,11504,2007,5.73
RR8,RR819,2013/14,10546,1761,5.99
RR8,RR819,2014/15,9619,2426,3.96
RR8,RR819,2015/16,9583,6045,1.59
RR8,RR819,2016/17,9403,1320,7.12
RR8,RR819,2017/18,8560,1966,4.35
RR8,RR819,2018/19,6842,1683,4.07
RR8,RR819,2019/20,6660,1839,3.62
RR8,RR819,2020/21,2347,422,5.56
RR8,RR819,2021/22,5951,970,6.14
RR8,RR819,2022/23,4371,485,9.01
RR8,U4W1U,2023/24,16,0,16
RR8,W4Y6N,2022/23,12,0,12
RR8,W4Y6N,2023/24,6,0,6
RRD,RRD16,2009/10,425,212,2
RRD,RRD16,2010/11,8948,1419,6.31
RRD,RRD16,2011/12,11108,366,30.35
RRD,RRD16,2012/13,10362,540,19.19
RRD,RRD16,2013/14,7092,676,10.49
RRD,RRD16,2014/15,3800,1148,3.31
RRD,RRD16,2015/16,5595,2200,2.54
RRD,RRD16,2016/17,2955,3877,0.76
RRD,RRDA1,2008/09,95,16,5.94
RRD,RRDA1,2009/10,541,0,541
RRD,RRDA1,2010/11,1581,314,5.04
RRD,RRDA1,2011/12,512,8,64
RRD,RRDA1,2012/13,1749,0,1749
RRD,RRDA1,2014/15,1307,0,1307
RRD,RRDA1,2015/16,2862,0,2862
RRD,RRDA1,2016/17,6219,0,6219
RRD,RRDA2,2008/09,54,0,54
RRD,RRDA2,2009/10,796,0,796
RRD,RRDA2,2010/11,113,38,2.97
RRD,RRDA2,2011/12,575,0,575
RRD,RRDAA,2008/09,1929,1835,1.05
RRD,RRDAA,2009/10,4966,1321,3.76
RRD,RRDAA,2010/11,1183,0,1183
RRD,RRDAH,2008/09,9718,4690,2.07
RRD,RRDAH,2009/10,10606,11240,0.94
RRD,RRDAH,2010/11,11288,10445,1.08
RRD,RRDAH,2011/12,13390,9627,1.39
RRD,RRDAH,2012/13,8882,9182,0.97
RRD,RRDAH,2013/14,10502,6483,1.62
RRD,RRDAH,2014/15,3029,11231,0.27
RRD,RRDAH,2015/16,4145,12570,0.33
RRD,RRDAH,2016/17,5541,10777,0.51
RRD,RRDAM,2008/09,1721,0,1721
RRD,RRDAM,2009/10,2887,71,40.66
RRD,RRDAM,2010/11,678,313,2.17
RRD,RRDD7,2008/09,4995,1786,2.8
RRD,RRDD7,2009/10,5830,3879,1.5
RRD,RRDD7,2010/11,10819,3320,3.26
RRD,RRDD7,2011/12,10691,1978,5.4
RRD,RRDD7,2012/13,6963,3058,2.28
RRD,RRDD7,2013/14,7382,3290,2.24
RRD,RRDD7,2014/15,4251,2123,2
RRD,RRDD7,2015/16,5223,2741,1.91
RRD,RRDD7,2016/17,4091,3464,1.18
RRD,RRDE0,2008/09,226,0,226
RRD,RRDE0,2009/10,872,0,872
RRD,RRDE0,2010/11,334,0,334
RRD,RRDE0,2011/12,1444,0,1444
RRD,RRDE0,2012/13,4763,749,6.36
RRD,RRDE0,2013/14,2415,1227,1.97
RRD,RRDE0,2014/15,5591,1945,2.87
RRD,RRDE0,2015/16,2874,2948,0.97
RRD,RRDE0,2016/17,1597,4117,0.39
RRD,RRDE1,2008/09,3628,5999,0.6
RRD,RRDE1,2009/10,6270,9084,0.69
RRD,RRDE1,2010/11,8314,10476,0.79
RRD,RRDE1,2011/12,14632,3679,3.98
RRD,RRDE1,2012/13,13892,3414,4.07
RRD,RRDE1,2013/14,10238,3075,3.33
RRD,RRDE1,2014/15,3176,5782,0.55
RRD,RRDE1,2015/16,1057,9971,0.11
RRD,RRDE1,2016/17,241,8569,0.03
RRD,RRDE2,2008/09,7576,2044,3.71
RRD,RRDE2,2009/10,15242,4415,3.45
RRD,RRDE2,2010/11,17353,2714,6.39
RRD,RRDE2,2011/12,19116,3423,5.58
RRD,RRDE2,2012/13,15263,5095,3
RRD,RRDE2,2013/14,9040,2205,4.1
RRD,RRDE2,2014/15,4844,4018,1.21
RRD,RRDE2,2015/16,4264,8134,0.52
RRD,RRDE2,2016/17,5106,3874,1.32
RRD,RRDE3,2008/09,1593,207,7.7
RRD,RRDE3,2009/10,3179,259,12.27
RRD,RRDE3,2010/11,4288,422,10.16
RRD,RRDE3,2011/12,3494,962,3.63
RRD,RRDE3,2012/13,1890,826,2.29
RRD,RRDHD,2008/09,4166,895,4.65
RRD,RRDHD,2009/10,6275,1841,3.41
RRD,RRDHD,2010/11,6047,1909,3.17
RRD,RRDHD,2011/12,8920,787,11.33
RRD,RRDHD,2012/13,8363,2351,3.56
RRD,RRDHD,2013/14,3335,1175,2.84
RRD,RRDHD,2014/15,2824,2736,1.03
RRD,RRDHD,2015/16,4506,5079,0.89
RRD,RRDHD,2016/17,5067,3620,1.4
RRD,RRDHF,2008/09,82,0,82
RRD,RRDHF,2009/10,73,0,73
RRD,RRDHF,2011/12,0,39,0
RRD,RRDHF,2012/13,2135,0,2135
RRD,RRDHF,2013/14,1266,0,1266
RRD,RRDHF,2014/15,570,0,570
RRD,RRDHF,2015/16,1054,0,1054
RRD,RRDHF,2016/17,86,820,0.1
RRD,RRDPA,2008/09,7155,1862,3.84
RRD,RRDPA,2009/10,11951,3772,3.17
RRD,RRDPA,2010/11,11806,3504,3.37
RRD,RRDPA,2011/12,15898,4606,3.45
RRD,RRDPA,2012/13,15880,1495,10.62
RRD,RRDPA,2013/14,9591,2076,4.62
RRD,RRDPA,2014/15,3306,7212,0.46
RRD,RRDPA,2015/16,3322,7647,0.43
RRD,RRDPA,2016/17,1341,8430,0.16
RRE,RRE00,2008/09,6776,8653,0.78
RRE,RRE00,2009/10,9675,15328,0.63
RRE,RRE00,2010/11,31804,39682,0.8
RRE,RRE00,2011/12,23444,36622,0.64
RRE,RRE00,2012/13,22393,37300,0.6
RRE,RRE00,2013/14,19858,22575,0.88
RRE,RRE00,2014/15,10277,5265,1.95
RRE,RRE00,2015/16,9630,5371,1.79
RRE,RRE00,2016/17,10752,3345,3.21
RRE,RRE00,2017/18,2339,0,2339
RRE,RRE00,2021/22,9,0,9
RRE,RRE00,2022/23,1719,0,1719
RRE,RRE00,2023/24,1423,0,1423
RRE,RRE03,2008/09,1672,4014,0.42
RRE,RRE03,2009/10,3383,6894,0.49
RRE,RRE03,2010/11,3104,8642,0.36
RRE,RRE03,2011/12,1921,5467,0.35
RRE,RRE03,2012/13,929,3947,0.24
RRE,RRE03,2013/14,0,669,0
RRE,RRE11,2008/09,375,1915,0.2
RRE,RRE11,2009/10,1102,2791,0.39
RRE,RRE11,2010/11,830,2110,0.39
RRE,RRE11,2011/12,273,1493,0.18
RRE,RRE11,2012/13,1048,2774,0.38
RRE,RRE11,2013/14,781,5707,0.14
RRE,RRE11,2014/15,766,12104,0.06
RRE,RRE11,2015/16,1868,8696,0.21
RRE,RRE11,2016/17,6322,13107,0.48
RRE,RRE11,2017/18,22544,12445,1.81
RRE,RRE11,2018/19,15101,10463,1.44
RRE,RRE11,2019/20,18100,11295,1.6
RRE,RRE11,2020/21,15245,9081,1.68
RRE,RRE11,2021/22,11936,10817,1.1
RRE,RRE11,2022/23,23137,10770,2.15
RRE,RRE11,2023/24,11558,7941,1.46
RRE,RRE2I,2019/20,15302,16309,0.94
RRE,RRE2I,2020/21,10765,12954,0.83
RRE,RRE2I,2021/22,9568,7239,1.32
RRE,RRE2I,2022/23,5184,9823,0.53
RRE,RRE2I,2023/24,5692,15168,0.38
RRE,RRE58,2013/14,0,1821,0
RRE,RRE58,2014/15,523,6592,0.08
RRE,RRE58,2015/16,417,4844,0.09
RRE,RRE58,2016/17,232,5937,0.04
RRE,RRE58,2017/18,538,6743,0.08
RRE,RRE58,2018/19,88,6635,0.01
RRE,RRE58,2019/20,0,1850,0
RRE,RRE5X,2016/17,0,63,0
RRE,RRE5X,2017/18,1256,1286,0.98
RRE,RRECO,2020/21,149,17,8.76
RRE,RRECO,2021/22,34,39,0.87
RRE,RRED9,2008/09,14577,18481,0.79
RRE,RRED9,2009/10,17402,32604,0.53
RRE,RRED9,2010/11,1135,3836,0.3
RRE,RRED9,2012/13,1686,0,1686
RRE,RRED9,2013/14,359,0,359
RRE,RREDG,2010/11,3843,0,3843
RRE,RREDG,2011/12,230,0,230
RRE,RREDG,2012/13,969,0,969
RRE,RREE4,2009/10,127,39,3.26
RRE,RREE4,2010/11,2064,1450,1.42
RRE,RREE4,2011/12,1366,638,2.14
RRE,RREEC,2010/11,2294,0,2294
RRE,RREEC,2011/12,1218,213,5.72
RRE,RREEC,2012/13,1627,56,29.05
RRE,RREEC,2013/14,1315,0,1315
RRE,RREEC,2014/15,196,817,0.24
RRE,RREEC,2017/18,1567,370,4.24
RRE,RREEC,2018/19,2097,0,2097
RRE,RREEC,2019/20,4335,41,105.73
RRE,RREEC,2020/21,282,0,282
RRE,RREEC,2021/22,2703,55,49.15
RRE,RREEC,2022/23,1093,507,2.16
RRE,RREEC,2023/24,2824,0,2824
RRE,RREG4,2009/10,53,83,0.64
RRE,RREG4,2010/11,693,2518,0.28
RRE,RREG4,2011/12,44,3023,0.01
RRE,RREG4,2012/13,4,2685,0
RRE,RREG4,2013/14,64,1662,0.04
RRE,RREG4,2014/15,0,743,0
RRE,RRERS,2013/14,71,3495,0.02
RRE,RRERS,2014/15,4378,17565,0.25
RRE,RRERS,2015/16,7114,11266,0.63
RRE,RRERS,2016/17,11587,16718,0.69
RRE,RRERS,2017/18,13060,18928,0.69
RRE,RRERS,2018/19,7622,13342,0.57
RRE,RRERS,2019/20,4470,13690,0.33
RRE,RRERS,2020/21,11224,11943,0.94
RRE,RRERS,2021/22,11874,17299,0.69
RRE,RRERS,2022/23,8732,9833,0.89
RRE,RRERS,2023/24,1725,8479,0.2
RRE,RRERW,2012/13,1166,3802,0.31
RRE,RRERW,2013/14,4290,14666,0.29
RRE,RRERW,2014/15,411,0,411
RRF,RRF00,2008/09,28,0,28
RRF,RRF00,2009/10,10,0,10
RRF,RRF00,2011/12,1,0,1
RRF,RRF00,2012/13,4,0,4
RRF,RRF00,2022/23,19,0,19
RRF,RRF00,2023/24,2,0,2
RRF,RRF01,2008/09,1692,58,29.17
RRF,RRF01,2009/10,1958,146,13.41
RRF,RRF01,2010/11,2992,86,34.79
RRF,RRF01,2011/12,2802,14,200.14
RRF,RRF01,2012/13,3034,51,59.49
RRF,RRF01,2013/14,4695,3,1565
RRF,RRF01,2014/15,3232,1,3232
RRF,RRF01,2015/16,1780,1057,1.68
RRF,RRF01,2016/17,871,181,4.81
RRF,RRF01,2017/18,1502,157,9.57
RRF,RRF01,2018/19,75,7,10.71
RRF,RRF01,2019/20,36,10,3.6
RRF,RRF01,2020/21,18,22,0.82
RRF,RRF01,2021/22,70,39,1.79
RRF,RRF01,2022/23,97,422,0.23
RRF,RRF01,2023/24,106,122,0.87
RRF,RRF02,2008/09,11314,135693,0.08
RRF,RRF02,2009/10,10237,145370,0.07
RRF,RRF02,2010/11,10287,131993,0.08
RRF,RRF02,2011/12,10197,123248,0.08
RRF,RRF02,2012/13,8023,116007,0.07
RRF,RRF02,2013/14,7456,114863,0.06
RRF,RRF02,2014/15,7534,114973,0.07
RRF,RRF02,2015/16,6512,111806,0.06
RRF,RRF02,2016/17,5971,117969,0.05
RRF,RRF02,2017/18,5686,120787,0.05
RRF,RRF02,2018/19,5545,123517,0.04
RRF,RRF02,2019/20,5797,127661,0.05
RRF,RRF02,2020/21,2243,121292,0.02
RRF,RRF02,2021/22,4525,134386,0.03
RRF,RRF02,2022/23,4893,152549,0.03
RRF,RRF02,2023/24,3068,112189,0.03
RRF,RRF04,2008/09,0,45,0
RRF,RRF53,2008/09,23157,855,27.08
RRF,RRF53,2009/10,22590,937,24.11
RRF,RRF53,2010/11,19749,545,36.24
RRF,RRF53,2011/12,18558,456,40.7
RRF,RRF53,2012/13,17008,390,43.61
RRF,RRF53,2013/14,17353,456,38.05
RRF,RRF53,2014/15,17079,339,50.38
RRF,RRF53,2015/16,17403,249,69.89
RRF,RRF53,2016/17,18094,292,61.97
RRF,RRF53,2017/18,18835,304,61.96
RRF,RRF53,2018/19,17757,308,57.65
RRF,RRF53,2019/20,15785,591,26.71
RRF,RRF53,2020/21,5411,760,7.12
RRF,RRF53,2021/22,13250,235,56.38
RRF,RRF53,2022/23,13712,470,29.17
RRF,RRF53,2023/24,10083,432,23.34
RRF,RRF58,2008/09,2,0,2
RRF,RRF58,2009/10,37,0,37
RRF,RRF58,2011/12,4,0,4
RRF,RRF62,2010/11,58,0,58
RRF,RRF64,2011/12,0,0,0
RRF,RRF65,2022/23,56,0,56
RRF,RRF67,2011/12,3,0,3
RRF,RRF70,2013/14,2,0,2
RRF,RRF70,2014/15,42,0,42
RRF,RRF70,2015/16,3,0,3
RRF,RRF70,2016/17,6,0,6
RRF,RRF70,2017/18,1,0,1
RRF,RRF70,2018/19,6,0,6
RRF,RRF70,2021/22,1,0,1
RRF,RRF70,2022/23,2,0,2
RRF,RRF70,2023/24,18,0,18
RRF,RRF71,2020/21,14,0,14
RRF,RRF78,2016/17,5,0,5
RRJ,RRJ00,2008/09,14216,1495,9.51
RRJ,RRJ00,2009/10,634,84,7.55
RRJ,RRJ00,2010/11,1142,153,7.46
RRJ,RRJ00,2011/12,1043,163,6.4
RRJ,RRJ00,2012/13,213,0,213
RRJ,RRJ00,2013/14,492,0,492
RRJ,RRJ00,2014/15,396,162,2.44
RRJ,RRJ00,2015/16,524,1,524
RRJ,RRJ00,2016/17,28687,3132,9.16
RRJ,RRJ00,2017/18,26181,2230,11.74
RRJ,RRJ00,2018/19,25155,3490,7.21
RRJ,RRJ00,2019/20,23197,3843,6.04
RRJ,RRJ00,2020/21,14816,6582,2.25
RRJ,RRJ00,2021/22,7561,1276,5.93
RRJ,RRJ05,2008/09,13653,2102,6.5
RRJ,RRJ05,2009/10,27159,3512,7.73
RRJ,RRJ05,2010/11,28226,2388,11.82
RRJ,RRJ05,2011/12,28457,2948,9.65
RRJ,RRJ05,2012/13,26573,2683,9.9
RRJ,RRJ05,2013/14,29348,3035,9.67
RRJ,RRJ05,2014/15,29071,3690,7.88
RRJ,RRJ05,2015/16,28836,3136,9.2
RRJ,RRJ05,2021/22,15429,3139,4.92
RRJ,RRJ05,2022/23,23867,3718,6.42
RRJ,RRJ05,2023/24,17172,2304,7.45
RRK,Q1Y1M,2021/22,80,0,80
RRK,Q1Y1M,2022/23,51,0,51
RRK,RRK02,2008/09,65856,60282,1.09
RRK,RRK02,2009/10,68987,62738,1.1
RRK,RRK02,2010/11,45636,48276,0.95
RRK,RRK02,2011/12,7508,7640,0.98
RRK,RRK02,2012/13,3426,300,11.42
RRK,RRK02,2013/14,6040,1809,3.34
RRK,RRK02,2014/15,5189,2147,2.42
RRK,RRK02,2015/16,4475,4639,0.96
RRK,RRK02,2016/17,4499,2388,1.88
RRK,RRK02,2017/18,4755,1828,2.6
RRK,RRK02,2018/19,4455,1067,4.18
RRK,RRK02,2019/20,4841,1698,2.85
RRK,RRK02,2020/21,1187,3142,0.38
RRK,RRK02,2021/22,1787,2665,0.67
RRK,RRK02,2022/23,3432,5120,0.67
RRK,RRK02,2023/24,2677,6188,0.43
RRK,RRK03,2008/09,9727,148514,0.07
RRK,RRK03,2009/10,10016,157706,0.06
RRK,RRK03,2010/11,2850,47822,0.06
RRK,RRK03,2011/12,16,581,0.03
RRK,RRK04,2013/14,18,0,18
RRK,RRK04,2016/17,3,0,3
RRK,RRK05,2010/11,0,0,0
RRK,RRK07,2011/12,7,0,7
RRK,RRK07,2012/13,8,0,8
RRK,RRK07,2013/14,0,0,0
RRK,RRK07,2014/15,1,0,1
RRK,RRK07,2015/16,1,0,1
RRK,RRK15,2010/11,24331,129572,0.19
RRK,RRK15,2011/12,60661,227305,0.27
RRK,RRK15,2012/13,63130,259622,0.24
RRK,RRK15,2013/14,60732,287928,0.21
RRK,RRK15,2014/15,61422,301134,0.2
RRK,RRK15,2015/16,66509,291627,0.23
RRK,RRK15,2016/17,63497,299408,0.21
RRK,RRK15,2017/18,63656,327285,0.19
RRK,RRK15,2018/19,60056,338602,0.18
RRK,RRK15,2019/20,58322,338763,0.17
RRK,RRK15,2020/21,31521,276370,0.11
RRK,RRK15,2021/22,44585,333283,0.13
RRK,RRK15,2022/23,49005,345056,0.14
RRK,RRK15,2023/24,39942,255287,0.16
RRK,RRK64,2014/15,899,0,899
RRK,RRK64,2015/16,315,0,315
RRK,RRK64,2016/17,61,0,61
RRK,RRK64,2017/18,52,0,52
RRK,RRK64,2018/19,31,0,31
RRK,RRK64,2019/20,20,0,20
RRK,RRK64,2020/21,611,0,611
RRK,RRK64,2021/22,554,0,554
RRK,RRK64,2022/23,756,0,756
RRK,RRK64,2023/24,357,0,357
RRK,RRK72,2015/16,0,0,0
RRK,RRK94,2017/18,0,18,0
RRK,RRK94,2019/20,0,109,0
RRK,RRK94,2020/21,0,182,0
RRK,RRK94,2021/22,0,19,0
RRK,RRK94,2022/23,0,287,0
RRK,RRK94,2023/24,0,24,0
RRK,RRK97,2020/21,5420,200884,0.03
RRK,RRK97,2021/22,13996,248763,0.06
RRK,RRK97,2022/23,15097,276749,0.05
RRK,RRK97,2023/24,8865,212227,0.04
RRK,RRK98,2020/21,3402,151702,0.02
RRK,RRK98,2021/22,8462,178178,0.05
RRK,RRK98,2022/23,11980,178323,0.07
RRK,RRK98,2023/24,8928,141137,0.06
RRK,RRK99,2020/21,4800,4942,0.97
RRK,RRK99,2021/22,10474,274,38.23
RRK,RRK99,2022/23,10450,290,36.03
RRK,RRK99,2023/24,6965,284,24.52
RRK,RRKED,2021/22,67,0,67
RRK,RRKED,2022/23,5,0,5
RRK,RRKED,2023/24,5,0,5
RRK,Z2H8F,2021/22,3,0,3
RRK,Z2H8F,2022/23,5,0,5
RRK,Z2H8F,2023/24,0,0,0
RRP,RRP00,2008/09,27406,24701,1.11
RRP,RRP00,2009/10,29,0,29
RRP,RRP00,2010/11,38,34,1.12
RRP,RRP00,2011/12,361,0,361
RRP,RRP00,2013/14,258,1245,0.21
RRP,RRP00,2014/15,0,80,0
RRP,RRP03,2008/09,19935,22337,0.89
RRP,RRP03,2009/10,369,0,369
RRP,RRP10,2009/10,817,0,817
RRP,RRP10,2010/11,95,954,0.1
RRP,RRP10,2012/13,0,220,0
RRP,RRP10,2013/14,526,176,2.99
RRP,RRP10,2014/15,2174,41,53.02
RRP,RRP10,2015/16,3652,2107,1.73
RRP,RRP10,2016/17,2441,1722,1.42
RRP,RRP10,2017/18,1111,0,1111
RRP,RRP16,2008/09,5278,3973,1.33
RRP,RRP16,2009/10,22397,11206,2
RRP,RRP16,2010/11,36890,12327,2.99
RRP,RRP16,2011/12,48574,10820,4.49
RRP,RRP16,2012/13,49036,14431,3.4
RRP,RRP16,2013/14,53377,18115,2.95
RRP,RRP16,2014/15,68396,15618,4.38
RRP,RRP16,2015/16,94148,22627,4.16
RRP,RRP16,2016/17,122284,22023,5.55
RRP,RRP16,2017/18,127460,31473,4.05
RRP,RRP17,2008/09,1811,1112,1.63
RRP,RRP17,2009/10,1251,1445,0.87
RRP,RRP17,2010/11,1681,1376,1.22
RRP,RRP17,2011/12,604,968,0.62
RRP,RRP17,2012/13,1392,0,1392
RRP,RRP17,2016/17,0,3087,0
RRP,RRP17,2017/18,0,2930,0
RRP,RRP23,2009/10,19512,12156,1.61
RRP,RRP23,2010/11,21134,11776,1.79
RRP,RRP23,2011/12,12476,7400,1.69
RRP,RRP23,2012/13,11640,4131,2.82
RRP,RRP23,2013/14,14918,6893,2.16
RRP,RRP23,2014/15,13168,8972,1.47
RRP,RRP23,2015/16,20518,18295,1.12
RRP,RRP23,2016/17,17770,17226,1.03
RRP,RRP23,2017/18,13788,15781,0.87
RRP,RRP46,2009/10,20368,16189,1.26
RRP,RRP46,2010/11,21498,15113,1.42
RRP,RRP46,2011/12,21893,8906,2.46
RRP,RRP46,2012/13,19652,5999,3.28
RRP,RRP46,2013/14,21608,5873,3.68
RRP,RRP46,2014/15,17875,8007,2.23
RRP,RRP46,2015/16,35367,10694,3.31
RRP,RRP46,2016/17,28981,14766,1.96
RRP,RRP46,2017/18,27033,15861,1.7
RRP,RRP47,2014/15,999,2835,0.35
RRP,RRP47,2015/16,528,3966,0.13
RRP,RRP47,2016/17,535,2989,0.18
RRP,RRP47,2017/18,786,2445,0.32
RRV,C4M4J,2023/24,10798,9917,1.09
RRV,J1D4C,2023/24,4349,137,31.74
RRV,RRV03,2008/09,52945,97623,0.54
RRV,RRV03,2009/10,59037,104290,0.57
RRV,RRV03,2010/11,56211,102377,0.55
RRV,RRV03,2011/12,59880,110368,0.54
RRV,RRV03,2012/13,52170,115182,0.45
RRV,RRV03,2013/14,52303,124057,0.42
RRV,RRV03,2014/15,51035,128208,0.4
RRV,RRV03,2015/16,46404,115616,0.4
RRV,RRV03,2016/17,47876,128247,0.37
RRV,RRV03,2017/18,47227,129361,0.37
RRV,RRV03,2018/19,48543,133059,0.36
RRV,RRV03,2019/20,122156,173134,0.71
RRV,RRV03,2020/21,88238,131760,0.67
RRV,RRV03,2021/22,74636,117902,0.63
RRV,RRV03,2022/23,69997,128370,0.55
RRV,RRV03,2023/24,33043,86956,0.38
RRV,RRV11,2008/09,1119,634,1.76
RRV,RRV13,2008/09,64,3,21.33
RRV,RRV13,2009/10,82,0,82
RRV,RRV13,2010/11,69,0,69
RRV,RRV13,2011/12,120,0,120
RRV,RRV13,2012/13,92,1,92
RRV,RRV13,2013/14,23,15,1.53
RRV,RRV13,2014/15,3,0,3
RRV,RRV30,2008/09,13715,2464,5.57
RRV,RRV30,2009/10,12892,2721,4.74
RRV,RRV30,2010/11,12671,2252,5.63
RRV,RRV30,2011/12,13698,3541,3.87
RRV,RRV30,2012/13,13657,2883,4.74
RRV,RRV30,2013/14,12352,3451,3.58
RRV,RRV30,2014/15,12442,2642,4.71
RRV,RRV30,2015/16,11365,1587,7.16
RRV,RRV30,2016/17,15671,2286,6.86
RRV,RRV30,2017/18,13415,2075,6.47
RRV,RRV30,2018/19,12725,2658,4.79
RRV,RRV30,2021/22,14280,1961,7.28
RRV,RRV30,2022/23,12836,2964,4.33
RRV,RRV30,2023/24,9318,1806,5.16
RRV,RRV88,2010/11,28,0,28
RRV,RRV90,2008/09,9,0,9
RRV,RRV90,2009/10,3,0,3
RRV,RRV90,2014/15,15,0,15
RRV,RRV90,2015/16,26,0,26
RRV,RRV91,2008/09,4,0,4
RRV,RRV92,2008/09,61,0,61
RRV,RRV92,2014/15,188,0,188
RRV,RRV92,2015/16,177,0,177
RRV,RRV92,2016/17,78,0,78
RRV,RRV92,2017/18,96,0,96
RRV,RRV92,2018/19,17,0,17
RRV,RRV99,2008/09,21,0,21
RRV,RRV99,2009/10,0,0,0
RRV,RRV99,2010/11,4,0,4
RRV,RRV99,2011/12,0,0,0
RRV,RRV99,2012/13,443,0,443
RRV,RRV99,2013/14,165,0,165
RRV,RRV99,2014/15,23,0,23
RRV,RRVCC,2012/13,5503,0,5503
RRV,RRVCC,2013/14,7879,0,7879
RRV,RRVCC,2014/15,11438,2,5719
RRV,RRVCC,2015/16,9594,165,58.15
RRV,RRVCC,2016/17,12496,13,961.23
RRV,RRVCC,2017/18,11799,639,18.46
RRV,RRVCC,2018/19,10576,182,58.11
RRV,RRVCC,2021/22,14201,619,22.94
RRV,RRVCC,2022/23,15031,923,16.28
RRV,RRVCC,2023/24,9583,593,16.16
RRV,RRVCL,2016/17,157,14,11.21
RRV,RRVCL,2017/18,74,0,74
RRV,RRVCL,2018/19,33,0,33
RRV,RRVCL,2021/22,187,0,187
RRV,RRVCL,2022/23,490,0,490
RRV,RRVCL,2023/24,211,0,211
RRV,RRVE1,2008/09,14,0,14
RRV,RRVE1,2009/10,16,0,16
RRV,RRVE1,2010/11,8,0,8
RRV,RRVE1,2011/12,20,0,20
RRV,RRVE1,2012/13,8,0,8
RRV,RRVE1,2013/14,12,0,12
RRV,RRVE1,2014/15,11,0,11
RRV,RRVE1,2015/16,18,0,18
RRV,RRVE1,2016/17,3,0,3
RRV,RRVE1,2017/18,15,0,15
RRV,RRVE1,2018/19,22,0,22
RRV,RRVE1,2022/23,15,0,15
RRV,RRVNC,2008/09,3678,0,3678
RRV,RRVNC,2009/10,4024,72,55.89
RRV,RRVNC,2010/11,4776,19,251.37
RRV,RRVNC,2011/12,5245,27,194.26
RRV,RRVNC,2012/13,5121,0,5121
RRV,RRVNC,2013/14,5548,0,5548
RRV,RRVNC,2014/15,4788,0,4788
RRV,RRVNC,2015/16,4857,0,4857
RRV,RRVNC,2016/17,5474,0,5474
RRV,RRVNC,2017/18,6075,0,6075
RRV,RRVNC,2018/19,5426,7,775.14
RRV,RRVNC,2021/22,2483,17,146.06
RRV,RRVNC,2022/23,3064,0,3064
RRV,RRVNC,2023/24,2967,0,2967
RRV,RRVNQ,2008/09,31424,2203,14.26
RRV,RRVNQ,2009/10,34178,12278,2.78
RRV,RRVNQ,2010/11,34073,11607,2.94
RRV,RRVNQ,2011/12,40056,10922,3.67
RRV,RRVNQ,2012/13,39371,10072,3.91
RRV,RRVNQ,2013/14,40293,10234,3.94
RRV,RRVNQ,2014/15,43487,12728,3.42
RRV,RRVNQ,2015/16,40762,12215,3.34
RRV,RRVNQ,2016/17,39776,11559,3.44
RRV,RRVNQ,2017/18,35494,13985,2.54
RRV,RRVNQ,2018/19,34676,18681,1.86
RRV,RRVNQ,2021/22,19605,31241,0.63
RRV,RRVNQ,2022/23,23095,36393,0.63
RRV,RRVNQ,2023/24,19381,24314,0.8
RRV,RRVP5,2021/22,517,0,517
RRV,RRVP5,2022/23,83,0,83
RRV,RRVP5,2023/24,54,0,54
RRV,RRVPH,2014/15,0,78,0
RRV,RRVPH,2015/16,0,291,0
RRV,RRVPH,2017/18,441,1417,0.31
RRV,RRVPH,2018/19,69,747,0.09
RRV,RRVRH,2012/13,0,0,0
RRV,RRVRH,2013/14,1,0,1
RRV,RRVRH,2014/15,3,0,3
RRV,RRVRH,2015/16,9,0,9
RRV,RRVRH,2016/17,42,0,42
RRV,RRVRH,2017/18,14,0,14
RRV,RRVRH,2018/19,13,0,13
RRV,RRVRH,2021/22,894,0,894
RRV,RRVRH,2022/23,1206,0,1206
RRV,RRVRH,2023/24,198,0,198
RRV,RRVRN,2012/13,1100,733,1.5
RRV,RRVRN,2013/14,1100,511,2.15
RRV,RRVRN,2014/15,1269,671,1.89
RRV,RRVRN,2015/16,1074,464,2.31
RRV,RRVRN,2016/17,1121,387,2.9
RRV,RRVRN,2017/18,1087,254,4.28
RRV,RRVRN,2018/19,935,380,2.46
RRV,RRVRN,2021/22,32,0,32
RRV,RRVRN,2022/23,12,0,12
RRV,RRVWH,2017/18,61,0,61
RT1,RT100,2008/09,17634,13831,1.27
RT1,RT100,2009/10,5679,14356,0.4
RT1,RT100,2010/11,4933,21619,0.23
RT1,RT100,2011/12,4461,19888,0.22
RT1,RT100,2012/13,3398,30520,0.11
RT1,RT100,2013/14,26932,49350,0.55
RT1,RT100,2014/15,36501,24072,1.52
RT1,RT113,2009/10,13055,12736,1.03
RT1,RT113,2010/11,8329,19895,0.42
RT1,RT113,2011/12,11256,29604,0.38
RT1,RT113,2012/13,7463,21327,0.35
RT1,RT113,2013/14,1672,7556,0.22
RT1,RT113,2014/15,3257,3960,0.82
RT1,RT113,2015/16,17211,16434,1.05
RT1,RT113,2016/17,16030,10498,1.53
RT1,RT113,2017/18,11003,9855,1.12
RT1,RT113,2018/19,15304,9547,1.6
RT1,RT115,2009/10,9317,623,14.96
RT1,RT115,2010/11,10352,12,862.67
RT1,RT115,2011/12,10620,200,53.1
RT1,RT115,2012/13,6443,608,10.6
RT1,RT115,2013/14,0,659,0
RT1,RT115,2014/15,2456,3105,0.79
RT1,RT115,2015/16,9624,470,20.48
RT1,RT115,2016/17,10347,1068,9.69
RT1,RT115,2017/18,8271,891,9.28
RT1,RT115,2018/19,5980,649,9.21
RT1,RT11A,2015/16,9945,0,9945
RT1,RT166,2009/10,848,0,848
RT1,RT166,2010/11,1954,897,2.18
RT1,RT166,2011/12,181,325,0.56
RT1,RT181,2009/10,993,5218,0.19
RT1,RT181,2010/11,721,0,721
RT1,RT182,2009/10,0,198,0
RT1,RT182,2015/16,0,664,0
RT1,RT190,2009/10,6330,4250,1.49
RT1,RT190,2010/11,4694,8010,0.59
RT1,RT190,2011/12,2006,7244,0.28
RT1,RT190,2012/13,1190,4307,0.28
RT1,RT190,2013/14,0,521,0
RT1,RT190,2014/15,756,67,11.28
RT1,RT190,2015/16,4623,102,45.32
RT1,RT190,2016/17,3030,0,3030
RT1,RT190,2017/18,4957,0,4957
RT1,RT190,2018/19,2783,0,2783
RT1,RT199,2014/15,4484,1179,3.8
RT1,RT199,2015/16,19294,8294,2.33
RT1,RT199,2016/17,16826,6556,2.57
RT1,RT199,2017/18,17466,3314,5.27
RT1,RT199,2018/19,17548,3691,4.75
RT1,RT1FD,2015/16,4481,149,30.07
RT2,RT200,2013/14,0,1600,0
RT2,RT200,2014/15,0,2582,0
RT2,RT200,2015/16,0,3746,0
RT2,RT201,2008/09,484,12259,0.04
RT2,RT201,2009/10,0,2123,0
RT2,RT201,2013/14,0,1876,0
RT2,RT202,2008/09,0,3714,0
RT2,RT202,2009/10,150,1445,0.1
RT2,RT202,2010/11,484,9336,0.05
RT2,RT202,2011/12,0,780,0
RT2,RT202,2013/14,0,0,0
RT2,RT202,2015/16,0,2704,0
RT2,RT204,2008/09,0,4456,0
RT2,RT204,2009/10,0,23542,0
RT2,RT204,2010/11,0,23180,0
RT2,RT204,2011/12,178,19257,0.01
RT2,RT204,2012/13,684,19233,0.04
RT2,RT204,2013/14,1614,21072,0.08
RT2,RT204,2014/15,4231,17502,0.24
RT2,RT204,2015/16,700,19340,0.04
RT2,RT205,2008/09,112,18429,0.01
RT2,RT205,2009/10,29,3011,0.01
RT2,RT205,2010/11,1158,995,1.16
RT2,RT205,2011/12,881,2062,0.43
RT2,RT205,2012/13,1244,1199,1.04
RT2,RT205,2013/14,1081,13,83.15
RT2,RT205,2014/15,1400,0,1400
RT2,RT206,2008/09,732,1630,0.45
RT2,RT206,2009/10,528,4024,0.13
RT2,RT206,2010/11,743,403,1.84
RT2,RT207,2012/13,208,0,208
RT2,RT208,2008/09,471,2809,0.17
RT2,RT208,2009/10,133,5836,0.02
RT2,RT208,2010/11,37,3932,0.01
RT2,RT208,2011/12,1502,3745,0.4
RT2,RT208,2012/13,180,2272,0.08
RT2,RT208,2013/14,0,3619,0
RT2,RT208,2014/15,569,3122,0.18
RT2,RT208,2015/16,367,1936,0.19
RT2,RT210,2009/10,706,0,706
RT2,RT210,2012/13,1136,0,1136
RT2,RT210,2013/14,910,0,910
RT2,RT210,2014/15,1787,0,1787
RT2,RT210,2015/16,0,3646,0
RT2,RT242,2009/10,435,0,435
RT2,RT242,2011/12,0,940,0
RT2,RT242,2015/16,0,2650,0
RT2,RT243,2010/11,853,0,853
RT2,RT243,2012/13,2055,0,2055
RT2,RT243,2014/15,16,0,16
RT2,RT243,2015/16,0,1443,0
RT2,RT248,2009/10,111,14347,0.01
RT2,RT248,2010/11,37,18619,0
RT2,RT248,2011/12,0,21041,0
RT2,RT248,2012/13,0,15122,0
RT2,RT248,2013/14,0,19945,0
RT2,RT248,2014/15,0,20566,0
RT2,RT248,2015/16,0,15653,0
RT2,RT250,2008/09,206,5074,0.04
RT2,RT250,2009/10,1045,7618,0.14
RT2,RT250,2010/11,738,8190,0.09
RT2,RT250,2011/12,62,9292,0.01
RT2,RT250,2012/13,572,8667,0.07
RT2,RT250,2013/14,699,7736,0.09
RT2,RT250,2014/15,1295,8721,0.15
RT2,RT250,2015/16,392,10079,0.04
RT2,RT254,2008/09,1515,8413,0.18
RT2,RT254,2009/10,1008,13993,0.07
RT2,RT254,2010/11,2476,11560,0.21
RT2,RT254,2011/12,1445,13694,0.11
RT2,RT254,2012/13,1839,13400,0.14
RT2,RT254,2013/14,755,15959,0.05
RT2,RT254,2014/15,333,15769,0.02
RT2,RT254,2015/16,27,15734,0
RT2,RT266,2008/09,1286,8616,0.15
RT2,RT266,2009/10,0,1092,0
RT2,RT267,2009/10,459,24875,0.02
RT2,RT267,2010/11,0,26187,0
RT2,RT267,2011/12,428,29152,0.01
RT2,RT267,2012/13,58,30977,0
RT2,RT267,2013/14,0,31114,0
RT2,RT267,2014/15,0,31309,0
RT2,RT267,2015/16,569,26554,0.02
RT2,RT272,2008/09,889,3323,0.27
RT2,RT272,2009/10,1446,6170,0.23
RT2,RT272,2010/11,1865,4914,0.38
RT2,RT272,2011/12,1275,5970,0.21
RT2,RT272,2012/13,1741,5346,0.33
RT2,RT272,2013/14,929,5989,0.16
RT2,RT272,2014/15,960,6859,0.14
RT2,RT272,2015/16,489,5165,0.09
RT2,RT274,2008/09,727,9156,0.08
RT2,RT274,2009/10,1316,22771,0.06
RT2,RT274,2010/11,1499,19023,0.08
RT2,RT274,2011/12,10848,20380,0.53
RT2,RT274,2012/13,10702,14801,0.72
RT2,RT274,2013/14,11846,8108,1.46
RT2,RT274,2014/15,5403,10677,0.51
RT2,RT274,2015/16,7912,10598,0.75
RT2,RT2M7,2011/12,1259,7822,0.16
RT2,RT2M7,2012/13,1919,10714,0.18
RT2,RT2M7,2013/14,1005,18225,0.06
RT2,RT2M7,2014/15,0,17092,0
RT2,RT2M7,2015/16,113,18511,0.01
RT3,RT300,2016/17,1,4,0.25
RT3,RT301,2008/09,16734,10631,1.57
RT3,RT301,2009/10,17713,15303,1.16
RT3,RT301,2010/11,16274,16321,1
RT3,RT301,2011/12,17345,17844,0.97
RT3,RT301,2012/13,19879,18700,1.06
RT3,RT301,2013/14,18905,20260,0.93
RT3,RT301,2014/15,20893,22710,0.92
RT3,RT301,2015/16,22633,22061,1.03
RT3,RT301,2016/17,25829,22913,1.13
RT3,RT301,2017/18,19535,19378,1.01
RT3,RT301,2018/19,22131,19568,1.13
RT3,RT301,2019/20,21892,20557,1.06
RT3,RT301,2020/21,16620,18653,0.89
RT3,RT301,2021/22,22,945,0.02
RT3,RT302,2008/09,41625,14323,2.91
RT3,RT302,2009/10,42208,12178,3.47
RT3,RT302,2010/11,43477,12424,3.5
RT3,RT302,2011/12,46676,15614,2.99
RT3,RT302,2012/13,46932,16342,2.87
RT3,RT302,2013/14,46877,18729,2.5
RT3,RT302,2014/15,52247,21241,2.46
RT3,RT302,2015/16,52954,18378,2.88
RT3,RT302,2016/17,55673,16861,3.3
RT3,RT302,2017/18,44126,12692,3.48
RT3,RT302,2018/19,48026,14924,3.22
RT3,RT302,2019/20,47118,15824,2.98
RT3,RT302,2020/21,20610,12349,1.67
RT3,RT302,2021/22,176,505,0.35
RT5,RT500,2014/15,0,1502,0
RT5,RT502,2012/13,928,0,928
RT5,RT502,2013/14,8239,6706,1.23
RT5,RT502,2014/15,22407,36861,0.61
RT5,RT502,2015/16,37821,79904,0.47
RT5,RT502,2016/17,38549,83812,0.46
RT5,RT502,2017/18,25910,91154,0.28
RT5,RT502,2018/19,36348,88429,0.41
RT5,RT502,2019/20,25767,73814,0.35
RT5,RT502,2020/21,20192,105870,0.19
RT5,RT502,2021/22,5703,100777,0.06
RT5,RT502,2022/23,4820,37702,0.13
RT5,RT502,2023/24,6661,21203,0.31
RT5,RT5KT,2013/14,1453,209,6.95
RT5,RT5KT,2014/15,1021,519,1.97
RT5,RT5KT,2015/16,3423,503,6.81
RT5,RT5KT,2016/17,5418,8750,0.62
RT5,RT5KT,2017/18,0,13660,0
RT5,RT5KT,2018/19,0,13127,0
RT5,RT5KT,2019/20,0,14638,0
RT5,RT5KT,2020/21,0,10985,0
RT5,RT5KT,2021/22,0,3403,0
RT5,RT5KT,2022/23,0,141,0
RT5,RT5KT,2023/24,0,42,0
RT5,RT5YC,2011/12,38,903,0.04
RT5,RT5YC,2012/13,0,343,0
RT5,RT5YC,2013/14,167,528,0.32
RT5,RT5YC,2014/15,22,247,0.09
RT5,RT5YD,2011/12,96,3597,0.03
RT5,RT5YD,2012/13,1475,3913,0.38
RT5,RT5YD,2013/14,490,1188,0.41
RT5,RT5YD,2014/15,0,774,0
RT5,RT5YD,2015/16,3202,817,3.92
RT5,RT5YD,2016/17,2007,10399,0.19
RT5,RT5YD,2017/18,196,17768,0.01
RT5,RT5YD,2018/19,339,17067,0.02
RT5,RT5YD,2019/20,189,14105,0.01
RT5,RT5YD,2020/21,0,7966,0
RT5,RT5YD,2021/22,0,1304,0
RT5,RT5YD,2022/23,0,11,0
RT5,RT5YD,2023/24,0,27,0
RT5,RT5YE,2011/12,15,864,0.02
RT5,RT5YE,2012/13,0,301,0
RT5,RT5YE,2013/14,0,497,0
RT5,RT5YE,2014/15,64,407,0.16
RT5,RT5YE,2015/16,262,407,0.64
RT5,RT5YE,2016/17,383,1987,0.19
RT5,RT5YE,2017/18,0,3127,0
RT5,RT5YE,2018/19,0,3157,0
RT5,RT5YE,2019/20,0,3184,0
RT5,RT5YE,2020/21,0,437,0
RT5,RT5YF,2011/12,6,5190,0
RT5,RT5YF,2012/13,107,2296,0.05
RT5,RT5YF,2013/14,1049,2241,0.47
RT5,RT5YF,2014/15,5903,1231,4.8
RT5,RT5YF,2015/16,5829,1242,4.69
RT5,RT5YF,2016/17,3066,6963,0.44
RT5,RT5YF,2017/18,0,12195,0
RT5,RT5YF,2018/19,0,11649,0
RT5,RT5YF,2019/20,0,12906,0
RT5,RT5YF,2020/21,0,4988,0
RT5,RT5YF,2021/22,0,2703,0
RT5,RT5YF,2022/23,0,67,0
RT5,RT5YF,2023/24,0,4,0
RT5,RT5YG,2011/12,1143,6271,0.18
RT5,RT5YG,2012/13,2297,3345,0.69
RT5,RT5YG,2013/14,3670,2260,1.62
RT5,RT5YG,2014/15,991,618,1.6
RT5,RT5YG,2015/16,1494,877,1.7
RT5,RT5YG,2016/17,666,4162,0.16
RT5,RT5YG,2017/18,0,7466,0
RT5,RT5YG,2018/19,0,6953,0
RT5,RT5YG,2019/20,0,7854,0
RT5,RT5YG,2020/21,0,4824,0
RT5,RT5YG,2021/22,0,1427,0
RT5,RT5YG,2022/23,0,59,0
RT5,RT5YG,2023/24,0,37,0
RT5,RT5YH,2011/12,487,1131,0.43
RT5,RT5YH,2012/13,556,667,0.83
RT5,RT5YH,2013/14,853,865,0.99
RT5,RT5YH,2014/15,1560,395,3.95
RT5,RT5YH,2015/16,1666,496,3.36
RT5,RT5YH,2016/17,852,3921,0.22
RT5,RT5YH,2017/18,0,5607,0
RT5,RT5YH,2018/19,0,5869,0
RT5,RT5YH,2019/20,0,4455,0
RT5,RT5YH,2020/21,0,4460,0
RT5,RT5YH,2021/22,0,1632,0
RT5,RT5YH,2022/23,0,63,0
RT5,RT5YH,2023/24,0,40,0
RT5,RT5YJ,2011/12,1289,2041,0.63
RT5,RT5YJ,2012/13,1249,1044,1.2
RT5,RT5YJ,2013/14,1447,1196,1.21
RT5,RT5YJ,2014/15,838,927,0.9
RT5,RT5YJ,2015/16,992,920,1.08
RT5,RT5YJ,2016/17,603,3257,0.19
RT5,RT5YJ,2017/18,0,5339,0
RT5,RT5YJ,2018/19,0,4978,0
RT5,RT5YJ,2019/20,0,5021,0
RT5,RT5YJ,2020/21,0,4378,0
RT5,RT5YJ,2021/22,0,1209,0
RT5,RT5YJ,2022/23,0,8,0
RT5,RT5YJ,2023/24,0,9,0
RT5,RT5YL,2011/12,3576,1777,2.01
RT5,RT5YL,2012/13,68,1026,0.07
RT5,RT5YL,2013/14,1884,515,3.66
RT5,RT5YL,2014/15,4741,388,12.22
RT5,RT5YL,2015/16,5020,409,12.27
RT5,RT5YL,2016/17,4121,5562,0.74
RT5,RT5YL,2017/18,0,10459,0
RT5,RT5YL,2018/19,0,9475,0
RT5,RT5YL,2019/20,0,9613,0
RT5,RT5YL,2020/21,0,8158,0
RT5,RT5YL,2021/22,0,2291,0
RT5,RT5YL,2022/23,0,53,0
RT5,RT5YL,2023/24,0,62,0
RT5,RT5YN,2011/12,1900,738,2.57
RT5,RT5YN,2012/13,1266,107,11.83
RT5,RT5YN,2013/14,258,0,258
RT5,RT5YP,2011/12,102,11,9.27
RT5,RT5YP,2012/13,16,0,16
RT6,RT606,2008/09,3833,7749,0.49
RT6,RT606,2009/10,7792,10665,0.73
RT6,RT606,2010/11,7405,12872,0.58
RT6,RT606,2011/12,10859,8215,1.32
RT6,RT624,2008/09,3628,7689,0.47
RT6,RT624,2009/10,6090,11865,0.51
RT6,RT624,2010/11,8374,8535,0.98
RT6,RT624,2011/12,12414,8550,1.45
RT6,RT626,2008/09,2182,2702,0.81
RT6,RT626,2009/10,8034,2746,2.93
RT6,RT626,2010/11,7457,1458,5.11
RT6,RT626,2011/12,3291,474,6.94
RT6,RT637,2008/09,25,1474,0.02
RT6,RT637,2009/10,0,2552,0
RT6,RT637,2010/11,14,3292,0
RT6,RT637,2011/12,130,3486,0.04
RT6,RT641,2008/09,358,0,358
RT6,RT641,2009/10,857,0,857
RT6,RT641,2010/11,145,0,145
RT6,RT698,2008/09,1715,0,1715
RT6,RT698,2009/10,3103,0,3103
RT6,RT698,2010/11,3452,459,7.52
RT6,RT698,2011/12,2039,388,5.26
RT6,RT6A1,2011/12,4093,4444,0.92
RTD,G1I8H,2021/22,6,0,6
RTD,I0O4Z,2021/22,15,0,15
RTD,I0O4Z,2022/23,16,0,16
RTD,RTD00,2008/09,891,0,891
RTD,RTD00,2009/10,128,892,0.14
RTD,RTD00,2010/11,212,1423,0.15
RTD,RTD00,2011/12,282,963,0.29
RTD,RTD00,2012/13,15,375,0.04
RTD,RTD00,2013/14,100,1630,0.06
RTD,RTD00,2014/15,247,1607,0.15
RTD,RTD00,2015/16,33,552,0.06
RTD,RTD00,2016/17,21,805,0.03
RTD,RTD00,2017/18,48,778,0.06
RTD,RTD00,2018/19,0,42,0
RTD,RTD00,2019/20,19,109,0.17
RTD,RTD00,2020/21,6,0,6
RTD,RTD00,2021/22,7,24,0.29
RTD,RTD00,2022/23,0,64,0
RTD,RTD00,2023/24,56,133,0.42
RTD,RTD01,2008/09,64067,47600,1.35
RTD,RTD01,2009/10,74098,65802,1.13
RTD,RTD01,2010/11,64902,51776,1.25
RTD,RTD01,2011/12,63799,48885,1.31
RTD,RTD01,2012/13,63958,50015,1.28
RTD,RTD01,2013/14,63161,49356,1.28
RTD,RTD01,2014/15,64353,45949,1.4
RTD,RTD01,2015/16,61158,56869,1.08
RTD,RTD01,2016/17,56586,46403,1.22
RTD,RTD01,2017/18,55119,42914,1.28
RTD,RTD01,2018/19,55201,40794,1.35
RTD,RTD01,2019/20,51339,44143,1.16
RTD,RTD01,2020/21,31434,30659,1.03
RTD,RTD01,2021/22,38822,35047,1.11
RTD,RTD01,2022/23,41174,40786,1.01
RTD,RTD01,2023/24,30298,34362,0.88
RTD,RTD02,2008/09,34867,131125,0.27
RTD,RTD02,2009/10,33403,147796,0.23
RTD,RTD02,2010/11,37783,172831,0.22
RTD,RTD02,2011/12,49454,247151,0.2
RTD,RTD02,2012/13,49259,266859,0.18
RTD,RTD02,2013/14,46821,261680,0.18
RTD,RTD02,2014/15,47702,276766,0.17
RTD,RTD02,2015/16,46486,260849,0.18
RTD,RTD02,2016/17,44946,275853,0.16
RTD,RTD02,2017/18,42365,272290,0.16
RTD,RTD02,2018/19,42027,267272,0.16
RTD,RTD02,2019/20,40333,269195,0.15
RTD,RTD02,2020/21,27112,203073,0.13
RTD,RTD02,2021/22,30303,266911,0.11
RTD,RTD02,2022/23,32824,301596,0.11
RTD,RTD02,2023/24,23892,219363,0.11
RTD,RTD03,2008/09,18001,77399,0.23
RTD,RTD03,2009/10,13899,94540,0.15
RTD,RTD03,2010/11,9222,73294,0.13
RTD,RTD03,2011/12,0,2184,0
RTD,RTD03,2012/13,27,39,0.69
RTD,RTD03,2013/14,0,672,0
RTD,RTD03,2014/15,0,447,0
RTD,RTD03,2015/16,2,3263,0
RTD,RTD03,2016/17,0,445,0
RTD,RTD03,2017/18,29,110,0.26
RTD,RTD03,2018/19,21,1434,0.01
RTD,RTD03,2019/20,59,1226,0.05
RTD,RTD03,2020/21,29,627,0.05
RTD,RTD03,2021/22,112,771,0.15
RTD,RTD03,2022/23,1,752,0
RTD,RTD03,2023/24,29,695,0.04
RTD,RTD04,2008/09,1,0,1
RTD,RTD04,2009/10,73,0,73
RTD,RTD04,2010/11,420,0,420
RTD,RTD04,2011/12,48,0,48
RTD,RTD04,2012/13,25,0,25
RTD,RTD04,2013/14,174,0,174
RTD,RTD04,2014/15,161,0,161
RTD,RTD04,2015/16,68,0,68
RTD,RTD04,2016/17,115,0,115
RTD,RTD04,2017/18,62,0,62
RTD,RTD04,2018/19,94,0,94
RTD,RTD04,2019/20,64,0,64
RTD,RTD04,2020/21,278,0,278
RTD,RTD04,2021/22,14,0,14
RTD,RTD04,2022/23,38,0,38
RTD,RTD04,2023/24,7,0,7
RTD,RTD05,2008/09,484,1053,0.46
RTD,RTD05,2009/10,225,2734,0.08
RTD,RTD05,2010/11,0,750,0
RTD,RTD05,2011/12,41,1776,0.02
RTD,RTD05,2015/16,1,0,1
RTD,RTD06,2008/09,4923,5366,0.92
RTD,RTD06,2009/10,4668,7244,0.64
RTD,RTD06,2010/11,11062,16386,0.68
RTD,RTD06,2011/12,11261,16295,0.69
RTD,RTD06,2012/13,11248,15768,0.71
RTD,RTD06,2013/14,9443,15274,0.62
RTD,RTD06,2014/15,8715,17269,0.5
RTD,RTD06,2015/16,9031,17863,0.51
RTD,RTD06,2016/17,9284,17373,0.53
RTD,RTD06,2017/18,7171,17830,0.4
RTD,RTD06,2018/19,7963,17584,0.45
RTD,RTD06,2019/20,11874,14831,0.8
RTD,RTD06,2020/21,11914,9334,1.28
RTD,RTD06,2021/22,13312,7637,1.74
RTD,RTD06,2022/23,10038,13162,0.76
RTD,RTD06,2023/24,6780,10116,0.67
RTD,RTD08,2009/10,23,0,23
RTD,RTD08,2010/11,183,0,183
RTD,RTD08,2011/12,32,0,32
RTD,RTD08,2012/13,73,0,73
RTD,RTD08,2013/14,1,0,1
RTD,RTD08,2014/15,5,0,5
RTD,RTD08,2015/16,3,0,3
RTD,RTD08,2016/17,29,0,29
RTD,RTD08,2017/18,33,0,33
RTD,RTD08,2018/19,5,0,5
RTD,RTD08,2019/20,5,0,5
RTD,RTD08,2020/21,8,0,8
RTD,RTD08,2021/22,4,0,4
RTD,RTD08,2022/23,12,0,12
RTD,RTD08,2023/24,383,0,383
RTD,RTD13,2016/17,3,0,3
RTD,RTD13,2017/18,1,0,1
RTD,RTD13,2019/20,27,0,27
RTD,RTD13,2021/22,1,0,1
RTD,RTD13,2022/23,5,0,5
RTD,RTD13,2023/24,6,0,6
RTD,RTDAA,2012/13,26,0,26
RTD,RTDAC,2009/10,0,0,0
RTD,RTDAC,2012/13,1,0,1
RTD,RTDAC,2013/14,2,0,2
RTD,RTDAE,2011/12,730,0,730
RTD,RTDAE,2013/14,30,0,30
RTD,RTDAK,2008/09,178,0,178
RTD,RTDAK,2009/10,23,0,23
RTD,RTDAK,2010/11,425,0,425
RTD,RTDAK,2011/12,270,0,270
RTD,RTDAK,2012/13,71,0,71
RTD,RTDAK,2013/14,25,0,25
RTD,RTDAK,2014/15,10,0,10
RTD,RTDAK,2017/18,15,0,15
RTD,RTDAK,2018/19,2,0,2
RTD,RTDAK,2019/20,0,0,0
RTD,RTDAK,2020/21,0,0,0
RTD,RTDAK,2021/22,0,0,0
RTD,RTDAK,2022/23,11,0,11
RTD,RTDAK,2023/24,3,0,3
RTD,RTDAL,2009/10,1,0,1
RTD,RTDAL,2011/12,1,0,1
RTD,RTDAL,2012/13,26,0,26
RTD,RTDAM,2009/10,131,0,131
RTD,RTDAM,2010/11,1173,0,1173
RTD,RTDAM,2011/12,1466,0,1466
RTD,RTDAM,2012/13,1418,0,1418
RTD,RTDAM,2013/14,1388,0,1388
RTD,RTDAM,2014/15,1457,0,1457
RTD,RTDAM,2015/16,1361,0,1361
RTD,RTDAM,2016/17,1252,0,1252
RTD,RTDAM,2017/18,963,2,481.5
RTD,RTDAX,2014/15,4,0,4
RTD,RTDAX,2015/16,5,0,5
RTD,RTDAX,2016/17,6,0,6
RTD,RTDAX,2017/18,14,0,14
RTD,RTDAX,2022/23,29,0,29
RTD,RTDCA,2010/11,59,0,59
RTD,RTDCA,2011/12,4,0,4
RTD,RTDCA,2012/13,10,0,10
RTD,RTDCA,2014/15,5,0,5
RTD,RTDCA,2015/16,6,0,6
RTD,RTDCA,2016/17,2,0,2
RTD,RTDCA,2018/19,0,0,0
RTD,RTDCA,2019/20,8,0,8
RTD,RTDCA,2023/24,12,0,12
RTD,RTDCC,2009/10,1,0,1
RTD,RTDCC,2010/11,1,0,1
RTD,RTDCC,2011/12,2,0,2
RTD,RTDCC,2012/13,32,0,32
RTD,RTDCC,2015/16,15,0,15
RTD,RTDCC,2018/19,3,0,3
RTD,RTDCC,2019/20,9,0,9
RTD,RTDCC,2023/24,0,0,0
RTD,RTDCD,2009/10,0,0,0
RTD,RTDCD,2015/16,104,0,104
RTD,RTDCD,2016/17,168,0,168
RTD,RTDCD,2018/19,22,0,22
RTD,RTDCD,2019/20,26,0,26
RTD,RTDCD,2023/24,0,0,0
RTD,RTDCE,2009/10,0,0,0
RTD,RTDCE,2010/11,367,0,367
RTD,RTDCE,2011/12,5,0,5
RTD,RTDCE,2012/13,2,0,2
RTD,RTDCG,2021/22,6,0,6
RTD,RTDCH,2022/23,1,0,1
RTD,RTDCT,2022/23,0,0,0
RTD,RTDDY,2016/17,7,0,7
RTD,RTDDY,2018/19,45,0,45
RTD,RTDDY,2019/20,2,0,2
RTD,RTDEA,2018/19,28,0,28
RTD,RTDEA,2019/20,51,0,51
RTD,RTDFG,2015/16,14,0,14
RTD,RTDFG,2016/17,5,0,5
RTD,RTDFR,2016/17,0,0,0
RTD,RTDGA,2017/18,8,0,8
RTD,RTDGA,2018/19,0,0,0
RTD,RTDGA,2021/22,0,3,0
RTD,RTDQR,2016/17,0,112,0
RTD,RTDQR,2017/18,0,892,0
RTD,T6F9P,2023/24,84,0,84
RTD,U1J5G,2021/22,0,0,0
RTD,U1J5G,2022/23,26,0,26
RTE,RTE01,2008/09,28674,110005,0.26
RTE,RTE01,2009/10,27329,106883,0.26
RTE,RTE01,2010/11,23488,106254,0.22
RTE,RTE01,2011/12,24950,107465,0.23
RTE,RTE01,2012/13,25340,104157,0.24
RTE,RTE01,2013/14,22732,97457,0.23
RTE,RTE01,2014/15,23688,91418,0.26
RTE,RTE01,2015/16,23756,91402,0.26
RTE,RTE01,2016/17,23717,94906,0.25
RTE,RTE01,2017/18,22615,89369,0.25
RTE,RTE01,2018/19,22785,82481,0.28
RTE,RTE01,2019/20,19544,83615,0.23
RTE,RTE01,2020/21,10198,19393,0.53
RTE,RTE01,2021/22,13367,47714,0.28
RTE,RTE01,2022/23,13601,70414,0.19
RTE,RTE01,2023/24,10327,53171,0.19
RTE,RTE02,2008/09,76,462,0.16
RTE,RTE02,2009/10,0,89,0
RTE,RTE03,2008/09,37040,149311,0.25
RTE,RTE03,2009/10,34274,151546,0.23
RTE,RTE03,2010/11,27278,144952,0.19
RTE,RTE03,2011/12,24874,147955,0.17
RTE,RTE03,2012/13,24418,149351,0.16
RTE,RTE03,2013/14,22458,152745,0.15
RTE,RTE03,2014/15,23376,161654,0.14
RTE,RTE03,2015/16,20857,170042,0.12
RTE,RTE03,2016/17,19240,175948,0.11
RTE,RTE03,2017/18,18118,179485,0.1
RTE,RTE03,2018/19,13249,185296,0.07
RTE,RTE03,2019/20,13217,196249,0.07
RTE,RTE03,2020/21,10143,214226,0.05
RTE,RTE03,2021/22,12142,230900,0.05
RTE,RTE03,2022/23,13306,234709,0.06
RTE,RTE03,2023/24,12179,232214,0.05
RTE,RTE08,2009/10,13,0,13
RTE,RTE08,2010/11,4,0,4
RTE,RTE08,2011/12,1,0,1
RTE,RTE08,2013/14,12,0,12
RTE,RTE14,2008/09,166,2212,0.08
RTE,RTE14,2009/10,8,0,8
RTE,RTE14,2010/11,10,0,10
RTE,RTE14,2011/12,7,0,7
RTE,RTE14,2012/13,0,0,0
RTE,RTE15,2008/09,0,283,0
RTE,RTE23,2008/09,587,693,0.85
RTE,RTE23,2009/10,105,169,0.62
RTE,RTE23,2010/11,67,0,67
RTE,RTE23,2011/12,34,0,34
RTE,RTE23,2012/13,1,0,1
RTE,RTE23,2013/14,2,0,2
RTE,RTE23,2014/15,0,0,0
RTE,RTE23,2015/16,0,0,0
RTE,RTE23,2016/17,18,0,18
RTE,RTE23,2017/18,3,0,3
RTE,RTE23,2018/19,2,0,2
RTE,RTE23,2019/20,2,0,2
RTE,RTE23,2020/21,4,0,4
RTE,RTE23,2021/22,0,13,0
RTE,RTE23,2022/23,11,0,11
RTE,RTE23,2023/24,23,0,23
RTE,RTE25,2009/10,1,0,1
RTE,RTE26,2008/09,118,0,118
RTE,RTE26,2009/10,532,0,532
RTE,RTE26,2010/11,390,0,390
RTE,RTE26,2011/12,127,0,127
RTE,RTE26,2012/13,1,0,1
RTE,RTE26,2013/14,21,0,21
RTE,RTE26,2014/15,3,0,3
RTE,RTE26,2015/16,4,0,4
RTE,RTE26,2016/17,35,0,35
RTE,RTE26,2017/18,45,0,45
RTE,RTE26,2018/19,24,0,24
RTE,RTE26,2019/20,35,0,35
RTE,RTE26,2020/21,5,0,5
RTE,RTE26,2021/22,6,0,6
RTE,RTE26,2022/23,4,0,4
RTE,RTE26,2023/24,0,0,0
RTE,RTE27,2011/12,5,12,0.42
RTE,RTE27,2012/13,6,50,0.12
RTE,RTE27,2013/14,5,26,0.19
RTE,RTE27,2014/15,5,10,0.5
RTE,RTE27,2015/16,17,20,0.85
RTE,RTE27,2016/17,12,0,12
RTE,RTE27,2017/18,0,4,0
RTE,RTE27,2018/19,0,5,0
RTE,RTE27,2021/22,0,5,0
RTE,RTE27,2022/23,0,4,0
RTE,RTE31,2017/18,7,0,7
RTE,RTE32,2008/09,1,0,1
RTE,RTE32,2009/10,6,0,6
RTE,RTE32,2010/11,1,0,1
RTE,RTE32,2011/12,0,0,0
RTE,RTE32,2012/13,5,0,5
RTE,RTE32,2013/14,0,0,0
RTE,RTE57,2015/16,64,0,64
RTE,RTE61,2009/10,190,0,190
RTE,RTE61,2010/11,416,0,416
RTE,RTE61,2011/12,40,0,40
RTE,RTE61,2012/13,25,0,25
RTE,RTE61,2020/21,14,0,14
RTE,RTE62,2009/10,183,0,183
RTE,RTE62,2010/11,325,0,325
RTE,RTE62,2011/12,7,0,7
RTE,RTE62,2020/21,182,0,182
RTE,RTE64,2009/10,4,0,4
RTE,RTE64,2011/12,4,0,4
RTE,RTE64,2013/14,1,0,1
RTE,RTE64,2014/15,1,0,1
RTE,RTE64,2016/17,16,0,16
RTE,RTE64,2017/18,0,0,0
RTE,RTE64,2018/19,0,0,0
RTE,RTE83,2008/09,10,0,10
RTE,RTE83,2009/10,52,0,52
RTE,RTE83,2010/11,34,0,34
RTE,RTE83,2011/12,7,0,7
RTE,RTE83,2012/13,2,0,2
RTE,RTE83,2013/14,2,0,2
RTE,RTE83,2014/15,1,0,1
RTE,RTE83,2015/16,1,0,1
RTE,RTE83,2016/17,8,0,8
RTE,RTE83,2017/18,9,0,9
RTE,RTE83,2018/19,24,0,24
RTE,RTE83,2019/20,90,0,90
RTE,RTE83,2020/21,2,0,2
RTE,RTE83,2021/22,3,0,3
RTE,RTE83,2022/23,4,0,4
RTE,RTE83,2023/24,2,0,2
RTE,RTE84,2008/09,24,0,24
RTE,RTE84,2009/10,29,0,29
RTE,RTE84,2010/11,67,0,67
RTE,RTE84,2011/12,10,0,10
RTE,RTE95,2013/14,1,0,1
RTE,RTE95,2014/15,2,0,2
RTE,RTE95,2015/16,21,0,21
RTE,RTE95,2016/17,17,0,17
RTE,RTE95,2017/18,32,0,32
RTE,RTE95,2018/19,10,0,10
RTE,RTE95,2019/20,76,0,76
RTE,RTE95,2020/21,0,0,0
RTE,RTE95,2021/22,0,1,0
RTE,RTE95,2022/23,4,0,4
RTE,RTE95,2023/24,0,0,0
RTF,G8U2X,2023/24,939,0,939
RTF,K2O7Z,2023/24,479,0,479
RTF,M4V6S,2023/24,1844,100,18.44
RTF,R5A0A,2023/24,4,0,4
RTF,RTF00,2008/09,7,0,7
RTF,RTF00,2009/10,1,0,1
RTF,RTF3F,2020/21,0,0,0
RTF,RTF86,2015/16,3821,162921,0.02
RTF,RTF86,2016/17,4711,259885,0.02
RTF,RTF86,2017/18,4312,247509,0.02
RTF,RTF86,2018/19,3958,234705,0.02
RTF,RTF86,2019/20,4807,230316,0.02
RTF,RTF86,2020/21,3849,185509,0.02
RTF,RTF86,2021/22,5014,212897,0.02
RTF,RTF86,2022/23,4838,237162,0.02
RTF,RTF86,2023/24,2970,169232,0.02
RTF,RTFDH,2008/09,200,2599,0.08
RTF,RTFDH,2009/10,345,2551,0.14
RTF,RTFDH,2010/11,140,1323,0.11
RTF,RTFDH,2011/12,323,1202,0.27
RTF,RTFDH,2012/13,443,1579,0.28
RTF,RTFDH,2013/14,160,1155,0.14
RTF,RTFDH,2014/15,411,861,0.48
RTF,RTFDH,2015/16,57,1261,0.05
RTF,RTFDH,2016/17,17,248,0.07
RTF,RTFDH,2017/18,2,367,0.01
RTF,RTFDH,2018/19,24,411,0.06
RTF,RTFDH,2019/20,0,603,0
RTF,RTFDH,2020/21,0,122,0
RTF,RTFDH,2021/22,0,59,0
RTF,RTFDH,2022/23,0,86,0
RTF,RTFDH,2023/24,3,13,0.23
RTF,RTFDJ,2008/09,821,1268,0.65
RTF,RTFDJ,2009/10,603,997,0.6
RTF,RTFDJ,2010/11,387,314,1.23
RTF,RTFDJ,2011/12,116,466,0.25
RTF,RTFDJ,2012/13,24,241,0.1
RTF,RTFDJ,2013/14,17,473,0.04
RTF,RTFDJ,2014/15,32,364,0.09
RTF,RTFDJ,2015/16,40,1580,0.03
RTF,RTFDJ,2016/17,13,123,0.11
RTF,RTFDJ,2017/18,49,64,0.77
RTF,RTFDJ,2018/19,3,419,0.01
RTF,RTFDJ,2019/20,13,578,0.02
RTF,RTFDJ,2020/21,0,202,0
RTF,RTFDJ,2021/22,2,33,0.06
RTF,RTFDJ,2022/23,3,7,0.43
RTF,RTFDJ,2023/24,30,211,0.14
RTF,RTFDM,2008/09,879,184,4.78
RTF,RTFDM,2009/10,607,82,7.4
RTF,RTFDM,2010/11,921,87,10.59
RTF,RTFDM,2011/12,81,106,0.76
RTF,RTFDM,2012/13,48,303,0.16
RTF,RTFDM,2013/14,0,99,0
RTF,RTFDM,2015/16,0,1897,0
RTF,RTFDM,2016/17,0,47,0
RTF,RTFDM,2017/18,0,39,0
RTF,RTFDM,2018/19,42,27,1.56
RTF,RTFDR,2008/09,3348,22834,0.15
RTF,RTFDR,2009/10,2987,25569,0.12
RTF,RTFDR,2010/11,3578,26127,0.14
RTF,RTFDR,2011/12,3621,27274,0.13
RTF,RTFDR,2012/13,4819,27815,0.17
RTF,RTFDR,2013/14,5028,23267,0.22
RTF,RTFDR,2014/15,3948,23468,0.17
RTF,RTFDR,2015/16,2680,9285,0.29
RTF,RTFDR,2016/17,2805,4153,0.68
RTF,RTFDR,2017/18,2292,4634,0.49
RTF,RTFDR,2018/19,2047,4350,0.47
RTF,RTFDR,2019/20,1962,4123,0.48
RTF,RTFDR,2020/21,1051,3107,0.34
RTF,RTFDR,2021/22,1328,3415,0.39
RTF,RTFDR,2022/23,1361,2398,0.57
RTF,RTFDR,2023/24,288,1764,0.16
RTF,RTFDU,2008/09,185,782,0.24
RTF,RTFDU,2009/10,384,929,0.41
RTF,RTFDU,2010/11,59,859,0.07
RTF,RTFDU,2011/12,689,1303,0.53
RTF,RTFDU,2012/13,216,107,2.02
RTF,RTFDU,2015/16,114,702,0.16
RTF,RTFDU,2016/17,86,1075,0.08
RTF,RTFDU,2017/18,38,1124,0.03
RTF,RTFDU,2018/19,0,1221,0
RTF,RTFDU,2019/20,3,960,0
RTF,RTFDU,2020/21,20,1212,0.02
RTF,RTFDU,2021/22,0,852,0
RTF,RTFDU,2022/23,0,1020,0
RTF,RTFDU,2023/24,8,740,0.01
RTF,RTFDX,2008/09,1417,1124,1.26
RTF,RTFDX,2009/10,1021,1782,0.57
RTF,RTFDX,2010/11,1332,1752,0.76
RTF,RTFDX,2011/12,874,990,0.88
RTF,RTFDX,2012/13,662,1146,0.58
RTF,RTFDX,2013/14,313,1734,0.18
RTF,RTFDX,2014/15,37,699,0.05
RTF,RTFDX,2015/16,287,2817,0.1
RTF,RTFDX,2016/17,151,231,0.65
RTF,RTFDX,2017/18,0,22,0
RTF,RTFDX,2018/19,30,64,0.47
RTF,RTFDX,2019/20,13,75,0.17
RTF,RTFDX,2020/21,0,56,0
RTF,RTFDX,2021/22,0,12,0
RTF,RTFDX,2022/23,37,73,0.51
RTF,RTFDX,2023/24,0,54,0
RTF,RTFED,2008/09,14441,111227,0.13
RTF,RTFED,2009/10,14001,121718,0.12
RTF,RTFED,2010/11,13069,124522,0.1
RTF,RTFED,2011/12,13024,127007,0.1
RTF,RTFED,2012/13,12513,128262,0.1
RTF,RTFED,2013/14,11772,123607,0.1
RTF,RTFED,2014/15,9978,126741,0.08
RTF,RTFED,2015/16,6431,34367,0.19
RTF,RTFED,2016/17,5278,3510,1.5
RTF,RTFED,2017/18,4355,1927,2.26
RTF,RTFED,2018/19,4408,2133,2.07
RTF,RTFED,2019/20,4384,5206,0.84
RTF,RTFED,2020/21,1943,3718,0.52
RTF,RTFED,2021/22,2912,1303,2.23
RTF,RTFED,2022/23,3005,1176,2.56
RTF,RTFED,2023/24,189,2388,0.08
RTF,RTFEF,2008/09,184,1004,0.18
RTF,RTFEF,2009/10,192,1075,0.18
RTF,RTFEF,2010/11,478,874,0.55
RTF,RTFEF,2011/12,293,833,0.35
RTF,RTFEF,2012/13,480,995,0.48
RTF,RTFEF,2013/14,420,1202,0.35
RTF,RTFEF,2014/15,252,1239,0.2
RTF,RTFEF,2015/16,228,664,0.34
RTF,RTFEF,2016/17,92,535,0.17
RTF,RTFFS,2008/09,11468,119595,0.1
RTF,RTFFS,2009/10,11628,134922,0.09
RTF,RTFFS,2010/11,11635,134190,0.09
RTF,RTFFS,2011/12,13234,140548,0.09
RTF,RTFFS,2012/13,13396,143348,0.09
RTF,RTFFS,2013/14,11604,130207,0.09
RTF,RTFFS,2014/15,8806,141820,0.06
RTF,RTFFS,2015/16,6647,47325,0.14
RTF,RTFFS,2016/17,5594,12606,0.44
RTF,RTFFS,2017/18,4291,9094,0.47
RTF,RTFFS,2018/19,4359,8642,0.5
RTF,RTFFS,2019/20,3926,9313,0.42
RTF,RTFFS,2020/21,2998,4642,0.65
RTF,RTFFS,2021/22,3733,5590,0.67
RTF,RTFFS,2022/23,3429,4988,0.69
RTF,RTFFS,2023/24,1501,6532,0.23
RTF,RTFHA,2014/15,78,782,0.1
RTF,RTFWH,2013/14,0,70,0
RTF,RTFWH,2014/15,0,35,0
RTG,K1X2Z,2023/24,1,1,1
RTG,L1P4P,2023/24,2102,36,58.39
RTG,RTG00,2008/09,0,15,0
RTG,RTG00,2009/10,0,77,0
RTG,RTG00,2010/11,0,15,0
RTG,RTG00,2011/12,3,14,0.21
RTG,RTG00,2012/13,4,88,0.05
RTG,RTG00,2013/14,9,11,0.82
RTG,RTG00,2015/16,0,0,0
RTG,RTG00,2016/17,0,7,0
RTG,RTG00,2017/18,0,68,0
RTG,RTG00,2018/19,156,6,26
RTG,RTG00,2019/20,43729,448075,0.1
RTG,RTG00,2020/21,1551,14366,0.11
RTG,RTG00,2021/22,0,18,0
RTG,RTG00,2022/23,5,117,0.04
RTG,RTG00,2023/24,426,337,1.26
RTG,RTG02,2016/17,1,0,1
RTG,RTG02,2017/18,0,0,0
RTG,RTG02,2018/19,6775,96483,0.07
RTG,RTG02,2019/20,0,849,0
RTG,RTG02,2020/21,4470,89685,0.05
RTG,RTG02,2021/22,7717,115687,0.07
RTG,RTG02,2022/23,8253,136748,0.06
RTG,RTG02,2023/24,3463,99170,0.03
RTG,RTG07,2017/18,0,0,0
RTG,RTG07,2018/19,19,0,19
RTG,RTG07,2020/21,13,0,13
RTG,RTG07,2021/22,0,0,0
RTG,RTG07,2022/23,6,0,6
RTG,RTG07,2023/24,0,0,0
RTG,RTG29,2013/14,869,22,39.5
RTG,RTG29,2014/15,319,344,0.93
RTG,RTG29,2015/16,54,1460,0.04
RTG,RTG29,2016/17,20,192,0.1
RTG,RTG29,2017/18,39,145,0.27
RTG,RTG29,2022/23,6,41,0.15
RTG,RTG50,2018/19,49,496,0.1
RTG,RTG50,2020/21,0,24,0
RTG,RTG50,2021/22,508,32,15.88
RTG,RTG50,2022/23,601,58,10.36
RTG,RTG50,2023/24,563,74,7.61
RTG,RTG54,2018/19,79,1720,0.05
RTG,RTG54,2020/21,453,148,3.06
RTG,RTG54,2021/22,127,194,0.65
RTG,RTG54,2022/23,35,157,0.22
RTG,RTG54,2023/24,9,0,9
RTG,RTGFA,2008/09,22371,158607,0.14
RTG,RTGFA,2009/10,4699,37885,0.12
RTG,RTGFA,2010/11,316,552,0.57
RTG,RTGFA,2011/12,349,576,0.61
RTG,RTGFA,2012/13,369,483,0.76
RTG,RTGFA,2013/14,1054,586,1.8
RTG,RTGFA,2014/15,159,518,0.31
RTG,RTGFA,2015/16,156,2474,0.06
RTG,RTGFA,2016/17,1611,176,9.15
RTG,RTGFA,2017/18,1240,230,5.39
RTG,RTGFA,2018/19,1058,62,17.06
RTG,RTGFA,2019/20,42,0,42
RTG,RTGFA,2020/21,1770,514,3.44
RTG,RTGFA,2021/22,1999,681,2.94
RTG,RTGFA,2022/23,2046,821,2.49
RTG,RTGFA,2023/24,1269,350,3.63
RTG,RTGFD,2008/09,91,2783,0.03
RTG,RTGFD,2009/10,90,549,0.16
RTG,RTGFG,2008/09,23982,64340,0.37
RTG,RTGFG,2009/10,45030,229347,0.2
RTG,RTGFG,2010/11,50693,271690,0.19
RTG,RTGFG,2011/12,45575,269039,0.17
RTG,RTGFG,2012/13,44988,273544,0.16
RTG,RTGFG,2013/14,50710,286289,0.18
RTG,RTGFG,2014/15,46880,297576,0.16
RTG,RTGFG,2015/16,43068,294480,0.15
RTG,RTGFG,2016/17,40188,304275,0.13
RTG,RTGFG,2017/18,36425,303107,0.12
RTG,RTGFG,2018/19,37225,303915,0.12
RTG,RTGFG,2019/20,900,16952,0.05
RTG,RTGFG,2020/21,18097,240042,0.08
RTG,RTGFG,2021/22,27919,296369,0.09
RTG,RTGFG,2022/23,30808,340599,0.09
RTG,RTGFG,2023/24,24565,237869,0.1
RTG,RTGNH,2008/09,1301,0,1301
RTG,RTGNH,2009/10,987,0,987
RTG,RTGNH,2010/11,93,0,93
RTG,RTGNH,2011/12,826,0,826
RTG,RTGNH,2012/13,55,0,55
RTG,RTGNH,2013/14,6,0,6
RTG,RTGNH,2014/15,114,0,114
RTG,V4O7T,2023/24,1042,1603,0.65
RTG,Z0A0X,2023/24,1,0,1
RTH,I8P7R,2021/22,0,833,0
RTH,I8P7R,2022/23,31,1055,0.03
RTH,I8P7R,2023/24,14,1226,0.01
RTH,RTH00,2008/09,7,4,1.75
RTH,RTH00,2009/10,114,0,114
RTH,RTH00,2010/11,381,0,381
RTH,RTH00,2011/12,218,124,1.76
RTH,RTH00,2012/13,214,343,0.62
RTH,RTH00,2013/14,2743,1143,2.4
RTH,RTH00,2014/15,2677,6736,0.4
RTH,RTH00,2015/16,24,0,24
RTH,RTH00,2016/17,0,45,0
RTH,RTH00,2017/18,0,95,0
RTH,RTH00,2018/19,0,14,0
RTH,RTH00,2020/21,7,0,7
RTH,RTH00,2021/22,0,0,0
RTH,RTH00,2022/23,2,0,2
RTH,RTH00,2023/24,0,0,0
RTH,RTH02,2008/09,16818,23844,0.71
RTH,RTH02,2009/10,26953,35835,0.75
RTH,RTH02,2010/11,28447,34498,0.82
RTH,RTH02,2011/12,27020,40425,0.67
RTH,RTH02,2012/13,25659,40592,0.63
RTH,RTH02,2013/14,27612,36922,0.75
RTH,RTH02,2014/15,29540,36810,0.8
RTH,RTH02,2015/16,29143,37867,0.77
RTH,RTH02,2016/17,29243,35134,0.83
RTH,RTH02,2017/18,25666,29124,0.88
RTH,RTH02,2018/19,23251,23708,0.98
RTH,RTH02,2019/20,22996,25552,0.9
RTH,RTH02,2020/21,18854,22546,0.84
RTH,RTH02,2021/22,22841,24269,0.94
RTH,RTH02,2022/23,22124,25521,0.87
RTH,RTH02,2023/24,15379,19331,0.8
RTH,RTH03,2010/11,0,0,0
RTH,RTH03,2011/12,8698,2384,3.65
RTH,RTH03,2012/13,25576,5528,4.63
RTH,RTH03,2013/14,27563,6205,4.44
RTH,RTH03,2014/15,31502,5475,5.75
RTH,RTH03,2015/16,29791,5879,5.07
RTH,RTH03,2016/17,25764,5881,4.38
RTH,RTH03,2017/18,23049,6392,3.61
RTH,RTH03,2018/19,20255,5288,3.83
RTH,RTH03,2019/20,18733,6835,2.74
RTH,RTH03,2020/21,11535,7387,1.56
RTH,RTH03,2021/22,17774,5277,3.37
RTH,RTH03,2022/23,17044,7070,2.41
RTH,RTH03,2023/24,10802,4743,2.28
RTH,RTH05,2008/09,2466,58226,0.04
RTH,RTH05,2009/10,2327,66014,0.04
RTH,RTH05,2010/11,1989,65820,0.03
RTH,RTH05,2011/12,1645,63225,0.03
RTH,RTH05,2012/13,1454,56627,0.03
RTH,RTH05,2013/14,990,54916,0.02
RTH,RTH05,2014/15,661,54253,0.01
RTH,RTH05,2015/16,1072,55070,0.02
RTH,RTH05,2016/17,348,48371,0.01
RTH,RTH05,2017/18,210,45846,0
RTH,RTH05,2018/19,124,44446,0
RTH,RTH05,2019/20,181,45320,0
RTH,RTH05,2020/21,79,36450,0
RTH,RTH05,2021/22,131,46124,0
RTH,RTH05,2022/23,124,50427,0
RTH,RTH05,2023/24,85,39050,0
RTH,RTH08,2008/09,49174,165126,0.3
RTH,RTH08,2009/10,36529,173833,0.21
RTH,RTH08,2010/11,35354,168901,0.21
RTH,RTH08,2011/12,33231,176630,0.19
RTH,RTH08,2012/13,34823,177011,0.2
RTH,RTH08,2013/14,36033,182265,0.2
RTH,RTH08,2014/15,36642,191965,0.19
RTH,RTH08,2015/16,38932,198758,0.2
RTH,RTH08,2016/17,36018,200223,0.18
RTH,RTH08,2017/18,33054,200145,0.17
RTH,RTH08,2018/19,32001,190379,0.17
RTH,RTH08,2019/20,29497,209122,0.14
RTH,RTH08,2020/21,16882,182228,0.09
RTH,RTH08,2021/22,25138,226578,0.11
RTH,RTH08,2022/23,25256,260405,0.1
RTH,RTH08,2023/24,17798,191732,0.09
RTH,RTH16,2008/09,0,19,0
RTH,RTH16,2009/10,0,9,0
RTH,RTH16,2011/12,0,3,0
RTH,RTH16,2012/13,0,2,0
RTH,RTH16,2013/14,56,0,56
RTH,RTH16,2014/15,361,0,361
RTH,RTH16,2016/17,0,4,0
RTH,RTH16,2018/19,0,1,0
RTH,RTH16,2020/21,0,0,0
RTH,RTH19,2008/09,0,30,0
RTH,RTH19,2009/10,0,2,0
RTH,RTH19,2016/17,0,0,0
RTH,RTH19,2017/18,0,1,0
RTH,RTH21,2015/16,0,0,0
RTH,RTH21,2016/17,0,1,0
RTH,RTH21,2017/18,0,0,0
RTH,RTH21,2020/21,0,0,0
RTH,RTH40,2013/14,0,2123,0
RTH,RTH40,2014/15,0,4970,0
RTH,RTH40,2015/16,0,4471,0
RTH,RTH40,2016/17,52,4421,0.01
RTH,RTH40,2017/18,8,3806,0
RTH,RTH40,2018/19,32,3226,0.01
RTH,RTH40,2019/20,44,3796,0.01
RTH,RTH40,2020/21,0,3811,0
RTH,RTH40,2021/22,0,2533,0
RTH,RTH40,2022/23,0,3542,0
RTH,RTH40,2023/24,0,2595,0
RTH,RTH83,2008/09,0,0,0
RTH,RTH83,2009/10,0,0,0
RTH,RTH83,2010/11,129,0,129
RTH,RTH83,2013/14,2,0,2
RTH,RTH83,2014/15,16,0,16
RTH,RTH83,2015/16,3,0,3
RTH,RTH83,2017/18,5,0,5
RTH,RTH83,2018/19,14,0,14
RTH,RTH83,2020/21,33,0,33
RTH,RTH83,2021/22,48,0,48
RTH,RTH83,2022/23,13,0,13
RTH,RTH83,2023/24,3,1,3
RTH,RTH89,2010/11,50,0,50
RTH,RTH89,2011/12,1,0,1
RTH,RTH90,2014/15,3,0,3
RTH,RTH90,2015/16,86,0,86
RTH,RTH90,2016/17,47,0,47
RTH,RTH90,2017/18,12,0,12
RTH,RTH90,2018/19,102,0,102
RTH,RTH90,2019/20,1,0,1
RTH,RTH90,2020/21,409,0,409
RTH,RTH90,2021/22,32,0,32
RTH,RTH90,2022/23,1,0,1
RTH,RTH90,2023/24,4,0,4
RTH,RTHC3,2009/10,0,0,0
RTH,RTHC3,2010/11,5,0,5
RTH,RTHC3,2011/12,6,0,6
RTH,RTHC3,2017/18,6,0,6
RTH,RTHC3,2018/19,6,0,6
RTH,RTHC4,2009/10,31,0,31
RTH,RTHC4,2011/12,10,0,10
RTH,RTHC4,2014/15,42,0,42
RTH,RTHC4,2015/16,32,0,32
RTH,RTHC4,2016/17,19,0,19
RTH,RTHC4,2017/18,1,0,1
RTH,RTHC4,2018/19,13,0,13
RTH,RTHC4,2020/21,0,0,0
RTH,RTHC4,2021/22,1,0,1
RTH,RTHC4,2022/23,7,0,7
RTH,RTHC4,2023/24,3,0,3
RTH,RTHC5,2008/09,79,0,79
RTH,RTHC5,2009/10,0,0,0
RTH,RTHC5,2010/11,0,0,0
RTH,RTHC5,2011/12,1,0,1
RTH,RTHC5,2013/14,3,0,3
RTH,RTHC5,2014/15,7,0,7
RTH,RTHC5,2015/16,9,0,9
RTH,RTHC5,2016/17,5,0,5
RTH,RTHC5,2018/19,18,0,18
RTH,RTHC5,2019/20,5,0,5
RTH,RTHC5,2020/21,8,0,8
RTH,RTHC5,2021/22,8,0,8
RTH,RTHC5,2023/24,2,0,2
RTH,RTHH1,2010/11,12,0,12
RTH,RTHH2,2014/15,4,0,4
RTH,RTHH3,2011/12,0,0,0
RTH,RTHH3,2017/18,0,0,0
RTH,RTHT1,2012/13,12,4,3
RTH,RTHT1,2014/15,1,0,1
RTH,RTHT1,2018/19,98,0,98
RTH,RTHT1,2019/20,63,0,63
RTH,RTHT1,2020/21,24,605,0.04
RTH,RTHT1,2023/24,2,0,2
RTH,W0L1D,2021/22,98,0,98
RTH,W0L1D,2022/23,32,0,32
RTH,W0L1D,2023/24,16,0,16
RTK,RTK00,2022/23,275,5534,0.05
RTK,RTK00,2023/24,39,9233,0
RTK,RTK01,2008/09,15208,123108,0.12
RTK,RTK01,2009/10,15612,136578,0.11
RTK,RTK01,2010/11,12361,149209,0.08
RTK,RTK01,2011/12,13934,148735,0.09
RTK,RTK01,2012/13,12250,144159,0.08
RTK,RTK01,2013/14,13989,136929,0.1
RTK,RTK01,2014/15,12531,146059,0.09
RTK,RTK01,2015/16,12301,132850,0.09
RTK,RTK01,2016/17,12770,136830,0.09
RTK,RTK01,2017/18,11398,131991,0.09
RTK,RTK01,2018/19,10578,130799,0.08
RTK,RTK01,2019/20,9174,148152,0.06
RTK,RTK01,2020/21,5664,122232,0.05
RTK,RTK01,2021/22,5294,142182,0.04
RTK,RTK01,2022/23,6833,141964,0.05
RTK,RTK01,2023/24,6341,90321,0.07
RTK,RTK02,2008/09,4532,153,29.62
RTK,RTK02,2009/10,4795,126,38.06
RTK,RTK02,2010/11,5005,88,56.88
RTK,RTK02,2011/12,5246,1114,4.71
RTK,RTK02,2012/13,5321,350,15.2
RTK,RTK02,2013/14,4324,427,10.13
RTK,RTK02,2014/15,4597,196,23.45
RTK,RTK02,2015/16,4252,1566,2.72
RTK,RTK02,2016/17,3911,91,42.98
RTK,RTK02,2017/18,3523,260,13.55
RTK,RTK02,2018/19,3885,111,35
RTK,RTK02,2019/20,3500,84,41.67
RTK,RTK02,2020/21,1536,202,7.6
RTK,RTK02,2021/22,5122,1110,4.61
RTK,RTK02,2022/23,4691,806,5.82
RTK,RTK02,2023/24,2553,26,98.19
RTK,RTK03,2022/23,547,828,0.66
RTK,RTK03,2023/24,0,386,0
RTK,RTK48,2010/11,133,0,133
RTK,RTK48,2011/12,186,87,2.14
RTK,RTK48,2012/13,35,0,35
RTK,RTK48,2013/14,127,0,127
RTK,RTK48,2014/15,461,0,461
RTK,RTK48,2016/17,107,0,107
RTK,RTK48,2018/19,114,3,38
RTK,RTK48,2019/20,28,0,28
RTK,RTK48,2020/21,9,15,0.6
RTK,RTK48,2021/22,159,0,159
RTK,RTK48,2022/23,27,0,27
RTK,RTK49,2010/11,63,0,63
RTK,RTK49,2011/12,33,0,33
RTK,RTK49,2012/13,19,0,19
RTK,RTK49,2013/14,91,0,91
RTK,RTK49,2014/15,266,0,266
RTK,RTK49,2015/16,1,0,1
RTK,RTK49,2016/17,29,0,29
RTK,RTK49,2017/18,4,0,4
RTK,RTK49,2018/19,22,0,22
RTK,RTK49,2019/20,66,0,66
RTK,RTK49,2020/21,264,0,264
RTK,RTK49,2021/22,202,0,202
RTK,RTK49,2022/23,1,0,1
RTK,RTK54,2021/22,0,0,0
RTK,RTK55,2014/15,8,0,8
RTK,RTK55,2015/16,0,0,0
RTK,RTK55,2016/17,6,0,6
RTK,RTK55,2018/19,0,0,0
RTK,RTK55,2019/20,0,0,0
RTK,RTK56,2010/11,0,0,0
RTK,RTK56,2011/12,839,0,839
RTK,RTK56,2012/13,715,0,715
RTK,RTK56,2013/14,271,0,271
RTK,RTK76,2021/22,112,0,112
RTK,RTK76,2022/23,1,0,1
RTP,RTP00,2008/09,8063,5767,1.4
RTP,RTP00,2009/10,12636,112167,0.11
RTP,RTP00,2010/11,177,130,1.36
RTP,RTP00,2011/12,39,5,7.8
RTP,RTP00,2012/13,3,36,0.08
RTP,RTP00,2013/14,0,105,0
RTP,RTP00,2014/15,7,196,0.04
RTP,RTP00,2015/16,47,2222,0.02
RTP,RTP00,2016/17,171,26353,0.01
RTP,RTP00,2017/18,36,9053,0
RTP,RTP00,2018/19,7,117,0.06
RTP,RTP00,2019/20,3,193,0.02
RTP,RTP00,2020/21,3,286,0.01
RTP,RTP00,2021/22,31,51,0.61
RTP,RTP00,2022/23,100,355,0.28
RTP,RTP00,2023/24,609,300,2.03
RTP,RTP02,2008/09,21,602,0.03
RTP,RTP02,2009/10,155,0,155
RTP,RTP02,2010/11,106,0,106
RTP,RTP02,2011/12,135,0,135
RTP,RTP02,2012/13,120,0,120
RTP,RTP02,2013/14,176,0,176
RTP,RTP02,2014/15,496,0,496
RTP,RTP02,2015/16,648,0,648
RTP,RTP02,2016/17,531,0,531
RTP,RTP02,2017/18,485,0,485
RTP,RTP02,2018/19,372,0,372
RTP,RTP02,2019/20,432,0,432
RTP,RTP02,2020/21,103,0,103
RTP,RTP02,2021/22,395,0,395
RTP,RTP02,2022/23,149,0,149
RTP,RTP02,2023/24,435,0,435
RTP,RTP04,2008/09,6600,133356,0.05
RTP,RTP04,2009/10,3622,36204,0.1
RTP,RTP04,2010/11,12070,155791,0.08
RTP,RTP04,2011/12,14007,170573,0.08
RTP,RTP04,2012/13,13245,180321,0.07
RTP,RTP04,2013/14,12584,182813,0.07
RTP,RTP04,2014/15,13570,194188,0.07
RTP,RTP04,2015/16,14227,206493,0.07
RTP,RTP04,2016/17,15249,194358,0.08
RTP,RTP04,2017/18,16157,211791,0.08
RTP,RTP04,2018/19,16001,212790,0.08
RTP,RTP04,2019/20,14149,231016,0.06
RTP,RTP04,2020/21,10529,181849,0.06
RTP,RTP04,2021/22,14356,218898,0.07
RTP,RTP04,2022/23,13007,253340,0.05
RTP,RTP04,2023/24,13424,189562,0.07
RTP,RTP21,2008/09,3077,206,14.94
RTP,RTP21,2009/10,448,205,2.19
RTP,RTP21,2010/11,486,444,1.09
RTP,RTP21,2016/17,1,0,1
RTP,RTP23,2017/18,11,0,11
RTP,RTP23,2018/19,67,0,67
RTP,RTP23,2019/20,1,1,1
RTP,RTP23,2020/21,8,0,8
RTP,RTP23,2021/22,34,0,34
RTP,RTP23,2022/23,44,0,44
RTP,RTP23,2023/24,15,0,15
RTP,RTP29,2020/21,185,0,185
RTP,RTP60,2020/21,490,0,490
RTP,RTP60,2021/22,68,0,68
RTP,RTP60,2022/23,59,0,59
RTP,U1P0Z,2020/21,17,0,17
RTQ,RTQ00,2011/12,22,0,22
RTQ,RTQ00,2014/15,1095,4,273.75
RTQ,RTQ00,2015/16,404,1658,0.24
RTQ,RTQ00,2016/17,1180,1351,0.87
RTQ,RTQ00,2017/18,686,0,686
RTQ,RTQ00,2018/19,1404,69,20.35
RTQ,RTQ00,2019/20,596,1,596
RTQ,RTQ00,2020/21,0,735,0
RTQ,RTQ00,2021/22,0,2,0
RTQ,RTQ00,2022/23,0,945,0
RTQ,RTQ01,2008/09,2816,5352,0.53
RTQ,RTQ01,2009/10,2248,6869,0.33
RTQ,RTQ01,2010/11,8311,5187,1.6
RTQ,RTQ01,2011/12,10730,2447,4.38
RTQ,RTQ01,2012/13,8671,4309,2.01
RTQ,RTQ01,2013/14,8327,5045,1.65
RTQ,RTQ01,2014/15,7554,6664,1.13
RTQ,RTQ01,2015/16,7092,7972,0.89
RTQ,RTQ01,2016/17,4881,7013,0.7
RTQ,RTQ01,2017/18,6002,8226,0.73
RTQ,RTQ01,2018/19,4413,9215,0.48
RTQ,RTQ01,2019/20,5507,7953,0.69
RTQ,RTQ01,2020/21,4580,6046,0.76
RTQ,RTQ01,2021/22,2553,7570,0.34
RTQ,RTQ01,2022/23,2250,6075,0.37
RTQ,RTQ02,2008/09,19,14688,0
RTQ,RTQ02,2009/10,248,22478,0.01
RTQ,RTQ02,2010/11,7269,17936,0.41
RTQ,RTQ02,2011/12,10351,17952,0.58
RTQ,RTQ02,2012/13,17308,14739,1.17
RTQ,RTQ02,2013/14,9088,26061,0.35
RTQ,RTQ02,2014/15,4236,28091,0.15
RTQ,RTQ02,2015/16,4576,20959,0.22
RTQ,RTQ02,2016/17,2487,27096,0.09
RTQ,RTQ02,2017/18,1952,24104,0.08
RTQ,RTQ02,2018/19,3106,23890,0.13
RTQ,RTQ02,2019/20,1836,21191,0.09
RTQ,RTQ02,2020/21,268,22657,0.01
RTQ,RTQ02,2021/22,3008,26419,0.11
RTQ,RTQ02,2022/23,2664,16583,0.16
RTQ,RTQ04,2019/20,0,634,0
RTQ,RTQ04,2020/21,0,376,0
RTQ,RTQ04,2021/22,0,166,0
RTQ,RTQ04,2022/23,0,703,0
RTQ,RTQ04,2023/24,0,10220,0
RTQ,RTQ05,2008/09,0,1018,0
RTQ,RTQ05,2009/10,0,1124,0
RTQ,RTQ05,2010/11,248,863,0.29
RTQ,RTQ05,2011/12,822,1444,0.57
RTQ,RTQ05,2012/13,1763,232,7.6
RTQ,RTQ05,2013/14,696,99,7.03
RTQ,RTQ05,2014/15,751,494,1.52
RTQ,RTQ05,2015/16,0,62,0
RTQ,RTQ05,2017/18,0,2072,0
RTQ,RTQ05,2022/23,0,3845,0
RTQ,RTQ11,2010/11,85,426,0.2
RTQ,RTQ11,2011/12,387,0,387
RTQ,RTQ11,2012/13,1283,0,1283
RTQ,RTQ11,2013/14,624,0,624
RTQ,RTQ11,2014/15,419,0,419
RTQ,RTQ11,2015/16,671,0,671
RTQ,RTQ12,2010/11,93,85,1.09
RTQ,RTQ13,2010/11,891,731,1.22
RTQ,RTQ13,2011/12,2028,0,2028
RTQ,RTQ13,2012/13,1644,0,1644
RTQ,RTQ13,2013/14,180,0,180
RTQ,RTQ13,2014/15,1177,44,26.75
RTQ,RTQ13,2015/16,1655,993,1.67
RTQ,RTQ13,2016/17,437,1318,0.33
RTQ,RTQ13,2017/18,14,18,0.78
RTQ,RTQ13,2018/19,184,717,0.26
RTQ,RTQ13,2019/20,664,0,664
RTQ,RTQ13,2022/23,456,348,1.31
RTQ,RTQ19,2019/20,0,446,0
RTQ,RTQ19,2020/21,0,154,0
RTQ,RTQ19,2021/22,0,221,0
RTQ,RTQ19,2022/23,0,110,0
RTQ,RTQ19,2023/24,0,5769,0
RTQ,RTQ21,2019/20,0,636,0
RTQ,RTQ21,2020/21,0,356,0
RTQ,RTQ21,2021/22,0,272,0
RTQ,RTQ21,2022/23,0,796,0
RTQ,RTQ21,2023/24,0,13712,0
RTQ,RTQ25,2019/20,0,356,0
RTQ,RTQ25,2020/21,0,146,0
RTQ,RTQ25,2021/22,0,288,0
RTQ,RTQ25,2022/23,0,217,0
RTQ,RTQ29,2019/20,0,447,0
RTQ,RTQ29,2020/21,0,698,0
RTQ,RTQ29,2021/22,0,276,0
RTQ,RTQ29,2022/23,0,387,0
RTQ,RTQ29,2023/24,0,6138,0
RTQ,RTQ32,2008/09,67,2508,0.03
RTQ,RTQ32,2009/10,420,1492,0.28
RTQ,RTQ32,2010/11,339,421,0.81
RTQ,RTQ42,2019/20,0,126,0
RTQ,RTQ42,2020/21,0,26,0
RTQ,RTQ42,2022/23,0,153,0
RTQ,RTQ42,2023/24,0,5596,0
RTQ,RTQ54,2010/11,65,367,0.18
RTQ,RTQ54,2012/13,791,0,791
RTQ,RTQ54,2018/19,55,0,55
RTQ,RTQ54,2019/20,0,959,0
RTQ,RTQ54,2022/23,0,3426,0
RTQ,RTQ57,2008/09,0,262,0
RTQ,RTQ64,2008/09,1460,6,243.33
RTQ,RTQ64,2009/10,3193,8,399.13
RTQ,RTQ64,2010/11,3024,33,91.64
RTQ,RTQ64,2011/12,3035,42,72.26
RTQ,RTQ64,2012/13,2388,10,238.8
RTQ,RTQ85,2022/23,0,434,0
RTQ,RTQ85,2023/24,0,7418,0
RTQ,RTQ87,2019/20,0,284,0
RTQ,RTQ87,2020/21,0,293,0
RTQ,RTQ87,2021/22,0,149,0
RTQ,RTQ87,2022/23,0,971,0
RTQ,RTQ87,2023/24,0,5861,0
RTQ,RTQG1,2018/19,41,0,41
RTQ,RTQG1,2019/20,545,0,545
RTQ,RTQG1,2020/21,503,0,503
RTQ,RTQG1,2022/23,82,324,0.25
RTQ,RTQHJ,2011/12,377,12699,0.03
RTQ,RTQHJ,2012/13,2070,8631,0.24
RTQ,RTQHJ,2013/14,2774,8622,0.32
RTQ,RTQHJ,2014/15,3004,6270,0.48
RTQ,RTQHJ,2015/16,687,9586,0.07
RTQ,RTQHJ,2016/17,781,6709,0.12
RTQ,RTQHJ,2017/18,1292,10057,0.13
RTQ,RTQHJ,2018/19,808,7123,0.11
RTQ,RTQHJ,2019/20,794,8627,0.09
RTQ,RTQHJ,2020/21,673,4200,0.16
RTQ,RTQHM,2011/12,2738,649,4.22
RTQ,RTQHM,2012/13,1607,0,1607
RTQ,RTQHM,2013/14,655,0,655
RTQ,RTQHM,2014/15,45,0,45
RTQ,RTQHM,2015/16,3506,1764,1.99
RTQ,RTQHM,2016/17,1165,503,2.32
RTQ,RTQHM,2018/19,221,1,221
RTQ,RTQHM,2019/20,419,0,419
RTQ,RTQHM,2020/21,1604,179,8.96
RTR,RTR00,2008/09,4,29,0.14
RTR,RTR00,2011/12,30,0,30
RTR,RTR00,2012/13,310,0,310
RTR,RTR00,2013/14,542,0,542
RTR,RTR00,2014/15,498,9,55.33
RTR,RTR00,2015/16,158,5,31.6
RTR,RTR00,2016/17,403,13,31
RTR,RTR00,2018/19,16,0,16
RTR,RTR00,2019/20,26,0,26
RTR,RTR00,2020/21,2,0,2
RTR,RTR00,2021/22,3,0,3
RTR,RTR00,2022/23,3,0,3
RTR,RTR00,2023/24,205,3,68.33
RTR,RTR03,2011/12,315,2803,0.11
RTR,RTR03,2012/13,9,2495,0
RTR,RTR03,2013/14,445,999,0.45
RTR,RTR03,2014/15,960,348,2.76
RTR,RTR03,2015/16,623,939,0.66
RTR,RTR03,2016/17,533,276,1.93
RTR,RTR03,2017/18,492,256,1.92
RTR,RTR03,2018/19,82,289,0.28
RTR,RTR03,2019/20,202,471,0.43
RTR,RTR03,2020/21,122,147,0.83
RTR,RTR03,2021/22,123,351,0.35
RTR,RTR03,2022/23,165,249,0.66
RTR,RTR03,2023/24,52,82,0.63
RTR,RTR07,2011/12,2975,1915,1.55
RTR,RTR07,2012/13,2706,1638,1.65
RTR,RTR07,2013/14,1803,1409,1.28
RTR,RTR07,2014/15,1958,1358,1.44
RTR,RTR07,2015/16,2326,1171,1.99
RTR,RTR07,2016/17,2625,894,2.94
RTR,RTR07,2017/18,2305,1243,1.85
RTR,RTR07,2018/19,1772,787,2.25
RTR,RTR07,2019/20,2427,841,2.89
RTR,RTR07,2020/21,1066,117,9.11
RTR,RTR07,2021/22,751,199,3.77
RTR,RTR07,2022/23,0,2,0
RTR,RTR07,2023/24,0,125,0
RTR,RTR12,2008/09,66758,191373,0.35
RTR,RTR12,2009/10,66835,209830,0.32
RTR,RTR12,2010/11,1720,13882,0.12
RTR,RTR18,2011/12,5748,1150,5
RTR,RTR18,2012/13,1208,2227,0.54
RTR,RTR18,2013/14,774,750,1.03
RTR,RTR18,2014/15,488,1612,0.3
RTR,RTR18,2015/16,179,1410,0.13
RTR,RTR18,2016/17,236,704,0.34
RTR,RTR18,2017/18,164,301,0.54
RTR,RTR18,2018/19,192,522,0.37
RTR,RTR18,2019/20,129,175,0.74
RTR,RTR18,2020/21,79,6,13.17
RTR,RTR18,2021/22,25,15,1.67
RTR,RTR18,2022/23,268,0,268
RTR,RTR18,2023/24,59,0,59
RTR,RTR27,2011/12,184,1205,0.15
RTR,RTR27,2012/13,0,682,0
RTR,RTR27,2013/14,108,345,0.31
RTR,RTR27,2014/15,187,194,0.96
RTR,RTR28,2008/09,7832,33991,0.23
RTR,RTR28,2009/10,8416,33482,0.25
RTR,RTR28,2010/11,93,701,0.13
RTR,RTR28,2011/12,3560,837,4.25
RTR,RTR28,2012/13,1550,209,7.42
RTR,RTR28,2013/14,971,59,16.46
RTR,RTR28,2014/15,800,151,5.3
RTR,RTR28,2015/16,44,396,0.11
RTR,RTR45,2008/09,0,6,0
RTR,RTR45,2010/11,8531,33271,0.26
RTR,RTR45,2011/12,8234,34537,0.24
RTR,RTR45,2012/13,7714,36314,0.21
RTR,RTR45,2013/14,7189,36737,0.2
RTR,RTR45,2014/15,7462,36966,0.2
RTR,RTR45,2015/16,8292,32791,0.25
RTR,RTR45,2016/17,7246,34171,0.21
RTR,RTR45,2017/18,6976,33013,0.21
RTR,RTR45,2018/19,6608,30989,0.21
RTR,RTR45,2019/20,4925,20091,0.25
RTR,RTR45,2020/21,2293,13810,0.17
RTR,RTR45,2021/22,4838,19129,0.25
RTR,RTR45,2022/23,4369,25111,0.17
RTR,RTR45,2023/24,2964,17373,0.17
RTR,RTRAQ,2011/12,764,880,0.87
RTR,RTRAQ,2012/13,0,351,0
RTR,RTRAQ,2013/14,0,277,0
RTR,RTRAQ,2014/15,36,188,0.19
RTR,RTRAQ,2015/16,83,593,0.14
RTR,RTRAT,2010/11,61670,199852,0.31
RTR,RTRAT,2011/12,58538,209124,0.28
RTR,RTRAT,2012/13,55793,223289,0.25
RTR,RTRAT,2013/14,56420,238881,0.24
RTR,RTRAT,2014/15,59623,245215,0.24
RTR,RTRAT,2015/16,53511,227807,0.23
RTR,RTRAT,2016/17,49112,231500,0.21
RTR,RTRAT,2017/18,49918,228999,0.22
RTR,RTRAT,2018/19,48832,222509,0.22
RTR,RTRAT,2019/20,45526,233735,0.19
RTR,RTRAT,2020/21,27568,185006,0.15
RTR,RTRAT,2021/22,37369,226737,0.16
RTR,RTRAT,2022/23,39355,250679,0.16
RTR,RTRAT,2023/24,31446,188119,0.17
RTR,RTRDA,2018/19,937,0,937
RTR,RTRDA,2019/20,1443,0,1443
RTR,RTRDA,2020/21,854,0,854
RTR,RTRDA,2021/22,438,0,438
RTR,RTRDA,2022/23,403,0,403
RTR,RTRDA,2023/24,338,0,338
RTR,RTRHP,2013/14,1,0,1
RTR,RTRHP,2014/15,0,0,0
RTR,RTRNT,2013/14,0,0,0
RTR,RTRNT,2014/15,3,13,0.23
RTR,RTRNT,2015/16,0,0,0
RTR,RTRNT,2016/17,4,0,4
RTR,RTRNT,2017/18,8,0,8
RTR,RTRNT,2018/19,5,0,5
RTR,RTRNT,2019/20,0,0,0
RTR,RTRNT,2020/21,2,0,2
RTR,RTRNT,2021/22,5,0,5
RTR,RTRNT,2022/23,18,4,4.5
RTR,RTRNT,2023/24,5,0,5
RTV,RTV00,2008/09,56,837,0.07
RTV,RTV00,2009/10,0,2467,0
RTV,RTV00,2010/11,0,3876,0
RTV,RTV00,2011/12,0,4648,0
RTV,RTV00,2012/13,0,3162,0
RTV,RTV00,2013/14,865,1735,0.5
RTV,RTV00,2014/15,695,2071,0.34
RTV,RTV00,2015/16,653,1828,0.36
RTV,RTV00,2016/17,493,6781,0.07
RTV,RTV00,2017/18,1319,12156,0.11
RTV,RTV00,2018/19,1499,10567,0.14
RTV,RTV00,2019/20,921,13644,0.07
RTV,RTV00,2020/21,817,8838,0.09
RTV,RTV00,2021/22,0,2777,0
RTV,RTV14,2008/09,0,8529,0
RTV,RTV14,2009/10,0,12639,0
RTV,RTV14,2010/11,0,12844,0
RTV,RTV14,2011/12,0,14160,0
RTV,RTV14,2012/13,0,13851,0
RTV,RTV14,2013/14,35,11866,0
RTV,RTV14,2014/15,0,10081,0
RTV,RTV14,2015/16,0,11439,0
RTV,RTV14,2016/17,0,6876,0
RTV,RTV1F,2016/17,41,4304,0.01
RTV,RTV1F,2017/18,77,124,0.62
RTV,RTV33,2008/09,63,11317,0.01
RTV,RTV33,2009/10,102,18704,0.01
RTV,RTV33,2010/11,118,25233,0
RTV,RTV33,2011/12,0,20219,0
RTV,RTV33,2012/13,43,31662,0
RTV,RTV33,2013/14,1268,24484,0.05
RTV,RTV33,2014/15,202,24291,0.01
RTV,RTV33,2015/16,1643,27386,0.06
RTV,RTV33,2016/17,552,23388,0.02
RTV,RTV33,2017/18,2119,8663,0.24
RTV,RTV33,2018/19,2799,7865,0.36
RTV,RTV33,2019/20,7188,7554,0.95
RTV,RTV33,2020/21,8840,6799,1.3
RTV,RTV33,2021/22,1280,574,2.23
RTV,RTV47,2008/09,0,9,0
RTV,RTV47,2009/10,286,0,286
RTV,RTV51,2008/09,0,11848,0
RTV,RTV51,2009/10,0,13438,0
RTV,RTV51,2010/11,78,13282,0.01
RTV,RTV51,2011/12,0,12733,0
RTV,RTV51,2012/13,0,15615,0
RTV,RTV51,2013/14,117,17662,0.01
RTV,RTV51,2014/15,0,17602,0
RTV,RTV51,2015/16,0,14406,0
RTV,RTV51,2016/17,34,14545,0
RTV,RTV51,2017/18,0,1083,0
RTV,RTV68,2008/09,0,6632,0
RTV,RTV68,2009/10,0,9971,0
RTV,RTV68,2010/11,0,10824,0
RTV,RTV68,2011/12,0,12929,0
RTV,RTV68,2012/13,0,9260,0
RTV,RTV68,2013/14,0,11604,0
RTV,RTV68,2014/15,0,9760,0
RTV,RTV68,2015/16,0,8549,0
RTV,RTV68,2016/17,138,9414,0.01
RTV,RTV68,2017/18,222,7725,0.03
RTV,RTV68,2018/19,215,6211,0.03
RTV,RTV68,2019/20,99,9654,0.01
RTV,RTV68,2020/21,0,10554,0
RTV,RTV68,2021/22,0,1896,0
RTV,RTV70,2008/09,0,4624,0
RTV,RTV70,2009/10,18,5304,0
RTV,RTV70,2010/11,0,5640,0
RTV,RTV70,2011/12,0,2460,0
RTV,RTV70,2012/13,0,345,0
RTV,RTV90,2008/09,108,21500,0.01
RTV,RTV90,2009/10,24,30163,0
RTV,RTV90,2010/11,0,23797,0
RTV,RTV90,2011/12,7,28289,0
RTV,RTV90,2012/13,0,24282,0
RTV,RTV90,2013/14,61,25638,0
RTV,RTV90,2014/15,86,26978,0
RTV,RTV90,2015/16,57,32076,0
RTV,RTV90,2016/17,53,16896,0
RTV,RTVC3,2008/09,0,725,0
RTV,RTVC3,2009/10,0,754,0
RTV,RTVL5,2016/17,1451,420,3.45
RTV,RTVL5,2017/18,460,491,0.94
RTV,RTVL5,2018/19,614,1587,0.39
RTV,RTVM2,2016/17,25,802,0.03
RTV,RTVM2,2017/18,1847,15090,0.12
RTV,RTVM2,2018/19,1720,16445,0.1
RTV,RTVM2,2019/20,1827,16988,0.11
RTV,RTVM2,2020/21,1862,12690,0.15
RTV,RTVM2,2021/22,82,2402,0.03
RTX,P9X1T,2022/23,543,0,543
RTX,P9X1T,2023/24,1706,25,68.24
RTX,RTX00,2010/11,0,677,0
RTX,RTX00,2011/12,0,292,0
RTX,RTX00,2012/13,0,133,0
RTX,RTX00,2013/14,0,0,0
RTX,RTX00,2014/15,0,1,0
RTX,RTX00,2023/24,1,0,1
RTX,RTX02,2008/09,15334,108223,0.14
RTX,RTX02,2009/10,17261,132177,0.13
RTX,RTX02,2010/11,15331,119251,0.13
RTX,RTX02,2011/12,13503,118737,0.11
RTX,RTX02,2012/13,12782,115038,0.11
RTX,RTX02,2013/14,10570,112770,0.09
RTX,RTX02,2014/15,9965,116357,0.09
RTX,RTX02,2015/16,11005,116588,0.09
RTX,RTX02,2016/17,10091,114240,0.09
RTX,RTX02,2017/18,8781,109517,0.08
RTX,RTX02,2018/19,8225,111081,0.07
RTX,RTX02,2019/20,7649,109084,0.07
RTX,RTX02,2020/21,3416,99599,0.03
RTX,RTX02,2021/22,5946,110364,0.05
RTX,RTX02,2022/23,6003,117463,0.05
RTX,RTX02,2023/24,4991,83342,0.06
RTX,RTXBU,2008/09,11188,73246,0.15
RTX,RTXBU,2009/10,10615,79462,0.13
RTX,RTXBU,2010/11,10142,77934,0.13
RTX,RTXBU,2011/12,9186,74694,0.12
RTX,RTXBU,2012/13,9292,78562,0.12
RTX,RTXBU,2013/14,7603,68736,0.11
RTX,RTXBU,2014/15,7071,72381,0.1
RTX,RTXBU,2015/16,6446,71283,0.09
RTX,RTXBU,2016/17,6858,72572,0.09
RTX,RTXBU,2017/18,6350,73123,0.09
RTX,RTXBU,2018/19,6204,68077,0.09
RTX,RTXBU,2019/20,5887,72648,0.08
RTX,RTXBU,2020/21,2572,63991,0.04
RTX,RTXBU,2021/22,4680,77462,0.06
RTX,RTXBU,2022/23,5207,85080,0.06
RTX,RTXBU,2023/24,4211,62924,0.07
RTX,RTXBW,2008/09,5833,11886,0.49
RTX,RTXBW,2009/10,5407,5655,0.96
RTX,RTXBW,2010/11,5056,294,17.2
RTX,RTXBW,2011/12,4119,35,117.69
RTX,RTXBW,2012/13,4052,17,238.35
RTX,RTXBW,2013/14,4103,41,100.07
RTX,RTXBW,2014/15,3798,62,61.26
RTX,RTXBW,2015/16,3582,87,41.17
RTX,RTXBW,2016/17,3313,27,122.7
RTX,RTXBW,2017/18,3659,12,304.92
RTX,RTXBW,2018/19,3698,7,528.29
RTX,RTXBW,2019/20,2735,104,26.3
RTX,RTXBW,2020/21,1560,60,26
RTX,RTXBW,2021/22,2350,48,48.96
RTX,RTXBW,2022/23,1698,2,849
RTX,RTXBW,2023/24,176,3,58.67
RTX,RTXF1,2018/19,3105,1064,2.92
RTX,RTXF1,2019/20,2685,799,3.36
RTX,RTXF1,2020/21,199,346,0.58
RTX,RTXF1,2021/22,0,247,0
RTX,RTXF1,2022/23,0,360,0
RTX,RTXF1,2023/24,0,61,0
RTX,RTXM1,2018/19,117,626,0.19
RTX,RTXM1,2019/20,50,738,0.07
RTX,RTXM1,2020/21,7,372,0.02
RTX,RTXM1,2021/22,30,230,0.13
RTX,RTXM1,2022/23,11,455,0.02
RTX,RTXM1,2023/24,74,357,0.21
RTX,RTXW1,2018/19,2035,3841,0.53
RTX,RTXW1,2019/20,674,3726,0.18
RTX,RTXW1,2020/21,109,264,0.41
RTX,RTXW2,2018/19,76,1038,0.07
RTX,RTXW2,2019/20,189,1361,0.14
RV3,RV300,2013/14,8930,12451,0.72
RV3,RV300,2014/15,3380,5545,0.61
RV3,RV300,2015/16,422,2164,0.2
RV3,RV300,2016/17,5897,998,5.91
RV3,RV300,2017/18,4664,1198,3.89
RV3,RV300,2018/19,7308,0,7308
RV3,RV300,2019/20,7882,85,92.73
RV3,RV300,2020/21,5861,0,5861
RV3,RV300,2021/22,6636,6,1106
RV3,RV300,2022/23,6835,568,12.03
RV3,RV300,2023/24,7590,3809,1.99
RV3,RV304,2013/14,684,0,684
RV3,RV311,2008/09,995,2400,0.41
RV3,RV311,2009/10,1020,5646,0.18
RV3,RV311,2010/11,994,5421,0.18
RV3,RV311,2011/12,226,2806,0.08
RV3,RV311,2012/13,0,748,0
RV3,RV312,2010/11,14,0,14
RV3,RV312,2011/12,11339,15382,0.74
RV3,RV312,2012/13,21215,22884,0.93
RV3,RV312,2013/14,17023,21517,0.79
RV3,RV312,2014/15,19677,25058,0.79
RV3,RV312,2015/16,22441,31468,0.71
RV3,RV312,2016/17,13633,24819,0.55
RV3,RV312,2017/18,17028,25154,0.68
RV3,RV312,2018/19,7020,11754,0.6
RV3,RV312,2019/20,13418,27467,0.49
RV3,RV312,2020/21,8594,23335,0.37
RV3,RV312,2021/22,11487,23089,0.5
RV3,RV312,2022/23,12063,24269,0.5
RV3,RV312,2023/24,9405,23202,0.41
RV3,RV314,2008/09,3767,16875,0.22
RV3,RV314,2009/10,3125,27166,0.12
RV3,RV314,2010/11,3188,23474,0.14
RV3,RV314,2011/12,252,971,0.26
RV3,RV314,2013/14,518,0,518
RV3,RV314,2014/15,539,0,539
RV3,RV314,2015/16,3272,50,65.44
RV3,RV314,2016/17,313,0,313
RV3,RV314,2018/19,2128,2512,0.85
RV3,RV314,2019/20,1094,3914,0.28
RV3,RV314,2021/22,1113,0,1113
RV3,RV318,2009/10,328,641,0.51
RV3,RV318,2010/11,0,67,0
RV3,RV320,2010/11,2598,3914,0.66
RV3,RV320,2011/12,21811,16837,1.3
RV3,RV320,2012/13,19979,17562,1.14
RV3,RV320,2013/14,19691,14768,1.33
RV3,RV320,2014/15,16725,18429,0.91
RV3,RV320,2015/16,16691,20762,0.8
RV3,RV320,2016/17,31056,19645,1.58
RV3,RV320,2017/18,21058,19378,1.09
RV3,RV320,2018/19,7092,9143,0.78
RV3,RV320,2019/20,9813,31441,0.31
RV3,RV320,2020/21,1666,34861,0.05
RV3,RV320,2021/22,694,34459,0.02
RV3,RV320,2022/23,115,35303,0
RV3,RV320,2023/24,189,32863,0.01
RV3,RV329,2012/13,135,0,135
RV3,RV329,2013/14,483,0,483
RV3,RV329,2014/15,711,0,711
RV3,RV329,2015/16,1774,0,1774
RV3,RV329,2016/17,1068,1304,0.82
RV3,RV329,2017/18,4043,0,4043
RV3,RV329,2018/19,1539,189,8.14
RV3,RV329,2019/20,4241,0,4241
RV3,RV329,2020/21,4182,0,4182
RV3,RV329,2022/23,5091,0,5091
RV3,RV330,2008/09,1284,282,4.55
RV3,RV330,2009/10,2001,0,2001
RV3,RV330,2010/11,925,901,1.03
RV3,RV330,2011/12,761,910,0.84
RV3,RV330,2012/13,1674,1456,1.15
RV3,RV330,2013/14,2839,1827,1.55
RV3,RV330,2014/15,4295,193,22.25
RV3,RV330,2015/16,4093,109,37.55
RV3,RV330,2018/19,174,0,174
RV3,RV330,2019/20,3125,0,3125
RV3,RV330,2020/21,3772,0,3772
RV3,RV330,2021/22,3311,0,3311
RV3,RV330,2022/23,1618,0,1618
RV3,RV330,2023/24,1702,0,1702
RV3,RV332,2008/09,31,6280,0
RV3,RV332,2009/10,57,10519,0.01
RV3,RV332,2010/11,0,2695,0
RV3,RV332,2011/12,3764,7846,0.48
RV3,RV332,2012/13,3381,2107,1.6
RV3,RV332,2013/14,4621,1601,2.89
RV3,RV332,2014/15,4330,1459,2.97
RV3,RV332,2015/16,2140,782,2.74
RV3,RV332,2016/17,1394,771,1.81
RV3,RV332,2018/19,2931,1011,2.9
RV3,RV332,2019/20,4695,5231,0.9
RV3,RV332,2020/21,116,6925,0.02
RV3,RV332,2021/22,425,4870,0.09
RV3,RV332,2022/23,69,5455,0.01
RV3,RV332,2023/24,1154,7332,0.16
RV3,RV333,2008/09,1179,1298,0.91
RV3,RV333,2009/10,1192,1325,0.9
RV3,RV333,2010/11,747,4540,0.16
RV3,RV346,2008/09,79,5888,0.01
RV3,RV346,2009/10,401,3987,0.1
RV3,RV346,2010/11,344,1580,0.22
RV3,RV346,2011/12,7310,17620,0.41
RV3,RV346,2012/13,12427,25116,0.49
RV3,RV346,2013/14,18940,14116,1.34
RV3,RV346,2014/15,19344,10480,1.85
RV3,RV346,2015/16,19490,10984,1.77
RV3,RV346,2016/17,15867,14578,1.09
RV3,RV346,2017/18,14026,12774,1.1
RV3,RV346,2018/19,14385,11507,1.25
RV3,RV346,2019/20,2083,17240,0.12
RV3,RV346,2020/21,1330,4416,0.3
RV3,RV346,2021/22,2722,479,5.68
RV3,RV347,2008/09,1940,52,37.31
RV3,RV347,2009/10,2319,366,6.34
RV3,RV347,2010/11,792,35,22.63
RV3,RV347,2011/12,1453,825,1.76
RV3,RV347,2012/13,2218,1233,1.8
RV3,RV347,2013/14,4243,130,32.64
RV3,RV347,2014/15,4298,0,4298
RV3,RV347,2015/16,4853,213,22.78
RV3,RV347,2018/19,959,0,959
RV3,RV347,2019/20,4152,69,60.17
RV3,RV347,2020/21,3342,187,17.87
RV3,RV347,2021/22,4178,185,22.58
RV3,RV347,2022/23,3505,182,19.26
RV3,RV347,2023/24,3695,343,10.77
RV3,RV350,2008/09,6363,16132,0.39
RV3,RV350,2009/10,6335,13527,0.47
RV3,RV350,2010/11,291,1835,0.16
RV3,RV351,2008/09,3,0,3
RV3,RV351,2009/10,821,0,821
RV3,RV351,2010/11,2434,0,2434
RV3,RV351,2011/12,451,0,451
RV3,RV351,2012/13,1124,0,1124
RV3,RV351,2013/14,889,0,889
RV3,RV351,2014/15,4086,0,4086
RV3,RV351,2015/16,3918,1871,2.09
RV3,RV351,2016/17,7055,1187,5.94
RV3,RV351,2017/18,8764,0,8764
RV3,RV351,2018/19,1289,0,1289
RV3,RV351,2019/20,10083,1118,9.02
RV3,RV351,2020/21,12800,3021,4.24
RV3,RV351,2021/22,20119,2760,7.29
RV3,RV351,2022/23,21971,3208,6.85
RV3,RV351,2023/24,25421,0,25421
RV3,RV352,2008/09,529,0,529
RV3,RV352,2010/11,107,0,107
RV3,RV355,2013/14,222,0,222
RV3,RV355,2014/15,550,0,550
RV3,RV355,2015/16,580,4370,0.13
RV3,RV355,2017/18,0,743,0
RV3,RV355,2019/20,1942,0,1942
RV3,RV355,2020/21,6002,0,6002
RV3,RV355,2021/22,7083,0,7083
RV3,RV355,2022/23,3824,0,3824
RV3,RV355,2023/24,5162,0,5162
RV3,RV357,2018/19,5583,2460,2.27
RV3,RV357,2019/20,2730,0,2730
RV3,RV357,2020/21,2930,3469,0.84
RV3,RV357,2021/22,6105,0,6105
RV3,RV357,2022/23,8627,0,8627
RV3,RV357,2023/24,3669,0,3669
RV3,RV383,2008/09,3337,13064,0.26
RV3,RV383,2009/10,250,806,0.31
RV3,RV383,2010/11,41,244,0.17
RV3,RV383,2011/12,11993,10782,1.11
RV3,RV383,2012/13,10278,18330,0.56
RV3,RV383,2013/14,10810,16676,0.65
RV3,RV383,2014/15,17447,14525,1.2
RV3,RV383,2015/16,18327,9688,1.89
RV3,RV383,2016/17,18786,13616,1.38
RV3,RV383,2017/18,19987,12330,1.62
RV3,RV383,2018/19,5671,5767,0.98
RV3,RV383,2019/20,5035,20560,0.24
RV3,RV383,2020/21,820,18599,0.04
RV3,RV383,2021/22,50,20313,0
RV3,RV383,2022/23,307,22350,0.01
RV3,RV383,2023/24,40,15259,0
RV3,RV391,2011/12,278,68,4.09
RV3,RV391,2012/13,682,0,682
RV3,RV391,2013/14,234,0,234
RV3,RV391,2015/16,4000,0,4000
RV3,RV391,2016/17,14545,1964,7.41
RV3,RV396,2011/12,1792,0,1792
RV3,RV396,2012/13,2075,0,2075
RV3,RV396,2013/14,813,0,813
RV3,RV396,2014/15,531,0,531
RV3,RV396,2015/16,3379,0,3379
RV3,RV396,2016/17,1643,0,1643
RV3,RV396,2017/18,752,0,752
RV3,RV396,2018/19,978,0,978
RV3,RV396,2019/20,6694,0,6694
RV3,RV396,2020/21,3477,44,79.02
RV3,RV396,2021/22,5459,0,5459
RV3,RV396,2022/23,5277,0,5277
RV3,RV396,2023/24,3642,0,3642
RV3,RV397,2016/17,5012,132,37.97
RV3,RV397,2017/18,4109,0,4109
RV3,RV3AN,2008/09,5244,11379,0.46
RV3,RV3AN,2009/10,1852,4602,0.4
RV3,RV3AN,2010/11,1114,1963,0.57
RV3,RV3AN,2011/12,18482,16739,1.1
RV3,RV3AN,2012/13,18386,9862,1.86
RV3,RV3AN,2013/14,19212,9624,2
RV3,RV3AN,2014/15,17707,9742,1.82
RV3,RV3AN,2015/16,22764,10559,2.16
RV3,RV3AN,2016/17,12585,10664,1.18
RV3,RV3AN,2017/18,16661,10615,1.57
RV3,RV3AN,2018/19,4562,3511,1.3
RV3,RV3AN,2019/20,6594,16607,0.4
RV3,RV3AN,2020/21,490,17148,0.03
RV3,RV3AN,2021/22,181,16892,0.01
RV3,RV3AN,2022/23,67,22249,0
RV3,RV3AN,2023/24,1412,17488,0.08
RV3,RV3AX,2008/09,23,0,23
RV3,RV3AX,2009/10,180,0,180
RV3,RV3AX,2011/12,265,0,265
RV3,RV3AX,2012/13,624,0,624
RV3,RV3AX,2013/14,584,0,584
RV3,RV3AX,2014/15,74,0,74
RV3,RV3AX,2015/16,1325,457,2.9
RV3,RV3AX,2016/17,90,0,90
RV3,RV3AX,2017/18,928,0,928
RV3,RV3AX,2019/20,2264,0,2264
RV3,RV3AX,2020/21,7094,0,7094
RV3,RV3AX,2021/22,2902,0,2902
RV3,RV3AX,2022/23,6315,0,6315
RV3,RV3AX,2023/24,6079,0,6079
RV3,RV3CA,2008/09,235,10,23.5
RV3,RV3CA,2009/10,1865,0,1865
RV3,RV3CA,2011/12,7710,0,7710
RV3,RV3CA,2012/13,4008,0,4008
RV3,RV3CA,2013/14,6933,0,6933
RV3,RV3CA,2014/15,5607,0,5607
RV3,RV3CA,2015/16,9337,226,41.31
RV3,RV3CA,2016/17,941,0,941
RV3,RV3CA,2017/18,1900,0,1900
RV3,RV3CA,2018/19,1078,0,1078
RV3,RV3CA,2019/20,2740,308,8.9
RV3,RV3CA,2020/21,6125,0,6125
RV3,RV3CA,2021/22,2635,1357,1.94
RV3,RV3CA,2022/23,3874,849,4.56
RV3,RV3CA,2023/24,2388,0,2388
RV3,RV3CV,2011/12,2675,0,2675
RV3,RV3CV,2012/13,3907,141,27.71
RV3,RV3CV,2013/14,4567,0,4567
RV3,RV3CV,2014/15,3034,0,3034
RV3,RV3CV,2015/16,4046,215,18.82
RV3,RV3CX,2016/17,2937,109,26.94
RV3,RV3CX,2017/18,2920,0,2920
RV3,RV3DY,2019/20,0,23,0
RV3,RV3DY,2021/22,6,33,0.18
RV3,RV3DY,2022/23,8,24,0.33
RV3,RV3DY,2023/24,0,9,0
RV3,RV3E5,2016/17,6441,633,10.18
RV3,RV3E5,2017/18,6840,300,22.8
RV3,RV3E8,2016/17,1179,91,12.96
RV3,RV3HA,2014/15,2322,1377,1.69
RV3,RV3HA,2015/16,2601,2461,1.06
RV3,RV3HA,2016/17,2399,5779,0.42
RV3,RV3HA,2017/18,165,3605,0.05
RV3,RV3HA,2018/19,0,4810,0
RV3,RV3HA,2019/20,35,6057,0.01
RV3,RV3HA,2020/21,140,3955,0.04
RV3,RV3HA,2021/22,0,4178,0
RV3,RV3HA,2022/23,0,4015,0
RV3,RV3HA,2023/24,0,3471,0
RV3,RV3HD,2014/15,813,6416,0.13
RV3,RV3HD,2015/16,645,8106,0.08
RV3,RV3HD,2016/17,0,11698,0
RV3,RV3HD,2017/18,0,11136,0
RV3,RV3HD,2018/19,11,15560,0
RV3,RV3HD,2019/20,30,14254,0
RV3,RV3HD,2020/21,16,14074,0
RV3,RV3HD,2021/22,0,12460,0
RV3,RV3HD,2022/23,0,13818,0
RV3,RV3HD,2023/24,0,7983,0
RV3,RV3JF,2018/19,0,245,0
RV3,RV3JF,2019/20,0,724,0
RV3,RV3JF,2020/21,0,441,0
RV3,RV3JF,2021/22,853,0,853
RV3,RV3JF,2022/23,0,181,0
RV5,RV504,2008/09,51554,65404,0.79
RV5,RV504,2009/10,46606,65880,0.71
RV5,RV504,2010/11,173418,110243,1.57
RV5,RV504,2011/12,187689,105557,1.78
RV5,RV504,2012/13,169923,100329,1.69
RV5,RV504,2013/14,175842,106702,1.65
RV5,RV504,2014/15,174297,92855,1.88
RV5,RV504,2015/16,195030,69018,2.83
RV5,RV504,2016/17,178372,61762,2.89
RV5,RV504,2017/18,193768,52547,3.69
RV5,RV504,2018/19,168528,61847,2.72
RV5,RV504,2019/20,585,267,2.19
RV7,RV700,2008/09,20,139,0.14
RV7,RV700,2009/10,65,741,0.09
RV7,RV702,2008/09,0,460,0
RV7,RV703,2008/09,9,1201,0.01
RV7,RV74D,2008/09,865,0,865
RV7,RV74D,2009/10,1241,0,1241
RV7,RV74J,2008/09,791,0,791
RV7,RV74J,2009/10,1206,0,1206
RV7,RV76F,2008/09,210,3652,0.06
RV7,RV76F,2009/10,0,3971,0
RV7,RV76F,2010/11,0,62,0
RV7,RV76J,2008/09,414,15,27.6
RV7,RV76J,2009/10,275,0,275
RV7,RV76K,2008/09,354,8922,0.04
RV7,RV76K,2009/10,0,11208,0
RV7,RV76K,2010/11,0,195,0
RV7,RV76M,2008/09,173,8248,0.02
RV7,RV76M,2009/10,362,12480,0.03
RV7,RV76M,2010/11,62,74,0.84
RV7,RV76P,2009/10,137,0,137
RV7,RV77A,2008/09,677,5954,0.11
RV7,RV77A,2009/10,423,8129,0.05
RV7,RV77A,2010/11,42,200,0.21
RV7,RV77D,2008/09,245,2611,0.09
RV7,RV77D,2009/10,1351,2494,0.54
RV7,RV77D,2010/11,0,60,0
RV7,RV79E,2008/09,80,259,0.31
RV8,RV800,2008/09,1,14,0.07
RV8,RV800,2009/10,0,3,0
RV8,RV800,2010/11,0,5,0
RV8,RV800,2011/12,0,0,0
RV8,RV820,2008/09,17770,118359,0.15
RV8,RV820,2009/10,12840,127804,0.1
RV8,RV820,2010/11,11497,129429,0.09
RV8,RV820,2011/12,18898,142669,0.13
RV8,RV820,2012/13,17751,158474,0.11
RV8,RV820,2013/14,16205,164722,0.1
RV8,RV820,2014/15,18161,191168,0.1
RV8,RV831,2008/09,4790,51349,0.09
RV8,RV831,2009/10,4134,56169,0.07
RV8,RV831,2010/11,4170,52677,0.08
RV8,RV831,2011/12,3989,46476,0.09
RV8,RV831,2012/13,3635,42424,0.09
RV8,RV831,2013/14,3935,48861,0.08
RV8,RV831,2014/15,4026,25128,0.16
RV8,RV841,2008/09,2083,23,90.57
RV8,RV841,2009/10,2011,12,167.58
RV8,RV841,2010/11,1768,52,34
RV8,RV841,2011/12,1489,7,212.71
RV8,RV841,2012/13,1599,11,145.36
RV8,RV841,2013/14,1714,3,571.33
RV8,RV841,2014/15,1677,15,111.8
RV8,RV8M2,2008/09,7790,4755,1.64
RV8,RV8M2,2009/10,8251,6904,1.2
RV8,RV8M2,2010/11,9205,7655,1.2
RV8,RV8M2,2011/12,10503,6240,1.68
RV8,RV8M2,2012/13,11065,5623,1.97
RV8,RV8M2,2013/14,11408,6927,1.65
RV8,RV8M2,2014/15,10151,5353,1.9
RV9,A9K5Q,2021/22,0,218,0
RV9,A9K5Q,2022/23,6,1345,0
RV9,A9K5Q,2023/24,101,889,0.11
RV9,RV900,2013/14,22,61,0.36
RV9,RV900,2015/16,4141,0,4141
RV9,RV900,2016/17,4755,0,4755
RV9,RV900,2019/20,0,760,0
RV9,RV900,2020/21,0,0,0
RV9,RV900,2022/23,0,1821,0
RV9,RV903,2017/18,6836,233,29.34
RV9,RV904,2011/12,1923,140,13.74
RV9,RV90D,2019/20,65,41,1.59
RV9,RV90D,2020/21,950,331,2.87
RV9,RV90D,2021/22,1714,733,2.34
RV9,RV90D,2022/23,1774,931,1.91
RV9,RV90D,2023/24,1035,311,3.33
RV9,RV912,2008/09,0,768,0
RV9,RV912,2009/10,0,819,0
RV9,RV912,2010/11,0,896,0
RV9,RV912,2011/12,0,1015,0
RV9,RV912,2012/13,24,210,0.11
RV9,RV912,2013/14,0,13,0
RV9,RV913,2011/12,3255,141,23.09
RV9,RV913,2012/13,2511,443,5.67
RV9,RV913,2013/14,1291,491,2.63
RV9,RV915,2008/09,0,1493,0
RV9,RV915,2009/10,0,2593,0
RV9,RV915,2010/11,378,4101,0.09
RV9,RV915,2011/12,679,2457,0.28
RV9,RV915,2012/13,0,6047,0
RV9,RV915,2013/14,0,2612,0
RV9,RV915,2014/15,0,1523,0
RV9,RV917,2011/12,2751,109,25.24
RV9,RV917,2012/13,833,89,9.36
RV9,RV91T,2018/19,37,3595,0.01
RV9,RV91T,2019/20,4803,1100,4.37
RV9,RV91T,2020/21,4270,138,30.94
RV9,RV91T,2021/22,4345,20,217.25
RV9,RV91T,2022/23,6483,92,70.47
RV9,RV91T,2023/24,4830,0,4830
RV9,RV91W,2015/16,0,101,0
RV9,RV91W,2016/17,0,6138,0
RV9,RV924,2011/12,3427,253,13.55
RV9,RV924,2012/13,2744,152,18.05
RV9,RV924,2013/14,611,22,27.77
RV9,RV926,2013/14,0,263,0
RV9,RV926,2014/15,875,917,0.95
RV9,RV928,2008/09,0,2845,0
RV9,RV928,2009/10,0,5202,0
RV9,RV928,2010/11,233,4221,0.06
RV9,RV928,2011/12,1189,5010,0.24
RV9,RV928,2012/13,1114,4008,0.28
RV9,RV928,2013/14,1625,1456,1.12
RV9,RV928,2014/15,2538,732,3.47
RV9,RV928,2015/16,2826,0,2826
RV9,RV928,2016/17,3391,0,3391
RV9,RV932,2011/12,0,407,0
RV9,RV932,2012/13,0,108,0
RV9,RV933,2008/09,0,21,0
RV9,RV933,2009/10,0,10,0
RV9,RV933,2010/11,53,143,0.37
RV9,RV933,2011/12,69,494,0.14
RV9,RV933,2012/13,57,907,0.06
RV9,RV933,2013/14,428,2251,0.19
RV9,RV933,2014/15,0,3392,0
RV9,RV933,2015/16,0,4120,0
RV9,RV933,2016/17,11,2769,0
RV9,RV933,2017/18,268,1534,0.17
RV9,RV933,2019/20,0,1343,0
RV9,RV933,2020/21,0,1506,0
RV9,RV934,2008/09,0,258,0
RV9,RV934,2009/10,0,8,0
RV9,RV934,2010/11,0,687,0
RV9,RV934,2011/12,0,68,0
RV9,RV934,2012/13,0,248,0
RV9,RV934,2013/14,51,671,0.08
RV9,RV934,2014/15,0,1742,0
RV9,RV934,2015/16,41,3684,0.01
RV9,RV934,2016/17,209,3844,0.05
RV9,RV934,2017/18,0,1980,0
RV9,RV936,2008/09,635,0,635
RV9,RV936,2009/10,502,0,502
RV9,RV936,2010/11,2238,0,2238
RV9,RV936,2011/12,7102,1402,5.07
RV9,RV936,2012/13,3240,2382,1.36
RV9,RV936,2013/14,4691,2441,1.92
RV9,RV936,2014/15,3627,1894,1.91
RV9,RV936,2015/16,5241,8518,0.62
RV9,RV936,2016/17,93,3066,0.03
RV9,RV936,2017/18,8583,10046,0.85
RV9,RV936,2018/19,6106,4031,1.51
RV9,RV936,2019/20,3861,4607,0.84
RV9,RV936,2020/21,7672,2127,3.61
RV9,RV936,2021/22,3971,0,3971
RV9,RV936,2022/23,8687,0,8687
RV9,RV936,2023/24,10360,0,10360
RV9,RV938,2008/09,0,2443,0
RV9,RV938,2009/10,0,3968,0
RV9,RV938,2010/11,7,4172,0
RV9,RV938,2011/12,297,4900,0.06
RV9,RV938,2012/13,689,2873,0.24
RV9,RV938,2013/14,2211,1124,1.97
RV9,RV938,2014/15,2082,912,2.28
RV9,RV938,2015/16,2976,1184,2.51
RV9,RV938,2016/17,2293,1553,1.48
RV9,RV938,2017/18,3089,1110,2.78
RV9,RV938,2018/19,449,2257,0.2
RV9,RV938,2019/20,1226,4016,0.31
RV9,RV938,2020/21,136,3475,0.04
RV9,RV938,2021/22,178,1582,0.11
RV9,RV938,2022/23,586,2980,0.2
RV9,RV938,2023/24,117,2377,0.05
RV9,RV941,2008/09,0,1,0
RV9,RV941,2009/10,78,34,2.29
RV9,RV941,2010/11,79,452,0.17
RV9,RV941,2011/12,569,79,7.2
RV9,RV941,2012/13,1971,434,4.54
RV9,RV941,2013/14,14,610,0.02
RV9,RV941,2014/15,768,217,3.54
RV9,RV941,2015/16,896,6674,0.13
RV9,RV941,2016/17,0,1734,0
RV9,RV941,2017/18,0,1556,0
RV9,RV941,2018/19,0,1860,0
RV9,RV941,2019/20,424,165,2.57
RV9,RV941,2020/21,786,1028,0.76
RV9,RV941,2021/22,607,0,607
RV9,RV942,2008/09,1281,2343,0.55
RV9,RV942,2009/10,4346,880,4.94
RV9,RV942,2010/11,6644,305,21.78
RV9,RV942,2011/12,7438,0,7438
RV9,RV942,2012/13,11561,126,91.75
RV9,RV942,2013/14,9129,16,570.56
RV9,RV942,2014/15,7169,2554,2.81
RV9,RV942,2015/16,2755,3405,0.81
RV9,RV942,2016/17,1529,5505,0.28
RV9,RV942,2017/18,181,3388,0.05
RV9,RV942,2018/19,0,3257,0
RV9,RV942,2019/20,0,3205,0
RV9,RV942,2020/21,309,1041,0.3
RV9,RV942,2021/22,64,2972,0.02
RV9,RV942,2022/23,0,2589,0
RV9,RV942,2023/24,0,1779,0
RV9,RV944,2008/09,899,1494,0.6
RV9,RV944,2009/10,91,462,0.2
RV9,RV945,2008/09,0,10843,0
RV9,RV945,2009/10,0,19609,0
RV9,RV945,2010/11,0,19394,0
RV9,RV945,2011/12,311,24090,0.01
RV9,RV945,2012/13,2662,20056,0.13
RV9,RV945,2013/14,3568,17000,0.21
RV9,RV945,2014/15,2885,17698,0.16
RV9,RV945,2015/16,49,15444,0
RV9,RV945,2016/17,328,18933,0.02
RV9,RV945,2017/18,573,11400,0.05
RV9,RV945,2018/19,0,3802,0
RV9,RV945,2019/20,0,1986,0
RV9,RV945,2023/24,0,12,0
RV9,RV946,2008/09,53,0,53
RV9,RV946,2009/10,156,0,156
RV9,RV946,2010/11,605,0,605
RV9,RV946,2013/14,1522,0,1522
RV9,RV946,2014/15,1939,0,1939
RV9,RV946,2015/16,1657,0,1657
RV9,RV946,2021/22,4554,0,4554
RV9,RV946,2022/23,1720,0,1720
RV9,RV946,2023/24,1404,0,1404
RV9,RV980,2008/09,0,169,0
RV9,RV980,2009/10,0,446,0
RV9,RV980,2010/11,16,1121,0.01
RV9,RV980,2011/12,877,568,1.54
RV9,RV980,2013/14,220,365,0.6
RV9,RV980,2014/15,854,384,2.22
RV9,RV980,2015/16,135,1999,0.07
RV9,RV980,2016/17,292,3147,0.09
RV9,RV9A2,2017/18,129,594,0.22
RV9,RV9A2,2018/19,302,1233,0.24
RV9,RV9A2,2019/20,61,1789,0.03
RV9,RV9A2,2020/21,275,943,0.29
RV9,RV9A2,2021/22,35,924,0.04
RV9,RV9A2,2022/23,72,2044,0.04
RV9,RV9A2,2023/24,79,944,0.08
RV9,RV9AC,2013/14,1091,0,1091
RV9,RV9AH,2017/18,387,8373,0.05
RV9,RV9AH,2018/19,1195,14846,0.08
RV9,RV9AH,2019/20,1065,14457,0.07
RV9,RV9AH,2020/21,197,10747,0.02
RV9,RV9AH,2021/22,108,11309,0.01
RV9,RV9AH,2022/23,0,17028,0
RV9,RV9AH,2023/24,0,12219,0
RV9,RV9AJ,2017/18,54,1994,0.03
RV9,RV9AJ,2018/19,3,2379,0
RV9,RV9AJ,2019/20,0,3145,0
RV9,RV9AJ,2020/21,0,2312,0
RV9,RV9AJ,2021/22,195,2761,0.07
RV9,RV9AJ,2022/23,158,1837,0.09
RV9,RV9AJ,2023/24,242,2966,0.08
RV9,RV9AL,2017/18,1,1172,0
RV9,RV9AL,2018/19,0,2503,0
RV9,RV9AL,2019/20,45,2911,0.02
RV9,RV9AL,2020/21,38,3495,0.01
RV9,RV9AL,2021/22,0,3704,0
RV9,RV9AL,2022/23,0,2049,0
RV9,RV9AL,2023/24,169,4352,0.04
RV9,RV9GA,2017/18,76,1235,0.06
RV9,RV9GA,2018/19,133,2321,0.06
RV9,RV9GA,2019/20,45,1433,0.03
RV9,RV9GA,2020/21,0,1669,0
RV9,RV9GA,2021/22,0,1985,0
RV9,RV9GA,2022/23,216,2685,0.08
RV9,RV9GA,2023/24,0,3165,0
RV9,RV9GF,2014/15,2626,0,2626
RV9,RV9HE,2013/14,2131,0,2131
RV9,RV9HE,2014/15,5669,0,5669
RV9,RV9HE,2015/16,6294,0,6294
RV9,RV9HE,2016/17,6258,0,6258
RV9,RV9LA,2016/17,0,119,0
RV9,RV9LA,2017/18,34,0,34
RV9,RV9LA,2018/19,0,116,0
RV9,RV9LA,2020/21,0,2,0
RV9,RV9LA,2021/22,0,154,0
RV9,RV9LA,2023/24,318,0,318
RV9,RV9LT,2012/13,0,81,0
RV9,RV9LT,2013/14,141,464,0.3
RV9,RV9LT,2014/15,225,1477,0.15
RV9,RV9LT,2015/16,518,558,0.93
RV9,RV9LT,2016/17,81,1508,0.05
RV9,RV9LT,2017/18,1165,2013,0.58
RV9,RV9LT,2018/19,258,758,0.34
RV9,RV9LT,2019/20,0,484,0
RV9,RV9LT,2020/21,921,401,2.3
RV9,RV9LT,2021/22,78,327,0.24
RV9,RV9LT,2022/23,0,606,0
RV9,RV9LT,2023/24,0,367,0
RV9,RV9LV,2012/13,0,440,0
RV9,RV9LV,2013/14,114,1570,0.07
RV9,RV9LV,2014/15,71,477,0.15
RV9,RV9LV,2015/16,493,2031,0.24
RV9,RV9LV,2016/17,467,641,0.73
RV9,RV9LV,2017/18,907,662,1.37
RV9,RV9LV,2018/19,754,2811,0.27
RV9,RV9LV,2019/20,470,1175,0.4
RV9,RV9LV,2020/21,0,1530,0
RV9,RV9LV,2021/22,0,1150,0
RV9,RV9LV,2022/23,0,146,0
RV9,RV9LV,2023/24,0,1402,0
RV9,RV9WA,2013/14,699,0,699
RV9,RV9WA,2014/15,3050,0,3050
RV9,RV9WA,2015/16,3456,0,3456
RV9,RV9WA,2016/17,3601,0,3601
RV9,RV9WC,2018/19,6252,344,18.17
RV9,RV9WC,2019/20,6655,37,179.86
RV9,RV9WC,2020/21,3725,69,53.99
RV9,RV9WC,2021/22,4022,71,56.65
RV9,RV9WC,2022/23,5259,156,33.71
RV9,RV9WC,2023/24,3892,14,278
RVJ,RVJ00,2008/09,33,4,8.25
RVJ,RVJ00,2009/10,12,12,1
RVJ,RVJ00,2010/11,1,119,0.01
RVJ,RVJ00,2011/12,1868,12664,0.15
RVJ,RVJ00,2012/13,110,6479,0.02
RVJ,RVJ00,2013/14,14,991,0.01
RVJ,RVJ00,2014/15,100,221,0.45
RVJ,RVJ00,2015/16,1107,2049,0.54
RVJ,RVJ00,2016/17,2,0,2
RVJ,RVJ00,2018/19,0,1,0
RVJ,RVJ01,2008/09,48396,85170,0.57
RVJ,RVJ01,2009/10,43088,93025,0.46
RVJ,RVJ01,2010/11,40500,85617,0.47
RVJ,RVJ01,2011/12,33773,41040,0.82
RVJ,RVJ01,2012/13,29420,32635,0.9
RVJ,RVJ01,2013/14,29119,35609,0.82
RVJ,RVJ01,2014/15,35340,206343,0.17
RVJ,RVJ01,2015/16,44672,254938,0.18
RVJ,RVJ01,2016/17,43678,275052,0.16
RVJ,RVJ01,2017/18,41864,284487,0.15
RVJ,RVJ01,2018/19,40521,280471,0.14
RVJ,RVJ01,2019/20,38688,287721,0.13
RVJ,RVJ01,2020/21,24627,234223,0.11
RVJ,RVJ01,2021/22,31743,280517,0.11
RVJ,RVJ01,2022/23,37724,310448,0.12
RVJ,RVJ01,2023/24,26342,213158,0.12
RVJ,RVJ05,2011/12,1,268,0
RVJ,RVJ05,2012/13,0,564,0
RVJ,RVJ05,2013/14,56,516,0.11
RVJ,RVJ06,2012/13,1,0,1
RVJ,RVJ09,2011/12,25,0,25
RVJ,RVJ12,2015/16,0,1,0
RVJ,RVJ15,2012/13,50,0,50
RVJ,RVJ15,2013/14,64,0,64
RVJ,RVJ16,2013/14,28,0,28
RVJ,RVJ16,2014/15,119,0,119
RVJ,RVJ16,2015/16,212,0,212
RVJ,RVJ17,2011/12,101,0,101
RVJ,RVJ17,2012/13,1182,0,1182
RVJ,RVJ17,2013/14,1700,0,1700
RVJ,RVJ17,2014/15,2185,1,2185
RVJ,RVJ17,2015/16,968,0,968
RVJ,RVJ20,2008/09,25485,160880,0.16
RVJ,RVJ20,2009/10,27233,186699,0.15
RVJ,RVJ20,2010/11,26569,175909,0.15
RVJ,RVJ20,2011/12,21835,211235,0.1
RVJ,RVJ20,2012/13,19812,229535,0.09
RVJ,RVJ20,2013/14,19443,231629,0.08
RVJ,RVJ20,2014/15,3620,49637,0.07
RVJ,RVJ20,2022/23,0,74,0
RVJ,RVJ21,2012/13,0,1,0
RVJ,RVJ21,2013/14,0,9,0
RVJ,RVJ21,2014/15,0,12,0
RVJ,RVJ21,2015/16,0,14,0
RVJ,RVJ21,2016/17,0,1,0
RVJ,RVJ21,2017/18,0,3,0
RVJ,RVJ21,2018/19,1,0,1
RVJ,RVJ21,2019/20,0,0,0
RVJ,RVJ21,2020/21,0,1,0
RVJ,RVJ21,2021/22,0,0,0
RVJ,RVJ37,2017/18,0,0,0
RVJ,RVJ38,2017/18,0,0,0
RVJ,RVJ61,2011/12,95,446,0.21
RVJ,RVJ61,2012/13,456,1246,0.37
RVJ,RVJ61,2013/14,411,1698,0.24
RVJ,RVJ61,2014/15,1400,1673,0.84
RVJ,RVJ61,2015/16,1021,709,1.44
RVJ,RVJ74,2015/16,1168,0,1168
RVJ,RVJ74,2016/17,1984,2,992
RVJ,RVJ74,2017/18,1007,9,111.89
RVJ,RVJ74,2018/19,260,0,260
RVJ,RVJ74,2019/20,35,0,35
RVJ,RVJ74,2020/21,37,1,37
RVJ,RVJ74,2021/22,127,0,127
RVJ,RVJ74,2022/23,16,0,16
RVJ,RVJ75,2015/16,75,0,75
RVJ,RVJ75,2016/17,142,0,142
RVJ,RVJ75,2017/18,26,0,26
RVJ,RVJ75,2018/19,3,0,3
RVJ,RVJ75,2019/20,129,0,129
RVJ,RVJ75,2020/21,303,7,43.29
RVJ,RVJJ8,2020/21,6,0,6
RVJ,RVJJ8,2021/22,21,0,21
RVJ,RVJJ8,2022/23,18,0,18
RVJ,RVJV3,2013/14,1,59,0.02
RVJ,RVJV4,2014/15,30,0,30
RVJ,RVJV4,2015/16,37,0,37
RVJ,RVJV4,2016/17,16,3,5.33
RVJ,RVJV4,2017/18,13,0,13
RVJ,RVJV6,2013/14,1,0,1
RVJ,RVJV7,2013/14,90,0,90
RVJ,RVJV7,2014/15,308,0,308
RVJ,RVJV7,2015/16,252,0,252
RVJ,RVJV8,2017/18,0,0,0
RVJ13,RVJ13,2016/17,56,0,56
RVJ13,RVJ13,2017/18,27,0,27
RVJ13,RVJ13,2020/21,182,0,182
RVJ13,RVJ13,2021/22,25,0,25
RVL,RVL00,2008/09,433,1783,0.24
RVL,RVL00,2009/10,0,262,0
RVL,RVL00,2010/11,150,1075,0.14
RVL,RVL00,2011/12,81,205,0.4
RVL,RVL00,2012/13,0,244,0
RVL,RVL00,2013/14,12,229,0.05
RVL,RVL00,2014/15,11,834,0.01
RVL,RVL00,2015/16,2,397,0.01
RVL,RVL01,2008/09,9563,114818,0.08
RVL,RVL01,2009/10,10037,123451,0.08
RVL,RVL01,2010/11,9107,120666,0.08
RVL,RVL01,2011/12,9188,114255,0.08
RVL,RVL01,2012/13,5843,111951,0.05
RVL,RVL01,2013/14,5669,114955,0.05
RVL,RVL01,2014/15,4339,150654,0.03
RVL,RVL01,2015/16,4156,138421,0.03
RVL,RVL01,2016/17,2,347,0.01
RVL,RVL02,2015/16,3,0,3
RVL,RVL07,2008/09,86,0,86
RVL,RVL07,2009/10,25,0,25
RVL,RVL07,2010/11,17,0,17
RVL,RVL07,2011/12,8,0,8
RVL,RVL07,2012/13,18,0,18
RVL,RVL07,2013/14,22,0,22
RVL,RVL07,2015/16,6,0,6
RVL,RVLC7,2008/09,12967,108235,0.12
RVL,RVLC7,2009/10,12752,116675,0.11
RVL,RVLC7,2010/11,14604,110718,0.13
RVL,RVLC7,2011/12,11637,107463,0.11
RVL,RVLC7,2012/13,10752,98428,0.11
RVL,RVLC7,2013/14,9974,71724,0.14
RVL,RVLC7,2014/15,9832,3593,2.74
RVL,RVLC7,2015/16,8624,8586,1
RVL,RVLC7,2016/17,5,0,5
RVN,RVN00,2008/09,66596,32689,2.04
RVN,RVN00,2009/10,119036,63050,1.89
RVN,RVN00,2010/11,108607,64919,1.67
RVN,RVN00,2011/12,105055,57985,1.81
RVN,RVN00,2012/13,90826,53789,1.69
RVN,RVN00,2013/14,73044,62348,1.17
RVN,RVN00,2014/15,76179,76058,1
RVN,RVN00,2015/16,74465,70279,1.06
RVN,RVN00,2016/17,95510,66160,1.44
RVN,RVN00,2017/18,80781,60695,1.33
RVN,RVN00,2018/19,25752,13398,1.92
RVN,RVN00,2019/20,11968,4231,2.83
RVN,RVN00,2020/21,9901,1342,7.38
RVN,RVN00,2021/22,8604,2104,4.09
RVN,RVN00,2022/23,4592,0,4592
RVN,RVN00,2023/24,9187,0,9187
RVN,RVN2A,2018/19,109,2527,0.04
RVN,RVN2A,2019/20,105,3236,0.03
RVN,RVN2A,2020/21,200,1423,0.14
RVN,RVN2A,2021/22,240,0,240
RVN,RVN2A,2022/23,3235,1304,2.48
RVN,RVN2A,2023/24,4590,2703,1.7
RVN,RVN2B,2018/19,2570,125,20.56
RVN,RVN2B,2019/20,2882,284,10.15
RVN,RVN2B,2020/21,629,0,629
RVN,RVN3N,2018/19,5713,3806,1.5
RVN,RVN3N,2019/20,7339,6238,1.18
RVN,RVN3N,2020/21,10643,8539,1.25
RVN,RVN3N,2021/22,10971,9012,1.22
RVN,RVN3N,2022/23,7935,6529,1.22
RVN,RVN3N,2023/24,4174,3907,1.07
RVN,RVN3Q,2018/19,11319,522,21.68
RVN,RVN3Q,2019/20,12403,576,21.53
RVN,RVN3Q,2020/21,11206,564,19.87
RVN,RVN3Q,2021/22,11109,471,23.59
RVN,RVN3Q,2022/23,12281,471,26.07
RVN,RVN3Q,2023/24,12070,1527,7.9
RVN,RVN4B,2018/19,3638,6182,0.59
RVN,RVN4B,2019/20,3190,8127,0.39
RVN,RVN4B,2020/21,2798,4368,0.64
RVN,RVN4B,2021/22,5549,4150,1.34
RVN,RVN4B,2022/23,7012,3902,1.8
RVN,RVN4B,2023/24,4367,4638,0.94
RVN,RVN4M,2018/19,322,16,20.13
RVN,RVN4M,2019/20,735,70,10.5
RVN,RVN4M,2020/21,702,0,702
RVN,RVN4M,2022/23,0,159,0
RVN,RVN5J,2018/19,1567,194,8.08
RVN,RVN5J,2019/20,668,0,668
RVN,RVN5J,2020/21,1111,0,1111
RVN,RVN5J,2021/22,1024,0,1024
RVN,RVN5J,2022/23,831,0,831
RVN,RVN5J,2023/24,740,207,3.57
RVN,RVN6A,2018/19,840,4154,0.2
RVN,RVN6A,2019/20,1849,7065,0.26
RVN,RVN6A,2020/21,1456,6878,0.21
RVN,RVN6A,2021/22,2300,6904,0.33
RVN,RVN6A,2022/23,4567,4716,0.97
RVN,RVN6A,2023/24,2176,4269,0.51
RVN,RVN8A,2018/19,2288,4768,0.48
RVN,RVN8A,2019/20,3678,4965,0.74
RVN,RVN8A,2020/21,3039,2470,1.23
RVN,RVN8A,2021/22,3061,3538,0.87
RVN,RVN8A,2022/23,2871,2834,1.01
RVN,RVN8A,2023/24,3559,1747,2.04
RVN,RVN9A,2018/19,9186,6650,1.38
RVN,RVN9A,2019/20,11575,4704,2.46
RVN,RVN9A,2020/21,9117,2555,3.57
RVN,RVN9A,2021/22,8629,5156,1.67
RVN,RVN9A,2022/23,12948,6472,2
RVN,RVN9A,2023/24,9552,4204,2.27
RVN,RVNCE,2018/19,5094,1122,4.54
RVN,RVNCE,2019/20,7499,761,9.85
RVN,RVNCE,2020/21,5314,362,14.68
RVN,RVNCE,2021/22,4815,94,51.22
RVN,RVNCE,2022/23,2731,384,7.11
RVN,RVNCE,2023/24,5163,212,24.35
RVN,RVNEQ,2018/19,7184,11213,0.64
RVN,RVNEQ,2019/20,7232,14900,0.49
RVN,RVNEQ,2020/21,5881,6420,0.92
RVN,RVNEQ,2021/22,5093,6988,0.73
RVN,RVNEQ,2022/23,13629,15278,0.89
RVN,RVNEQ,2023/24,9916,15694,0.63
RVR,RVR00,2008/09,1729,7608,0.23
RVR,RVR00,2009/10,63,532,0.12
RVR,RVR00,2010/11,0,4,0
RVR,RVR00,2011/12,0,12,0
RVR,RVR00,2012/13,0,1,0
RVR,RVR00,2016/17,22,0,22
RVR,RVR00,2020/21,25,90,0.28
RVR,RVR00,2021/22,7,29,0.24
RVR,RVR00,2022/23,0,13,0
RVR,RVR00,2023/24,6,71,0.08
RVR,RVR04,2011/12,0,0,0
RVR,RVR05,2008/09,6822,111435,0.06
RVR,RVR05,2009/10,4063,38240,0.11
RVR,RVR05,2010/11,3009,36573,0.08
RVR,RVR05,2011/12,6963,116147,0.06
RVR,RVR05,2012/13,5722,111703,0.05
RVR,RVR05,2013/14,5287,121445,0.04
RVR,RVR05,2014/15,5175,123655,0.04
RVR,RVR05,2015/16,6451,121209,0.05
RVR,RVR05,2016/17,8521,120617,0.07
RVR,RVR05,2017/18,7147,124075,0.06
RVR,RVR05,2018/19,7501,119412,0.06
RVR,RVR05,2019/20,7696,120027,0.06
RVR,RVR05,2020/21,4846,99230,0.05
RVR,RVR05,2021/22,5093,111474,0.05
RVR,RVR05,2022/23,4726,123443,0.04
RVR,RVR05,2023/24,3023,89177,0.03
RVR,RVR06,2008/09,11,0,11
RVR,RVR06,2009/10,13,0,13
RVR,RVR06,2010/11,7,0,7
RVR,RVR06,2011/12,16,15,1.07
RVR,RVR06,2012/13,30,0,30
RVR,RVR06,2013/14,1,31,0.03
RVR,RVR06,2014/15,0,27,0
RVR,RVR06,2015/16,0,0,0
RVR,RVR50,2008/09,9078,62089,0.15
RVR,RVR50,2009/10,6359,63788,0.1
RVR,RVR50,2010/11,4805,66545,0.07
RVR,RVR50,2011/12,7039,65379,0.11
RVR,RVR50,2012/13,8050,66006,0.12
RVR,RVR50,2013/14,7117,65422,0.11
RVR,RVR50,2014/15,6608,71442,0.09
RVR,RVR50,2015/16,7001,76033,0.09
RVR,RVR50,2016/17,6623,76459,0.09
RVR,RVR50,2017/18,6694,78440,0.09
RVR,RVR50,2018/19,7155,77408,0.09
RVR,RVR50,2019/20,6829,69958,0.1
RVR,RVR50,2020/21,2480,49639,0.05
RVR,RVR50,2021/22,6026,56810,0.11
RVR,RVR50,2022/23,5660,62630,0.09
RVR,RVR50,2023/24,5716,46139,0.12
RVR,RVRC3,2014/15,283,0,283
RVR,RVRC3,2015/16,238,0,238
RVR,RVRC3,2016/17,255,0,255
RVR,RVRC3,2017/18,8,0,8
RVR,RVRC3,2020/21,536,0,536
RVR,RVRC3,2021/22,216,0,216
RVR,RVRC3,2022/23,95,0,95
RVR,RVRD5,2021/22,2,0,2
RVR,RVRD9,2020/21,150,0,150
RVR,RVRJ4,2015/16,0,0,0
RVR,RVRJ4,2016/17,0,0,0
RVR,RVRJ5,2013/14,32,0,32
RVR,RVRJ5,2014/15,19,0,19
RVR,RVRJ6,2014/15,160,0,160
RVR,RVRJ6,2015/16,68,0,68
RVR,RVRJ6,2016/17,224,0,224
RVR,RVRJ6,2017/18,1,0,1
RVR,RVRJ6,2018/19,1,0,1
RVR,RVRJ6,2020/21,917,0,917
RVR,RVRJ6,2021/22,10,0,10
RVR,RVRK4,2014/15,38,0,38
RVR,RVRK4,2020/21,0,0,0
RVR,RVRP3,2020/21,87,1191,0.07
RVR,RVRTC,2008/09,15050,22,684.09
RVR,RVRTC,2009/10,10080,25,403.2
RVR,RVRTC,2010/11,10141,11,921.91
RVR,RVRTC,2011/12,16740,18,930
RVR,RVRTC,2012/13,16639,21,792.33
RVR,RVRTC,2013/14,17446,0,17446
RVR,RVRTC,2014/15,17520,92,190.43
RVRTC,RVRTC,2015/16,17205,25,688.2
RVRTC,RVRTC,2016/17,16323,5,3264.6
RVRTC,RVRTC,2017/18,15084,42,359.14
RVRTC,RVRTC,2018/19,13844,24,576.83
RVRTC,RVRTC,2019/20,11552,3,3850.67
RVRTC,RVRTC,2020/21,4700,0,4700
RVRTC,RVRTC,2021/22,9005,1,9005
RVRTC,RVRTC,2022/23,9064,3,3021.33
RVRTC,RVRTC,2023/24,5253,8,656.63
RVV,C9C1M,2021/22,28,0,28
RVV,Q9U4Y,2021/22,73,0,73
RVV,Q9U4Y,2022/23,69,0,69
RVV,RVV00,2008/09,56,0,56
RVV,RVV00,2009/10,41,0,41
RVV,RVV00,2010/11,32,0,32
RVV,RVV00,2011/12,8,0,8
RVV,RVV00,2021/22,34,0,34
RVV,RVV00,2022/23,37,0,37
RVV,RVV01,2008/09,16217,112492,0.14
RVV,RVV01,2009/10,16821,122480,0.14
RVV,RVV01,2010/11,16020,123998,0.13
RVV,RVV01,2011/12,15297,120592,0.13
RVV,RVV01,2012/13,15743,123000,0.13
RVV,RVV01,2013/14,14992,126005,0.12
RVV,RVV01,2014/15,14165,123505,0.11
RVV,RVV01,2015/16,14811,122112,0.12
RVV,RVV01,2016/17,14785,135217,0.11
RVV,RVV01,2017/18,12831,144705,0.09
RVV,RVV01,2018/19,13585,162220,0.08
RVV,RVV01,2019/20,10185,176815,0.06
RVV,RVV01,2020/21,4950,144316,0.03
RVV,RVV01,2021/22,5498,161912,0.03
RVV,RVV01,2022/23,12303,177822,0.07
RVV,RVV01,2023/24,7390,138957,0.05
RVV,RVV02,2008/09,956,168,5.69
RVV,RVV02,2009/10,3,66,0.05
RVV,RVV02,2010/11,18,37,0.49
RVV,RVV02,2011/12,4,140,0.03
RVV,RVV02,2012/13,2,160,0.01
RVV,RVV02,2013/14,1,15,0.07
RVV,RVV02,2014/15,3,33,0.09
RVV,RVV02,2015/16,1,23,0.04
RVV,RVV02,2016/17,0,3,0
RVV,RVV02,2017/18,0,0,0
RVV,RVV02,2018/19,60,146,0.41
RVV,RVV02,2019/20,48,185,0.26
RVV,RVV02,2020/21,143,0,143
RVV,RVV02,2021/22,7,2,3.5
RVV,RVV02,2022/23,27,7,3.86
RVV,RVV02,2023/24,0,0,0
RVV,RVV03,2008/09,390,0,390
RVV,RVV03,2009/10,19,0,19
RVV,RVV03,2010/11,62,0,62
RVV,RVV03,2011/12,159,0,159
RVV,RVV03,2012/13,80,0,80
RVV,RVV03,2013/14,3,0,3
RVV,RVV03,2014/15,54,0,54
RVV,RVV03,2015/16,66,0,66
RVV,RVV03,2016/17,36,0,36
RVV,RVV03,2017/18,45,0,45
RVV,RVV03,2018/19,138,0,138
RVV,RVV03,2019/20,111,7,15.86
RVV,RVV03,2020/21,66,55,1.2
RVV,RVV03,2021/22,158,16,9.88
RVV,RVV03,2022/23,45,0,45
RVV,RVV05,2008/09,10,0,10
RVV,RVV05,2010/11,19,0,19
RVV,RVV05,2011/12,1,0,1
RVV,RVV09,2008/09,12874,97462,0.13
RVV,RVV09,2009/10,12801,101032,0.13
RVV,RVV09,2010/11,12757,105192,0.12
RVV,RVV09,2011/12,12298,98906,0.12
RVV,RVV09,2012/13,13617,95674,0.14
RVV,RVV09,2013/14,12266,97082,0.13
RVV,RVV09,2014/15,11871,99758,0.12
RVV,RVV09,2015/16,12143,105472,0.12
RVV,RVV09,2016/17,12204,110709,0.11
RVV,RVV09,2017/18,11318,124008,0.09
RVV,RVV09,2018/19,11893,138358,0.09
RVV,RVV09,2019/20,9638,146407,0.07
RVV,RVV09,2020/21,4418,100897,0.04
RVV,RVV09,2021/22,5650,120669,0.05
RVV,RVV09,2022/23,7247,136523,0.05
RVV,RVV09,2023/24,4768,102578,0.05
RVV,RVV10,2011/12,2,0,2
RVV,RVV10,2015/16,0,0,0
RVV,RVV10,2017/18,6,0,6
RVV,RVV10,2018/19,0,0,0
RVV,RVV10,2019/20,0,0,0
RVV,RVV10,2020/21,0,0,0
RVV,RVV10,2021/22,1,2,0.5
RVV,RVV10,2022/23,1,0,1
RVV,RVV33,2022/23,0,0,0
RVV,RVV68,2010/11,79,0,79
RVV,RVV69,2008/09,1,0,1
RVV,RVV69,2009/10,204,0,204
RVV,RVV69,2010/11,158,0,158
RVV,RVV71,2013/14,186,0,186
RVV,RVV71,2014/15,116,0,116
RVV,RVV84,2008/09,53,0,53
RVV,RVV84,2009/10,361,0,361
RVV,RVV84,2010/11,405,0,405
RVV,RVV84,2011/12,98,0,98
RVV,RVV84,2012/13,199,0,199
RVV,RVV84,2013/14,167,0,167
RVV,RVV84,2014/15,174,0,174
RVV,RVV84,2015/16,58,0,58
RVV,RVV84,2016/17,0,0,0
RVV,RVV85,2009/10,0,1,0
RVV,RVV85,2010/11,4,0,4
RVV,RVV85,2014/15,0,0,0
RVV,RVV86,2008/09,25,0,25
RVV,RVV86,2009/10,329,0,329
RVV,RVV86,2010/11,246,0,246
RVV,RVV86,2011/12,19,0,19
RVV,RVV86,2012/13,23,0,23
RVV,RVV86,2013/14,17,0,17
RVV,RVV86,2014/15,76,0,76
RVV,RVV86,2015/16,9,0,9
RVV,RVV92,2010/11,23,0,23
RVV,RVV92,2011/12,2,0,2
RVV,RVV92,2012/13,13,0,13
RVV,RVV92,2015/16,48,0,48
RVV,RVV99,2010/11,1,0,1
RVV,RVVFC,2008/09,29,0,29
RVV,RVVFC,2010/11,0,0,0
RVV,RVVKC,2008/09,12845,61920,0.21
RVV,RVVKC,2009/10,14764,62094,0.24
RVV,RVVKC,2010/11,14486,66471,0.22
RVV,RVVKC,2011/12,15739,61956,0.25
RVV,RVVKC,2012/13,13383,65783,0.2
RVV,RVVKC,2013/14,13691,65982,0.21
RVV,RVVKC,2014/15,15366,63638,0.24
RVV,RVVKC,2015/16,14113,67569,0.21
RVV,RVVKC,2016/17,15146,70673,0.21
RVV,RVVKC,2017/18,13671,27185,0.5
RVV,RVVKC,2018/19,15399,15683,0.98
RVV,RVVKC,2019/20,15803,16438,0.96
RVV,RVVKC,2020/21,8562,21182,0.4
RVV,RVVKC,2021/22,12174,28832,0.42
RVV,RVVKC,2022/23,12583,43667,0.29
RVV,RVVKC,2023/24,7585,35164,0.22
RVV,RVVKM,2014/15,53,0,53
RVV,RVVKM,2015/16,600,5,120
RVV,RVVKM,2016/17,61,0,61
RVV,RVVLH,2013/14,907,0,907
RVV,RVVMA,2011/12,1,0,1
RVV,RVVMA,2021/22,0,0,0
RVV,RVVMD,2023/24,0,0,0
RVV,RVVP1,2017/18,1,0,1
RVV,RVVP1,2018/19,134,0,134
RVV,RVVP1,2020/21,872,24,36.33
RVV,RVVP1,2021/22,108,0,108
RVV,RVVP1,2022/23,5,0,5
RVV,RVVP2,2021/22,139,0,139
RVV,RVVP2,2022/23,57,0,57
RVV,RVVP3,2020/21,239,33,7.24
RVV,RVVP3,2021/22,8,21,0.38
RVV,RVVP3,2022/23,0,28,0
RVV,RVVP3,2023/24,6,0,6
RVV,RVVTW,2011/12,5,0,5
RVV,RVVTW,2012/13,83,0,83
RVV,RVVW1,2018/19,50,0,50
RVV,RVVW1,2019/20,47,0,47
RVV,RVVW1,2020/21,2,0,2
RVV,RVVW1,2021/22,62,0,62
RVV,RVVX8,2022/23,1,0,1
RVV,RVVX8,2023/24,0,0,0
RVV,W5U5I,2021/22,3,0,3
RVV,Y3E9C,2022/23,1922,0,1922
RVV,Y3E9C,2023/24,2395,3,798.33
RVW,RVW00,2013/14,3,0,3
RVW,RVW00,2014/15,3,0,3
RVW,RVW00,2016/17,0,0,0
RVW,RVWAA,2008/09,10470,55367,0.19
RVW,RVWAA,2009/10,9500,59421,0.16
RVW,RVWAA,2010/11,9013,58703,0.15
RVW,RVWAA,2011/12,8064,58228,0.14
RVW,RVWAA,2012/13,6445,61012,0.11
RVW,RVWAA,2013/14,5596,40425,0.14
RVW,RVWAA,2014/15,4082,16305,0.25
RVW,RVWAA,2015/16,2083,8633,0.24
RVW,RVWAA,2021/22,991,2,495.5
RVW,RVWAA,2022/23,1714,3,571.33
RVW,RVWAA,2023/24,65,1,65
RVW,RVWAE,2008/09,11795,110080,0.11
RVW,RVWAE,2009/10,12273,114124,0.11
RVW,RVWAE,2010/11,11694,108390,0.11
RVW,RVWAE,2011/12,11124,108356,0.1
RVW,RVWAE,2012/13,11668,114949,0.1
RVW,RVWAE,2013/14,11211,130046,0.09
RVW,RVWAE,2014/15,11822,156716,0.08
RVW,RVWAE,2015/16,13020,172089,0.08
RVW,RVWAE,2016/17,12209,186427,0.07
RVW,RVWAE,2017/18,11528,179318,0.06
RVW,RVWAE,2018/19,11429,170738,0.07
RVW,RVWAE,2019/20,11484,173146,0.07
RVW,RVWAE,2020/21,5584,127704,0.04
RVW,RVWAE,2021/22,8617,149990,0.06
RVW,RVWAE,2022/23,8145,166830,0.05
RVW,RVWAE,2023/24,5793,116339,0.05
RVW,V5X8V,2022/23,437,0,437
RVW,V5X8V,2023/24,1132,5,226.4
RVY,RVY00,2008/09,179,3079,0.06
RVY,RVY00,2009/10,65,982,0.07
RVY,RVY00,2010/11,15,532,0.03
RVY,RVY00,2011/12,1,45,0.02
RVY,RVY00,2012/13,1,65,0.02
RVY,RVY00,2013/14,2,45,0.04
RVY,RVY01,2008/09,8577,102156,0.08
RVY,RVY01,2009/10,15744,115828,0.14
RVY,RVY01,2010/11,13036,113656,0.11
RVY,RVY01,2011/12,6395,108313,0.06
RVY,RVY01,2012/13,5679,109440,0.05
RVY,RVY01,2013/14,4878,114337,0.04
RVY,RVY01,2014/15,6285,113774,0.06
RVY,RVY01,2015/16,17409,113065,0.15
RVY,RVY01,2016/17,15030,117819,0.13
RVY,RVY01,2017/18,7681,114363,0.07
RVY,RVY01,2018/19,4404,113603,0.04
RVY,RVY01,2019/20,6602,115451,0.06
RVY,RVY01,2020/21,3090,100527,0.03
RVY,RVY01,2021/22,4217,110320,0.04
RVY,RVY01,2022/23,6552,124765,0.05
RVY,RVY01,2023/24,1672,37767,0.04
RVY,RVY02,2008/09,6800,4549,1.49
RVY,RVY02,2009/10,7045,4384,1.61
RVY,RVY02,2010/11,5630,4583,1.23
RVY,RVY02,2011/12,5738,4450,1.29
RVY,RVY02,2012/13,5094,4810,1.06
RVY,RVY02,2013/14,4994,4367,1.14
RVY,RVY02,2014/15,4159,4900,0.85
RVY,RVY02,2015/16,3940,5794,0.68
RVY,RVY02,2016/17,3856,5841,0.66
RVY,RVY02,2017/18,3452,5738,0.6
RVY,RVY02,2018/19,3287,5688,0.58
RVY,RVY02,2019/20,3401,5661,0.6
RVY,RVY02,2020/21,1728,3583,0.48
RVY,RVY02,2021/22,2447,5708,0.43
RVY,RVY02,2022/23,2473,6253,0.4
RVY,RVY02,2023/24,754,1304,0.58
RW1,RW100,2008/09,18185,25435,0.71
RW1,RW100,2009/10,18646,34800,0.54
RW1,RW100,2010/11,9338,22599,0.41
RW1,RW100,2011/12,959,2784,0.34
RW1,RW100,2012/13,533,356,1.5
RW1,RW100,2013/14,1867,312,5.98
RW1,RW100,2014/15,3934,4424,0.89
RW1,RW100,2015/16,4090,496,8.25
RW1,RW100,2016/17,2448,700,3.5
RW1,RW100,2017/18,7561,4409,1.71
RW1,RW100,2018/19,9212,7528,1.22
RW1,RW100,2019/20,14563,6926,2.1
RW1,RW100,2020/21,5933,2438,2.43
RW1,RW100,2021/22,3957,2621,1.51
RW1,RW100,2022/23,1798,2661,0.68
RW1,RW100,2023/24,1196,4493,0.27
RW1,RW102,2008/09,2739,2264,1.21
RW1,RW102,2009/10,4288,879,4.88
RW1,RW102,2010/11,3595,582,6.18
RW1,RW102,2011/12,2516,573,4.39
RW1,RW102,2012/13,3618,1245,2.91
RW1,RW105,2008/09,96,0,96
RW1,RW105,2009/10,735,0,735
RW1,RW105,2010/11,1490,0,1490
RW1,RW105,2011/12,1556,19,81.89
RW1,RW105,2012/13,587,0,587
RW1,RW10G,2021/22,2705,0,2705
RW1,RW10G,2022/23,242,0,242
RW1,RW10G,2023/24,381,0,381
RW1,RW113,2012/13,0,0,0
RW1,RW119,2008/09,0,9538,0
RW1,RW119,2009/10,1635,8258,0.2
RW1,RW119,2010/11,7752,5519,1.4
RW1,RW119,2011/12,9510,3044,3.12
RW1,RW119,2012/13,8021,3204,2.5
RW1,RW119,2013/14,1567,313,5.01
RW1,RW119,2014/15,11062,4689,2.36
RW1,RW119,2015/16,10335,7285,1.42
RW1,RW119,2016/17,10204,4313,2.37
RW1,RW119,2017/18,9033,3452,2.62
RW1,RW119,2018/19,13970,4217,3.31
RW1,RW119,2019/20,10641,6412,1.66
RW1,RW119,2020/21,6645,3888,1.71
RW1,RW119,2021/22,5148,5889,0.87
RW1,RW119,2022/23,3853,4063,0.95
RW1,RW119,2023/24,5107,3561,1.43
RW1,RW11J,2014/15,378,97,3.9
RW1,RW11J,2015/16,109,86,1.27
RW1,RW11J,2016/17,165,95,1.74
RW1,RW121,2008/09,0,3875,0
RW1,RW121,2009/10,1795,3948,0.45
RW1,RW121,2010/11,5004,259,19.32
RW1,RW121,2011/12,6110,303,20.17
RW1,RW121,2012/13,4651,72,64.6
RW1,RW121,2014/15,4480,0,4480
RW1,RW121,2015/16,4998,341,14.66
RW1,RW121,2016/17,4649,1441,3.23
RW1,RW121,2017/18,2791,953,2.93
RW1,RW121,2018/19,3781,1176,3.22
RW1,RW121,2019/20,2581,2199,1.17
RW1,RW121,2020/21,2008,1255,1.6
RW1,RW121,2021/22,1094,0,1094
RW1,RW121,2022/23,2226,28,79.5
RW1,RW121,2023/24,238,122,1.95
RW1,RW122,2008/09,0,1034,0
RW1,RW122,2009/10,0,550,0
RW1,RW130,2010/11,845,0,845
RW1,RW130,2011/12,957,0,957
RW1,RW130,2012/13,2216,559,3.96
RW1,RW133,2011/12,3448,0,3448
RW1,RW133,2022/23,784,192,4.08
RW1,RW133,2023/24,2009,0,2009
RW1,RW134,2010/11,1662,0,1662
RW1,RW134,2011/12,5158,0,5158
RW1,RW134,2012/13,1654,0,1654
RW1,RW134,2013/14,831,0,831
RW1,RW134,2014/15,4372,465,9.4
RW1,RW134,2015/16,2504,546,4.59
RW1,RW134,2016/17,2904,0,2904
RW1,RW134,2017/18,6270,2143,2.93
RW1,RW134,2018/19,883,713,1.24
RW1,RW134,2019/20,882,0,882
RW1,RW134,2020/21,2352,378,6.22
RW1,RW134,2021/22,3803,126,30.18
RW1,RW134,2022/23,112,1146,0.1
RW1,RW134,2023/24,1152,0,1152
RW1,RW135,2008/09,153,0,153
RW1,RW136,2008/09,66,0,66
RW1,RW13E,2012/13,0,1372,0
RW1,RW13E,2013/14,220,606,0.36
RW1,RW13F,2012/13,538,0,538
RW1,RW13F,2013/14,3952,0,3952
RW1,RW13F,2014/15,1640,0,1640
RW1,RW13G,2012/13,1239,0,1239
RW1,RW13G,2016/17,0,1776,0
RW1,RW13G,2017/18,11061,0,11061
RW1,RW13H,2012/13,521,0,521
RW1,RW13H,2013/14,0,463,0
RW1,RW13R,2016/17,2476,62,39.94
RW1,RW13R,2017/18,2690,0,2690
RW1,RW143,2008/09,0,0,0
RW1,RW145,2008/09,1022,10917,0.09
RW1,RW145,2009/10,1921,18474,0.1
RW1,RW145,2010/11,552,5113,0.11
RW1,RW145,2011/12,422,0,422
RW1,RW146,2008/09,140,0,140
RW1,RW146,2009/10,0,98,0
RW1,RW146,2010/11,3478,0,3478
RW1,RW146,2011/12,6723,0,6723
RW1,RW146,2012/13,2259,25,90.36
RW1,RW146,2014/15,3562,0,3562
RW1,RW146,2015/16,7446,0,7446
RW1,RW146,2016/17,3758,0,3758
RW1,RW146,2017/18,5601,5,1120.2
RW1,RW146,2018/19,3285,1330,2.47
RW1,RW146,2019/20,1073,0,1073
RW1,RW148,2008/09,564,7,80.57
RW1,RW148,2009/10,1671,552,3.03
RW1,RW148,2010/11,8199,0,8199
RW1,RW148,2011/12,10549,274,38.5
RW1,RW148,2012/13,17185,25,687.4
RW1,RW148,2013/14,1984,0,1984
RW1,RW148,2014/15,14858,1411,10.53
RW1,RW148,2015/16,14434,181,79.75
RW1,RW148,2016/17,12580,1400,8.99
RW1,RW148,2017/18,16760,2516,6.66
RW1,RW148,2018/19,22355,1101,20.3
RW1,RW148,2019/20,22675,2866,7.91
RW1,RW148,2020/21,15949,7857,2.03
RW1,RW148,2021/22,18617,1791,10.39
RW1,RW148,2022/23,19112,8173,2.34
RW1,RW148,2023/24,14380,3443,4.18
RW1,RW14K,2017/18,0,285,0
RW1,RW14K,2018/19,218,391,0.56
RW1,RW14K,2019/20,205,87,2.36
RW1,RW14K,2020/21,33,139,0.24
RW1,RW14K,2021/22,0,402,0
RW1,RW14K,2022/23,0,184,0
RW1,RW14K,2023/24,0,270,0
RW1,RW154,2010/11,4355,3159,1.38
RW1,RW154,2011/12,1404,1074,1.31
RW1,RW154,2012/13,613,801,0.77
RW1,RW154,2014/15,1430,0,1430
RW1,RW154,2015/16,795,0,795
RW1,RW154,2016/17,628,0,628
RW1,RW154,2017/18,3219,0,3219
RW1,RW154,2019/20,424,0,424
RW1,RW154,2020/21,3969,0,3969
RW1,RW155,2009/10,26,0,26
RW1,RW155,2010/11,4943,1429,3.46
RW1,RW155,2011/12,6371,1477,4.31
RW1,RW155,2012/13,5324,2794,1.91
RW1,RW155,2013/14,1710,0,1710
RW1,RW155,2014/15,7666,6665,1.15
RW1,RW155,2015/16,6523,4064,1.61
RW1,RW155,2016/17,5190,3099,1.67
RW1,RW155,2017/18,3462,4280,0.81
RW1,RW155,2018/19,1548,4372,0.35
RW1,RW155,2019/20,2590,3077,0.84
RW1,RW155,2020/21,2836,2369,1.2
RW1,RW155,2021/22,3976,1437,2.77
RW1,RW155,2022/23,3456,2505,1.38
RW1,RW155,2023/24,2675,2832,0.94
RW1,RW158,2010/11,657,61,10.77
RW1,RW158,2011/12,4500,1537,2.93
RW1,RW158,2012/13,5053,5174,0.98
RW1,RW158,2013/14,302,1798,0.17
RW1,RW158,2014/15,6816,5332,1.28
RW1,RW158,2015/16,6345,3750,1.69
RW1,RW158,2016/17,8395,3625,2.32
RW1,RW158,2017/18,5588,4319,1.29
RW1,RW158,2018/19,5974,3613,1.65
RW1,RW158,2019/20,1406,534,2.63
RW1,RW158,2020/21,2853,1611,1.77
RW1,RW158,2021/22,167,205,0.81
RW1,RW159,2010/11,113,189,0.6
RW1,RW159,2011/12,2090,434,4.82
RW1,RW159,2012/13,1508,820,1.84
RW1,RW16L,2019/20,4583,0,4583
RW1,RW16L,2020/21,2317,536,4.32
RW1,RW16L,2021/22,2567,1645,1.56
RW1,RW16L,2022/23,1139,0,1139
RW1,RW16L,2023/24,3797,733,5.18
RW1,RW170,2010/11,650,127,5.12
RW1,RW170,2011/12,1227,312,3.93
RW1,RW170,2012/13,265,2492,0.11
RW1,RW170,2013/14,0,1236,0
RW1,RW170,2014/15,0,1831,0
RW1,RW170,2015/16,4,1645,0
RW1,RW170,2016/17,13,1897,0.01
RW1,RW170,2017/18,62,1308,0.05
RW1,RW170,2018/19,0,1369,0
RW1,RW170,2019/20,0,596,0
RW1,RW170,2020/21,174,633,0.27
RW1,RW170,2021/22,1104,1569,0.7
RW1,RW170,2022/23,2524,2274,1.11
RW1,RW170,2023/24,206,1453,0.14
RW1,RW178,2011/12,129,111,1.16
RW1,RW178,2012/13,0,188,0
RW1,RW178,2013/14,187,32,5.84
RW1,RW178,2014/15,23,30,0.77
RW1,RW178,2015/16,19,17,1.12
RW1,RW178,2016/17,0,4,0
RW1,RW178,2017/18,72,4,18
RW1,RW178,2018/19,33,104,0.32
RW1,RW178,2019/20,0,124,0
RW1,RW178,2020/21,0,314,0
RW1,RW178,2021/22,0,664,0
RW1,RW178,2022/23,99,538,0.18
RW1,RW178,2023/24,0,41,0
RW1,RW17M,2021/22,2413,1223,1.97
RW1,RW17M,2022/23,3862,1308,2.95
RW1,RW17M,2023/24,2577,1584,1.63
RW1,RW184,2010/11,611,587,1.04
RW1,RW184,2011/12,3746,3943,0.95
RW1,RW184,2012/13,1166,530,2.2
RW1,RW184,2014/15,0,1031,0
RW1,RW190,2008/09,6159,2325,2.65
RW1,RW190,2009/10,7963,2541,3.13
RW1,RW190,2010/11,12358,757,16.32
RW1,RW190,2011/12,11332,1106,10.25
RW1,RW190,2012/13,7630,622,12.27
RW1,RW190,2013/14,256,0,256
RW1,RW190,2014/15,3681,0,3681
RW1,RW190,2015/16,2613,374,6.99
RW1,RW190,2016/17,3310,275,12.04
RW1,RW190,2017/18,3467,346,10.02
RW1,RW190,2018/19,1143,0,1143
RW1,RW190,2019/20,2011,1125,1.79
RW1,RW190,2020/21,578,1478,0.39
RW1,RW190,2021/22,3278,1502,2.18
RW1,RW190,2022/23,7050,483,14.6
RW1,RW190,2023/24,2490,1280,1.95
RW1,RW194,2014/15,0,1659,0
RW1,RW194,2015/16,121,1207,0.1
RW1,RW194,2016/17,0,1982,0
RW1,RW194,2017/18,0,1120,0
RW1,RW194,2018/19,1254,465,2.7
RW1,RW194,2019/20,565,84,6.73
RW1,RW194,2020/21,144,99,1.45
RW1,RW194,2021/22,3112,306,10.17
RW1,RW194,2022/23,7766,199,39.03
RW1,RW194,2023/24,1256,386,3.25
RW1,RW198,2008/09,0,46,0
RW1,RW198,2009/10,0,1,0
RW1,RW198,2010/11,0,122,0
RW1,RW198,2011/12,0,109,0
RW1,RW198,2012/13,654,0,654
RW1,RW1A2,2008/09,460,106,4.34
RW1,RW1A2,2009/10,1955,0,1955
RW1,RW1A2,2011/12,980,0,980
RW1,RW1AC,2008/09,442,12619,0.04
RW1,RW1AC,2009/10,2953,17940,0.16
RW1,RW1AC,2010/11,5192,12451,0.42
RW1,RW1AC,2011/12,7547,12155,0.62
RW1,RW1AC,2012/13,5998,10171,0.59
RW1,RW1AC,2013/14,276,816,0.34
RW1,RW1AC,2014/15,12026,15163,0.79
RW1,RW1AC,2015/16,11428,12816,0.89
RW1,RW1AC,2016/17,11573,14675,0.79
RW1,RW1AC,2017/18,11121,10966,1.01
RW1,RW1AC,2018/19,8741,13085,0.67
RW1,RW1AC,2019/20,11143,12984,0.86
RW1,RW1AC,2020/21,8343,9246,0.9
RW1,RW1AC,2021/22,5467,10370,0.53
RW1,RW1AC,2022/23,8981,12905,0.7
RW1,RW1AC,2023/24,13721,8816,1.56
RW1,RW1AM,2010/11,622,431,1.44
RW1,RW1AM,2011/12,5390,1439,3.75
RW1,RW1AM,2012/13,4908,3318,1.48
RW1,RW1AM,2013/14,0,1117,0
RW1,RW1AM,2014/15,5004,5296,0.94
RW1,RW1AM,2015/16,6363,6075,1.05
RW1,RW1AM,2016/17,8243,4931,1.67
RW1,RW1AM,2017/18,7958,4138,1.92
RW1,RW1AM,2018/19,9684,4023,2.41
RW1,RW1AM,2019/20,8773,3501,2.51
RW1,RW1AM,2020/21,9292,3298,2.82
RW1,RW1AM,2021/22,8938,3934,2.27
RW1,RW1AM,2022/23,7760,3452,2.25
RW1,RW1AM,2023/24,6512,4262,1.53
RW1,RW1AN,2010/11,415,0,415
RW1,RW1AN,2011/12,2390,207,11.55
RW1,RW1AN,2012/13,557,0,557
RW1,RW1AN,2013/14,638,0,638
RW1,RW1AN,2014/15,1685,1934,0.87
RW1,RW1AN,2015/16,4236,609,6.96
RW1,RW1AN,2016/17,1900,0,1900
RW1,RW1AN,2017/18,477,1807,0.26
RW1,RW1AN,2018/19,73,68,1.07
RW1,RW1AN,2019/20,292,481,0.61
RW1,RW1AR,2009/10,1124,0,1124
RW1,RW1AR,2010/11,6157,0,6157
RW1,RW1AR,2011/12,3796,0,3796
RW1,RW1AR,2012/13,2616,0,2616
RW1,RW1AR,2013/14,1409,0,1409
RW1,RW1AR,2014/15,8265,0,8265
RW1,RW1AR,2015/16,11204,655,17.11
RW1,RW1AR,2016/17,4193,463,9.06
RW1,RW1AR,2017/18,3771,402,9.38
RW1,RW1AR,2018/19,3727,1037,3.59
RW1,RW1AR,2019/20,7691,182,42.26
RW1,RW1AR,2020/21,6435,970,6.63
RW1,RW1AR,2021/22,1830,599,3.06
RW1,RW1AR,2022/23,400,2274,0.18
RW1,RW1AR,2023/24,6068,2491,2.44
RW1,RW1FY,2010/11,0,38,0
RW1,RW1FY,2011/12,260,1335,0.19
RW1,RW1FY,2012/13,123,1500,0.08
RW1,RW1FY,2013/14,210,1366,0.15
RW1,RW1FY,2014/15,44,1542,0.03
RW1,RW1FY,2015/16,0,986,0
RW1,RW1FY,2016/17,574,994,0.58
RW1,RW1FY,2017/18,126,701,0.18
RW1,RW1GE,2010/11,6814,4151,1.64
RW1,RW1GE,2011/12,14725,6565,2.24
RW1,RW1GE,2012/13,13733,5000,2.75
RW1,RW1GE,2013/14,2007,1248,1.61
RW1,RW1GE,2014/15,8749,11093,0.79
RW1,RW1GE,2015/16,9900,10092,0.98
RW1,RW1GE,2016/17,8985,9251,0.97
RW1,RW1GE,2017/18,10165,6672,1.52
RW1,RW1GE,2018/19,8966,9657,0.93
RW1,RW1GE,2019/20,11587,8942,1.3
RW1,RW1GE,2020/21,7746,10234,0.76
RW1,RW1GE,2021/22,4291,11231,0.38
RW1,RW1GE,2022/23,6390,9462,0.68
RW1,RW1GE,2023/24,5681,10949,0.52
RW1,RW1J1,2019/20,1763,0,1763
RW1,RW1J1,2020/21,276,599,0.46
RW1,RW1J1,2021/22,0,525,0
RW1,RW1J3,2012/13,1364,0,1364
RW1,RW1M6,2011/12,366,0,366
RW1,RW1M8,2019/20,6753,2205,3.06
RW1,RW1M8,2020/21,335,87,3.85
RW1,RW1R3,2008/09,643,0,643
RW1,RW1R3,2009/10,268,0,268
RW1,RW1WD,2022/23,17,695,0.02
RW1,RW1WD,2023/24,3,1236,0
RW1,RW1Y6,2010/11,603,0,603
RW1,RW1Y6,2011/12,4601,0,4601
RW1,RW1Y6,2012/13,5951,1066,5.58
RW1,RW1Y8,2010/11,1632,0,1632
RW1,RW1Y8,2011/12,517,0,517
RW1,RW1Y8,2012/13,474,1956,0.24
RW1,RW1Y8,2014/15,0,875,0
RW1,RW1Y8,2015/16,672,249,2.7
RW1,RW1YM,2010/11,33,960,0.03
RW1,RW1YM,2011/12,2021,17420,0.12
RW1,RW1YM,2012/13,1323,17240,0.08
RW1,RW1YM,2013/14,1363,17775,0.08
RW1,RW1YM,2014/15,1368,17934,0.08
RW1,RW1YM,2015/16,727,17196,0.04
RW1,RW1YM,2016/17,1166,17625,0.07
RW1,RW1YM,2017/18,1145,18767,0.06
RW1,RW1YM,2018/19,793,14588,0.05
RW1,RW1YM,2019/20,593,15448,0.04
RW1,RW1YM,2020/21,371,12552,0.03
RW1,RW1YM,2021/22,1213,14935,0.08
RW1,RW1YM,2022/23,1411,16281,0.09
RW1,RW1YM,2023/24,520,13734,0.04
RW3,RW3BH,2008/09,6944,11850,0.59
RW3,RW3BH,2009/10,3555,2119,1.68
RW3,RW3BH,2010/11,358,0,358
RW3,RW3DH,2008/09,16,0,16
RW3,RW3DH,2009/10,45,0,45
RW3,RW3DH,2010/11,102,0,102
RW3,RW3DH,2011/12,22,0,22
RW3,RW3DH,2012/13,30,0,30
RW3,RW3DH,2013/14,15,0,15
RW3,RW3DH,2014/15,163,0,163
RW3,RW3DH,2015/16,513,0,513
RW3,RW3DH,2016/17,317,0,317
RW3,RW3DH,2017/18,91,0,91
RW3,RW3MR,2008/09,43465,165796,0.26
RW3,RW3MR,2009/10,49966,190219,0.26
RW3,RW3MR,2010/11,49965,202194,0.25
RW3,RW3MR,2011/12,49685,180245,0.28
RW3,RW3MR,2012/13,52849,198032,0.27
RW3,RW3MR,2013/14,49246,210817,0.23
RW3,RW3MR,2014/15,48377,234383,0.21
RW3,RW3MR,2015/16,48762,213006,0.23
RW3,RW3MR,2016/17,48494,235517,0.21
RW3,RW3MR,2017/18,26567,112078,0.24
RW3,RW3RC,2009/10,13986,26408,0.53
RW3,RW3RC,2010/11,20016,43714,0.46
RW3,RW3RC,2011/12,18563,43264,0.43
RW3,RW3RC,2012/13,20338,41015,0.5
RW3,RW3RC,2013/14,20998,43421,0.48
RW3,RW3RC,2014/15,21396,44969,0.48
RW3,RW3RC,2015/16,20913,42612,0.49
RW3,RW3RC,2016/17,23944,45954,0.52
RW3,RW3RC,2017/18,11966,22558,0.53
RW3,RW3RE,2008/09,3315,2342,1.42
RW3,RW3RE,2009/10,3273,2059,1.59
RW3,RW3RE,2010/11,2280,1771,1.29
RW3,RW3RE,2011/12,2016,1958,1.03
RW3,RW3RE,2012/13,2269,1910,1.19
RW3,RW3RE,2013/14,2161,1952,1.11
RW3,RW3RE,2014/15,2085,2418,0.86
RW3,RW3RE,2015/16,2200,2262,0.97
RW3,RW3RE,2016/17,1710,2141,0.8
RW3,RW3RE,2017/18,707,989,0.71
RW3,RW3RM,2008/09,10718,20621,0.52
RW3,RW3RM,2009/10,3128,9044,0.35
RW3,RW3RM,2010/11,0,437,0
RW3,RW3SM,2008/09,5427,9798,0.55
RW3,RW3SM,2009/10,4833,5717,0.85
RW3,RW3SM,2010/11,4891,4190,1.17
RW3,RW3SM,2011/12,3266,2947,1.11
RW3,RW3SM,2012/13,4439,3390,1.31
RW3,RW3SM,2013/14,3582,3977,0.9
RW3,RW3SM,2014/15,4737,3674,1.29
RW3,RW3SM,2015/16,4856,3274,1.48
RW3,RW3SM,2016/17,4288,3498,1.23
RW3,RW3SM,2017/18,2109,1974,1.07
RW3,RW3TC,2008/09,58,0,58
RW3,RW3TR,2012/13,5012,68643,0.07
RW3,RW3TR,2013/14,5531,61499,0.09
RW3,RW3TR,2014/15,5804,25727,0.23
RW3,RW3TR,2015/16,5367,28510,0.19
RW3,RW3TR,2016/17,6104,20327,0.3
RW3,RW3TR,2017/18,2655,9501,0.28
RW4,D4A4S,2020/21,1012,486,2.08
RW4,D4A4S,2021/22,325,1362,0.24
RW4,E5O6X,2020/21,17,0,17
RW4,E5O6X,2021/22,925,1875,0.49
RW4,RW400,2020/21,0,219,0
RW4,RW401,2008/09,4096,59783,0.07
RW4,RW401,2009/10,4427,73867,0.06
RW4,RW401,2010/11,0,15744,0
RW4,RW401,2011/12,0,5420,0
RW4,RW401,2012/13,0,5721,0
RW4,RW401,2013/14,0,6122,0
RW4,RW401,2014/15,0,2230,0
RW4,RW401,2015/16,0,6671,0
RW4,RW401,2016/17,0,12420,0
RW4,RW401,2017/18,0,6562,0
RW4,RW401,2018/19,8106,9052,0.9
RW4,RW401,2019/20,11269,10602,1.06
RW4,RW401,2020/21,6308,9265,0.68
RW4,RW401,2021/22,15341,21195,0.72
RW4,RW402,2009/10,0,6823,0
RW4,RW402,2010/11,0,27492,0
RW4,RW402,2011/12,0,25812,0
RW4,RW402,2012/13,0,26652,0
RW4,RW402,2013/14,0,26193,0
RW4,RW402,2014/15,0,26094,0
RW4,RW402,2015/16,0,9022,0
RW4,RW402,2016/17,827,4344,0.19
RW4,RW402,2017/18,1063,1404,0.76
RW4,RW402,2018/19,55,3045,0.02
RW4,RW402,2019/20,0,1296,0
RW4,RW403,2009/10,0,1695,0
RW4,RW403,2010/11,0,7596,0
RW4,RW403,2011/12,0,6833,0
RW4,RW403,2012/13,0,6870,0
RW4,RW403,2013/14,0,7311,0
RW4,RW403,2014/15,0,8163,0
RW4,RW403,2015/16,0,7369,0
RW4,RW403,2016/17,0,6665,0
RW4,RW403,2017/18,0,10268,0
RW4,RW403,2018/19,569,9079,0.06
RW4,RW403,2019/20,1036,8952,0.12
RW4,RW403,2020/21,67,2277,0.03
RW4,RW40A,2019/20,24,536,0.04
RW4,RW40A,2020/21,4346,14214,0.31
RW4,RW40A,2021/22,1729,17847,0.1
RW4,RW41E,2014/15,0,145,0
RW4,RW41E,2015/16,0,15924,0
RW4,RW41E,2016/17,0,19033,0
RW4,RW41E,2017/18,0,23488,0
RW4,RW41E,2018/19,1827,20095,0.09
RW4,RW41E,2019/20,5160,20258,0.25
RW4,RW41E,2020/21,6472,33688,0.19
RW4,RW41E,2021/22,1252,50347,0.02
RW4,RW41K,2015/16,0,907,0
RW4,RW41K,2016/17,0,1814,0
RW4,RW41K,2017/18,0,1774,0
RW4,RW41K,2018/19,2252,228,9.88
RW4,RW41K,2019/20,3258,0,3258
RW4,RW41K,2020/21,2992,0,2992
RW4,RW41K,2021/22,2361,8,295.13
RW4,RW420,2009/10,0,2483,0
RW4,RW420,2010/11,0,5158,0
RW4,RW420,2011/12,0,5572,0
RW4,RW420,2012/13,0,7610,0
RW4,RW420,2013/14,0,12127,0
RW4,RW420,2014/15,0,2045,0
RW4,RW433,2009/10,0,4001,0
RW4,RW433,2010/11,0,17767,0
RW4,RW433,2011/12,0,20375,0
RW4,RW433,2012/13,0,21040,0
RW4,RW433,2013/14,0,25812,0
RW4,RW433,2014/15,0,25922,0
RW4,RW433,2015/16,0,18398,0
RW4,RW433,2016/17,0,25460,0
RW4,RW433,2017/18,0,25739,0
RW4,RW433,2018/19,1762,21807,0.08
RW4,RW433,2019/20,4062,21389,0.19
RW4,RW433,2020/21,858,5905,0.15
RW4,RW433,2021/22,40,1090,0.04
RW4,RW435,2019/20,133,493,0.27
RW4,RW435,2020/21,390,2127,0.18
RW4,RW438,2009/10,0,1341,0
RW4,RW438,2010/11,0,12129,0
RW4,RW438,2011/12,0,10901,0
RW4,RW438,2012/13,0,12563,0
RW4,RW438,2013/14,0,10371,0
RW4,RW438,2014/15,0,14657,0
RW4,RW438,2015/16,0,12069,0
RW4,RW438,2016/17,0,11248,0
RW4,RW438,2017/18,0,9565,0
RW4,RW438,2018/19,0,3182,0
RW4,RW445,2009/10,0,4,0
RW4,RW445,2010/11,4213,11,383
RW4,RW445,2011/12,4435,0,4435
RW4,RW445,2012/13,4569,0,4569
RW4,RW445,2013/14,4219,32,131.84
RW4,RW445,2014/15,4357,19,229.32
RW4,RW445,2015/16,4311,90,47.9
RW4,RW445,2016/17,1184,0,1184
RW4,RW445,2017/18,766,1390,0.55
RW4,RW445,2018/19,220,622,0.35
RW4,RW446,2019/20,2150,0,2150
RW4,RW446,2020/21,2334,0,2334
RW4,RW446,2021/22,3330,0,3330
RW4,RW449,2009/10,0,31,0
RW4,RW449,2010/11,0,5177,0
RW4,RW449,2011/12,0,5414,0
RW4,RW449,2012/13,0,5491,0
RW4,RW449,2013/14,0,6649,0
RW4,RW449,2014/15,0,4863,0
RW4,RW449,2015/16,0,5749,0
RW4,RW449,2016/17,0,5956,0
RW4,RW449,2017/18,0,5982,0
RW4,RW449,2018/19,251,5046,0.05
RW4,RW449,2019/20,925,5760,0.16
RW4,RW449,2020/21,0,425,0
RW4,RW454,2009/10,0,2937,0
RW4,RW454,2010/11,0,6466,0
RW4,RW454,2011/12,0,5993,0
RW4,RW454,2012/13,0,8432,0
RW4,RW454,2013/14,0,8161,0
RW4,RW454,2014/15,0,6522,0
RW4,RW454,2015/16,0,6696,0
RW4,RW454,2016/17,0,7566,0
RW4,RW454,2017/18,0,9121,0
RW4,RW454,2018/19,0,9957,0
RW4,RW454,2019/20,1163,6892,0.17
RW4,RW454,2020/21,476,1434,0.33
RW4,RW454,2021/22,454,1234,0.37
RW4,RW488,2018/19,4416,10,441.6
RW4,RW488,2019/20,3152,0,3152
RW4,RW491,2010/11,0,1632,0
RW4,RW491,2011/12,0,1534,0
RW4,RW491,2012/13,0,1613,0
RW4,RW491,2013/14,0,1570,0
RW4,RW491,2014/15,0,1801,0
RW4,RW491,2015/16,0,1472,0
RW4,RW491,2016/17,0,1699,0
RW4,RW491,2017/18,0,1525,0
RW4,RW491,2018/19,216,1211,0.18
RW4,RW491,2019/20,694,796,0.87
RW4,RW491,2020/21,503,517,0.97
RW4,RW491,2021/22,788,711,1.11
RW4,RW493,2014/15,0,5362,0
RW4,RW493,2015/16,0,5895,0
RW4,RW493,2016/17,0,12883,0
RW4,RW493,2017/18,0,8310,0
RW4,RW493,2018/19,0,3944,0
RW4,RW494,2019/20,8519,1610,5.29
RW4,RW494,2020/21,8365,869,9.63
RW4,RW494,2021/22,14800,633,23.38
RW5,RW500,2008/09,3978,10588,0.38
RW5,RW500,2009/10,5589,12619,0.44
RW5,RW500,2010/11,3727,5940,0.63
RW5,RW500,2011/12,2690,8087,0.33
RW5,RW500,2012/13,3340,5730,0.58
RW5,RW500,2013/14,1741,3433,0.51
RW5,RW500,2014/15,2223,540,4.12
RW5,RW500,2015/16,3806,0,3806
RW5,RW500,2016/17,3162,1388,2.28
RW5,RW500,2017/18,2401,7925,0.3
RW5,RW500,2018/19,0,10108,0
RW5,RW500,2019/20,5134,27682,0.19
RW5,RW500,2020/21,12658,43662,0.29
RW5,RW500,2021/22,6058,42507,0.14
RW5,RW500,2022/23,8855,42445,0.21
RW5,RW500,2023/24,544,2500,0.22
RW5,RW5AA,2008/09,599,14560,0.04
RW5,RW5AA,2009/10,1093,24322,0.04
RW5,RW5AA,2010/11,257,28205,0.01
RW5,RW5AA,2011/12,247,20816,0.01
RW5,RW5AA,2012/13,239,19050,0.01
RW5,RW5AA,2013/14,27,22213,0
RW5,RW5AA,2014/15,0,21452,0
RW5,RW5AA,2015/16,0,19962,0
RW5,RW5AA,2016/17,22,25046,0
RW5,RW5AA,2017/18,360,31380,0.01
RW5,RW5AA,2018/19,87,21142,0
RW5,RW5AA,2019/20,0,921,0
RW5,RW5AQ,2012/13,0,3985,0
RW5,RW5AQ,2013/14,0,4118,0
RW5,RW5AQ,2014/15,0,5014,0
RW5,RW5AQ,2015/16,0,4599,0
RW5,RW5AQ,2016/17,0,4655,0
RW5,RW5AQ,2017/18,0,4821,0
RW5,RW5AQ,2018/19,0,3377,0
RW5,RW5AQ,2019/20,0,340,0
RW5,RW5CA,2008/09,2100,14875,0.14
RW5,RW5CA,2009/10,4469,22514,0.2
RW5,RW5CA,2010/11,5349,21742,0.25
RW5,RW5CA,2011/12,1597,18615,0.09
RW5,RW5CA,2012/13,983,26809,0.04
RW5,RW5CA,2013/14,1171,27961,0.04
RW5,RW5CA,2014/15,102,23061,0
RW5,RW5CA,2015/16,250,16880,0.01
RW5,RW5CA,2016/17,231,25763,0.01
RW5,RW5CA,2017/18,201,29472,0.01
RW5,RW5CA,2018/19,0,20387,0
RW5,RW5CA,2019/20,0,1023,0
RW5,RW5DA,2008/09,53,10395,0.01
RW5,RW5DA,2009/10,134,15410,0.01
RW5,RW5DA,2010/11,281,14130,0.02
RW5,RW5DA,2011/12,455,10126,0.04
RW5,RW5DA,2012/13,266,18232,0.01
RW5,RW5DA,2013/14,0,14899,0
RW5,RW5DA,2014/15,84,13814,0.01
RW5,RW5DA,2015/16,0,1495,0
RW5,RW5DA,2016/17,0,705,0
RW5,RW5DA,2018/19,0,195,0
RW5,RW5DA,2019/20,44,51,0.86
RW5,RW5EA,2008/09,0,7955,0
RW5,RW5EA,2009/10,0,13074,0
RW5,RW5EA,2010/11,0,8526,0
RW5,RW5EA,2011/12,0,1891,0
RW5,RW5EA,2012/13,0,1650,0
RW5,RW5EA,2013/14,0,840,0
RW5,RW5EA,2014/15,0,634,0
RW5,RW5EA,2015/16,432,635,0.68
RW5,RW5EA,2016/17,381,787,0.48
RW5,RW5EA,2017/18,40,295,0.14
RW5,RW5EC,2009/10,345,0,345
RW5,RW5EC,2010/11,313,520,0.6
RW5,RW5EC,2011/12,123,0,123
RW5,RW5ED,2008/09,623,77,8.09
RW5,RW5ED,2009/10,2658,0,2658
RW5,RW5ED,2010/11,8360,16,522.5
RW5,RW5ED,2011/12,9406,789,11.92
RW5,RW5ED,2012/13,14086,489,28.81
RW5,RW5ED,2013/14,31013,32,969.16
RW5,RW5ED,2014/15,29524,1786,16.53
RW5,RW5ED,2015/16,34913,6454,5.41
RW5,RW5ED,2016/17,40533,941,43.07
RW5,RW5ED,2017/18,49625,1118,44.39
RW5,RW5ED,2018/19,2729,84,32.49
RW5,RW5ED,2019/20,804,46,17.48
RW5,RW5ED,2020/21,760,0,760
RW5,RW5ED,2021/22,224,0,224
RW5,RW5ED,2022/23,692,0,692
RW5,RW5EF,2010/11,0,5438,0
RW5,RW5EF,2011/12,0,5407,0
RW5,RW5EF,2012/13,59,6586,0.01
RW5,RW5EF,2013/14,0,5854,0
RW5,RW5EF,2014/15,0,6704,0
RW5,RW5EF,2015/16,132,3503,0.04
RW5,RW5EF,2016/17,0,1496,0
RW5,RW5FA,2008/09,2,10083,0
RW5,RW5FA,2009/10,91,12145,0.01
RW5,RW5FA,2010/11,0,15047,0
RW5,RW5FA,2011/12,0,10197,0
RW5,RW5FA,2012/13,0,7780,0
RW5,RW5FA,2013/14,0,10291,0
RW5,RW5FA,2014/15,0,8961,0
RW5,RW5FA,2015/16,38,8926,0
RW5,RW5FA,2016/17,0,8361,0
RW5,RW5FA,2017/18,0,8587,0
RW5,RW5FA,2018/19,0,3889,0
RW5,RW5FA,2019/20,211,2683,0.08
RW5,RW5FA,2020/21,142,4248,0.03
RW5,RW5FA,2021/22,229,3257,0.07
RW5,RW5FA,2022/23,419,1789,0.23
RW5,RW5FA,2023/24,35,200,0.17
RW5,RW5GA,2008/09,1251,17869,0.07
RW5,RW5GA,2009/10,58,30219,0
RW5,RW5GA,2010/11,1130,30565,0.04
RW5,RW5GA,2011/12,1341,24109,0.06
RW5,RW5GA,2012/13,318,19102,0.02
RW5,RW5GA,2013/14,711,16513,0.04
RW5,RW5GA,2014/15,39,17353,0
RW5,RW5GA,2015/16,0,1946,0
RW5,RW5GC,2008/09,26,6493,0
RW5,RW5GC,2009/10,0,6828,0
RW5,RW5GC,2010/11,0,4851,0
RW5,RW5GC,2011/12,0,349,0
RW5,RW5GC,2012/13,0,277,0
RW5,RW5GC,2013/14,63,217,0.29
RW5,RW5GC,2014/15,0,28,0
RW5,RW5GD,2008/09,22,5200,0
RW5,RW5GD,2009/10,134,8446,0.02
RW5,RW5GD,2010/11,628,10966,0.06
RW5,RW5GD,2011/12,421,7138,0.06
RW5,RW5GD,2012/13,49,10436,0
RW5,RW5GD,2013/14,36,10429,0
RW5,RW5GD,2014/15,0,9802,0
RW5,RW5GD,2015/16,0,3207,0
RW5,RW5GD,2016/17,0,510,0
RW5,RW5KM,2014/15,0,123,0
RW5,RW5KM,2015/16,7096,25789,0.28
RW5,RW5KM,2016/17,9710,34073,0.28
RW5,RW5KM,2017/18,10216,32330,0.32
RW5,RW5KM,2018/19,3664,20759,0.18
RW5,RW5KM,2019/20,29,773,0.04
RW5,RW5LA,2012/13,0,828,0
RW5,RW5LA,2013/14,968,4048,0.24
RW5,RW5LA,2014/15,137,4034,0.03
RW5,RW5LX,2008/09,221,2980,0.07
RW5,RW5LX,2009/10,0,3568,0
RW5,RW5LX,2010/11,0,4926,0
RW5,RW5LX,2011/12,0,2670,0
RW5,RW5LX,2012/13,0,3339,0
RW5,RW5LX,2013/14,0,2966,0
RW5,RW5LX,2014/15,0,207,0
RW5,RW5LY,2014/15,62,0,62
RW5,RW5LY,2015/16,0,8993,0
RW5,RW5LY,2016/17,0,721,0
RW5,RW5LY,2017/18,2276,113,20.14
RW5,RW5LY,2018/19,1821,0,1821
RW5,RW5LY,2019/20,69,0,69
RW5,RW5MA,2008/09,73,2371,0.03
RW5,RW5MA,2009/10,35,4290,0.01
RW5,RW5MA,2010/11,0,5771,0
RW5,RW5MA,2011/12,0,4958,0
RW5,RW5MA,2012/13,0,4128,0
RW5,RW5MA,2013/14,0,386,0
RW5,RW5MA,2014/15,0,3186,0
RW5,RW5MA,2015/16,0,5594,0
RW5,RW5MA,2016/17,28,5741,0
RW5,RW5MA,2017/18,0,5328,0
RW5,RW5MA,2018/19,0,2322,0
RW5,RW5MA,2019/20,0,92,0
RW5,RW5RP,2018/19,91,0,91
RW5,RW5RP,2019/20,60,0,60
RW6,RW600,2011/12,648,0,648
RW6,RW600,2012/13,434,0,434
RW6,RW600,2017/18,183,0,183
RW6,RW600,2018/19,510,0,510
RW6,RW601,2008/09,12515,86881,0.14
RW6,RW601,2009/10,11735,94537,0.12
RW6,RW601,2010/11,10457,90539,0.12
RW6,RW601,2011/12,6970,75119,0.09
RW6,RW601,2012/13,7597,55510,0.14
RW6,RW601,2013/14,5367,60850,0.09
RW6,RW601,2014/15,5013,67921,0.07
RW6,RW601,2015/16,4484,74795,0.06
RW6,RW601,2016/17,4198,77454,0.05
RW6,RW601,2017/18,5104,78506,0.07
RW6,RW601,2018/19,6005,79390,0.08
RW6,RW601,2019/20,5146,87297,0.06
RW6,RW601,2020/21,1467,71529,0.02
RW6,RW601,2021/22,1807,43340,0.04
RW6,RW602,2008/09,28832,126286,0.23
RW6,RW602,2009/10,29770,141192,0.21
RW6,RW602,2010/11,25530,134460,0.19
RW6,RW602,2011/12,25113,130386,0.19
RW6,RW602,2012/13,25030,128309,0.2
RW6,RW602,2013/14,21165,114169,0.19
RW6,RW602,2014/15,18643,110282,0.17
RW6,RW602,2015/16,15130,109168,0.14
RW6,RW602,2016/17,14026,111783,0.13
RW6,RW602,2017/18,11184,118687,0.09
RW6,RW602,2018/19,9489,115483,0.08
RW6,RW602,2019/20,9283,116009,0.08
RW6,RW602,2020/21,1995,93013,0.02
RW6,RW602,2021/22,199,4060,0.05
RW6,RW603,2008/09,19814,129880,0.15
RW6,RW603,2009/10,18315,142165,0.13
RW6,RW603,2010/11,17840,130908,0.14
RW6,RW603,2011/12,20936,142959,0.15
RW6,RW603,2012/13,18034,134773,0.13
RW6,RW603,2013/14,17886,127665,0.14
RW6,RW603,2014/15,15772,128053,0.12
RW6,RW603,2015/16,13869,124131,0.11
RW6,RW603,2016/17,13117,121042,0.11
RW6,RW603,2017/18,13932,125748,0.11
RW6,RW603,2018/19,13007,127992,0.1
RW6,RW603,2019/20,12147,138597,0.09
RW6,RW603,2020/21,9445,109671,0.09
RW6,RW603,2021/22,4906,64875,0.08
RW6,RW604,2008/09,11107,54553,0.2
RW6,RW604,2009/10,12516,60152,0.21
RW6,RW604,2010/11,11761,43981,0.27
RW6,RW604,2011/12,3962,8723,0.45
RW6,RW604,2012/13,3006,5900,0.51
RW6,RW604,2013/14,3815,6154,0.62
RW6,RW604,2014/15,4486,8011,0.56
RW6,RW604,2015/16,4124,8886,0.46
RW6,RW604,2016/17,3498,7253,0.48
RW6,RW604,2017/18,3252,8045,0.4
RW6,RW604,2018/19,2264,9240,0.25
RW6,RW604,2019/20,3636,8647,0.42
RW6,RW604,2020/21,2356,5720,0.41
RW6,RW604,2021/22,779,3882,0.2
RWA,A5N9X,2020/21,2,0,2
RWA,A5N9X,2021/22,54,0,54
RWA,A5N9X,2022/23,68,0,68
RWA,A5N9X,2023/24,6,0,6
RWA,RWA00,2013/14,7,0,7
RWA,RWA00,2014/15,1177,0,1177
RWA,RWA01,2008/09,20525,210753,0.1
RWA,RWA01,2009/10,19311,215701,0.09
RWA,RWA01,2010/11,15936,235721,0.07
RWA,RWA01,2011/12,16427,256145,0.06
RWA,RWA01,2012/13,16015,233669,0.07
RWA,RWA01,2013/14,16385,233635,0.07
RWA,RWA01,2014/15,15825,236891,0.07
RWA,RWA01,2015/16,15025,225949,0.07
RWA,RWA01,2016/17,15836,228113,0.07
RWA,RWA01,2017/18,13722,222406,0.06
RWA,RWA01,2018/19,12699,221724,0.06
RWA,RWA01,2019/20,12437,227764,0.05
RWA,RWA01,2020/21,7531,186930,0.04
RWA,RWA01,2021/22,10854,221299,0.05
RWA,RWA01,2022/23,13805,261436,0.05
RWA,RWA01,2023/24,10790,206051,0.05
RWA,RWA02,2008/09,2497,2978,0.84
RWA,RWA06,2016/17,1,66,0.02
RWA,RWA06,2017/18,31,322,0.1
RWA,RWA06,2019/20,7,103,0.07
RWA,RWA06,2020/21,0,89,0
RWA,RWA06,2021/22,1,160,0.01
RWA,RWA06,2022/23,0,49,0
RWA,RWA06,2023/24,6,89,0.07
RWA,RWA07,2017/18,0,85,0
RWA,RWA07,2018/19,0,16,0
RWA,RWA07,2019/20,0,175,0
RWA,RWA07,2020/21,0,56,0
RWA,RWA07,2021/22,0,48,0
RWA,RWA07,2022/23,1,112,0.01
RWA,RWA07,2023/24,0,75,0
RWA,RWA16,2008/09,49371,72374,0.68
RWA,RWA16,2009/10,64523,96191,0.67
RWA,RWA16,2010/11,60433,73949,0.82
RWA,RWA16,2011/12,60340,43125,1.4
RWA,RWA16,2012/13,54678,44344,1.23
RWA,RWA16,2013/14,51565,38684,1.33
RWA,RWA16,2014/15,51571,36025,1.43
RWA,RWA16,2015/16,50661,45079,1.12
RWA,RWA16,2016/17,47326,39684,1.19
RWA,RWA16,2017/18,44148,41242,1.07
RWA,RWA16,2018/19,44033,42319,1.04
RWA,RWA16,2019/20,46157,42360,1.09
RWA,RWA16,2020/21,25946,35215,0.74
RWA,RWA16,2021/22,33254,40152,0.83
RWA,RWA16,2022/23,38549,45299,0.85
RWA,RWA16,2023/24,32229,32323,1
RWA,RWA28,2016/17,0,83,0
RWA,RWA28,2017/18,0,188,0
RWA,RWA28,2019/20,0,92,0
RWA,RWA28,2020/21,0,49,0
RWA,RWA28,2021/22,0,44,0
RWA,RWA28,2022/23,0,48,0
RWA,RWA28,2023/24,0,20,0
RWA,RWA30,2008/09,3444,16,215.25
RWA,RWA30,2009/10,1769,3,589.67
RWA,RWA30,2010/11,548,0,548
RWA,RWA30,2011/12,50,0,50
RWA,RWA30,2013/14,379,0,379
RWA,RWA31,2008/09,403,0,403
RWA,RWA66,2015/16,724,0,724
RWA,RWA66,2016/17,113,0,113
RWA,RWA66,2017/18,167,0,167
RWA,RWA66,2018/19,174,0,174
RWA,RWA66,2019/20,4,1,4
RWA,RWA73,2016/17,28,30,0.93
RWA,RWA73,2017/18,72,353,0.2
RWA,RWA73,2018/19,31,244,0.13
RWA,RWA73,2019/20,60,292,0.21
RWA,RWA73,2020/21,5,124,0.04
RWA,RWA73,2021/22,4,224,0.02
RWA,RWA73,2022/23,12,352,0.03
RWA,RWA73,2023/24,10,236,0.04
RWA,RWARW,2008/09,202,0,202
RWA,Y5D1O,2022/23,13,0,13
RWD,A3W9V,2021/22,66,0,66
RWD,B1Q6U,2023/24,1815,0,1815
RWD,RWD00,2017/18,0,0,0
RWD,RWDAA,2008/09,1756,17705,0.1
RWD,RWDAA,2009/10,1466,7100,0.21
RWD,RWDAA,2010/11,883,46,19.2
RWD,RWDAA,2011/12,1297,36,36.03
RWD,RWDAA,2012/13,962,11,87.45
RWD,RWDAA,2013/14,898,18,49.89
RWD,RWDAA,2014/15,752,2,376
RWD,RWDAA,2015/16,766,0,766
RWD,RWDAA,2016/17,700,0,700
RWD,RWDAA,2017/18,565,0,565
RWD,RWDAA,2018/19,341,5,68.2
RWD,RWDAA,2019/20,33,0,33
RWD,RWDAA,2020/21,12,0,12
RWD,RWDAA,2021/22,25,2,12.5
RWD,RWDAA,2022/23,35,0,35
RWD,RWDAA,2023/24,13,0,13
RWD,RWDAS,2008/09,1,0,1
RWD,RWDAS,2010/11,2,0,2
RWD,RWDAS,2011/12,26,89,0.29
RWD,RWDAS,2012/13,19,21,0.9
RWD,RWDAS,2015/16,10,0,10
RWD,RWDAS,2016/17,47,0,47
RWD,RWDAS,2017/18,16,22,0.73
RWD,RWDAS,2018/19,1,0,1
RWD,RWDCR,2015/16,127,0,127
RWD,RWDCR,2016/17,50,0,50
RWD,RWDCR,2017/18,21,0,21
RWD,RWDCR,2018/19,15,0,15
RWD,RWDDA,2008/09,23921,145339,0.16
RWD,RWDDA,2009/10,26258,166805,0.16
RWD,RWDDA,2010/11,25144,181252,0.14
RWD,RWDDA,2011/12,23573,169768,0.14
RWD,RWDDA,2012/13,21806,171152,0.13
RWD,RWDDA,2013/14,18388,160471,0.11
RWD,RWDDA,2014/15,19387,160200,0.12
RWD,RWDDA,2015/16,17802,151610,0.12
RWD,RWDDA,2016/17,16541,157036,0.11
RWD,RWDDA,2017/18,13136,156936,0.08
RWD,RWDDA,2018/19,12960,162327,0.08
RWD,RWDDA,2019/20,11790,165504,0.07
RWD,RWDDA,2020/21,5806,142396,0.04
RWD,RWDDA,2021/22,9447,156887,0.06
RWD,RWDDA,2022/23,12673,170707,0.07
RWD,RWDDA,2023/24,7639,128825,0.06
RWD,RWDFW,2015/16,121,0,121
RWD,RWDFW,2016/17,1,0,1
RWD,RWDFW,2017/18,3,0,3
RWD,RWDLA,2008/09,17789,115009,0.15
RWD,RWDLA,2009/10,17651,135198,0.13
RWD,RWDLA,2010/11,14490,131067,0.11
RWD,RWDLA,2011/12,14412,125971,0.11
RWD,RWDLA,2012/13,12418,120500,0.1
RWD,RWDLA,2013/14,11708,113887,0.1
RWD,RWDLA,2014/15,11031,108536,0.1
RWD,RWDLA,2015/16,9646,115186,0.08
RWD,RWDLA,2016/17,8899,115524,0.08
RWD,RWDLA,2017/18,7917,110905,0.07
RWD,RWDLA,2018/19,6773,116328,0.06
RWD,RWDLA,2019/20,6521,117560,0.06
RWD,RWDLA,2020/21,4331,99829,0.04
RWD,RWDLA,2021/22,5445,103892,0.05
RWD,RWDLA,2022/23,5685,136386,0.04
RWD,RWDLA,2023/24,4347,96622,0.04
RWD,RWDLB,2008/09,0,2,0
RWD,RWDLB,2009/10,161,1950,0.08
RWD,RWDLB,2017/18,0,0,0
RWD,RWDLB,2018/19,0,0,0
RWD,RWDLB,2019/20,0,0,0
RWD,RWDLB,2020/21,0,0,0
RWD,RWDLB,2021/22,0,0,0
RWD,RWDLC,2009/10,227,3610,0.06
RWD,RWDLD,2009/10,27,1462,0.02
RWD,RWDLD,2015/16,9,0,9
RWD,RWDLD,2016/17,8,0,8
RWD,RWDLD,2017/18,37,0,37
RWD,RWDLD,2018/19,11,0,11
RWD,RWDLD,2019/20,1,0,1
RWD,RWDLD,2020/21,0,0,0
RWD,RWDLP,2008/09,5990,40778,0.15
RWD,RWDLP,2009/10,5981,45028,0.13
RWD,RWDLP,2010/11,6150,45340,0.14
RWD,RWDLP,2011/12,5623,44847,0.13
RWD,RWDLP,2012/13,5238,43066,0.12
RWD,RWDLP,2013/14,3806,36713,0.1
RWD,RWDLP,2014/15,3613,31293,0.12
RWD,RWDLP,2015/16,3311,31503,0.11
RWD,RWDLP,2016/17,3620,29570,0.12
RWD,RWDLP,2017/18,3528,25808,0.14
RWD,RWDLP,2018/19,4505,23683,0.19
RWD,RWDLP,2019/20,3685,22031,0.17
RWD,RWDLP,2020/21,2287,3443,0.66
RWD,RWDLP,2021/22,2523,8157,0.31
RWD,RWDLP,2022/23,3125,14578,0.21
RWD,RWDLP,2023/24,0,11693,0
RWD,RWDPH,2017/18,19,0,19
RWD,RWDPL,2016/17,66,0,66
RWD,RWDPL,2017/18,100,5,20
RWD,RWDPL,2018/19,15,0,15
RWD,RWDPL,2020/21,154,0,154
RWD,RWDRA,2015/16,18,0,18
RWD,RWDRA,2018/19,0,1,0
RWD,RWDSP,2018/19,175,0,175
RWD,RWDWT,2015/16,19,0,19
RWD,RWDWT,2016/17,1,0,1
RWD,RWDWT,2017/18,3,0,3
RWE,B5J6H,2023/24,54,0,54
RWE,RWE00,2009/10,656,0,656
RWE,RWE00,2010/11,51,0,51
RWE,RWE00,2011/12,107,0,107
RWE,RWE00,2012/13,345,0,345
RWE,RWE00,2013/14,353,0,353
RWE,RWE00,2014/15,232,0,232
RWE,RWE00,2015/16,579,0,579
RWE,RWE00,2016/17,7,0,7
RWE,RWE00,2021/22,9,0,9
RWE,RWE00,2022/23,17,0,17
RWE,RWE00,2023/24,11,0,11
RWE,RWE10,2011/12,0,0,0
RWE,RWE10,2012/13,2,10,0.2
RWE,RWE10,2013/14,2,9,0.22
RWE,RWE10,2014/15,0,26,0
RWE,RWE10,2015/16,1,0,1
RWE,RWE10,2016/17,0,2,0
RWE,RWE10,2017/18,1,1,1
RWE,RWE10,2018/19,4,0,4
RWE,RWE10,2019/20,4,1,4
RWE,RWE10,2021/22,0,0,0
RWE,RWEAA,2008/09,31198,222510,0.14
RWE,RWEAA,2009/10,30620,251283,0.12
RWE,RWEAA,2010/11,29214,259481,0.11
RWE,RWEAA,2011/12,26057,270299,0.1
RWE,RWEAA,2012/13,24843,274206,0.09
RWE,RWEAA,2013/14,24520,279130,0.09
RWE,RWEAA,2014/15,24498,280419,0.09
RWE,RWEAA,2015/16,23203,275748,0.08
RWE,RWEAA,2016/17,20695,266768,0.08
RWE,RWEAA,2017/18,20790,277557,0.07
RWE,RWEAA,2018/19,21191,282521,0.08
RWE,RWEAA,2019/20,18816,291162,0.06
RWE,RWEAA,2020/21,11498,257478,0.04
RWE,RWEAA,2021/22,15302,302460,0.05
RWE,RWEAA,2022/23,19130,334707,0.06
RWE,RWEAA,2023/24,14553,254036,0.06
RWE,RWEAE,2008/09,31418,74355,0.42
RWE,RWEAE,2009/10,29885,77735,0.38
RWE,RWEAE,2010/11,25810,82356,0.31
RWE,RWEAE,2011/12,24959,92529,0.27
RWE,RWEAE,2012/13,19911,96729,0.21
RWE,RWEAE,2013/14,20593,99278,0.21
RWE,RWEAE,2014/15,21777,99189,0.22
RWE,RWEAE,2015/16,22168,97750,0.23
RWE,RWEAE,2016/17,19446,94948,0.2
RWE,RWEAE,2017/18,22218,100319,0.22
RWE,RWEAE,2018/19,22632,103252,0.22
RWE,RWEAE,2019/20,21468,106109,0.2
RWE,RWEAE,2020/21,13462,88694,0.15
RWE,RWEAE,2021/22,15799,108601,0.15
RWE,RWEAE,2022/23,21975,138690,0.16
RWE,RWEAE,2023/24,17518,103128,0.17
RWE,RWEAK,2008/09,30235,111477,0.27
RWE,RWEAK,2009/10,31034,108364,0.29
RWE,RWEAK,2010/11,28419,85327,0.33
RWE,RWEAK,2011/12,27668,40915,0.68
RWE,RWEAK,2012/13,32707,40459,0.81
RWE,RWEAK,2013/14,33457,43721,0.77
RWE,RWEAK,2014/15,32897,45374,0.73
RWE,RWEAK,2015/16,31578,44646,0.71
RWE,RWEAK,2016/17,28460,42650,0.67
RWE,RWEAK,2017/18,27664,45651,0.61
RWE,RWEAK,2018/19,28890,48252,0.6
RWE,RWEAK,2019/20,24702,51462,0.48
RWE,RWEAK,2020/21,13369,45059,0.3
RWE,RWEAK,2021/22,20744,48169,0.43
RWE,RWEAK,2022/23,20849,20024,1.04
RWE,RWEAK,2023/24,11103,8776,1.27
RWE,RWELH,2015/16,5,0,5
RWE,RWELH,2016/17,420,0,420
RWE,RWELH,2017/18,1296,0,1296
RWE,RWELH,2018/19,32,0,32
RWE,RWELH,2019/20,31,0,31
RWE,RWELH,2021/22,3,0,3
RWE,RWELH,2022/23,13,0,13
RWE,RWELH,2023/24,14,0,14
RWE,RWELL,2015/16,162,0,162
RWE,RWELL,2016/17,16,0,16
RWE,RWELL,2017/18,2921,0,2921
RWE,RWELL,2018/19,153,0,153
RWE,RWELL,2019/20,52,0,52
RWE,RWELL,2020/21,18,0,18
RWE,RWELL,2022/23,18,0,18
RWE,RWELL,2023/24,140,0,140
RWE,RWELN,2015/16,2,0,2
RWE,RWELN,2016/17,4,0,4
RWE,RWELN,2017/18,2,0,2
RWE,RWELN,2019/20,2,0,2
RWE,RWELN,2020/21,1,0,1
RWE,RWELN,2021/22,31,0,31
RWE,RWELN,2022/23,5,0,5
RWE,RWELS,2014/15,1,0,1
RWE,RWELS,2015/16,18,0,18
RWE,RWELS,2017/18,172,0,172
RWE,RWELS,2018/19,216,0,216
RWE,RWELS,2019/20,22,0,22
RWE,RWELS,2020/21,16,0,16
RWE,RWELS,2021/22,23,0,23
RWE,RWELS,2022/23,6,0,6
RWE,RWELS,2023/24,4,0,4
RWE,RWENF,2019/20,59,0,59
RWE,RWENF,2020/21,64,0,64
RWE,RWENF,2023/24,5,0,5
RWE,RWESR,2019/20,144,0,144
RWE,RWESR,2020/21,87,2,43.5
RWE,RWESR,2021/22,1,0,1
RWE,RWESR,2023/24,17,0,17
RWE,Z0N2W,2022/23,34,0,34
RWE,Z0N2W,2023/24,18,0,18
RWF,RWF00,2008/09,106,74,1.43
RWF,RWF00,2009/10,88,51,1.73
RWF,RWF00,2017/18,2,2,1
RWF,RWF00,2018/19,66,0,66
RWF,RWF00,2019/20,1322,2,661
RWF,RWF00,2020/21,1774,416,4.26
RWF,RWF00,2021/22,1628,0,1628
RWF,RWF00,2022/23,1486,0,1486
RWF,RWF00,2023/24,1233,0,1233
RWF,RWF01,2008/09,2149,3118,0.69
RWF,RWF01,2009/10,1922,2937,0.65
RWF,RWF01,2010/11,1601,2620,0.61
RWF,RWF01,2015/16,29,0,29
RWF,RWF01,2016/17,15,0,15
RWF,RWF01,2017/18,71,235,0.3
RWF,RWF01,2018/19,34,0,34
RWF,RWF01,2019/20,71,0,71
RWF,RWF01,2020/21,17,360,0.05
RWF,RWF01,2021/22,1,0,1
RWF,RWF02,2008/09,8769,79705,0.11
RWF,RWF02,2009/10,8574,88493,0.1
RWF,RWF02,2010/11,6669,90047,0.07
RWF,RWF02,2011/12,3375,45443,0.07
RWF,RWF02,2014/15,183,0,183
RWF,RWF02,2015/16,426,0,426
RWF,RWF02,2016/17,332,0,332
RWF,RWF03,2008/09,19334,90211,0.21
RWF,RWF03,2009/10,17623,101093,0.17
RWF,RWF03,2010/11,17565,106318,0.17
RWF,RWF03,2011/12,16231,89925,0.18
RWF,RWF03,2012/13,16657,81993,0.2
RWF,RWF03,2013/14,15070,74900,0.2
RWF,RWF03,2014/15,11735,81174,0.14
RWF,RWF03,2015/16,12397,82599,0.15
RWF,RWF03,2016/17,12158,90188,0.13
RWF,RWF03,2017/18,13174,81930,0.16
RWF,RWF03,2018/19,12031,71384,0.17
RWF,RWF03,2019/20,13402,79507,0.17
RWF,RWF03,2020/21,5386,72814,0.07
RWF,RWF03,2021/22,7718,91883,0.08
RWF,RWF03,2022/23,6031,99499,0.06
RWF,RWF03,2023/24,4805,69012,0.07
RWF,RWF05,2017/18,4,1,4
RWF,RWF05,2018/19,4,27,0.15
RWF,RWF08,2016/17,0,6,0
RWF,RWF08,2019/20,98,0,98
RWF,RWF10,2012/13,54,1,54
RWF,RWF10,2013/14,82,203,0.4
RWF,RWF10,2014/15,120,146,0.82
RWF,RWF10,2015/16,431,1029,0.42
RWF,RWF10,2016/17,641,0,641
RWF,RWF10,2017/18,11,0,11
RWF,RWF22,2013/14,115,0,115
RWF,RWF22,2014/15,167,0,167
RWF,RWF22,2015/16,22,0,22
RWF,RWF22,2016/17,21,0,21
RWF,RWF38,2013/14,23,0,23
RWF,RWF38,2014/15,33,0,33
RWF,RWF38,2015/16,54,0,54
RWF,RWF38,2016/17,289,0,289
RWF,RWF38,2017/18,1,0,1
RWF,RWF39,2013/14,72,0,72
RWF,RWF39,2014/15,130,0,130
RWF,RWF39,2015/16,203,0,203
RWF,RWF39,2016/17,209,0,209
RWF,RWF39,2017/18,3,0,3
RWF,RWFTW,2010/11,280,771,0.36
RWF,RWFTW,2011/12,6084,52311,0.12
RWF,RWFTW,2012/13,11546,113389,0.1
RWF,RWFTW,2013/14,10642,116129,0.09
RWF,RWFTW,2014/15,10284,121463,0.08
RWF,RWFTW,2015/16,8602,124324,0.07
RWF,RWFTW,2016/17,8360,142217,0.06
RWF,RWFTW,2017/18,5200,150126,0.03
RWF,RWFTW,2018/19,5109,143537,0.04
RWF,RWFTW,2019/20,5710,139427,0.04
RWF,RWFTW,2020/21,5032,101883,0.05
RWF,RWFTW,2021/22,7950,121545,0.07
RWF,RWFTW,2022/23,8343,131517,0.06
RWF,RWFTW,2023/24,5640,93701,0.06
RWF,RWFWA,2013/14,2,0,2
RWG,RWG00,2021/22,48,5,9.6
RWG,RWG01,2008/09,3,0,3
RWG,RWG01,2009/10,0,0,0
RWG,RWG02,2008/09,13118,85550,0.15
RWG,RWG02,2009/10,17101,134646,0.13
RWG,RWG02,2010/11,15543,147992,0.11
RWG,RWG02,2011/12,15566,158831,0.1
RWG,RWG02,2012/13,14439,179555,0.08
RWG,RWG02,2013/14,14331,182802,0.08
RWG,RWG02,2014/15,14857,186381,0.08
RWG,RWG02,2015/16,15281,190163,0.08
RWG,RWG02,2016/17,13582,200671,0.07
RWG,RWG02,2017/18,11780,203858,0.06
RWG,RWG02,2018/19,13465,202476,0.07
RWG,RWG02,2019/20,12549,206160,0.06
RWG,RWG02,2020/21,4962,170449,0.03
RWG,RWG02,2021/22,9121,193642,0.05
RWG,RWG02,2022/23,9229,218408,0.04
RWG,RWG02,2023/24,6004,161410,0.04
RWG,RWG03,2008/09,7706,21,366.95
RWG,RWG03,2009/10,7454,105,70.99
RWG,RWG03,2010/11,7794,13,599.54
RWG,RWG03,2011/12,6794,49,138.65
RWG,RWG03,2012/13,8371,22,380.5
RWG,RWG03,2013/14,7609,10,760.9
RWG,RWG03,2014/15,7409,14,529.21
RWG,RWG03,2015/16,6083,0,6083
RWG,RWG03,2016/17,6539,4,1634.75
RWG,RWG03,2017/18,5965,9,662.78
RWG,RWG03,2018/19,5814,17,342
RWG,RWG03,2019/20,4862,13,374
RWG,RWG03,2020/21,3851,0,3851
RWG,RWG03,2021/22,4794,2,2397
RWG,RWG03,2022/23,4481,0,4481
RWG,RWG03,2023/24,2518,0,2518
RWG,RWG08,2008/09,4851,50093,0.1
RWG,RWG08,2009/10,92,1180,0.08
RWG,RWG08,2010/11,129,94,1.37
RWG,RWG08,2011/12,138,170,0.81
RWG,RWG08,2012/13,61,10,6.1
RWG,RWG08,2013/14,32,2,16
RWG,RWG08,2014/15,78,0,78
RWG,RWG08,2015/16,135,999,0.14
RWG,RWG08,2016/17,161,0,161
RWG,RWG08,2017/18,112,0,112
RWG,RWG08,2018/19,72,0,72
RWG,RWG08,2019/20,68,0,68
RWG,RWG08,2020/21,21,10,2.1
RWG,RWG08,2021/22,78,363,0.21
RWG,RWG08,2022/23,11,0,11
RWG,RWG08,2023/24,2,0,2
RWH,RWH00,2008/09,0,75,0
RWH,RWH00,2009/10,0,8,0
RWH,RWH00,2010/11,0,9,0
RWH,RWH00,2014/15,5,0,5
RWH,RWH00,2016/17,0,0,0
RWH,RWH00,2017/18,95,0,95
RWH,RWH00,2019/20,1,0,1
RWH,RWH00,2020/21,42,0,42
RWH,RWH00,2021/22,11,0,11
RWH,RWH00,2022/23,25,0,25
RWH,RWH00,2023/24,39,0,39
RWH,RWH01,2008/09,19654,116334,0.17
RWH,RWH01,2009/10,21755,120570,0.18
RWH,RWH01,2010/11,21124,118415,0.18
RWH,RWH01,2011/12,16628,127969,0.13
RWH,RWH01,2012/13,13390,139609,0.1
RWH,RWH01,2013/14,13694,148230,0.09
RWH,RWH01,2014/15,16458,164306,0.1
RWH,RWH01,2015/16,19814,180403,0.11
RWH,RWH01,2016/17,18116,191342,0.09
RWH,RWH01,2017/18,16196,196134,0.08
RWH,RWH01,2018/19,15478,183455,0.08
RWH,RWH01,2019/20,14538,182499,0.08
RWH,RWH01,2020/21,8966,144753,0.06
RWH,RWH01,2021/22,12291,170488,0.07
RWH,RWH01,2022/23,13022,179773,0.07
RWH,RWH01,2023/24,9208,131097,0.07
RWH,RWH04,2008/09,5924,7755,0.76
RWH,RWH04,2009/10,6102,7533,0.81
RWH,RWH04,2010/11,5052,6885,0.73
RWH,RWH04,2011/12,7007,6482,1.08
RWH,RWH04,2012/13,4402,6332,0.7
RWH,RWH04,2013/14,3785,8290,0.46
RWH,RWH04,2014/15,4067,7296,0.56
RWH,RWH04,2015/16,3836,7349,0.52
RWH,RWH04,2016/17,3248,7024,0.46
RWH,RWH04,2017/18,3044,5788,0.53
RWH,RWH04,2018/19,2816,4324,0.65
RWH,RWH04,2019/20,2208,3081,0.72
RWH,RWH04,2020/21,1061,1743,0.61
RWH,RWH04,2021/22,1599,1670,0.96
RWH,RWH04,2022/23,1696,1628,1.04
RWH,RWH04,2023/24,1033,673,1.53
RWH,RWH11,2008/09,0,0,0
RWH,RWH11,2009/10,17,0,17
RWH,RWH11,2010/11,33,0,33
RWH,RWH11,2011/12,0,0,0
RWH,RWH11,2014/15,13,4,3.25
RWH,RWH11,2015/16,16,0,16
RWH,RWH20,2008/09,14729,76450,0.19
RWH,RWH20,2009/10,13430,81022,0.17
RWH,RWH20,2010/11,10912,84042,0.13
RWH,RWH20,2011/12,9194,70006,0.13
RWH,RWH20,2012/13,6550,45255,0.14
RWH,RWH20,2013/14,5009,36605,0.14
RWH,RWH20,2014/15,2110,14938,0.14
RWH,RWH20,2015/16,22,92,0.24
RWH,RWH20,2016/17,62,182,0.34
RWH,RWH20,2017/18,49,93,0.53
RWH,RWH20,2018/19,49,0,49
RWH,RWH20,2019/20,36,1,36
RWH,RWH20,2020/21,7,1,7
RWH,RWH20,2021/22,11,0,11
RWH,RWH20,2022/23,6,0,6
RWH,RWH20,2023/24,108,0,108
RWH,RWHTC,2013/14,1167,0,1167
RWH,RWHTC,2014/15,928,0,928
RWJ,RWJ01,2008/09,31501,179795,0.18
RWJ,RWJ01,2009/10,31707,209851,0.15
RWJ,RWJ01,2010/11,29597,190557,0.16
RWJ,RWJ01,2011/12,30019,185623,0.16
RWJ,RWJ01,2012/13,22447,180845,0.12
RWJ,RWJ01,2013/14,21829,178837,0.12
RWJ,RWJ01,2014/15,10672,96725,0.11
RWJ,RWJ09,2013/14,620,2796,0.22
RWJ,RWJ09,2014/15,9482,91851,0.1
RWJ,RWJ09,2015/16,20105,192056,0.1
RWJ,RWJ09,2016/17,21865,198256,0.11
RWJ,RWJ09,2017/18,18631,193243,0.1
RWJ,RWJ09,2018/19,17188,184988,0.09
RWJ,RWJ09,2019/20,14761,189243,0.08
RWJ,RWJ09,2020/21,5293,155021,0.03
RWJ,RWJ09,2021/22,8811,182426,0.05
RWJ,RWJ09,2022/23,10494,210158,0.05
RWJ,RWJ09,2023/24,7537,150617,0.05
RWJ,RWJ83,2008/09,0,1,0
RWK,RWK00,2008/09,0,4,0
RWK,RWK00,2012/13,78,22,3.55
RWK,RWK00,2017/18,0,1435,0
RWK,RWK00,2018/19,53,0,53
RWK,RWK00,2019/20,0,205,0
RWK,RWK00,2021/22,92,21,4.38
RWK,RWK00,2022/23,674,3323,0.2
RWK,RWK00,2023/24,3273,6421,0.51
RWK,RWK02,2008/09,3571,22282,0.16
RWK,RWK02,2009/10,1777,8000,0.22
RWK,RWK02,2010/11,658,2394,0.27
RWK,RWK02,2011/12,3225,1038,3.11
RWK,RWK02,2013/14,1784,1790,1
RWK,RWK06,2008/09,423,76,5.57
RWK,RWK06,2009/10,2717,1607,1.69
RWK,RWK06,2010/11,2981,4108,0.73
RWK,RWK06,2011/12,5785,1744,3.32
RWK,RWK06,2012/13,4817,2448,1.97
RWK,RWK06,2013/14,3073,2108,1.46
RWK,RWK06,2014/15,1031,3695,0.28
RWK,RWK06,2015/16,3389,700,4.84
RWK,RWK06,2016/17,351,1276,0.28
RWK,RWK06,2017/18,1654,0,1654
RWK,RWK06,2018/19,2098,0,2098
RWK,RWK09,2013/14,2048,1766,1.16
RWK,RWK09,2014/15,1195,0,1195
RWK,RWK09,2015/16,2796,0,2796
RWK,RWK09,2016/17,0,1110,0
RWK,RWK09,2018/19,1768,0,1768
RWK,RWK1R,2015/16,2489,5852,0.43
RWK,RWK1R,2016/17,2849,7405,0.38
RWK,RWK1R,2017/18,2767,2147,1.29
RWK,RWK1R,2018/19,1849,7391,0.25
RWK,RWK1R,2019/20,2612,3689,0.71
RWK,RWK1R,2020/21,1895,3948,0.48
RWK,RWK1R,2021/22,529,4216,0.13
RWK,RWK1R,2022/23,2363,3968,0.6
RWK,RWK1R,2023/24,1966,3947,0.5
RWK,RWK28,2014/15,646,0,646
RWK,RWK28,2015/16,469,8,58.63
RWK,RWK28,2016/17,568,0,568
RWK,RWK28,2017/18,157,757,0.21
RWK,RWK28,2018/19,667,0,667
RWK,RWK28,2019/20,387,69,5.61
RWK,RWK28,2021/22,689,0,689
RWK,RWK2A,2015/16,247,3306,0.07
RWK,RWK2A,2016/17,2653,7046,0.38
RWK,RWK2A,2017/18,2007,6403,0.31
RWK,RWK2A,2018/19,2525,5590,0.45
RWK,RWK2A,2019/20,4293,5826,0.74
RWK,RWK2A,2020/21,3436,5007,0.69
RWK,RWK2A,2021/22,2694,1412,1.91
RWK,RWK2A,2022/23,6978,3656,1.91
RWK,RWK2A,2023/24,3756,2140,1.76
RWK,RWK2G,2015/16,194,991,0.2
RWK,RWK2G,2016/17,69,2025,0.03
RWK,RWK2G,2017/18,567,492,1.15
RWK,RWK2G,2018/19,23,2137,0.01
RWK,RWK2G,2019/20,830,28,29.64
RWK,RWK2K,2015/16,2403,3060,0.79
RWK,RWK2K,2016/17,4266,3969,1.07
RWK,RWK2K,2017/18,3894,3573,1.09
RWK,RWK2K,2018/19,3528,7207,0.49
RWK,RWK2K,2019/20,2884,6799,0.42
RWK,RWK2K,2020/21,2596,3260,0.8
RWK,RWK2K,2021/22,3002,4545,0.66
RWK,RWK2K,2022/23,5196,3484,1.49
RWK,RWK2K,2023/24,4292,3490,1.23
RWK,RWK2M,2015/16,2065,7350,0.28
RWK,RWK2M,2016/17,1241,3554,0.35
RWK,RWK2M,2017/18,128,525,0.24
RWK,RWK2M,2018/19,0,422,0
RWK,RWK2N,2015/16,0,1085,0
RWK,RWK2N,2016/17,914,0,914
RWK,RWK2N,2017/18,0,3090,0
RWK,RWK2V,2015/16,3356,23189,0.14
RWK,RWK2V,2016/17,6062,24733,0.25
RWK,RWK2V,2017/18,7637,18097,0.42
RWK,RWK2V,2018/19,4616,16902,0.27
RWK,RWK2V,2019/20,5414,16894,0.32
RWK,RWK2V,2020/21,6157,16243,0.38
RWK,RWK2V,2021/22,13997,16821,0.83
RWK,RWK2V,2022/23,10546,16534,0.64
RWK,RWK2V,2023/24,7338,14829,0.49
RWK,RWK2W,2015/16,2885,372,7.76
RWK,RWK2W,2016/17,2968,1312,2.26
RWK,RWK39,2008/09,92,37,2.49
RWK,RWK39,2009/10,463,11,42.09
RWK,RWK39,2010/11,442,19,23.26
RWK,RWK39,2011/12,1814,0,1814
RWK,RWK39,2012/13,211,0,211
RWK,RWK46,2008/09,5522,15450,0.36
RWK,RWK46,2009/10,14713,23828,0.62
RWK,RWK46,2010/11,15979,20794,0.77
RWK,RWK46,2011/12,19066,21692,0.88
RWK,RWK46,2012/13,17972,25373,0.71
RWK,RWK46,2013/14,14882,25737,0.58
RWK,RWK46,2014/15,16419,28580,0.57
RWK,RWK46,2015/16,16567,27044,0.61
RWK,RWK46,2016/17,8135,30458,0.27
RWK,RWK46,2017/18,16235,28832,0.56
RWK,RWK46,2018/19,7755,31913,0.24
RWK,RWK46,2019/20,11299,35169,0.32
RWK,RWK46,2020/21,11013,22368,0.49
RWK,RWK46,2021/22,9617,23434,0.41
RWK,RWK46,2022/23,13433,30847,0.44
RWK,RWK46,2023/24,12464,23827,0.52
RWK,RWK60,2008/09,889,0,889
RWK,RWK60,2009/10,3671,452,8.12
RWK,RWK60,2010/11,12238,136,89.99
RWK,RWK60,2011/12,14528,0,14528
RWK,RWK60,2012/13,30555,2715,11.25
RWK,RWK60,2013/14,29635,1071,27.67
RWK,RWK60,2014/15,31948,24,1331.17
RWK,RWK60,2015/16,21933,822,26.68
RWK,RWK60,2016/17,35442,2459,14.41
RWK,RWK60,2017/18,40897,1539,26.57
RWK,RWK60,2018/19,48403,2039,23.74
RWK,RWK60,2019/20,36985,3283,11.27
RWK,RWK60,2020/21,62424,0,62424
RWK,RWK60,2021/22,51700,2802,18.45
RWK,RWK60,2022/23,56458,1238,45.6
RWK,RWK60,2023/24,37725,0,37725
RWK,RWK61,2008/09,2577,15840,0.16
RWK,RWK61,2009/10,9843,22670,0.43
RWK,RWK61,2010/11,13368,24437,0.55
RWK,RWK61,2011/12,15007,25406,0.59
RWK,RWK61,2012/13,19756,22268,0.89
RWK,RWK61,2013/14,17595,20740,0.85
RWK,RWK61,2014/15,18422,20166,0.91
RWK,RWK61,2015/16,17656,21079,0.84
RWK,RWK61,2016/17,18417,24823,0.74
RWK,RWK61,2017/18,18785,23814,0.79
RWK,RWK61,2018/19,18155,28743,0.63
RWK,RWK61,2019/20,17733,29418,0.6
RWK,RWK61,2020/21,16051,22422,0.72
RWK,RWK61,2021/22,7737,20618,0.38
RWK,RWK61,2022/23,13664,21841,0.63
RWK,RWK61,2023/24,12089,22622,0.53
RWK,RWK62,2009/10,4646,35808,0.13
RWK,RWK62,2010/11,3102,37101,0.08
RWK,RWK62,2011/12,14144,24110,0.59
RWK,RWK62,2012/13,16860,22556,0.75
RWK,RWK62,2013/14,14586,25811,0.57
RWK,RWK62,2014/15,13498,23514,0.57
RWK,RWK62,2015/16,10732,20585,0.52
RWK,RWK62,2016/17,9861,22933,0.43
RWK,RWK62,2017/18,10490,23812,0.44
RWK,RWK62,2018/19,7359,21199,0.35
RWK,RWK62,2019/20,10215,25374,0.4
RWK,RWK62,2020/21,7014,21718,0.32
RWK,RWK62,2021/22,7231,23458,0.31
RWK,RWK62,2022/23,7478,27603,0.27
RWK,RWK62,2023/24,5344,23233,0.23
RWK,RWK67,2014/15,14,0,14
RWK,RWK67,2016/17,18,0,18
RWK,RWK67,2020/21,0,337,0
RWK,RWK85,2012/13,1121,0,1121
RWK,RWK85,2013/14,1902,0,1902
RWK,RWK85,2014/15,4746,0,4746
RWK,RWK85,2015/16,19243,438,43.93
RWK,RWK85,2016/17,20505,0,20505
RWK,RWK85,2017/18,8913,2577,3.46
RWK,RWK85,2018/19,18764,0,18764
RWK,RWK85,2019/20,4320,0,4320
RWK,RWK85,2020/21,16216,0,16216
RWK,RWK85,2021/22,4000,0,4000
RWK,RWK85,2022/23,15991,0,15991
RWK,RWK85,2023/24,12388,0,12388
RWK,RWK89,2012/13,257,0,257
RWK,RWK89,2013/14,331,0,331
RWK,RWK89,2014/15,412,0,412
RWK,RWK89,2015/16,626,5,125.2
RWK,RWK89,2016/17,90,2185,0.04
RWK,RWK89,2017/18,6972,1709,4.08
RWK,RWK89,2018/19,2283,0,2283
RWK,RWK89,2019/20,84,0,84
RWK,RWK89,2020/21,3687,174,21.19
RWK,RWK89,2021/22,311,125,2.49
RWK,RWK89,2022/23,1552,2320,0.67
RWK,RWK89,2023/24,1571,3234,0.49
RWN,RWN00,2009/10,0,1065,0
RWN,RWN00,2011/12,0,1339,0
RWN,RWN00,2014/15,0,301,0
RWN,RWN10,2008/09,0,12164,0
RWN,RWN10,2009/10,110,19864,0.01
RWN,RWN10,2010/11,0,21763,0
RWN,RWN10,2011/12,0,23922,0
RWN,RWN10,2012/13,0,24835,0
RWN,RWN10,2013/14,0,28326,0
RWN,RWN10,2014/15,0,10314,0
RWN,RWN10,2015/16,253,16144,0.02
RWN,RWN10,2016/17,259,31698,0.01
RWN,RWN10,2017/18,0,24,0
RWN,RWN20,2008/09,890,1139,0.78
RWN,RWN31,2016/17,0,2682,0
RWN,RWN40,2008/09,58,21139,0
RWN,RWN40,2009/10,63,30577,0
RWN,RWN40,2010/11,162,30169,0.01
RWN,RWN40,2011/12,0,37118,0
RWN,RWN40,2012/13,0,43014,0
RWN,RWN40,2013/14,0,44101,0
RWN,RWN40,2014/15,0,26896,0
RWN,RWN40,2015/16,10,24653,0
RWN,RWN40,2016/17,0,48280,0
RWN,RWN40,2017/18,0,293,0
RWN,RWN4D,2010/11,1271,0,1271
RWN,RWN4J,2010/11,3768,1,3768
RWN,RWN4J,2011/12,2554,662,3.86
RWN,RWN50,2008/09,965,2767,0.35
RWN,RWN50,2009/10,372,7820,0.05
RWN,RWN50,2010/11,441,10596,0.04
RWN,RWN50,2011/12,209,5852,0.04
RWN,RWN50,2012/13,29,9589,0
RWN,RWN50,2013/14,81,10743,0.01
RWN,RWN50,2014/15,0,4068,0
RWN,RWN50,2015/16,0,3402,0
RWN,RWN50,2016/17,0,23707,0
RWN,RWN60,2008/09,0,19,0
RWN,RWN60,2009/10,31,684,0.05
RWN,RWN60,2011/12,0,645,0
RWN,RWN60,2012/13,0,972,0
RWN,RWN65,2008/09,3628,576,6.3
RWN,RWN65,2009/10,2289,1414,1.62
RWN,RWN65,2010/11,1434,3195,0.45
RWN,RWN65,2011/12,691,2818,0.25
RWN,RWN65,2012/13,520,6457,0.08
RWN,RWN65,2013/14,0,5962,0
RWN,RWN65,2014/15,0,4595,0
RWN,RWN65,2015/16,0,5405,0
RWN,RWN65,2016/17,0,9897,0
RWN,RWN6D,2009/10,0,291,0
RWN,RWN6D,2012/13,238,0,238
RWN,RWN6F,2010/11,0,5457,0
RWN,RWN6F,2011/12,0,3345,0
RWN,RWN6J,2010/11,943,584,1.61
RWN,RWN6J,2011/12,631,0,631
RWN,RWN6J,2013/14,0,1358,0
RWN,RWN6K,2010/11,359,9805,0.04
RWN,RWN6K,2011/12,54,9020,0.01
RWN,RWN6K,2012/13,0,343,0
RWN,RWN6M,2009/10,0,70,0
RWN,RWN6M,2010/11,1045,9165,0.11
RWN,RWN6M,2011/12,6258,3473,1.8
RWN,RWN6M,2012/13,1429,502,2.85
RWN,RWN6M,2013/14,1815,1422,1.28
RWN,RWN6P,2011/12,0,1005,0
RWN,RWN6P,2014/15,2191,0,2191
RWN,RWN6T,2011/12,0,1322,0
RWN,RWN70,2008/09,0,84,0
RWN,RWN70,2009/10,0,22,0
RWN,RWN70,2010/11,0,647,0
RWN,RWN70,2014/15,0,99,0
RWN,RWN7A,2010/11,6230,2834,2.2
RWN,RWN7A,2011/12,1649,1416,1.16
RWN,RWN7A,2012/13,264,398,0.66
RWN,RWN7D,2010/11,1680,1373,1.22
RWN,RWN7D,2011/12,2205,4288,0.51
RWN,RWN7D,2012/13,0,514,0
RWN,RWN7E,2011/12,0,141,0
RWN,RWN7G,2011/12,0,556,0
RWN,RWN7G,2012/13,0,105,0
RWN,RWN91,2013/14,0,2390,0
RWN,RWN91,2014/15,0,1705,0
RWN,RWN92,2012/13,286,0,286
RWN,RWN92,2016/17,0,1901,0
RWN,RWNA7,2008/09,0,1932,0
RWN,RWNA7,2009/10,0,524,0
RWN,RWNA7,2011/12,0,1704,0
RWN,RWNA7,2012/13,0,42,0
RWN,RWNB2,2009/10,0,2838,0
RWN,RWNB2,2010/11,0,3801,0
RWN,RWNB2,2011/12,0,2985,0
RWN,RWNB2,2012/13,0,3614,0
RWN,RWNB2,2013/14,0,3700,0
RWN,RWNB2,2014/15,0,1670,0
RWN,RWNB2,2015/16,0,1506,0
RWN,RWNB2,2016/17,0,2428,0
RWN,RWNH0,2009/10,0,461,0
RWN,RWNH0,2010/11,0,375,0
RWN,RWNJ2,2008/09,0,281,0
RWN,RWNJ2,2009/10,510,18,28.33
RWN,RWNJ2,2010/11,1453,0,1453
RWN,RWNJ2,2011/12,389,289,1.35
RWN,RWNJ2,2012/13,731,812,0.9
RWN,RWNJ2,2013/14,521,7,74.43
RWN,RWNJ2,2014/15,0,205,0
RWN,RWNJ2,2015/16,0,21,0
RWN,RWNJ2,2016/17,0,10824,0
RWN,RWNJ3,2009/10,996,492,2.02
RWN,RWNJ3,2010/11,420,133,3.16
RWN,RWNJ3,2011/12,85,105,0.81
RWN,RWNJ3,2012/13,0,2019,0
RWN,RWNJ3,2013/14,0,1305,0
RWN,RWNJ3,2016/17,0,7351,0
RWN,RWNK9,2009/10,0,3163,0
RWN,RWNK9,2010/11,0,5145,0
RWN,RWNK9,2011/12,0,6341,0
RWN,RWNK9,2012/13,0,14118,0
RWN,RWNK9,2013/14,0,17150,0
RWN,RWNK9,2014/15,0,3429,0
RWN,RWNK9,2015/16,0,3126,0
RWN,RWNK9,2016/17,0,33763,0
RWN,RWNL7,2012/13,0,917,0
RWN,RWNL7,2013/14,0,1253,0
RWN,RWNL7,2014/15,0,1448,0
RWN,RWNL8,2012/13,0,1300,0
RWN,RWNL8,2013/14,0,3518,0
RWN,RWNM3,2012/13,187,425,0.44
RWN,RWNM3,2013/14,433,1754,0.25
RWN,RWNM3,2014/15,236,510,0.46
RWN,RWNM4,2011/12,0,95,0
RWN,RWNM4,2012/13,0,6318,0
RWN,RWNM4,2013/14,0,5392,0
RWN,RWNM4,2014/15,0,4703,0
RWN,RWNM5,2011/12,0,339,0
RWN,RWNM5,2012/13,203,13427,0.02
RWN,RWNM5,2013/14,638,15771,0.04
RWN,RWNM5,2014/15,519,15028,0.03
RWN,RWNM7,2010/11,0,456,0
RWN,RWNM7,2011/12,684,6079,0.11
RWN,RWNM7,2012/13,368,13456,0.03
RWN,RWNM7,2013/14,1294,15017,0.09
RWN,RWNM7,2014/15,348,14462,0.02
RWN,RWNM8,2012/13,0,4495,0
RWN,RWNM8,2013/14,0,6851,0
RWN,RWNM8,2014/15,0,4960,0
RWN,RWNN2,2011/12,53,490,0.11
RWN,RWNN2,2012/13,0,4390,0
RWN,RWNN2,2013/14,153,9782,0.02
RWN,RWNN2,2014/15,0,4797,0
RWN,RWNN2,2015/16,0,799,0
RWN,RWNN3,2012/13,0,1927,0
RWN,RWNN4,2012/13,0,4036,0
RWN,RWNN4,2013/14,0,4714,0
RWN,RWNN4,2014/15,0,2796,0
RWN,RWNP3,2014/15,0,533,0
RWN,RWNT1,2012/13,241,7909,0.03
RWN,RWNTH,2012/13,1088,425,2.56
RWP,RWP00,2008/09,738,0,738
RWP,RWP00,2009/10,116,0,116
RWP,RWP00,2010/11,35,0,35
RWP,RWP00,2011/12,4,0,4
RWP,RWP00,2012/13,13,0,13
RWP,RWP00,2013/14,95,0,95
RWP,RWP00,2014/15,694,25,27.76
RWP,RWP00,2015/16,442,138,3.2
RWP,RWP00,2016/17,65,66,0.98
RWP,RWP00,2017/18,410,3,136.67
RWP,RWP00,2019/20,82,13,6.31
RWP,RWP00,2020/21,1787,21,85.1
RWP,RWP00,2021/22,271,29,9.34
RWP,RWP00,2022/23,8,0,8
RWP,RWP00,2023/24,40,0,40
RWP,RWP01,2008/09,15422,83406,0.18
RWP,RWP01,2009/10,15543,89787,0.17
RWP,RWP01,2010/11,16134,87267,0.18
RWP,RWP01,2011/12,15376,88880,0.17
RWP,RWP01,2012/13,15840,94306,0.17
RWP,RWP01,2013/14,13631,92860,0.15
RWP,RWP01,2014/15,11902,93305,0.13
RWP,RWP01,2015/16,11901,95039,0.13
RWP,RWP01,2016/17,11192,88078,0.13
RWP,RWP01,2017/18,11812,85895,0.14
RWP,RWP01,2018/19,11222,91857,0.12
RWP,RWP01,2019/20,10697,101353,0.11
RWP,RWP01,2020/21,1581,64682,0.02
RWP,RWP01,2021/22,8369,71148,0.12
RWP,RWP01,2022/23,8933,79412,0.11
RWP,RWP01,2023/24,7255,56473,0.13
RWP,RWP03,2011/12,55,0,55
RWP,RWP03,2012/13,31,0,31
RWP,RWP03,2013/14,10,0,10
RWP,RWP03,2015/16,3,0,3
RWP,RWP03,2016/17,5,0,5
RWP,RWP03,2017/18,9,0,9
RWP,RWP03,2018/19,1,0,1
RWP,RWP03,2019/20,0,0,0
RWP,RWP03,2020/21,3,0,3
RWP,RWP03,2021/22,11,0,11
RWP,RWP03,2022/23,7,0,7
RWP,RWP03,2023/24,4,0,4
RWP,RWP04,2011/12,9,0,9
RWP,RWP04,2012/13,3,2,1.5
RWP,RWP05,2018/19,1,0,1
RWP,RWP05,2019/20,4,0,4
RWP,RWP05,2020/21,3,7,0.43
RWP,RWP05,2021/22,0,0,0
RWP,RWP05,2022/23,1,0,1
RWP,RWP05,2023/24,4,0,4
RWP,RWP31,2008/09,20,57,0.35
RWP,RWP31,2009/10,39,329,0.12
RWP,RWP31,2010/11,79,413,0.19
RWP,RWP31,2011/12,2176,953,2.28
RWP,RWP31,2012/13,238,3204,0.07
RWP,RWP31,2013/14,375,3049,0.12
RWP,RWP31,2014/15,111,2731,0.04
RWP,RWP31,2015/16,204,3041,0.07
RWP,RWP31,2016/17,4,449,0.01
RWP,RWP31,2017/18,5,0,5
RWP,RWP31,2018/19,16,0,16
RWP,RWP31,2019/20,5,0,5
RWP,RWP31,2020/21,5,0,5
RWP,RWP31,2021/22,24,0,24
RWP,RWP31,2022/23,43,0,43
RWP,RWP31,2023/24,12,0,12
RWP,RWP50,2008/09,21049,129081,0.16
RWP,RWP50,2009/10,20392,144065,0.14
RWP,RWP50,2010/11,22208,142880,0.16
RWP,RWP50,2011/12,18210,127661,0.14
RWP,RWP50,2012/13,14173,127899,0.11
RWP,RWP50,2013/14,15472,131061,0.12
RWP,RWP50,2014/15,15743,134187,0.12
RWP,RWP50,2015/16,13308,142567,0.09
RWP,RWP50,2016/17,11914,140794,0.08
RWP,RWP50,2017/18,11093,141464,0.08
RWP,RWP50,2018/19,10698,147625,0.07
RWP,RWP50,2019/20,11535,148006,0.08
RWP,RWP50,2020/21,5154,124025,0.04
RWP,RWP50,2021/22,6436,145140,0.04
RWP,RWP50,2022/23,6819,162505,0.04
RWP,RWP50,2023/24,5061,125921,0.04
RWP,RWPTC,2008/09,533,13,41
RWP,RWPTC,2009/10,965,0,965
RWP,RWPTC,2010/11,1154,17,67.88
RWP,RWPTC,2011/12,1299,81,16.04
RWP,RWPTC,2012/13,1363,13,104.85
RWP,RWPTC,2013/14,1493,66,22.62
RWP,RWPTC,2014/15,1412,15,94.13
RWPTC,RWPTC,2015/16,1239,6,206.5
RWPTC,RWPTC,2016/17,1167,19,61.42
RWPTC,RWPTC,2017/18,999,34,29.38
RWPTC,RWPTC,2018/19,771,10,77.1
RWPTC,RWPTC,2019/20,604,0,604
RWPTC,RWPTC,2020/21,598,0,598
RWPTC,RWPTC,2021/22,970,1,970
RWPTC,RWPTC,2022/23,976,0,976
RWPTC,RWPTC,2023/24,979,0,979
RWQ,RWQ01,2008/09,1777,6453,0.28
RWQ,RWQ01,2009/10,589,14911,0.04
RWQ,RWQ01,2010/11,0,15479,0
RWQ,RWQ01,2011/12,0,4357,0
RWQ,RWQ11,2008/09,704,3217,0.22
RWQ,RWQ11,2009/10,1049,4618,0.23
RWQ,RWQ11,2010/11,0,6689,0
RWQ,RWQ11,2011/12,0,2079,0
RWQ,RWQ16,2008/09,31,39,0.79
RWQ,RWQ17,2008/09,19,2,9.5
RWQ,RWQ17,2009/10,0,206,0
RWQ,RWQ17,2010/11,0,673,0
RWQ,RWQ19,2008/09,2569,112,22.94
RWQ,RWQ19,2009/10,2159,0,2159
RWQ,RWQ19,2010/11,3555,39,91.15
RWQ,RWQ19,2011/12,852,0,852
RWQ,RWQ20,2008/09,46,73,0.63
RWQ,RWQ20,2009/10,0,399,0
RWQ,RWQ20,2010/11,0,439,0
RWQ,RWQ20,2011/12,0,47,0
RWQ,RWQ24,2008/09,311,0,311
RWQ,RWQ24,2009/10,0,983,0
RWQ,RWQ24,2010/11,0,1150,0
RWQ,RWQ24,2011/12,0,363,0
RWQ,RWQ81,2008/09,2085,148,14.09
RWQ,RWQ81,2009/10,0,3174,0
RWQ,RWQ81,2010/11,0,3512,0
RWQ,RWQ81,2011/12,0,1154,0
RWQ,RWQF9,2008/09,2820,37,76.22
RWQ,RWQF9,2009/10,2755,20,137.75
RWQ,RWQF9,2010/11,2877,0,2877
RWQ,RWQF9,2011/12,763,0,763
RWQ,RWQJ6,2008/09,5002,1924,2.6
RWQ,RWQJ6,2009/10,270,11945,0.02
RWQ,RWQJ6,2010/11,0,11366,0
RWQ,RWQJ6,2011/12,0,4256,0
RWQ,RWQK1,2008/09,580,6480,0.09
RWQ,RWQK1,2009/10,195,11938,0.02
RWQ,RWQK1,2010/11,0,12010,0
RWQ,RWQK1,2011/12,0,2491,0
RWR,RWR00,2008/09,1092,2457,0.44
RWR,RWR00,2009/10,609,5078,0.12
RWR,RWR00,2010/11,0,103,0
RWR,RWR00,2011/12,3449,2436,1.42
RWR,RWR00,2012/13,2964,1649,1.8
RWR,RWR00,2013/14,8338,11519,0.72
RWR,RWR00,2014/15,7954,12339,0.64
RWR,RWR00,2015/16,4760,0,4760
RWR,RWR00,2016/17,7133,2686,2.66
RWR,RWR00,2017/18,3498,0,3498
RWR,RWR00,2018/19,3572,3098,1.15
RWR,RWR02,2009/10,119,0,119
RWR,RWR02,2011/12,0,1686,0
RWR,RWR04,2008/09,0,4,0
RWR,RWR04,2009/10,42,0,42
RWR,RWR04,2010/11,250,1009,0.25
RWR,RWR04,2011/12,192,2019,0.1
RWR,RWR07,2008/09,392,25,15.68
RWR,RWR07,2009/10,368,12,30.67
RWR,RWR08,2009/10,0,98,0
RWR,RWR08,2011/12,938,0,938
RWR,RWR08,2014/15,2,802,0
RWR,RWR08,2015/16,317,0,317
RWR,RWR08,2017/18,945,1421,0.67
RWR,RWR08,2018/19,0,2339,0
RWR,RWR09,2010/11,462,0,462
RWR,RWR09,2011/12,896,0,896
RWR,RWR09,2012/13,674,0,674
RWR,RWR09,2014/15,0,1743,0
RWR,RWR11,2008/09,153,85,1.8
RWR,RWR11,2009/10,109,0,109
RWR,RWR11,2010/11,330,0,330
RWR,RWR12,2008/09,0,1111,0
RWR,RWR12,2009/10,179,459,0.39
RWR,RWR12,2010/11,0,354,0
RWR,RWR13,2008/09,1149,3437,0.33
RWR,RWR13,2009/10,554,5529,0.1
RWR,RWR13,2010/11,792,5346,0.15
RWR,RWR13,2011/12,1262,6140,0.21
RWR,RWR13,2012/13,2443,5986,0.41
RWR,RWR13,2013/14,752,939,0.8
RWR,RWR13,2014/15,486,315,1.54
RWR,RWR13,2015/16,215,1349,0.16
RWR,RWR13,2016/17,218,34,6.41
RWR,RWR13,2017/18,32,277,0.12
RWR,RWR13,2018/19,83,649,0.13
RWR,RWR13,2019/20,1031,18,57.28
RWR,RWR13,2020/21,191,197,0.97
RWR,RWR13,2021/22,252,563,0.45
RWR,RWR13,2022/23,17,76,0.22
RWR,RWR13,2023/24,38,30,1.27
RWR,RWR19,2008/09,0,508,0
RWR,RWR19,2010/11,4,1318,0
RWR,RWR19,2011/12,0,1781,0
RWR,RWR19,2012/13,0,628,0
RWR,RWR19,2013/14,26,109,0.24
RWR,RWR19,2014/15,13,186,0.07
RWR,RWR24,2020/21,0,83,0
RWR,RWR24,2021/22,0,43,0
RWR,RWR24,2022/23,280,0,280
RWR,RWR24,2023/24,0,3881,0
RWR,RWR2E,2009/10,527,334,1.58
RWR,RWR2E,2010/11,1041,1260,0.83
RWR,RWR2E,2011/12,1001,5392,0.19
RWR,RWR2E,2012/13,2264,5256,0.43
RWR,RWR2E,2013/14,0,175,0
RWR,RWR31,2008/09,1239,1074,1.15
RWR,RWR31,2009/10,2005,1434,1.4
RWR,RWR31,2010/11,2305,1878,1.23
RWR,RWR31,2011/12,3095,4101,0.75
RWR,RWR31,2012/13,5414,1861,2.91
RWR,RWR31,2013/14,258,473,0.55
RWR,RWR31,2014/15,564,495,1.14
RWR,RWR31,2015/16,1110,217,5.12
RWR,RWR31,2016/17,43,0,43
RWR,RWR31,2017/18,1426,1710,0.83
RWR,RWR31,2018/19,2503,0,2503
RWR,RWR31,2019/20,3024,0,3024
RWR,RWR31,2020/21,2174,0,2174
RWR,RWR31,2021/22,174,0,174
RWR,RWR31,2023/24,1385,0,1385
RWR,RWR32,2009/10,532,899,0.59
RWR,RWR32,2010/11,2007,614,3.27
RWR,RWR32,2011/12,1088,1428,0.76
RWR,RWR32,2012/13,354,1140,0.31
RWR,RWR32,2013/14,111,112,0.99
RWR,RWR32,2014/15,0,2395,0
RWR,RWR32,2019/20,87,304,0.29
RWR,RWR32,2020/21,209,724,0.29
RWR,RWR32,2021/22,531,882,0.6
RWR,RWR32,2022/23,1648,2893,0.57
RWR,RWR32,2023/24,1429,762,1.88
RWR,RWR35,2010/11,1239,3542,0.35
RWR,RWR35,2011/12,0,617,0
RWR,RWR35,2012/13,0,35,0
RWR,RWR45,2008/09,620,1567,0.4
RWR,RWR45,2009/10,1236,2010,0.61
RWR,RWR45,2010/11,1662,2032,0.82
RWR,RWR45,2011/12,478,1863,0.26
RWR,RWR45,2012/13,387,647,0.6
RWR,RWR45,2013/14,105,105,1
RWR,RWR45,2014/15,300,121,2.48
RWR,RWR45,2015/16,2311,271,8.53
RWR,RWR45,2016/17,663,2073,0.32
RWR,RWR45,2017/18,554,717,0.77
RWR,RWR45,2019/20,1104,2049,0.54
RWR,RWR47,2008/09,1246,1048,1.19
RWR,RWR47,2009/10,1945,2088,0.93
RWR,RWR47,2010/11,1339,3061,0.44
RWR,RWR47,2011/12,2035,2734,0.74
RWR,RWR47,2012/13,1959,1959,1
RWR,RWR47,2013/14,262,758,0.35
RWR,RWR47,2014/15,1011,1325,0.76
RWR,RWR47,2015/16,146,194,0.75
RWR,RWR47,2016/17,0,1098,0
RWR,RWR47,2017/18,89,405,0.22
RWR,RWR47,2018/19,426,1230,0.35
RWR,RWR47,2019/20,1603,473,3.39
RWR,RWR47,2020/21,1803,2133,0.85
RWR,RWR47,2021/22,839,801,1.05
RWR,RWR47,2022/23,1256,2259,0.56
RWR,RWR47,2023/24,1572,3331,0.47
RWR,RWR53,2013/14,806,2211,0.36
RWR,RWR60,2008/09,1078,1215,0.89
RWR,RWR60,2009/10,1057,1624,0.65
RWR,RWR60,2010/11,570,599,0.95
RWR,RWR60,2011/12,2170,1315,1.65
RWR,RWR60,2012/13,1899,1181,1.61
RWR,RWR60,2013/14,81,120,0.68
RWR,RWR60,2014/15,0,1494,0
RWR,RWR60,2016/17,8558,4559,1.88
RWR,RWR60,2017/18,1421,1475,0.96
RWR,RWR60,2018/19,0,1723,0
RWR,RWR60,2019/20,2476,1725,1.44
RWR,RWR62,2008/09,361,320,1.13
RWR,RWR62,2009/10,0,279,0
RWR,RWR62,2010/11,449,0,449
RWR,RWR62,2011/12,888,1012,0.88
RWR,RWR62,2012/13,630,486,1.3
RWR,RWR62,2013/14,21,70,0.3
RWR,RWR62,2014/15,1346,3057,0.44
RWR,RWR62,2015/16,1631,1476,1.11
RWR,RWR62,2016/17,1666,3482,0.48
RWR,RWR62,2017/18,87,232,0.38
RWR,RWR62,2018/19,1192,990,1.2
RWR,RWR62,2019/20,1151,683,1.69
RWR,RWR62,2020/21,0,671,0
RWR,RWR63,2009/10,797,0,797
RWR,RWR63,2010/11,688,597,1.15
RWR,RWR63,2011/12,0,983,0
RWR,RWR63,2014/15,0,889,0
RWR,RWR63,2015/16,0,1111,0
RWR,RWR63,2016/17,869,1244,0.7
RWR,RWR63,2017/18,131,1545,0.08
RWR,RWR63,2018/19,4769,0,4769
RWR,RWR63,2019/20,846,1958,0.43
RWR,RWR63,2020/21,4141,1147,3.61
RWR,RWR63,2021/22,1219,0,1219
RWR,RWR63,2023/24,994,889,1.12
RWR,RWR67,2009/10,112,88,1.27
RWR,RWR67,2010/11,1045,0,1045
RWR,RWR76,2009/10,810,0,810
RWR,RWR76,2010/11,763,248,3.08
RWR,RWR76,2012/13,2742,0,2742
RWR,RWR76,2020/21,0,3661,0
RWR,RWR76,2021/22,583,0,583
RWR,RWR76,2023/24,34,0,34
RWR,RWR77,2010/11,0,709,0
RWR,RWR77,2012/13,276,0,276
RWR,RWR77,2014/15,596,0,596
RWR,RWR77,2015/16,3944,49,80.49
RWR,RWR77,2016/17,619,2342,0.26
RWR,RWR77,2017/18,8370,2751,3.04
RWR,RWR77,2018/19,2466,1974,1.25
RWR,RWR78,2008/09,23,0,23
RWR,RWR78,2009/10,586,0,586
RWR,RWR78,2010/11,275,0,275
RWR,RWR78,2011/12,1258,867,1.45
RWR,RWR78,2012/13,409,388,1.05
RWR,RWR78,2014/15,1562,333,4.69
RWR,RWR78,2015/16,1205,0,1205
RWR,RWR78,2016/17,857,0,857
RWR,RWR78,2017/18,2639,0,2639
RWR,RWR78,2018/19,232,0,232
RWR,RWR78,2019/20,0,9,0
RWR,RWR78,2020/21,357,0,357
RWR,RWR78,2021/22,52,0,52
RWR,RWR79,2010/11,0,651,0
RWR,RWR79,2012/13,940,142,6.62
RWR,RWR79,2014/15,1301,320,4.07
RWR,RWR79,2015/16,0,567,0
RWR,RWR79,2016/17,1574,0,1574
RWR,RWR79,2017/18,2850,1632,1.75
RWR,RWR79,2018/19,227,0,227
RWR,RWR79,2020/21,0,3226,0
RWR,RWR79,2021/22,729,0,729
RWR,RWR96,2008/09,257,139,1.85
RWR,RWR96,2013/14,18,198,0.09
RWR,RWR96,2014/15,4549,2627,1.73
RWR,RWR96,2015/16,3205,1680,1.91
RWR,RWR96,2016/17,1170,558,2.1
RWR,RWR96,2017/18,871,2219,0.39
RWR,RWR96,2018/19,2633,1269,2.07
RWR,RWR96,2019/20,2418,280,8.64
RWR,RWR96,2020/21,2056,0,2056
RWR,RWRA1,2008/09,1418,2306,0.61
RWR,RWRA1,2009/10,1834,3345,0.55
RWR,RWRA1,2010/11,1277,4723,0.27
RWR,RWRA1,2011/12,435,1337,0.33
RWR,RWRA1,2012/13,768,3924,0.2
RWR,RWRA1,2013/14,88,531,0.17
RWR,RWRA1,2014/15,844,274,3.08
RWR,RWRA1,2015/16,0,493,0
RWR,RWRA2,2008/09,473,3838,0.12
RWR,RWRA2,2009/10,732,4567,0.16
RWR,RWRA2,2010/11,818,5465,0.15
RWR,RWRA2,2011/12,505,3191,0.16
RWR,RWRA2,2012/13,277,375,0.74
RWR,RWRA3,2008/09,13,2762,0
RWR,RWRA3,2009/10,367,3386,0.11
RWR,RWRA3,2010/11,584,4423,0.13
RWR,RWRA3,2011/12,447,5358,0.08
RWR,RWRA3,2012/13,977,4624,0.21
RWR,RWRA3,2013/14,186,1861,0.1
RWR,RWRA5,2008/09,512,1369,0.37
RWR,RWRA5,2009/10,574,1259,0.46
RWR,RWRA5,2010/11,333,3116,0.11
RWR,RWRA5,2011/12,586,3350,0.17
RWR,RWRA5,2012/13,401,2906,0.14
RWR,RWRA5,2013/14,55,446,0.12
RWR,RWRA5,2014/15,828,2041,0.41
RWR,RWRA5,2015/16,350,1855,0.19
RWR,RWRA5,2016/17,65,713,0.09
RWR,RWRA5,2017/18,35,881,0.04
RWR,RWRA5,2018/19,62,92,0.67
RWR,RWRA6,2008/09,1031,1151,0.9
RWR,RWRA6,2009/10,392,1977,0.2
RWR,RWRA6,2010/11,458,2044,0.22
RWR,RWRA6,2011/12,757,2330,0.32
RWR,RWRA6,2012/13,450,4095,0.11
RWR,RWRA6,2013/14,73,293,0.25
RWR,RWRA7,2008/09,422,3573,0.12
RWR,RWRA7,2009/10,782,5179,0.15
RWR,RWRA7,2010/11,466,5812,0.08
RWR,RWRA7,2011/12,1522,3290,0.46
RWR,RWRA7,2012/13,533,6281,0.08
RWR,RWRA7,2013/14,159,1669,0.1
RWR,RWRA8,2008/09,1188,3599,0.33
RWR,RWRA8,2009/10,1796,4297,0.42
RWR,RWRA8,2010/11,1651,4219,0.39
RWR,RWRA8,2011/12,2149,4422,0.49
RWR,RWRA8,2012/13,768,4016,0.19
RWR,RWRA8,2013/14,190,1169,0.16
RWR,RWRA9,2008/09,220,464,0.47
RWR,RWRA9,2009/10,549,942,0.58
RWR,RWRA9,2010/11,576,515,1.12
RWR,RWRA9,2011/12,394,853,0.46
RWR,RWRA9,2012/13,259,620,0.42
RWR,RWRA9,2013/14,7,199,0.04
RWR,RWRA9,2020/21,220,0,220
RWR,RWRA9,2021/22,92,62,1.48
RWR,RWRA9,2022/23,391,67,5.84
RWR,RWRA9,2023/24,274,0,274
RWR,RWRF3,2009/10,652,0,652
RWR,RWRF3,2010/11,255,0,255
RWR,RWRF3,2011/12,33,1107,0.03
RWR,RWRF3,2012/13,55,0,55
RWR,RWRF3,2014/15,246,27,9.11
RWR,RWRF3,2015/16,155,65,2.38
RWR,RWRF3,2016/17,679,0,679
RWR,RWRF3,2017/18,2036,28,72.71
RWR,RWRF3,2018/19,0,232,0
RWR,RWRF3,2019/20,43,0,43
RWR,RWRF3,2020/21,0,107,0
RWR,RWRF3,2021/22,1149,0,1149
RWR,RWRF3,2023/24,244,0,244
RWR,RWRG7,2014/15,0,13,0
RWR,RWRG7,2015/16,0,43,0
RWR,RWRG7,2016/17,0,397,0
RWR,RWRG7,2017/18,128,269,0.48
RWR,RWRG7,2019/20,77,0,77
RWR,RWRG7,2020/21,0,899,0
RWR,RWRG7,2021/22,110,636,0.17
RWR,RWRG7,2022/23,160,92,1.74
RWR,RWRG7,2023/24,0,553,0
RWR,RWRG9,2012/13,376,0,376
RWR,RWRG9,2013/14,0,0,0
RWR,RWRG9,2014/15,0,1019,0
RWR,RWRG9,2015/16,0,3147,0
RWR,RWRG9,2017/18,1968,0,1968
RWR,RWRG9,2021/22,34,0,34
RWR,RWRG9,2023/24,656,0,656
RWR,RWRP2,2014/15,385,825,0.47
RWR,RWRP2,2015/16,158,2973,0.05
RWR,RWRP2,2016/17,1164,898,1.3
RWR,RWRP2,2018/19,73,47,1.55
RWR,RWRP2,2019/20,301,535,0.56
RWR,RWRP2,2020/21,0,815,0
RWR,RWRPS,2014/15,739,3155,0.23
RWR,RWRPS,2015/16,3446,6102,0.56
RWR,RWRPS,2016/17,7244,8619,0.84
RWR,RWRPS,2017/18,9275,9351,0.99
RWR,RWRPS,2018/19,7617,3698,2.06
RWR,RWRPS,2019/20,5609,4939,1.14
RWR,RWRPS,2020/21,8614,2193,3.93
RWR,RWRPS,2021/22,9144,1876,4.87
RWR,RWRPS,2022/23,7137,401,17.8
RWR,RWRPS,2023/24,4437,607,7.31
RWR,RWRR0,2020/21,149,0,149
RWR,RWRR0,2021/22,877,0,877
RWR,RWRR0,2022/23,139,0,139
RWR,RWRR0,2023/24,0,294,0
RWV,RWV00,2013/14,11,66,0.17
RWV,RWV00,2014/15,0,244,0
RWV,RWV00,2015/16,0,34,0
RWV,RWV00,2016/17,0,11,0
RWV,RWV04,2011/12,2408,556,4.33
RWV,RWV04,2012/13,1825,494,3.69
RWV,RWV04,2013/14,746,0,746
RWV,RWV04,2014/15,1712,293,5.84
RWV,RWV04,2015/16,1102,70,15.74
RWV,RWV04,2016/17,543,451,1.2
RWV,RWV04,2017/18,0,364,0
RWV,RWV05,2008/09,2108,13,162.15
RWV,RWV05,2009/10,3295,20,164.75
RWV,RWV05,2010/11,327,54,6.06
RWV,RWV05,2011/12,1479,1245,1.19
RWV,RWV12,2008/09,2718,7959,0.34
RWV,RWV12,2009/10,3941,10027,0.39
RWV,RWV12,2010/11,359,1955,0.18
RWV,RWV12,2011/12,4043,8289,0.49
RWV,RWV12,2012/13,3946,11672,0.34
RWV,RWV12,2013/14,3788,13422,0.28
RWV,RWV12,2014/15,3297,15099,0.22
RWV,RWV12,2015/16,1238,10594,0.12
RWV,RWV12,2016/17,618,14296,0.04
RWV,RWV12,2017/18,961,16110,0.06
RWV,RWV12,2018/19,3,210,0.01
RWV,RWV13,2008/09,306,154,1.99
RWV,RWV14,2008/09,44,1334,0.03
RWV,RWV14,2009/10,546,1751,0.31
RWV,RWV14,2010/11,300,1684,0.18
RWV,RWV14,2011/12,1604,1821,0.88
RWV,RWV18,2008/09,196,945,0.21
RWV,RWV18,2009/10,0,253,0
RWV,RWV36,2008/09,683,541,1.26
RWV,RWV36,2009/10,236,575,0.41
RWV,RWV36,2010/11,344,0,344
RWV,RWV36,2011/12,67,123,0.54
RWV,RWV38,2008/09,0,11,0
RWV,RWV38,2009/10,0,122,0
RWV,RWV52,2008/09,2205,449,4.91
RWV,RWV52,2009/10,3678,1489,2.47
RWV,RWV52,2010/11,3394,364,9.32
RWV,RWV52,2011/12,2148,874,2.46
RWV,RWV52,2012/13,0,211,0
RWV,RWV55,2008/09,458,2295,0.2
RWV,RWV55,2009/10,198,3471,0.06
RWV,RWV55,2010/11,369,4155,0.09
RWV,RWV55,2011/12,5334,7448,0.72
RWV,RWV55,2012/13,5185,7447,0.7
RWV,RWV55,2013/14,3641,7441,0.49
RWV,RWV55,2014/15,3597,7451,0.48
RWV,RWV55,2015/16,1186,4955,0.24
RWV,RWV55,2016/17,430,9590,0.04
RWV,RWV55,2017/18,375,10871,0.03
RWV,RWV55,2018/19,0,21,0
RWV,RWV62,2008/09,2656,64,41.5
RWV,RWV62,2009/10,3850,463,8.32
RWV,RWV62,2010/11,2312,0,2312
RWV,RWV62,2011/12,12949,6712,1.93
RWV,RWV62,2012/13,13019,7652,1.7
RWV,RWV62,2013/14,10025,9462,1.06
RWV,RWV62,2014/15,9737,10525,0.93
RWV,RWV62,2015/16,4492,11542,0.39
RWV,RWV62,2016/17,6893,13483,0.51
RWV,RWV62,2017/18,5546,12271,0.45
RWV,RWV62,2018/19,103,102,1.01
RWV,RWV67,2008/09,393,157,2.5
RWV,RWV67,2009/10,418,300,1.39
RWV,RWV67,2010/11,279,0,279
RWV,RWV70,2008/09,361,0,361
RWV,RWV70,2009/10,1182,0,1182
RWV,RWV70,2010/11,2770,0,2770
RWV,RWV70,2011/12,8836,748,11.81
RWV,RWV70,2012/13,14109,0,14109
RWV,RWV70,2013/14,10687,0,10687
RWV,RWV70,2014/15,17581,449,39.16
RWV,RWV70,2015/16,17024,443,38.43
RWV,RWV70,2016/17,21132,4258,4.96
RWV,RWV70,2017/18,18188,1503,12.1
RWV,RWV88,2008/09,1223,1617,0.76
RWV,RWV88,2009/10,115,748,0.15
RWV,RWV88,2011/12,2459,1446,1.7
RWV,RWV88,2012/13,567,0,567
RWV,RWV90,2008/09,5,0,5
RWV,RWV93,2008/09,5342,5050,1.06
RWV,RWV93,2009/10,8471,6249,1.36
RWV,RWV93,2010/11,4913,5605,0.88
RWV,RWV93,2011/12,744,251,2.96
RWV,RWV94,2008/09,383,0,383
RWV,RWV94,2009/10,481,110,4.37
RWV,RWV94,2010/11,0,326,0
RWV,RWV98,2008/09,4006,1784,2.25
RWV,RWV98,2009/10,4920,3471,1.42
RWV,RWV98,2010/11,2101,1483,1.42
RWV,RWV98,2011/12,499,285,1.75
RWV,RWV98,2012/13,4236,4486,0.94
RWV,RWV98,2013/14,4769,5659,0.84
RWV,RWV98,2014/15,5253,4772,1.1
RWV,RWV98,2015/16,2006,1387,1.45
RWV,RWV98,2016/17,1211,8323,0.15
RWV,RWV98,2017/18,912,8828,0.1
RWV,RWV98,2018/19,0,24,0
RWW,RWW00,2009/10,56,0,56
RWW,RWW00,2010/11,58,0,58
RWW,RWW00,2011/12,760,0,760
RWW,RWW00,2012/13,454,0,454
RWW,RWW00,2013/14,0,0,0
RWW,RWW00,2014/15,0,7,0
RWW,RWW00,2015/16,0,21,0
RWW,RWW00,2016/17,136,0,136
RWW,RWW00,2017/18,15,0,15
RWW,RWW00,2019/20,0,0,0
RWW,RWW00,2020/21,207,0,207
RWW,RWWHG,2008/09,2975,406,7.33
RWW,RWWHG,2009/10,2417,140,17.26
RWW,RWWHG,2010/11,2383,143,16.66
RWW,RWWHG,2011/12,2703,166,16.28
RWW,RWWHG,2012/13,3374,201,16.79
RWW,RWWHG,2013/14,8141,12,678.42
RWW,RWWHG,2014/15,6280,29,216.55
RWW,RWWHG,2015/16,5925,49,120.92
RWW,RWWHG,2016/17,5792,53,109.28
RWW,RWWHG,2017/18,5234,16,327.13
RWW,RWWHG,2018/19,4654,255,18.25
RWW,RWWHG,2019/20,3814,6,635.67
RWW,RWWHG,2020/21,1424,94,15.15
RWW,RWWHG,2021/22,3853,597,6.45
RWW,RWWHG,2022/23,2997,380,7.89
RWW,RWWHG,2023/24,2314,181,12.78
RWW,RWWWH,2008/09,16838,148923,0.11
RWW,RWWWH,2009/10,17723,157862,0.11
RWW,RWWWH,2010/11,15600,154153,0.1
RWW,RWWWH,2011/12,15980,160095,0.1
RWW,RWWWH,2012/13,15548,162353,0.1
RWW,RWWWH,2013/14,10011,155439,0.06
RWW,RWWWH,2014/15,8361,152260,0.05
RWW,RWWWH,2015/16,8511,157264,0.05
RWW,RWWWH,2016/17,8106,164306,0.05
RWW,RWWWH,2017/18,7532,158654,0.05
RWW,RWWWH,2018/19,6881,162534,0.04
RWW,RWWWH,2019/20,6617,159187,0.04
RWW,RWWWH,2020/21,3008,143197,0.02
RWW,RWWWH,2021/22,5703,162701,0.04
RWW,RWWWH,2022/23,4188,178659,0.02
RWW,RWWWH,2023/24,3054,130638,0.02
RWX,RWX00,2008/09,6175,13318,0.46
RWX,RWX00,2009/10,486,2087,0.23
RWX,RWX00,2011/12,1887,21,89.86
RWX,RWX00,2012/13,3439,612,5.62
RWX,RWX00,2013/14,507,3,169
RWX,RWX00,2014/15,7688,41901,0.18
RWX,RWX00,2015/16,424,57,7.44
RWX,RWX00,2016/17,745,968,0.77
RWX,RWX00,2017/18,1041,564,1.85
RWX,RWX00,2018/19,1062,694,1.53
RWX,RWX00,2019/20,1301,1026,1.27
RWX,RWX00,2020/21,0,0,0
RWX,RWX00,2022/23,97,952,0.1
RWX,RWX51,2009/10,6993,24875,0.28
RWX,RWX51,2010/11,8979,29291,0.31
RWX,RWX51,2011/12,11128,22880,0.49
RWX,RWX51,2012/13,7208,18484,0.39
RWX,RWX51,2013/14,3583,18575,0.19
RWX,RWX51,2014/15,0,948,0
RWX,RWX51,2015/16,14066,48756,0.29
RWX,RWX51,2016/17,10693,49936,0.21
RWX,RWX51,2017/18,11658,40954,0.28
RWX,RWX51,2018/19,9427,38529,0.24
RWX,RWX51,2019/20,15200,38357,0.4
RWX,RWX51,2020/21,9757,34154,0.29
RWX,RWX51,2021/22,11708,25823,0.45
RWX,RWX51,2022/23,18631,19760,0.94
RWX,RWX51,2023/24,12550,19309,0.65
RWX,RWX54,2009/10,497,152,3.27
RWX,RWX54,2010/11,1072,248,4.32
RWX,RWX54,2011/12,1444,0,1444
RWX,RWX54,2012/13,1288,525,2.45
RWX,RWX54,2013/14,1079,132,8.17
RWX,RWX54,2015/16,1016,392,2.59
RWX,RWX54,2016/17,880,0,880
RWX,RWX54,2017/18,0,679,0
RWX,RWX70,2009/10,1633,0,1633
RWX,RWX70,2010/11,1380,0,1380
RWX,RWX70,2011/12,6184,695,8.9
RWX,RWX70,2012/13,7565,580,13.04
RWX,RWX70,2013/14,1881,68,27.66
RWX,RWX70,2015/16,8161,975,8.37
RWX,RWX70,2016/17,8698,725,12
RWX,RWX70,2017/18,9272,865,10.72
RWX,RWX70,2018/19,9214,1016,9.07
RWX,RWX70,2019/20,9481,946,10.02
RWX,RWX70,2020/21,9696,975,9.94
RWX,RWX70,2021/22,10473,613,17.08
RWX,RWX70,2022/23,11839,186,63.65
RWX,RWX70,2023/24,8332,117,71.21
RWX,RWX74,2011/12,0,0,0
RWX,RWX74,2013/14,0,0,0
RWX,RWX79,2008/09,1169,9095,0.13
RWX,RWX79,2009/10,901,12908,0.07
RWX,RWX79,2010/11,1703,13186,0.13
RWX,RWX79,2011/12,702,6021,0.12
RWX,RWX79,2012/13,99,6407,0.02
RWX,RWX79,2013/14,258,5833,0.04
RWX,RWX79,2014/15,0,247,0
RWX,RWX84,2008/09,1212,1995,0.61
RWX,RWX84,2009/10,2285,1550,1.47
RWX,RWX84,2010/11,2534,2107,1.2
RWX,RWX84,2011/12,4035,947,4.26
RWX,RWX84,2012/13,3099,2350,1.32
RWX,RWX84,2013/14,1139,1450,0.79
RWX,RWX84,2015/16,100,635,0.16
RWX,RWX84,2016/17,1203,533,2.26
RWX,RWX84,2017/18,1642,557,2.95
RWX,RWX84,2018/19,1149,144,7.98
RWX,RWX84,2019/20,1202,253,4.75
RWX,RWX84,2020/21,1299,195,6.66
RWX,RWX84,2021/22,2213,187,11.83
RWX,RWX84,2022/23,2240,299,7.49
RWX,RWX84,2023/24,1974,53,37.25
RWX,RWX85,2011/12,2768,105,26.36
RWX,RWX85,2012/13,1046,74,14.14
RWX,RWX85,2015/16,82,64,1.28
RWX,RWX85,2016/17,307,74,4.15
RWX,RWX85,2017/18,408,174,2.34
RWX,RWX85,2018/19,752,63,11.94
RWX,RWX85,2019/20,2432,90,27.02
RWX,RWX85,2020/21,1497,57,26.26
RWX,RWX85,2021/22,2860,44,65
RWX,RWX85,2022/23,2685,135,19.89
RWX,RWX85,2023/24,2557,21,121.76
RWX,RWX86,2011/12,9115,2013,4.53
RWX,RWX86,2012/13,10925,930,11.75
RWX,RWX86,2013/14,824,67,12.3
RWX,RWX86,2015/16,12880,1798,7.16
RWX,RWX86,2016/17,14465,1683,8.59
RWX,RWX86,2017/18,11696,899,13.01
RWX,RWX86,2018/19,9164,1056,8.68
RWX,RWX86,2019/20,9580,1028,9.32
RWX,RWX86,2020/21,8752,1052,8.32
RWX,RWX86,2021/22,8860,997,8.89
RWX,RWX86,2022/23,9545,1130,8.45
RWX,RWX86,2023/24,6758,735,9.19
RWX,RWX87,2008/09,31,4132,0.01
RWX,RWX87,2009/10,0,6395,0
RWX,RWX87,2010/11,583,8175,0.07
RWX,RWX87,2011/12,337,6296,0.05
RWX,RWX87,2012/13,709,4411,0.16
RWX,RWX87,2013/14,97,548,0.18
RWX,RWX91,2010/11,2649,0,2649
RWX,RWXPJ,2016/17,833,0,833
RWY,RWY00,2011/12,0,0,0
RWY,RWY00,2016/17,0,4,0
RWY,RWY00,2017/18,0,736,0
RWY,RWY00,2018/19,1,354,0
RWY,RWY00,2019/20,0,9,0
RWY,RWY00,2020/21,13,0,13
RWY,RWY00,2021/22,0,0,0
RWY,RWY00,2022/23,0,10,0
RWY,RWY00,2023/24,0,108,0
RWY,RWY01,2008/09,11599,118588,0.1
RWY,RWY01,2009/10,11714,129095,0.09
RWY,RWY01,2010/11,12906,117365,0.11
RWY,RWY01,2011/12,11858,107019,0.11
RWY,RWY01,2012/13,12132,107210,0.11
RWY,RWY01,2013/14,11283,110658,0.1
RWY,RWY01,2014/15,9698,105903,0.09
RWY,RWY01,2015/16,9999,110354,0.09
RWY,RWY01,2016/17,9859,113275,0.09
RWY,RWY01,2017/18,7138,120329,0.06
RWY,RWY01,2018/19,6734,123925,0.05
RWY,RWY01,2019/20,6051,118181,0.05
RWY,RWY01,2020/21,4014,95586,0.04
RWY,RWY01,2021/22,6304,105488,0.06
RWY,RWY01,2022/23,5116,118697,0.04
RWY,RWY01,2023/24,3339,87289,0.04
RWY,RWY02,2008/09,16258,92431,0.18
RWY,RWY02,2009/10,17032,98813,0.17
RWY,RWY02,2010/11,16605,99529,0.17
RWY,RWY02,2011/12,14500,88469,0.16
RWY,RWY02,2012/13,12913,94533,0.14
RWY,RWY02,2013/14,13164,94617,0.14
RWY,RWY02,2014/15,12646,93373,0.14
RWY,RWY02,2015/16,11863,100419,0.12
RWY,RWY02,2016/17,10118,103856,0.1
RWY,RWY02,2017/18,7124,95491,0.07
RWY,RWY02,2018/19,6506,81289,0.08
RWY,RWY02,2019/20,6428,84994,0.08
RWY,RWY02,2020/21,732,60722,0.01
RWY,RWY02,2021/22,3166,79374,0.04
RWY,RWY02,2022/23,3938,88914,0.04
RWY,RWY02,2023/24,2747,70306,0.04
RWY,RWYA4,2020/21,2,0,2
RWY,RWYA4,2021/22,193,0,193
RWY,RWYA4,2022/23,69,0,69
RWY,RWYA4,2023/24,1,0,1
RWY,U7K2Z,2022/23,1374,0,1374
RWY,U7K2Z,2023/24,823,0,823
RWY,V9Z9K,2021/22,108,0,108
RWY,V9Z9K,2022/23,58,0,58
RWY,V9Z9K,2023/24,5,0,5
RX1,P2L3L,2023/24,171,12,14.25
RX1,RX100,2018/19,25,550,0.05
RX1,RX100,2019/20,92,1878,0.05
RX1,RX100,2020/21,70,1974,0.04
RX1,RX100,2021/22,171,1886,0.09
RX1,RX100,2022/23,5,97,0.05
RX1,RX1BC,2008/09,6,10,0.6
RX1,RX1BC,2009/10,10,18,0.56
RX1,RX1BC,2010/11,2,4,0.5
RX1,RX1BC,2011/12,5,1,5
RX1,RX1BC,2012/13,2,22,0.09
RX1,RX1BC,2013/14,11,22,0.5
RX1,RX1BC,2014/15,11,9,1.22
RX1,RX1BC,2015/16,68,366,0.19
RX1,RX1BC,2016/17,9,24,0.38
RX1,RX1BC,2017/18,0,45,0
RX1,RX1BC,2018/19,3,0,3
RX1,RX1BC,2019/20,11,51,0.22
RX1,RX1CC,2008/09,51629,134832,0.38
RX1,RX1CC,2009/10,50260,144949,0.35
RX1,RX1CC,2010/11,50603,140421,0.36
RX1,RX1CC,2011/12,46756,101660,0.46
RX1,RX1CC,2012/13,46964,141711,0.33
RX1,RX1CC,2013/14,46063,105034,0.44
RX1,RX1CC,2014/15,46542,109243,0.43
RX1,RX1CC,2015/16,47780,117318,0.41
RX1,RX1CC,2016/17,43892,118531,0.37
RX1,RX1CC,2017/18,45289,120875,0.37
RX1,RX1CC,2018/19,45766,117320,0.39
RX1,RX1CC,2019/20,42779,125086,0.34
RX1,RX1CC,2020/21,25384,98740,0.26
RX1,RX1CC,2021/22,31913,113494,0.28
RX1,RX1CC,2022/23,39824,122798,0.32
RX1,RX1CC,2023/24,28622,91643,0.31
RX1,RX1LK,2008/09,2184,0,2184
RX1,RX1LK,2009/10,1848,0,1848
RX1,RX1LK,2010/11,1863,0,1863
RX1,RX1LK,2011/12,1933,0,1933
RX1,RX1PH,2022/23,154,0,154
RX1,RX1PH,2023/24,171,0,171
RX1,RX1RA,2008/09,42411,224853,0.19
RX1,RX1RA,2009/10,40423,249878,0.16
RX1,RX1RA,2010/11,41377,253242,0.16
RX1,RX1RA,2011/12,32118,259432,0.12
RX1,RX1RA,2012/13,30212,262110,0.12
RX1,RX1RA,2013/14,31025,292664,0.11
RX1,RX1RA,2014/15,32899,326227,0.1
RX1,RX1RA,2015/16,34730,309468,0.11
RX1,RX1RA,2016/17,34445,316654,0.11
RX1,RX1RA,2017/18,34764,307390,0.11
RX1,RX1RA,2018/19,33895,304731,0.11
RX1,RX1RA,2019/20,33403,327131,0.1
RX1,RX1RA,2020/21,23952,266074,0.09
RX1,RX1RA,2021/22,29531,319916,0.09
RX1,RX1RA,2022/23,33196,356402,0.09
RX1,RX1RA,2023/24,23263,263001,0.09
RX1,RX1SP,2021/22,33,0,33
RX1,RX1SP,2022/23,1,0,1
RX1,RX1ZZ,2019/20,331,0,331
RX1,RX1ZZ,2020/21,624,10,62.4
RX1,RX1ZZ,2021/22,2313,42,55.07
RX1,RX1ZZ,2022/23,1563,21,74.43
RX1,RX1ZZ,2023/24,937,93,10.08
RX1,S5K0J,2022/23,43,0,43
RX1,S5K0J,2023/24,124,0,124
RX1,T7Z3G,2022/23,108,0,108
RX1,T7Z3G,2023/24,4,0,4
RX2,RX200,2008/09,73,0,73
RX2,RX200,2015/16,35660,65496,0.54
RX2,RX200,2016/17,22601,18135,1.25
RX2,RX200,2017/18,30068,53397,0.56
RX2,RX200,2018/19,29011,39212,0.74
RX2,RX200,2019/20,28280,59839,0.47
RX2,RX200,2020/21,39590,36034,1.1
RX2,RX200,2021/22,28900,38311,0.75
RX2,RX200,2022/23,35617,33399,1.07
RX2,RX200,2023/24,7163,49,146.18
RX2,RX202,2008/09,281,14,20.07
RX2,RX202,2009/10,906,0,906
RX2,RX202,2010/11,1599,0,1599
RX2,RX202,2012/13,4794,0,4794
RX2,RX202,2020/21,25,0,25
RX2,RX202,2023/24,0,761,0
RX2,RX204,2008/09,4,225,0.02
RX2,RX204,2009/10,0,5,0
RX2,RX204,2011/12,840,13,64.62
RX2,RX204,2012/13,2475,3,825
RX2,RX204,2013/14,1115,60,18.58
RX2,RX204,2014/15,1727,0,1727
RX2,RX20D,2009/10,1943,1640,1.18
RX2,RX20D,2010/11,3236,360,8.99
RX2,RX20D,2011/12,0,3832,0
RX2,RX20D,2012/13,0,6775,0
RX2,RX20D,2013/14,0,7004,0
RX2,RX20D,2014/15,0,4111,0
RX2,RX20D,2016/17,145,0,145
RX2,RX20E,2009/10,340,7812,0.04
RX2,RX20E,2010/11,811,5084,0.16
RX2,RX20E,2011/12,0,7225,0
RX2,RX20E,2012/13,0,6897,0
RX2,RX20E,2013/14,0,1276,0
RX2,RX20F,2014/15,0,1043,0
RX2,RX20F,2016/17,362,101,3.58
RX2,RX20F,2017/18,191,118,1.62
RX2,RX20F,2018/19,26,168,0.15
RX2,RX20G,2009/10,2352,1029,2.29
RX2,RX20G,2010/11,2951,37,79.76
RX2,RX20G,2011/12,3378,10,337.8
RX2,RX20G,2012/13,3079,0,3079
RX2,RX20G,2013/14,2681,0,2681
RX2,RX20G,2014/15,3400,0,3400
RX2,RX20K,2009/10,435,2427,0.18
RX2,RX20K,2010/11,265,4284,0.06
RX2,RX20K,2011/12,0,1017,0
RX2,RX20K,2012/13,218,2406,0.09
RX2,RX20K,2013/14,0,4646,0
RX2,RX20K,2014/15,0,3883,0
RX2,RX20K,2016/17,358,389,0.92
RX2,RX20K,2020/21,0,46,0
RX2,RX20K,2021/22,117,0,117
RX2,RX20L,2009/10,361,5656,0.06
RX2,RX20L,2010/11,154,3834,0.04
RX2,RX20L,2011/12,0,4713,0
RX2,RX20L,2012/13,81,6604,0.01
RX2,RX20L,2013/14,103,5600,0.02
RX2,RX20L,2014/15,7,3967,0
RX2,RX20L,2016/17,95,896,0.11
RX2,RX20L,2017/18,0,641,0
RX2,RX20L,2018/19,0,212,0
RX2,RX20L,2019/20,191,810,0.24
RX2,RX20L,2020/21,195,223,0.87
RX2,RX20L,2021/22,90,192,0.47
RX2,RX20L,2022/23,666,223,2.99
RX2,RX213,2008/09,1389,12293,0.11
RX2,RX213,2009/10,344,14990,0.02
RX2,RX213,2010/11,348,11409,0.03
RX2,RX213,2011/12,476,6269,0.08
RX2,RX213,2012/13,54,4972,0.01
RX2,RX213,2013/14,24,3008,0.01
RX2,RX213,2014/15,0,2317,0
RX2,RX213,2016/17,1721,1113,1.55
RX2,RX213,2017/18,4698,6162,0.76
RX2,RX213,2018/19,5449,7508,0.73
RX2,RX213,2019/20,6529,4487,1.46
RX2,RX213,2020/21,5016,2833,1.77
RX2,RX213,2021/22,5009,2186,2.29
RX2,RX213,2022/23,3863,3147,1.23
RX2,RX213,2023/24,14109,7316,1.93
RX2,RX214,2008/09,355,7813,0.05
RX2,RX214,2009/10,0,258,0
RX2,RX214,2020/21,124,0,124
RX2,RX214,2021/22,0,24,0
RX2,RX214,2022/23,302,0,302
RX2,RX214,2023/24,1226,1442,0.85
RX2,RX225,2008/09,53,0,53
RX2,RX225,2009/10,790,33,23.94
RX2,RX225,2010/11,371,300,1.24
RX2,RX225,2012/13,6379,0,6379
RX2,RX225,2013/14,2039,0,2039
RX2,RX229,2008/09,956,80,11.95
RX2,RX229,2009/10,991,299,3.31
RX2,RX229,2010/11,1261,15,84.07
RX2,RX229,2011/12,1034,9,114.89
RX2,RX229,2012/13,232,74,3.14
RX2,RX230,2010/11,3,0,3
RX2,RX232,2008/09,1643,0,1643
RX2,RX232,2009/10,1332,0,1332
RX2,RX232,2010/11,788,49,16.08
RX2,RX232,2011/12,3585,521,6.88
RX2,RX232,2012/13,1627,1372,1.19
RX2,RX232,2013/14,1011,106,9.54
RX2,RX232,2014/15,1071,970,1.1
RX2,RX232,2016/17,831,572,1.45
RX2,RX232,2017/18,2686,1274,2.11
RX2,RX232,2018/19,1370,0,1370
RX2,RX232,2019/20,944,0,944
RX2,RX232,2020/21,1003,331,3.03
RX2,RX232,2021/22,851,0,851
RX2,RX232,2022/23,927,0,927
RX2,RX232,2023/24,246,0,246
RX2,RX233,2009/10,2779,766,3.63
RX2,RX233,2010/11,1602,2522,0.64
RX2,RX233,2011/12,0,4219,0
RX2,RX233,2012/13,0,4071,0
RX2,RX233,2013/14,0,5878,0
RX2,RX233,2014/15,0,5660,0
RX2,RX233,2015/16,17,45,0.38
RX2,RX233,2016/17,213,46,4.63
RX2,RX234,2008/09,496,2577,0.19
RX2,RX234,2009/10,0,211,0
RX2,RX235,2009/10,1633,0,1633
RX2,RX235,2010/11,1989,0,1989
RX2,RX235,2011/12,735,0,735
RX2,RX235,2012/13,1553,0,1553
RX2,RX235,2013/14,832,0,832
RX2,RX236,2008/09,662,6469,0.1
RX2,RX236,2009/10,7256,7350,0.99
RX2,RX236,2010/11,8863,9106,0.97
RX2,RX236,2011/12,1137,10044,0.11
RX2,RX236,2012/13,6337,12753,0.5
RX2,RX236,2013/14,7645,10035,0.76
RX2,RX236,2014/15,3434,10458,0.33
RX2,RX236,2016/17,318,4501,0.07
RX2,RX236,2017/18,944,4378,0.22
RX2,RX236,2018/19,2153,3524,0.61
RX2,RX236,2019/20,3554,5447,0.65
RX2,RX236,2020/21,4380,3029,1.45
RX2,RX236,2021/22,2204,4175,0.53
RX2,RX236,2022/23,3007,3844,0.78
RX2,RX236,2023/24,8543,3030,2.82
RX2,RX237,2008/09,273,619,0.44
RX2,RX237,2009/10,853,597,1.43
RX2,RX237,2010/11,797,1706,0.47
RX2,RX237,2012/13,1521,0,1521
RX2,RX237,2013/14,1943,0,1943
RX2,RX237,2014/15,0,173,0
RX2,RX237,2016/17,977,0,977
RX2,RX237,2017/18,946,169,5.6
RX2,RX237,2018/19,947,245,3.87
RX2,RX237,2020/21,51,0,51
RX2,RX237,2021/22,159,198,0.8
RX2,RX237,2022/23,851,220,3.87
RX2,RX237,2023/24,746,0,746
RX2,RX240,2008/09,2636,1498,1.76
RX2,RX240,2009/10,7225,2473,2.92
RX2,RX240,2010/11,6031,2648,2.28
RX2,RX240,2011/12,2770,4335,0.64
RX2,RX240,2012/13,5651,5578,1.01
RX2,RX240,2013/14,603,3535,0.17
RX2,RX240,2014/15,1623,5358,0.3
RX2,RX240,2016/17,1038,488,2.13
RX2,RX240,2017/18,550,2158,0.25
RX2,RX240,2018/19,188,2068,0.09
RX2,RX240,2019/20,1084,3226,0.34
RX2,RX240,2020/21,693,3707,0.19
RX2,RX240,2021/22,1189,3603,0.33
RX2,RX240,2022/23,238,2220,0.11
RX2,RX240,2023/24,1258,1616,0.78
RX2,RX241,2008/09,694,694,1
RX2,RX250,2008/09,1417,1540,0.92
RX2,RX250,2009/10,2146,709,3.03
RX2,RX250,2010/11,1015,807,1.26
RX2,RX250,2011/12,47,33,1.42
RX2,RX251,2010/11,2604,0,2604
RX2,RX251,2011/12,0,1182,0
RX2,RX251,2013/14,18482,0,18482
RX2,RX261,2008/09,0,54,0
RX2,RX261,2009/10,846,24,35.25
RX2,RX261,2010/11,227,257,0.88
RX2,RX261,2011/12,159,1354,0.12
RX2,RX266,2008/09,2537,0,2537
RX2,RX277,2008/09,1736,11218,0.15
RX2,RX277,2009/10,11249,8277,1.36
RX2,RX277,2010/11,10304,7798,1.32
RX2,RX277,2011/12,1296,17988,0.07
RX2,RX277,2012/13,1486,19345,0.08
RX2,RX277,2013/14,2953,25180,0.12
RX2,RX277,2014/15,0,19126,0
RX2,RX277,2015/16,0,18,0
RX2,RX277,2016/17,244,1260,0.19
RX2,RX277,2017/18,2684,6063,0.44
RX2,RX277,2018/19,4333,9029,0.48
RX2,RX277,2019/20,4407,7023,0.63
RX2,RX277,2020/21,3927,7037,0.56
RX2,RX277,2021/22,3343,8767,0.38
RX2,RX277,2022/23,3105,10628,0.29
RX2,RX277,2023/24,6192,14617,0.42
RX2,RX298,2008/09,1715,545,3.15
RX2,RX298,2009/10,2704,605,4.47
RX2,RX298,2010/11,1294,1941,0.67
RX2,RX298,2011/12,324,567,0.57
RX2,RX298,2012/13,2593,0,2593
RX2,RX298,2013/14,3334,0,3334
RX2,RX298,2014/15,3440,0,3440
RX2,RX2A2,2012/13,305,424,0.72
RX2,RX2A2,2013/14,517,0,517
RX2,RX2A2,2016/17,105,0,105
RX2,RX2A2,2017/18,708,40,17.7
RX2,RX2A2,2019/20,0,181,0
RX2,RX2A2,2020/21,13,0,13
RX2,RX2A2,2022/23,1997,0,1997
RX2,RX2A2,2023/24,1094,0,1094
RX2,RX2A3,2008/09,285,1258,0.23
RX2,RX2A3,2009/10,1157,1290,0.9
RX2,RX2A3,2010/11,288,1093,0.26
RX2,RX2A3,2011/12,625,1583,0.39
RX2,RX2A3,2012/13,0,1710,0
RX2,RX2A3,2013/14,0,2148,0
RX2,RX2A3,2014/15,0,981,0
RX2,RX2A3,2015/16,48,0,48
RX2,RX2A3,2016/17,921,864,1.07
RX2,RX2A3,2017/18,1073,1185,0.91
RX2,RX2A3,2018/19,370,276,1.34
RX2,RX2A3,2022/23,437,223,1.96
RX2,RX2A3,2023/24,62,655,0.09
RX2,RX2A6,2009/10,3,0,3
RX2,RX2C8,2009/10,1225,1418,0.86
RX2,RX2C8,2010/11,452,3509,0.13
RX2,RX2C8,2011/12,146,1389,0.11
RX2,RX2C8,2012/13,3,801,0
RX2,RX2C8,2013/14,119,959,0.12
RX2,RX2C8,2014/15,84,1238,0.07
RX2,RX2C8,2016/17,474,0,474
RX2,RX2C8,2017/18,91,2866,0.03
RX2,RX2C8,2018/19,305,1870,0.16
RX2,RX2C8,2019/20,328,1749,0.19
RX2,RX2C8,2020/21,354,1309,0.27
RX2,RX2C8,2021/22,454,842,0.54
RX2,RX2C8,2022/23,729,1718,0.42
RX2,RX2C8,2023/24,290,1006,0.29
RX2,RX2E1,2008/09,662,1861,0.36
RX2,RX2E1,2009/10,0,297,0
RX2,RX2E7,2008/09,3939,10389,0.38
RX2,RX2E7,2009/10,7833,8734,0.9
RX2,RX2E7,2010/11,13511,9941,1.36
RX2,RX2E7,2011/12,4662,3644,1.28
RX2,RX2E7,2012/13,3163,4363,0.72
RX2,RX2E7,2013/14,1935,7462,0.26
RX2,RX2E7,2014/15,148,6810,0.02
RX2,RX2E7,2016/17,137,138,0.99
RX2,RX2E7,2017/18,759,1933,0.39
RX2,RX2E7,2018/19,1116,2705,0.41
RX2,RX2E7,2019/20,768,2743,0.28
RX2,RX2E7,2020/21,1355,2513,0.54
RX2,RX2E7,2021/22,1599,1628,0.98
RX2,RX2E7,2022/23,2669,2882,0.93
RX2,RX2E7,2023/24,7956,11642,0.68
RX2,RX2E9,2008/09,656,62,10.58
RX2,RX2E9,2009/10,5235,0,5235
RX2,RX2E9,2010/11,8370,0,8370
RX2,RX2E9,2011/12,8513,0,8513
RX2,RX2E9,2012/13,5863,0,5863
RX2,RX2E9,2013/14,4170,0,4170
RX2,RX2E9,2014/15,1607,0,1607
RX2,RX2E9,2015/16,2338,0,2338
RX2,RX2E9,2016/17,893,96,9.3
RX2,RX2E9,2017/18,370,876,0.42
RX2,RX2E9,2018/19,1355,1125,1.2
RX2,RX2E9,2019/20,1015,97,10.46
RX2,RX2E9,2020/21,3361,338,9.94
RX2,RX2E9,2021/22,2525,1909,1.32
RX2,RX2E9,2022/23,9614,2471,3.89
RX2,RX2E9,2023/24,20666,1448,14.27
RX2,RX2F3,2008/09,220,0,220
RX2,RX2F3,2009/10,2390,0,2390
RX2,RX2F3,2010/11,3618,0,3618
RX2,RX2F3,2011/12,1894,0,1894
RX2,RX2F3,2012/13,9879,0,9879
RX2,RX2F3,2016/17,389,99,3.93
RX2,RX2F3,2017/18,153,1242,0.12
RX2,RX2F3,2022/23,25,0,25
RX2,RX2F3,2023/24,2555,0,2555
RX2,RX2F7,2009/10,822,0,822
RX2,RX2F7,2010/11,280,0,280
RX2,RX2F7,2011/12,1230,0,1230
RX2,RX2F7,2012/13,560,0,560
RX2,RX2F7,2013/14,0,692,0
RX2,RX2G1,2008/09,567,1112,0.51
RX2,RX2G2,2008/09,15,0,15
RX2,RX2G2,2009/10,5493,0,5493
RX2,RX2G2,2010/11,2688,462,5.82
RX2,RX2G2,2011/12,2194,0,2194
RX2,RX2G2,2012/13,1645,0,1645
RX2,RX2G2,2014/15,0,1538,0
RX2,RX2G2,2016/17,0,221,0
RX2,RX2G2,2017/18,575,376,1.53
RX2,RX2G3,2009/10,496,0,496
RX2,RX2G6,2008/09,0,7,0
RX2,RX2K3,2008/09,3493,1001,3.49
RX2,RX2K3,2009/10,6802,4067,1.67
RX2,RX2K3,2010/11,5252,5108,1.03
RX2,RX2K3,2011/12,912,8322,0.11
RX2,RX2K3,2012/13,0,8672,0
RX2,RX2K3,2013/14,0,8809,0
RX2,RX2K3,2014/15,0,6824,0
RX2,RX2K3,2016/17,380,159,2.39
RX2,RX2K3,2017/18,310,143,2.17
RX2,RX2K3,2019/20,0,25,0
RX2,RX2K3,2020/21,102,0,102
RX2,RX2K3,2021/22,47,0,47
RX2,RX2K3,2022/23,445,68,6.54
RX2,RX2K3,2023/24,3454,99,34.89
RX2,RX2L2,2008/09,428,0,428
RX2,RX2L6,2008/09,630,6994,0.09
RX2,RX2L6,2009/10,821,7207,0.11
RX2,RX2L6,2010/11,834,1675,0.5
RX2,RX2L6,2011/12,0,2861,0
RX2,RX2L6,2012/13,0,1481,0
RX2,RX2L6,2013/14,7,914,0.01
RX2,RX2L6,2014/15,16,64,0.25
RX2,RX2L6,2016/17,1622,1791,0.91
RX2,RX2L6,2017/18,2497,3843,0.65
RX2,RX2L6,2018/19,809,931,0.87
RX2,RX2L6,2019/20,2262,2495,0.91
RX2,RX2L6,2020/21,5103,3777,1.35
RX2,RX2L6,2021/22,6841,2435,2.81
RX2,RX2L6,2022/23,7380,3644,2.03
RX2,RX2L6,2023/24,7774,2344,3.32
RX2,RX2L8,2008/09,832,1380,0.6
RX2,RX2L8,2009/10,1394,2009,0.69
RX2,RX2L8,2010/11,547,2402,0.23
RX2,RX2L8,2011/12,0,2641,0
RX2,RX2L8,2012/13,0,3354,0
RX2,RX2L8,2013/14,0,1756,0
RX2,RX2L8,2014/15,0,954,0
RX2,RX2L8,2016/17,178,335,0.53
RX2,RX2L8,2017/18,298,1946,0.15
RX2,RX2L8,2018/19,617,971,0.64
RX2,RX2L8,2019/20,796,878,0.91
RX2,RX2L8,2020/21,959,355,2.7
RX2,RX2L8,2021/22,351,570,0.62
RX2,RX2L8,2022/23,246,258,0.95
RX2,RX2L8,2023/24,3993,367,10.88
RX2,RX2L9,2008/09,206,0,206
RX2,RX2L9,2009/10,668,0,668
RX2,RX2L9,2010/11,808,0,808
RX2,RX2P0,2008/09,1017,2185,0.47
RX2,RX2P0,2009/10,16884,4916,3.43
RX2,RX2P0,2010/11,11262,7996,1.41
RX2,RX2P0,2011/12,5460,14140,0.39
RX2,RX2P0,2012/13,8361,3704,2.26
RX2,RX2P0,2013/14,6689,3638,1.84
RX2,RX2P0,2014/15,11608,4694,2.47
RX2,RX2P0,2015/16,5,0,5
RX2,RX2P0,2016/17,1234,950,1.3
RX2,RX2P0,2017/18,10506,10513,1
RX2,RX2P0,2018/19,10519,9443,1.11
RX2,RX2P0,2019/20,13441,6551,2.05
RX2,RX2P0,2020/21,9960,5387,1.85
RX2,RX2P0,2021/22,15584,4610,3.38
RX2,RX2P0,2022/23,13336,2430,5.49
RX2,RX2P0,2023/24,18886,6996,2.7
RX2,RX2V3,2009/10,2712,2730,0.99
RX2,RX2V3,2010/11,1392,2261,0.62
RX2,RX2V3,2011/12,0,3064,0
RX2,RX2V3,2012/13,0,1691,0
RX2,RX2V3,2013/14,0,1335,0
RX2,RX2V3,2014/15,0,1679,0
RX2,RX2V3,2015/16,0,11,0
RX2,RX2V3,2016/17,105,20,5.25
RX2,RX2V3,2017/18,188,0,188
RX2,RX2V3,2019/20,0,29,0
RX2,RX2V3,2021/22,108,35,3.09
RX2,RX2V3,2022/23,0,154,0
RX2,RX2WA,2019/20,491,2034,0.24
RX2,RX2WA,2020/21,798,0,798
RX2,RX2WA,2022/23,0,74,0
RX2,RX2X4,2017/18,443,1247,0.36
RX2,RX2X4,2018/19,335,1043,0.32
RX2,RX2X4,2019/20,304,598,0.51
RX2,RX2X4,2020/21,564,7,80.57
RX2,RX2X4,2021/22,0,719,0
RX2,RX2X4,2022/23,203,21,9.67
RX2,RX2X4,2023/24,2053,1255,1.64
RX3,RX300,2009/10,283,857,0.33
RX3,RX300,2010/11,34680,34465,1.01
RX3,RX300,2011/12,43302,43952,0.99
RX3,RX300,2012/13,17945,14721,1.22
RX3,RX300,2013/14,8763,17935,0.49
RX3,RX300,2014/15,15822,10199,1.55
RX3,RX300,2018/19,1813,0,1813
RX3,RX302,2008/09,16222,28355,0.57
RX3,RX302,2009/10,2005,3637,0.55
RX3,RX302,2010/11,545,723,0.75
RX3,RX302,2011/12,1069,3733,0.29
RX3,RX302,2012/13,1546,6315,0.24
RX3,RX302,2013/14,1876,0,1876
RX3,RX302,2014/15,2039,2100,0.97
RX3,RX32Y,2015/16,1887,1475,1.28
RX3,RX32Y,2016/17,1558,1526,1.02
RX3,RX32Y,2017/18,1550,510,3.04
RX3,RX32Y,2018/19,1429,544,2.63
RX3,RX32Y,2019/20,130,0,130
RX3,RX33A,2015/16,22898,23546,0.97
RX3,RX33A,2016/17,22732,20561,1.11
RX3,RX33A,2017/18,21231,16698,1.27
RX3,RX33A,2018/19,24094,20023,1.2
RX3,RX33A,2019/20,366,735,0.5
RX3,RX33V,2017/18,187,420,0.45
RX3,RX33V,2018/19,44,1186,0.04
RX3,RX33W,2016/17,367,1035,0.35
RX3,RX33W,2017/18,595,287,2.07
RX3,RX33Y,2016/17,0,3289,0
RX3,RX33Y,2017/18,0,645,0
RX3,RX33Y,2018/19,0,400,0
RX3,RX34L,2016/17,172,1306,0.13
RX3,RX34L,2017/18,690,4668,0.15
RX3,RX34L,2018/19,21,4388,0
RX3,RX34L,2019/20,0,478,0
RX3,RX34X,2016/17,124,502,0.25
RX3,RX34X,2017/18,0,763,0
RX3,RX34X,2018/19,0,776,0
RX3,RX35E,2016/17,1507,1688,0.89
RX3,RX35E,2017/18,717,2531,0.28
RX3,RX35E,2018/19,274,1460,0.19
RX3,RX35E,2019/20,0,286,0
RX3,RX3AA,2008/09,1801,644,2.8
RX3,RX3AA,2009/10,3075,2450,1.26
RX3,RX3AA,2010/11,0,1715,0
RX3,RX3AA,2011/12,467,0,467
RX3,RX3AA,2017/18,2991,0,2991
RX3,RX3AC,2008/09,765,125,6.12
RX3,RX3AC,2009/10,1694,1320,1.28
RX3,RX3AD,2008/09,208,7,29.71
RX3,RX3AD,2009/10,400,0,400
RX3,RX3AD,2010/11,59,0,59
RX3,RX3AD,2012/13,1604,0,1604
RX3,RX3AD,2013/14,138,182,0.76
RX3,RX3AD,2014/15,66,1309,0.05
RX3,RX3AD,2015/16,190,0,190
RX3,RX3AD,2018/19,128,0,128
RX3,RX3AD,2019/20,170,0,170
RX3,RX3AE,2008/09,221,117,1.89
RX3,RX3AE,2009/10,446,174,2.56
RX3,RX3AE,2012/13,238,190,1.25
RX3,RX3AE,2013/14,0,68,0
RX3,RX3AE,2014/15,427,154,2.77
RX3,RX3AF,2008/09,180,0,180
RX3,RX3AF,2009/10,442,3,147.33
RX3,RX3AF,2010/11,224,0,224
RX3,RX3AF,2012/13,237,0,237
RX3,RX3AF,2013/14,1195,0,1195
RX3,RX3AF,2014/15,211,590,0.36
RX3,RX3AF,2015/16,75,1906,0.04
RX3,RX3AF,2016/17,30,1502,0.02
RX3,RX3AF,2017/18,2,883,0
RX3,RX3AF,2018/19,0,319,0
RX3,RX3AG,2009/10,397,0,397
RX3,RX3AT,2008/09,852,228,3.74
RX3,RX3AT,2009/10,5242,1200,4.37
RX3,RX3AT,2010/11,230,0,230
RX3,RX3AT,2012/13,2959,752,3.93
RX3,RX3AT,2013/14,7492,761,9.84
RX3,RX3AT,2014/15,2640,1942,1.36
RX3,RX3AT,2015/16,4315,1177,3.67
RX3,RX3AT,2016/17,4604,1210,3.8
RX3,RX3AT,2017/18,5393,1492,3.61
RX3,RX3AT,2018/19,3684,2230,1.65
RX3,RX3AT,2019/20,221,190,1.16
RX3,RX3CL,2008/09,884,264,3.35
RX3,RX3CL,2009/10,0,3,0
RX3,RX3CL,2010/11,0,32,0
RX3,RX3CL,2012/13,9402,6781,1.39
RX3,RX3CL,2013/14,8747,8828,0.99
RX3,RX3CL,2014/15,10675,5895,1.81
RX3,RX3CL,2015/16,7692,7639,1.01
RX3,RX3CL,2016/17,7427,8798,0.84
RX3,RX3CL,2017/18,3627,12253,0.3
RX3,RX3CL,2018/19,2707,14905,0.18
RX3,RX3CL,2019/20,1144,941,1.22
RX3,RX3CN,2009/10,2360,1956,1.21
RX3,RX3CN,2010/11,369,526,0.7
RX3,RX3CY,2009/10,250,1113,0.22
RX3,RX3DK,2008/09,621,0,621
RX3,RX3DK,2009/10,944,6,157.33
RX3,RX3EW,2008/09,97,1083,0.09
RX3,RX3EW,2012/13,2361,6209,0.38
RX3,RX3EW,2013/14,1767,5953,0.3
RX3,RX3EW,2014/15,1039,4045,0.26
RX3,RX3EY,2009/10,863,3463,0.25
RX3,RX3EY,2010/11,0,156,0
RX3,RX3EY,2011/12,0,783,0
RX3,RX3EY,2012/13,0,2815,0
RX3,RX3FA,2008/09,31,3069,0.01
RX3,RX3FC,2008/09,1797,828,2.17
RX3,RX3FC,2009/10,1715,1267,1.35
RX3,RX3FC,2012/13,1747,1070,1.63
RX3,RX3FC,2013/14,1646,2199,0.75
RX3,RX3FC,2014/15,2655,3317,0.8
RX3,RX3FC,2015/16,2348,10,234.8
RX3,RX3FC,2016/17,1538,83,18.53
RX3,RX3FC,2017/18,1866,122,15.3
RX3,RX3FC,2018/19,1765,27,65.37
RX3,RX3FC,2019/20,136,0,136
RX3,RX3FH,2008/09,505,0,505
RX3,RX3FH,2009/10,489,0,489
RX3,RX3FL,2008/09,105,4923,0.02
RX3,RX3FL,2009/10,2069,6326,0.33
RX3,RX3FL,2010/11,1482,1940,0.76
RX3,RX3FL,2011/12,871,5202,0.17
RX3,RX3FL,2012/13,6555,10735,0.61
RX3,RX3FL,2013/14,10411,10433,1
RX3,RX3FL,2014/15,14302,10617,1.35
RX3,RX3FL,2018/19,1647,0,1647
RX3,RX3FL,2019/20,3808,0,3808
RX3,RX3GV,2009/10,86,207,0.42
RX3,RX3GV,2010/11,200,0,200
RX3,RX3HN,2009/10,699,0,699
RX3,RX3HN,2010/11,554,0,554
RX3,RX3HN,2014/15,2366,0,2366
RX3,RX3KF,2013/14,45,0,45
RX3,RX3KN,2016/17,2430,0,2430
RX3,RX3KN,2017/18,1012,0,1012
RX3,RX3KW,2008/09,40,60,0.67
RX3,RX3KW,2009/10,221,255,0.87
RX3,RX3KW,2012/13,0,7,0
RX3,RX3KW,2013/14,0,372,0
RX3,RX3KW,2014/15,418,813,0.51
RX3,RX3KW,2015/16,0,540,0
RX3,RX3KW,2016/17,0,56,0
RX3,RX3KW,2017/18,758,974,0.78
RX3,RX3KY,2008/09,85,311,0.27
RX3,RX3KY,2009/10,502,558,0.9
RX3,RX3LF,2008/09,532,174,3.06
RX3,RX3LF,2009/10,334,493,0.68
RX3,RX3LF,2012/13,4040,1251,3.23
RX3,RX3LF,2013/14,6318,1259,5.02
RX3,RX3LF,2014/15,7521,1076,6.99
RX3,RX3LF,2015/16,7413,484,15.32
RX3,RX3LF,2016/17,9088,1125,8.08
RX3,RX3LF,2017/18,4957,902,5.5
RX3,RX3LF,2018/19,7007,1171,5.98
RX3,RX3LF,2019/20,183,6,30.5
RX3,RX3LH,2008/09,33,0,33
RX3,RX3LH,2009/10,938,2,469
RX3,RX3LK,2008/09,1738,949,1.83
RX3,RX3LK,2012/13,2001,4856,0.41
RX3,RX3LK,2013/14,2597,5346,0.49
RX3,RX3LK,2014/15,1768,3045,0.58
RX3,RX3LK,2015/16,1784,7722,0.23
RX3,RX3LK,2016/17,880,8329,0.11
RX3,RX3LK,2017/18,1714,6795,0.25
RX3,RX3LK,2018/19,919,6504,0.14
RX3,RX3LK,2019/20,0,433,0
RX3,RX3MF,2009/10,1269,6520,0.19
RX3,RX3MF,2010/11,519,790,0.66
RX3,RX3MF,2012/13,1187,1143,1.04
RX3,RX3MM,2008/09,1200,1723,0.7
RX3,RX3MM,2009/10,4421,5983,0.74
RX3,RX3MM,2010/11,7241,5197,1.39
RX3,RX3MM,2011/12,11353,7108,1.6
RX3,RX3MM,2012/13,12082,7804,1.55
RX3,RX3MM,2013/14,10853,6996,1.55
RX3,RX3MM,2014/15,10699,8943,1.2
RX3,RX3MM,2015/16,10567,11902,0.89
RX3,RX3MM,2016/17,11187,7590,1.47
RX3,RX3MM,2017/18,9252,7208,1.28
RX3,RX3MM,2018/19,6764,10102,0.67
RX3,RX3MM,2019/20,517,880,0.59
RX3,RX3MR,2009/10,2166,635,3.41
RX3,RX3MR,2010/11,452,311,1.45
RX3,RX3MV,2009/10,1259,1782,0.71
RX3,RX3MV,2010/11,915,0,915
RX3,RX3MV,2011/12,1053,0,1053
RX3,RX3NH,2009/10,862,6317,0.14
RX3,RX3NH,2010/11,0,644,0
RX3,RX3NH,2014/15,0,1631,0
RX3,RX3NH,2015/16,2348,9486,0.25
RX3,RX3NH,2016/17,423,8187,0.05
RX3,RX3NH,2017/18,271,5339,0.05
RX3,RX3NH,2018/19,0,473,0
RX3,RX3NJ,2009/10,245,3210,0.08
RX3,RX3NJ,2010/11,0,35,0
RX3,RX3NP,2008/09,3,0,3
RX3,RX3NP,2009/10,3288,163,20.17
RX3,RX3NP,2010/11,133,0,133
RX3,RX3NR,2009/10,144,978,0.15
RX3,RX3NR,2011/12,0,844,0
RX3,RX3NT,2008/09,290,115,2.52
RX3,RX3NT,2012/13,1771,1666,1.06
RX3,RX3NT,2013/14,1832,994,1.84
RX3,RX3NT,2014/15,1683,982,1.71
RX3,RX3PF,2009/10,2142,3374,0.63
RX3,RX3PV,2009/10,556,0,556
RX3,RX3WN,2011/12,857,3276,0.26
RX3,RX3WN,2012/13,307,1572,0.2
RX3,RX3XK,2011/12,322,138,2.33
RX3,RX3XK,2012/13,1935,805,2.4
RX3,RX3XK,2013/14,1058,1389,0.76
RX3,RX3XK,2014/15,720,848,0.85
RX3,RX3XK,2015/16,775,0,775
RX3,RX3XL,2011/12,0,16,0
RX3,RX3XX,2015/16,397,3367,0.12
RX3,RX3XX,2016/17,148,2682,0.06
RX3,RX3XX,2017/18,23,2804,0.01
RX3,RX3XX,2018/19,303,3478,0.09
RX3,RX3YE,2015/16,2160,6033,0.36
RX3,RX3YE,2016/17,331,6156,0.05
RX3,RX3YE,2017/18,247,5828,0.04
RX3,RX3YE,2018/19,648,6868,0.09
RX3,RX3YE,2019/20,0,140,0
RX3,RX3YK,2016/17,16,0,16
RX3,RX3YK,2017/18,158,0,158
RX4,RX400,2015/16,629,0,629
RX4,RX400,2021/22,324,193,1.68
RX4,RX400,2022/23,292,793,0.37
RX4,RX401,2008/09,2973,1228,2.42
RX4,RX401,2009/10,6865,2623,2.62
RX4,RX401,2010/11,3569,2901,1.23
RX4,RX401,2011/12,4403,2137,2.06
RX4,RX401,2012/13,6754,1271,5.31
RX4,RX401,2013/14,3176,0,3176
RX4,RX40B,2019/20,3213,7024,0.46
RX4,RX40B,2020/21,1258,15120,0.08
RX4,RX40B,2021/22,1121,12988,0.09
RX4,RX40B,2022/23,1727,14340,0.12
RX4,RX40B,2023/24,32,587,0.05
RX4,RX40P,2019/20,657,3185,0.21
RX4,RX40P,2020/21,0,5669,0
RX4,RX40P,2021/22,0,5305,0
RX4,RX40P,2022/23,30,4749,0.01
RX4,RX40P,2023/24,0,53,0
RX4,RX420,2008/09,548,501,1.09
RX4,RX420,2009/10,1800,385,4.68
RX4,RX420,2010/11,407,33,12.33
RX4,RX420,2011/12,975,0,975
RX4,RX438,2021/22,86,0,86
RX4,RX442,2008/09,823,9396,0.09
RX4,RX442,2009/10,898,13374,0.07
RX4,RX442,2010/11,354,15214,0.02
RX4,RX442,2011/12,1094,17262,0.06
RX4,RX442,2012/13,1076,16809,0.06
RX4,RX442,2013/14,0,8820,0
RX4,RX442,2015/16,1609,23495,0.07
RX4,RX442,2016/17,530,20325,0.03
RX4,RX442,2017/18,870,18960,0.05
RX4,RX442,2018/19,0,18348,0
RX4,RX442,2019/20,0,12816,0
RX4,RX442,2020/21,2135,14030,0.15
RX4,RX442,2022/23,0,1475,0
RX4,RX454,2008/09,1669,9797,0.17
RX4,RX454,2009/10,4006,13679,0.29
RX4,RX454,2010/11,3526,17179,0.21
RX4,RX454,2011/12,4064,21667,0.19
RX4,RX454,2012/13,3240,19627,0.17
RX4,RX454,2013/14,1795,9448,0.19
RX4,RX454,2015/16,0,4473,0
RX4,RX454,2016/17,0,4699,0
RX4,RX454,2018/19,0,1781,0
RX4,RX461,2019/20,0,147,0
RX4,RX464,2008/09,2064,16609,0.12
RX4,RX464,2009/10,4584,21584,0.21
RX4,RX464,2010/11,8860,31816,0.28
RX4,RX464,2011/12,13465,35517,0.38
RX4,RX464,2012/13,10733,39221,0.27
RX4,RX464,2013/14,5576,17656,0.32
RX4,RX464,2015/16,2500,16060,0.16
RX4,RX464,2016/17,4530,11810,0.38
RX4,RX464,2017/18,2260,7904,0.29
RX4,RX464,2018/19,2419,1417,1.71
RX4,RX464,2019/20,0,6238,0
RX4,RX464,2021/22,0,2477,0
RX4,RX464,2022/23,0,3207,0
RX4,RX467,2008/09,345,275,1.25
RX4,RX467,2009/10,846,3451,0.25
RX4,RX467,2010/11,2809,4368,0.64
RX4,RX467,2011/12,5068,3663,1.38
RX4,RX467,2012/13,9578,10988,0.87
RX4,RX467,2013/14,3548,5722,0.62
RX4,RX467,2015/16,20161,6583,3.06
RX4,RX467,2016/17,26285,4826,5.45
RX4,RX467,2017/18,17221,1744,9.87
RX4,RX467,2018/19,19099,8282,2.31
RX4,RX467,2019/20,2962,2070,1.43
RX4,RX467,2020/21,14313,0,14313
RX4,RX467,2021/22,11124,4280,2.6
RX4,RX467,2022/23,13354,1239,10.78
RX4,RX468,2008/09,3037,446,6.81
RX4,RX468,2009/10,7821,1019,7.68
RX4,RX468,2010/11,9311,582,16
RX4,RX468,2011/12,10932,1439,7.6
RX4,RX468,2012/13,6178,6069,1.02
RX4,RX468,2013/14,4291,1184,3.62
RX4,RX468,2015/16,6204,6405,0.97
RX4,RX468,2016/17,7895,6717,1.18
RX4,RX468,2017/18,4660,8600,0.54
RX4,RX468,2018/19,1783,3341,0.53
RX4,RX468,2019/20,0,1596,0
RX4,RX4A4,2008/09,461,155,2.97
RX4,RX4A4,2009/10,2564,51,50.27
RX4,RX4A4,2010/11,1969,104,18.93
RX4,RX4A5,2008/09,0,196,0
RX4,RX4A5,2009/10,0,615,0
RX4,RX4A5,2011/12,0,1161,0
RX4,RX4A5,2012/13,0,1440,0
RX4,RX4A6,2008/09,846,2451,0.35
RX4,RX4A6,2009/10,1732,6587,0.26
RX4,RX4A6,2010/11,961,10791,0.09
RX4,RX4A6,2011/12,0,9148,0
RX4,RX4A6,2012/13,1111,3016,0.37
RX4,RX4A6,2013/14,0,671,0
RX4,RX4A6,2015/16,0,5185,0
RX4,RX4A6,2017/18,0,2211,0
RX4,RX4A6,2019/20,3409,0,3409
RX4,RX4C7,2008/09,69,0,69
RX4,RX4C7,2010/11,52,0,52
RX4,RX4C7,2013/14,1465,0,1465
RX4,RX4CA,2018/19,3681,2118,1.74
RX4,RX4CA,2019/20,2053,2815,0.73
RX4,RX4CA,2020/21,2831,4960,0.57
RX4,RX4CA,2021/22,2276,4665,0.49
RX4,RX4CA,2022/23,1430,4153,0.34
RX4,RX4CA,2023/24,0,51,0
RX4,RX4E2,2008/09,5548,13940,0.4
RX4,RX4E2,2009/10,11285,19157,0.59
RX4,RX4E2,2010/11,10504,27472,0.38
RX4,RX4E2,2011/12,15087,30127,0.5
RX4,RX4E2,2012/13,16511,34859,0.47
RX4,RX4E2,2013/14,6459,21141,0.31
RX4,RX4E2,2015/16,11041,34792,0.32
RX4,RX4E2,2016/17,7723,46218,0.17
RX4,RX4E2,2017/18,9231,40630,0.23
RX4,RX4E2,2018/19,5097,38078,0.13
RX4,RX4E2,2019/20,3556,24957,0.14
RX4,RX4E2,2020/21,5372,43682,0.12
RX4,RX4E2,2021/22,9578,47483,0.2
RX4,RX4E2,2022/23,9649,43230,0.22
RX4,RX4E2,2023/24,0,205,0
RX4,RX4E3,2008/09,7723,152,50.81
RX4,RX4E3,2009/10,12721,122,104.27
RX4,RX4E3,2010/11,12645,152,83.19
RX4,RX4E3,2011/12,13749,140,98.21
RX4,RX4E3,2012/13,17167,0,17167
RX4,RX4E3,2013/14,12003,0,12003
RX4,RX4E3,2015/16,19658,0,19658
RX4,RX4E3,2016/17,19173,0,19173
RX4,RX4E3,2017/18,17207,238,72.3
RX4,RX4E3,2018/19,12533,40,313.32
RX4,RX4E3,2020/21,1190,0,1190
RX4,RX4E4,2008/09,1959,2717,0.72
RX4,RX4E4,2009/10,4578,4150,1.1
RX4,RX4E4,2010/11,12447,8064,1.54
RX4,RX4E4,2011/12,14122,9985,1.41
RX4,RX4E4,2012/13,17286,9934,1.74
RX4,RX4E4,2013/14,5245,3086,1.7
RX4,RX4E4,2015/16,18820,11297,1.67
RX4,RX4E4,2016/17,27432,7723,3.55
RX4,RX4E4,2017/18,25221,4985,5.06
RX4,RX4E4,2018/19,27700,451,61.42
RX4,RX4E4,2019/20,12996,984,13.21
RX4,RX4E4,2020/21,19512,9465,2.06
RX4,RX4E4,2021/22,25687,8997,2.86
RX4,RX4E4,2022/23,10624,16006,0.66
RX4,RX4E4,2023/24,0,98,0
RX4,RX4E5,2015/16,955,0,955
RX4,RX4E5,2016/17,1806,0,1806
RX4,RX4E5,2017/18,1490,0,1490
RX4,RX4E5,2018/19,1485,154,9.64
RX4,RX4E5,2019/20,1774,0,1774
RX4,RX4E5,2020/21,1536,347,4.43
RX4,RX4E5,2021/22,1636,0,1636
RX4,RX4E5,2022/23,1787,0,1787
RX4,RX4E6,2008/09,25527,7544,3.38
RX4,RX4E6,2009/10,28547,18143,1.57
RX4,RX4E6,2010/11,40631,22912,1.77
RX4,RX4E6,2011/12,19680,25183,0.78
RX4,RX4E6,2012/13,25615,24393,1.05
RX4,RX4E6,2013/14,6556,19328,0.34
RX4,RX4E6,2015/16,8384,21103,0.4
RX4,RX4E6,2016/17,7589,22853,0.33
RX4,RX4E6,2017/18,4489,19236,0.23
RX4,RX4E6,2018/19,2232,19076,0.12
RX4,RX4E6,2019/20,961,11710,0.08
RX4,RX4E6,2020/21,3583,16588,0.22
RX4,RX4E6,2021/22,2413,27307,0.09
RX4,RX4E6,2022/23,1876,26225,0.07
RX4,RX4E6,2023/24,0,256,0
RX4,RX4K2,2008/09,116,580,0.2
RX4,RX4K2,2009/10,499,1677,0.3
RX4,RX4K2,2010/11,72,2208,0.03
RX4,RX4K2,2011/12,377,2085,0.18
RX4,RX4K2,2012/13,9,0,9
RX4,RX4K2,2013/14,1298,3510,0.37
RX4,RX4K2,2015/16,3368,3407,0.99
RX4,RX4K2,2016/17,2248,6087,0.37
RX4,RX4K2,2017/18,3288,7676,0.43
RX4,RX4K2,2018/19,3252,12309,0.26
RX4,RX4K2,2019/20,4506,9704,0.46
RX4,RX4K2,2020/21,3885,12878,0.3
RX4,RX4K2,2021/22,4080,9295,0.44
RX4,RX4K2,2022/23,3228,12523,0.26
RX4,RX4K2,2023/24,0,259,0
RX4,RX4W4,2018/19,6819,105,64.94
RX4,RX4W4,2019/20,12768,419,30.47
RX4,RX4W4,2020/21,20086,752,26.71
RX4,RX4W4,2021/22,17722,525,33.76
RX4,RX4W4,2022/23,20729,40,518.23
RX4,RX4W4,2023/24,13556,0,13556
RX4,RX4Y0,2009/10,27,463,0.06
RX4,RX4Y0,2010/11,73,981,0.07
RX4,RX4Y0,2011/12,22,4422,0
RX4,RX4Y0,2012/13,1733,1840,0.94
RX4,RX4Y0,2013/14,20,1580,0.01
RX4,RX4Y0,2015/16,96,7973,0.01
RX4,RX4Y0,2016/17,73,4799,0.02
RX4,RX4Y0,2017/18,0,2609,0
RX4,RX4Y0,2018/19,109,6628,0.02
RX4,RX4Y0,2019/20,832,4826,0.17
RX4,RX4Y0,2020/21,202,1934,0.1
RX4,RX4Y0,2021/22,957,1206,0.79
RX4,RX4Y0,2022/23,190,5870,0.03
RX4,RX4Z3,2015/16,215,19194,0.01
RX4,RX4Z3,2016/17,304,27272,0.01
RX4,RX4Z3,2017/18,2525,32118,0.08
RX4,RX4Z3,2018/19,4223,27468,0.15
RX4,RX4Z3,2019/20,1598,21077,0.08
RX4,RX4Z3,2020/21,1608,33253,0.05
RX4,RX4Z3,2021/22,2380,44743,0.05
RX4,RX4Z3,2022/23,3309,38810,0.09
RX4,RX4Z3,2023/24,0,26,0
RXA,RXA00,2008/09,3647,47246,0.08
RXA,RXA00,2009/10,740,372,1.99
RXA,RXA00,2010/11,0,826,0
RXA,RXA02,2009/10,0,10548,0
RXA,RXA02,2010/11,356,8131,0.04
RXA,RXA02,2011/12,1044,7918,0.13
RXA,RXA02,2012/13,1577,5750,0.27
RXA,RXA02,2013/14,1700,8791,0.19
RXA,RXA02,2014/15,2004,7555,0.27
RXA,RXA19,2009/10,7878,9996,0.79
RXA,RXA19,2010/11,8729,12773,0.68
RXA,RXA19,2011/12,7771,19048,0.41
RXA,RXA19,2012/13,6629,13466,0.49
RXA,RXA19,2013/14,6194,16579,0.37
RXA,RXA19,2014/15,7303,16814,0.43
RXA,RXA19,2015/16,7321,17358,0.42
RXA,RXA19,2016/17,4082,16796,0.24
RXA,RXA19,2017/18,1047,15276,0.07
RXA,RXA19,2018/19,3548,17837,0.2
RXA,RXA19,2019/20,2428,14682,0.17
RXA,RXA19,2020/21,6912,14346,0.48
RXA,RXA19,2021/22,1458,10387,0.14
RXA,RXA20,2009/10,0,10549,0
RXA,RXA20,2010/11,313,7953,0.04
RXA,RXA20,2011/12,2982,2110,1.41
RXA,RXA20,2012/13,1353,1052,1.29
RXA,RXA20,2013/14,1785,1806,0.99
RXA,RXA20,2014/15,2904,205,14.17
RXA,RXA34,2010/11,820,442,1.86
RXA,RXA34,2011/12,0,654,0
RXA,RXA34,2012/13,1281,473,2.71
RXA,RXA34,2013/14,1489,0,1489
RXA,RXA34,2014/15,1833,1132,1.62
RXA,RXA34,2015/16,1469,2279,0.64
RXA,RXA34,2016/17,3789,1856,2.04
RXA,RXA34,2017/18,416,35,11.89
RXA,RXA34,2018/19,426,116,3.67
RXA,RXA34,2019/20,2379,0,2379
RXA,RXA35,2019/20,508,0,508
RXA,RXA35,2020/21,138,0,138
RXA,RXA35,2021/22,22,0,22
RXA,RXA52,2010/11,1257,1269,0.99
RXA,RXA52,2011/12,1110,988,1.12
RXA,RXA52,2012/13,1308,0,1308
RXA,RXA52,2013/14,64,110,0.58
RXA,RXA52,2014/15,39,383,0.1
RXA,RXA52,2015/16,1720,52,33.08
RXA,RXA52,2016/17,0,78,0
RXA,RXA52,2017/18,17,157,0.11
RXA,RXA52,2018/19,448,0,448
RXA,RXA52,2019/20,45,0,45
RXA,RXA53,2009/10,1737,764,2.27
RXA,RXA53,2010/11,2081,1585,1.31
RXA,RXA53,2011/12,1608,1259,1.28
RXA,RXA53,2012/13,1158,362,3.2
RXA,RXA53,2013/14,1157,657,1.76
RXA,RXA53,2014/15,2122,381,5.57
RXA,RXA53,2015/16,1569,417,3.76
RXA,RXA53,2016/17,151,1536,0.1
RXA,RXA53,2017/18,1430,0,1430
RXA,RXA54,2009/10,0,11885,0
RXA,RXA54,2010/11,1124,11798,0.1
RXA,RXA54,2011/12,4485,13755,0.33
RXA,RXA54,2012/13,3949,12029,0.33
RXA,RXA54,2013/14,8341,12097,0.69
RXA,RXA54,2014/15,5964,10011,0.6
RXA,RXA54,2015/16,5684,15644,0.36
RXA,RXA54,2016/17,3353,14292,0.23
RXA,RXA54,2017/18,3609,14526,0.25
RXA,RXA54,2018/19,4854,17410,0.28
RXA,RXA54,2019/20,3998,14989,0.27
RXA,RXA54,2020/21,4030,12297,0.33
RXA,RXA54,2021/22,2097,7302,0.29
RXA,RXA55,2009/10,1042,719,1.45
RXA,RXA55,2010/11,3124,878,3.56
RXA,RXA55,2011/12,1669,2544,0.66
RXA,RXA55,2012/13,1845,1077,1.71
RXA,RXA55,2013/14,1240,0,1240
RXA,RXA55,2014/15,1189,0,1189
RXA,RXA55,2015/16,1243,0,1243
RXA,RXA55,2016/17,2662,0,2662
RXA,RXA55,2017/18,2027,0,2027
RXA,RXA55,2018/19,1809,0,1809
RXA,RXA55,2019/20,1014,0,1014
RXA,RXA59,2009/10,106,479,0.22
RXA,RXA71,2009/10,0,12606,0
RXA,RXA71,2010/11,0,2736,0
RXA,RXA71,2011/12,0,1095,0
RXA,RXA72,2009/10,0,371,0
RXA,RXA72,2010/11,529,9,58.78
RXA,RXA72,2011/12,0,762,0
RXA,RXA72,2012/13,1000,0,1000
RXA,RXA72,2013/14,2385,0,2385
RXA,RXA72,2014/15,328,0,328
RXA,RXA72,2015/16,1882,0,1882
RXA,RXA72,2016/17,382,0,382
RXA,RXA72,2017/18,3014,0,3014
RXA,RXA72,2018/19,4786,10,478.6
RXA,RXA72,2019/20,391,0,391
RXA,RXA84,2009/10,0,1663,0
RXA,RXA89,2019/20,551,0,551
RXA,RXA89,2020/21,156,61,2.56
RXA,RXA89,2021/22,161,21,7.67
RXA,RXAAC,2009/10,702,688,1.02
RXA,RXAAG,2009/10,217,1249,0.17
RXA,RXACK,2010/11,338,529,0.64
RXA,RXACK,2012/13,693,0,693
RXA,RXADA,2020/21,1292,0,1292
RXA,RXADV,2015/16,752,0,752
RXA,RXADV,2016/17,2722,0,2722
RXA,RXADV,2017/18,2746,0,2746
RXA,RXADV,2018/19,3311,4,827.75
RXA,RXADV,2019/20,3153,2,1576.5
RXA,RXADV,2020/21,1459,0,1459
RXA,RXADV,2021/22,1421,0,1421
RXA,RXAE8,2015/16,894,560,1.6
RXA,RXAE8,2016/17,0,43,0
RXA,RXAE8,2017/18,375,538,0.7
RXA,RXAE8,2018/19,0,31,0
RXA,RXAE8,2019/20,0,8,0
RXA,RXAF4,2019/20,1233,2389,0.52
RXA,RXAF4,2020/21,1710,5969,0.29
RXA,RXAF4,2021/22,958,3597,0.27
RXA,RXAG5,2016/17,263,296,0.89
RXA,RXAG5,2017/18,2018,2369,0.85
RXA,RXAG5,2018/19,1545,2356,0.66
RXA,RXAG5,2019/20,2134,3173,0.67
RXA,RXAG5,2020/21,1512,2376,0.64
RXA,RXAG5,2021/22,359,2970,0.12
RXA,RXAMT,2019/20,189,1332,0.14
RXA,RXAMT,2020/21,0,482,0
RXA,RXAMT,2021/22,689,0,689
RXA,RXAWA,2010/11,685,188,3.64
RXA,RXAWK,2010/11,988,10117,0.1
RXA,RXAWK,2011/12,4557,15256,0.3
RXA,RXAWK,2012/13,4598,13191,0.35
RXA,RXAWK,2013/14,8088,16330,0.5
RXA,RXAWK,2014/15,20382,12995,1.57
RXA,RXAWK,2015/16,8970,10410,0.86
RXA,RXAWK,2016/17,4551,13492,0.34
RXA,RXAWK,2017/18,3041,16925,0.18
RXA,RXAWK,2018/19,3727,13785,0.27
RXA,RXAWK,2019/20,2840,13481,0.21
RXA,RXAWK,2020/21,4076,8240,0.49
RXA,RXAWK,2021/22,2664,4562,0.58
RXC,RXC00,2008/09,1137,4,284.25
RXC,RXC00,2009/10,1856,1,1856
RXC,RXC00,2010/11,1569,0,1569
RXC,RXC00,2011/12,1345,0,1345
RXC,RXC00,2012/13,1389,0,1389
RXC,RXC00,2013/14,38,0,38
RXC,RXC00,2014/15,294,8,36.75
RXC,RXC00,2015/16,199,29,6.86
RXC,RXC00,2016/17,642,5,128.4
RXC,RXC00,2017/18,106,0,106
RXC,RXC00,2018/19,30,0,30
RXC,RXC00,2020/21,981,29,33.83
RXC,RXC00,2021/22,469,9,52.11
RXC,RXC00,2022/23,106,0,106
RXC,RXC00,2023/24,67,0,67
RXC,RXC01,2008/09,12396,113759,0.11
RXC,RXC01,2009/10,10970,124004,0.09
RXC,RXC01,2010/11,10452,118823,0.09
RXC,RXC01,2011/12,9205,118263,0.08
RXC,RXC01,2012/13,5938,87360,0.07
RXC,RXC01,2013/14,8014,105102,0.08
RXC,RXC01,2014/15,10008,112120,0.09
RXC,RXC01,2015/16,9572,118733,0.08
RXC,RXC01,2016/17,9732,128298,0.08
RXC,RXC01,2017/18,9037,120742,0.07
RXC,RXC01,2018/19,8555,117506,0.07
RXC,RXC01,2019/20,8469,118405,0.07
RXC,RXC01,2020/21,4585,95012,0.05
RXC,RXC01,2021/22,6294,110810,0.06
RXC,RXC01,2022/23,6334,132814,0.05
RXC,RXC01,2023/24,4620,99461,0.05
RXC,RXC02,2008/09,18891,115771,0.16
RXC,RXC02,2009/10,17535,125397,0.14
RXC,RXC02,2010/11,17749,128069,0.14
RXC,RXC02,2011/12,17156,126463,0.14
RXC,RXC02,2012/13,11082,108862,0.1
RXC,RXC02,2013/14,15747,123445,0.13
RXC,RXC02,2014/15,12544,106137,0.12
RXC,RXC02,2015/16,9580,110214,0.09
RXC,RXC02,2016/17,8954,124223,0.07
RXC,RXC02,2017/18,7126,125784,0.06
RXC,RXC02,2018/19,8965,109094,0.08
RXC,RXC02,2019/20,8499,107978,0.08
RXC,RXC02,2020/21,4893,106750,0.05
RXC,RXC02,2021/22,5523,123292,0.04
RXC,RXC02,2022/23,5662,138898,0.04
RXC,RXC02,2023/24,4075,97861,0.04
RXC,RXC03,2008/09,10,0,10
RXC,RXC03,2009/10,0,0,0
RXC,RXC03,2010/11,5,0,5
RXC,RXC03,2011/12,81,1191,0.07
RXC,RXC03,2012/13,9,933,0.01
RXC,RXC03,2013/14,5,3762,0
RXC,RXC03,2014/15,198,457,0.43
RXC,RXC03,2015/16,258,3633,0.07
RXC,RXC03,2016/17,10,1351,0.01
RXC,RXC03,2017/18,31,682,0.05
RXC,RXC03,2018/19,3,1633,0
RXC,RXC03,2019/20,48,1699,0.03
RXC,RXC03,2020/21,14,1293,0.01
RXC,RXC03,2021/22,72,901,0.08
RXC,RXC03,2022/23,92,744,0.12
RXC,RXC03,2023/24,1,729,0
RXC,RXC14,2012/13,0,2,0
RXC,RXC14,2013/14,9,0,9
RXC,RXC14,2014/15,62,0,62
RXC,RXC14,2015/16,22,0,22
RXC,RXC18,2008/09,123,0,123
RXC,RXC18,2009/10,82,66,1.24
RXC,RXC18,2010/11,114,0,114
RXC,RXC18,2011/12,3785,1087,3.48
RXC,RXC18,2012/13,1250,130,9.62
RXC,RXC18,2013/14,135,277,0.49
RXC,RXC18,2014/15,76,518,0.15
RXC,RXC18,2015/16,335,1803,0.19
RXC,RXC18,2016/17,14,0,14
RXC,RXC18,2017/18,7,0,7
RXC,RXC18,2018/19,8,0,8
RXC,RXC18,2019/20,9,0,9
RXC,RXC18,2020/21,1,0,1
RXC,RXC18,2021/22,2,0,2
RXC,RXC18,2022/23,22,0,22
RXC,RXC18,2023/24,0,0,0
RXC,RXC42,2011/12,951,1070,0.89
RXC,RXC42,2012/13,1184,738,1.6
RXC,RXC42,2013/14,1056,611,1.73
RXC,RXC42,2014/15,1610,439,3.67
RXC,RXC42,2015/16,1926,1179,1.63
RXC,RXC42,2016/17,102,1256,0.08
RXC,RXC42,2017/18,36,894,0.04
RXC,RXC42,2018/19,0,1047,0
RXC,RXC42,2019/20,77,796,0.1
RXC,RXC42,2020/21,65,239,0.27
RXC,RXC42,2021/22,42,192,0.22
RXC,RXC42,2022/23,0,108,0
RXC,RXC42,2023/24,0,141,0
RXC,RXCJ0,2021/22,7,0,7
RXC,RXCJ0,2022/23,42,0,42
RXC,RXCJ0,2023/24,13,0,13
RXC,RXCLA,2011/12,7208,1057,6.82
RXC,RXCLA,2012/13,2503,619,4.04
RXC,RXCLA,2013/14,51,1193,0.04
RXC,RXCLA,2014/15,516,1059,0.49
RXC,RXCLA,2015/16,850,748,1.14
RXC,RXCLD,2011/12,895,1779,0.5
RXC,RXCLD,2012/13,438,1178,0.37
RXC,RXCLD,2013/14,321,1423,0.23
RXC,RXCLD,2014/15,293,1304,0.22
RXC,RXCLD,2015/16,91,1402,0.06
RXC,RXCLD,2016/17,452,0,452
RXC,RXCLF,2011/12,6982,0,6982
RXC,RXCLF,2012/13,1552,375,4.14
RXC,RXCLF,2013/14,139,1288,0.11
RXC,RXCLF,2014/15,771,357,2.16
RXC,RXCLF,2015/16,723,1077,0.67
RXC,RXCLF,2016/17,555,192,2.89
RXC,RXCLF,2017/18,655,657,1
RXC,RXCLF,2018/19,142,232,0.61
RXC,U9D3W,2022/23,1750,2,875
RXC,U9D3W,2023/24,508,74,6.86
RXE,O4I5U,2023/24,7423,7001,1.06
RXE,RXE00,2008/09,10095,37254,0.27
RXE,RXE00,2009/10,11120,55770,0.2
RXE,RXE00,2010/11,15783,61769,0.26
RXE,RXE00,2011/12,0,11542,0
RXE,RXE00,2012/13,0,7416,0
RXE,RXE00,2014/15,0,3196,0
RXE,RXE00,2017/18,43,0,43
RXE,RXE00,2018/19,11041,25686,0.43
RXE,RXE00,2019/20,0,1,0
RXE,RXE00,2023/24,449,341,1.32
RXE,RXE07,2011/12,12755,18063,0.71
RXE,RXE07,2012/13,12205,24351,0.5
RXE,RXE07,2013/14,9327,19207,0.49
RXE,RXE07,2014/15,11026,19721,0.56
RXE,RXE07,2015/16,11102,19170,0.58
RXE,RXE07,2016/17,5087,19865,0.26
RXE,RXE07,2017/18,5885,21219,0.28
RXE,RXE07,2018/19,3285,7247,0.45
RXE,RXE07,2019/20,4060,11442,0.35
RXE,RXE07,2020/21,2844,5851,0.49
RXE,RXE07,2021/22,1236,2519,0.49
RXE,RXE07,2022/23,3122,2774,1.13
RXE,RXE07,2023/24,3701,3340,1.11
RXE,RXE13,2011/12,1144,0,1144
RXE,RXE13,2012/13,512,0,512
RXE,RXE13,2013/14,1417,11,128.82
RXE,RXE13,2014/15,74,547,0.14
RXE,RXE13,2015/16,4452,1887,2.36
RXE,RXE13,2016/17,1369,0,1369
RXE,RXE13,2017/18,1421,0,1421
RXE,RXE13,2018/19,479,0,479
RXE,RXE13,2019/20,846,0,846
RXE,RXE13,2020/21,2400,0,2400
RXE,RXE13,2021/22,436,13,33.54
RXE,RXE13,2022/23,116,0,116
RXE,RXE13,2023/24,960,148,6.49
RXE,RXE30,2021/22,740,32,23.13
RXE,RXE71,2019/20,2932,13158,0.22
RXE,RXE71,2020/21,4821,14381,0.34
RXE,RXE71,2021/22,6872,7626,0.9
RXE,RXE71,2022/23,10188,6408,1.59
RXE,RXE71,2023/24,577,0,577
RXE,RXE72,2021/22,1202,1112,1.08
RXE,RXE72,2022/23,864,93,9.29
RXE,RXE92,2011/12,809,4586,0.18
RXE,RXE92,2012/13,2954,7075,0.42
RXE,RXE92,2013/14,3721,6313,0.59
RXE,RXE92,2014/15,4888,7409,0.66
RXE,RXE92,2015/16,5224,4106,1.27
RXE,RXE92,2016/17,6608,2929,2.26
RXE,RXE92,2017/18,7895,3744,2.11
RXE,RXE92,2018/19,882,0,882
RXE,RXE92,2019/20,3812,7182,0.53
RXE,RXE92,2020/21,3626,5770,0.63
RXE,RXE92,2021/22,3697,6047,0.61
RXE,RXE92,2022/23,4027,5733,0.7
RXE,RXE92,2023/24,5036,7593,0.66
RXE,RXE95,2011/12,2469,2172,1.14
RXE,RXE95,2012/13,0,244,0
RXE,RXEA1,2017/18,13821,0,13821
RXE,RXEA1,2018/19,15238,0,15238
RXE,RXEA1,2019/20,445,0,445
RXE,RXEA1,2023/24,1225,0,1225
RXE,RXEAA,2011/12,4652,28023,0.17
RXE,RXEAA,2012/13,3073,30146,0.1
RXE,RXEAA,2013/14,15877,29414,0.54
RXE,RXEAA,2014/15,19084,29698,0.64
RXE,RXEAA,2015/16,25838,23508,1.1
RXE,RXEAA,2016/17,27711,23129,1.2
RXE,RXEAA,2017/18,14461,21289,0.68
RXE,RXEAA,2018/19,4199,6400,0.66
RXE,RXEAA,2019/20,19462,19945,0.98
RXE,RXEAA,2020/21,20500,16554,1.24
RXE,RXEAA,2021/22,20635,15771,1.31
RXE,RXEAA,2022/23,26016,15936,1.63
RXE,RXEAA,2023/24,21166,9451,2.24
RXE,RXEAK,2019/20,2773,0,2773
RXE,RXEC4,2011/12,1701,110,15.46
RXE,RXEC4,2012/13,927,210,4.41
RXE,RXEC4,2013/14,790,157,5.03
RXE,RXEC4,2014/15,967,574,1.68
RXE,RXECA,2011/12,14,81,0.17
RXE,RXECA,2012/13,0,19,0
RXE,RXECA,2013/14,1516,0,1516
RXE,RXECM,2019/20,4552,0,4552
RXE,RXECM,2020/21,3950,0,3950
RXE,RXECM,2021/22,1353,260,5.2
RXE,RXECM,2022/23,1717,135,12.72
RXE,RXECM,2023/24,3167,0,3167
RXE,RXEDL,2016/17,2109,212,9.95
RXE,RXEDL,2017/18,1900,0,1900
RXE,RXEDL,2018/19,1976,0,1976
RXE,RXEDL,2019/20,2066,0,2066
RXE,RXEDL,2020/21,1698,0,1698
RXE,RXEDL,2021/22,2023,531,3.81
RXE,RXEDL,2022/23,3250,136,23.9
RXE,RXEDL,2023/24,1805,430,4.2
RXF,RXF00,2008/09,1975,0,1975
RXF,RXF00,2009/10,2127,0,2127
RXF,RXF00,2010/11,2449,0,2449
RXF,RXF00,2011/12,2183,50,43.66
RXF,RXF00,2012/13,220,12,18.33
RXF,RXF00,2013/14,16,128,0.13
RXF,RXF00,2015/16,10,0,10
RXF,RXF03,2008/09,12277,74261,0.17
RXF,RXF03,2009/10,11020,75814,0.15
RXF,RXF03,2010/11,8048,62648,0.13
RXF,RXF03,2011/12,1409,4601,0.31
RXF,RXF03,2012/13,512,2716,0.19
RXF,RXF03,2013/14,2913,9017,0.32
RXF,RXF03,2014/15,3259,14477,0.23
RXF,RXF03,2015/16,3051,1680,1.82
RXF,RXF03,2016/17,3072,22,139.64
RXF,RXF03,2017/18,2685,111,24.19
RXF,RXF03,2018/19,2541,22,115.5
RXF,RXF03,2019/20,1920,11,174.55
RXF,RXF03,2020/21,1335,1145,1.17
RXF,RXF03,2021/22,2967,1795,1.65
RXF,RXF03,2022/23,2225,1404,1.58
RXF,RXF03,2023/24,2129,1053,2.02
RXF,RXF04,2008/09,24,0,24
RXF,RXF04,2009/10,83,0,83
RXF,RXF04,2010/11,12,0,12
RXF,RXF05,2008/09,15227,130284,0.12
RXF,RXF05,2009/10,16997,135697,0.13
RXF,RXF05,2010/11,16905,129738,0.13
RXF,RXF05,2011/12,26557,172116,0.15
RXF,RXF05,2012/13,20054,185209,0.11
RXF,RXF05,2013/14,18554,181625,0.1
RXF,RXF05,2014/15,22133,170240,0.13
RXF,RXF05,2015/16,16404,188735,0.09
RXF,RXF05,2016/17,15365,214125,0.07
RXF,RXF05,2017/18,16642,244652,0.07
RXF,RXF05,2018/19,14689,255710,0.06
RXF,RXF05,2019/20,13761,257380,0.05
RXF,RXF05,2020/21,8954,215508,0.04
RXF,RXF05,2021/22,11038,259255,0.04
RXF,RXF05,2022/23,11644,277385,0.04
RXF,RXF05,2023/24,8597,204397,0.04
RXF,RXF10,2008/09,10390,83655,0.12
RXF,RXF10,2009/10,10486,89178,0.12
RXF,RXF10,2010/11,8277,96365,0.09
RXF,RXF10,2011/12,8814,96156,0.09
RXF,RXF10,2012/13,7215,95003,0.08
RXF,RXF10,2013/14,7954,87031,0.09
RXF,RXF10,2014/15,8347,83994,0.1
RXF,RXF10,2015/16,7471,78996,0.09
RXF,RXF10,2016/17,6118,72102,0.08
RXF,RXF10,2017/18,5469,51020,0.11
RXF,RXF10,2018/19,5049,38591,0.13
RXF,RXF10,2019/20,3840,41331,0.09
RXF,RXF10,2020/21,119,25199,0
RXF,RXF10,2021/22,1505,32998,0.05
RXF,RXF10,2022/23,1968,40962,0.05
RXF,RXF10,2023/24,1121,33989,0.03
RXF,RXF13,2014/15,0,18,0
RXF,RXF14,2011/12,0,57,0
RXF,RXF14,2013/14,25,0,25
RXF,RXF15,2011/12,0,100,0
RXF,RXF15,2013/14,0,23,0
RXF,RXF98,2013/14,75,0,75
RXF,RXF98,2014/15,404,0,404
RXF,RXF99,2012/13,0,42,0
RXG,RXG10,2008/09,3073,9556,0.32
RXG,RXG10,2009/10,7027,14170,0.5
RXG,RXG10,2010/11,8596,15947,0.54
RXG,RXG10,2011/12,6581,15451,0.43
RXG,RXG10,2012/13,11186,21351,0.52
RXG,RXG10,2013/14,7901,17503,0.45
RXG,RXG10,2014/15,13608,22140,0.61
RXG,RXG10,2015/16,5076,19577,0.26
RXG,RXG10,2016/17,8482,17134,0.5
RXG,RXG10,2017/18,8941,18020,0.5
RXG,RXG10,2018/19,9811,23015,0.43
RXG,RXG10,2019/20,1470,21777,0.07
RXG,RXG10,2020/21,0,25351,0
RXG,RXG10,2021/22,3552,29756,0.12
RXG,RXG10,2023/24,3506,25051,0.14
RXG,RXG11,2008/09,142,0,142
RXG,RXG11,2009/10,2427,0,2427
RXG,RXG11,2010/11,5190,209,24.83
RXG,RXG11,2011/12,6738,0,6738
RXG,RXG11,2012/13,7399,945,7.83
RXG,RXG11,2013/14,12680,994,12.76
RXG,RXG11,2014/15,16299,2293,7.11
RXG,RXG11,2015/16,13655,711,19.21
RXG,RXG11,2016/17,11587,536,21.62
RXG,RXG11,2017/18,14050,3425,4.1
RXG,RXG11,2018/19,2904,7676,0.38
RXG,RXG11,2019/20,5065,0,5065
RXG,RXG11,2020/21,5174,0,5174
RXG,RXG11,2021/22,4054,0,4054
RXG,RXG11,2023/24,5082,0,5082
RXG,RXG20,2008/09,264,405,0.65
RXG,RXG20,2009/10,527,97,5.43
RXG,RXG20,2010/11,864,184,4.7
RXG,RXG20,2011/12,296,309,0.96
RXG,RXG20,2012/13,2296,418,5.49
RXG,RXG20,2013/14,290,605,0.48
RXG,RXG20,2014/15,549,518,1.06
RXG,RXG20,2015/16,512,106,4.83
RXG,RXG22,2008/09,95,14,6.79
RXG,RXG22,2009/10,1214,0,1214
RXG,RXG23,2008/09,34,52,0.65
RXG,RXG23,2009/10,267,0,267
RXG,RXG23,2010/11,429,46,9.33
RXG,RXG23,2011/12,1194,0,1194
RXG,RXG23,2012/13,1943,179,10.85
RXG,RXG23,2013/14,983,15,65.53
RXG,RXG23,2014/15,1279,77,16.61
RXG,RXG23,2015/16,1430,1405,1.02
RXG,RXG30,2008/09,618,678,0.91
RXG,RXG30,2009/10,1790,2028,0.88
RXG,RXG30,2010/11,958,1387,0.69
RXG,RXG30,2011/12,688,1143,0.6
RXG,RXG31,2008/09,535,190,2.82
RXG,RXG31,2009/10,1119,637,1.76
RXG,RXG31,2010/11,1187,1025,1.16
RXG,RXG31,2011/12,1527,1031,1.48
RXG,RXG31,2012/13,672,1540,0.44
RXG,RXG31,2013/14,115,1595,0.07
RXG,RXG31,2014/15,3,432,0.01
RXG,RXG31,2015/16,592,522,1.13
RXG,RXG31,2016/17,344,72,4.78
RXG,RXG31,2017/18,304,255,1.19
RXG,RXG31,2018/19,0,249,0
RXG,RXG36,2008/09,262,14,18.71
RXG,RXG36,2009/10,1154,214,5.39
RXG,RXG36,2010/11,2819,1,2819
RXG,RXG36,2011/12,3144,177,17.76
RXG,RXG36,2012/13,4343,337,12.89
RXG,RXG36,2013/14,4304,3,1434.67
RXG,RXG36,2014/15,867,101,8.58
RXG,RXG36,2015/16,1228,2422,0.51
RXG,RXG36,2016/17,691,914,0.76
RXG,RXG36,2017/18,1563,1302,1.2
RXG,RXG36,2018/19,0,242,0
RXG,RXG36,2019/20,421,120,3.51
RXG,RXG36,2020/21,3454,49,70.49
RXG,RXG36,2021/22,0,154,0
RXG,RXG36,2023/24,0,1204,0
RXG,RXG41,2008/09,1692,4604,0.37
RXG,RXG41,2009/10,2315,6896,0.34
RXG,RXG41,2010/11,4111,8838,0.47
RXG,RXG41,2011/12,3881,11070,0.35
RXG,RXG41,2012/13,1567,12073,0.13
RXG,RXG41,2013/14,1944,17180,0.11
RXG,RXG41,2014/15,1315,14631,0.09
RXG,RXG41,2015/16,1139,13640,0.08
RXG,RXG41,2016/17,1040,15218,0.07
RXG,RXG41,2017/18,666,13804,0.05
RXG,RXG41,2018/19,1471,12488,0.12
RXG,RXG41,2019/20,150,25278,0.01
RXG,RXG41,2020/21,120,19502,0.01
RXG,RXG41,2021/22,0,23719,0
RXG,RXG41,2023/24,79,19899,0
RXG,RXG58,2008/09,72,0,72
RXG,RXG58,2009/10,1234,0,1234
RXG,RXG58,2010/11,835,0,835
RXG,RXG58,2011/12,2052,0,2052
RXG,RXG58,2012/13,527,0,527
RXG,RXG58,2013/14,265,0,265
RXG,RXG58,2014/15,681,0,681
RXG,RXG58,2015/16,405,620,0.65
RXG,RXG58,2016/17,0,465,0
RXG,RXG58,2017/18,620,1220,0.51
RXG,RXG58,2018/19,0,787,0
RXG,RXG58,2019/20,222,0,222
RXG,RXG58,2020/21,0,89,0
RXG,RXG58,2021/22,868,446,1.95
RXG,RXG58,2023/24,344,652,0.53
RXG,RXG70,2008/09,1492,104,14.35
RXG,RXG70,2009/10,1456,510,2.85
RXG,RXG70,2010/11,1587,185,8.58
RXG,RXG70,2011/12,626,230,2.72
RXG,RXG70,2012/13,401,1042,0.38
RXG,RXG70,2013/14,168,279,0.6
RXG,RXG70,2014/15,50,1445,0.03
RXG,RXG70,2015/16,509,173,2.94
RXG,RXG70,2016/17,0,152,0
RXG,RXG82,2011/12,1333,9349,0.14
RXG,RXG82,2012/13,2324,11105,0.21
RXG,RXG82,2013/14,2770,12028,0.23
RXG,RXG82,2014/15,3478,9502,0.37
RXG,RXG82,2015/16,2623,10833,0.24
RXG,RXG82,2016/17,3595,8994,0.4
RXG,RXG82,2017/18,2277,11429,0.2
RXG,RXG82,2018/19,2057,11246,0.18
RXG,RXG82,2019/20,288,11184,0.03
RXG,RXG82,2020/21,199,14765,0.01
RXG,RXG82,2021/22,243,12904,0.02
RXG,RXG82,2023/24,154,14418,0.01
RXG,RXG83,2011/12,1198,0,1198
RXG,RXG84,2011/12,0,1130,0
RXG,RXG84,2012/13,73,784,0.09
RXG,RXG84,2013/14,37,304,0.12
RXG,RXG84,2014/15,46,50,0.92
RXG,RXG84,2015/16,253,368,0.69
RXG,RXG84,2016/17,319,161,1.98
RXG,RXG84,2017/18,210,204,1.03
RXG,RXGDD,2008/09,1902,2968,0.64
RXG,RXGDD,2009/10,2442,4306,0.57
RXG,RXGDD,2010/11,2505,4712,0.53
RXG,RXGDD,2011/12,4212,6083,0.69
RXG,RXGDD,2012/13,3072,9166,0.34
RXG,RXGDD,2013/14,2838,7370,0.39
RXG,RXGDD,2014/15,3917,10678,0.37
RXG,RXGDD,2015/16,2251,8932,0.25
RXG,RXGDD,2016/17,2933,10571,0.28
RXG,RXGDD,2017/18,3221,10767,0.3
RXG,RXGDD,2018/19,1538,9507,0.16
RXG,RXGDD,2019/20,440,14617,0.03
RXG,RXGDD,2020/21,59,18681,0
RXG,RXGDD,2021/22,0,17029,0
RXG,RXGDD,2023/24,0,16859,0
RXG,RXGHH,2008/09,3752,4746,0.79
RXG,RXGHH,2009/10,3387,7003,0.48
RXG,RXGHH,2010/11,3578,3019,1.19
RXG,RXGHH,2011/12,3563,180,19.79
RXG,RXGHH,2012/13,1391,1071,1.3
RXG,RXGHH,2014/15,0,2090,0
RXH,RXH00,2008/09,0,0,0
RXH,RXH00,2012/13,12,0,12
RXH,RXH00,2014/15,10,0,10
RXH,RXH00,2015/16,4,0,4
RXH,RXH00,2016/17,0,123,0
RXH,RXH00,2017/18,216,1201,0.18
RXH,RXH00,2018/19,235,242,0.97
RXH,RXH00,2020/21,14768,83764,0.18
RXH,RXH00,2021/22,47475,242607,0.2
RXH,RXH00,2022/23,4122,28335,0.15
RXH,RXH01,2008/09,20534,151397,0.14
RXH,RXH01,2009/10,22245,165627,0.13
RXH,RXH01,2010/11,21459,171770,0.12
RXH,RXH01,2011/12,22331,159261,0.14
RXH,RXH01,2012/13,19453,169133,0.12
RXH,RXH01,2013/14,21413,163928,0.13
RXH,RXH01,2014/15,17299,169529,0.1
RXH,RXH01,2015/16,19150,160859,0.12
RXH,RXH01,2016/17,18716,164621,0.11
RXH,RXH01,2017/18,19750,166495,0.12
RXH,RXH01,2018/19,18188,174040,0.1
RXH,RXH01,2019/20,24357,183011,0.13
RXH,RXH01,2020/21,13451,97897,0.14
RXH,RXH01,2022/23,0,1246,0
RXH,RXH05,2008/09,18,0,18
RXH,RXH05,2009/10,61,4,15.25
RXH,RXH05,2010/11,24,0,24
RXH,RXH05,2011/12,39,0,39
RXH,RXH05,2012/13,7,0,7
RXH,RXH05,2013/14,30,0,30
RXH,RXH05,2014/15,8,0,8
RXH,RXH05,2015/16,28,0,28
RXH,RXH05,2016/17,45,0,45
RXH,RXH05,2017/18,3,0,3
RXH,RXH05,2018/19,226,0,226
RXH,RXH05,2019/20,245,0,245
RXH,RXH05,2020/21,8,0,8
RXH,RXH06,2008/09,1324,7212,0.18
RXH,RXH06,2009/10,1115,7885,0.14
RXH,RXH06,2010/11,1167,7229,0.16
RXH,RXH06,2011/12,1445,8887,0.16
RXH,RXH06,2012/13,1035,8910,0.12
RXH,RXH06,2013/14,1128,10213,0.11
RXH,RXH06,2014/15,1000,12660,0.08
RXH,RXH06,2015/16,858,10541,0.08
RXH,RXH06,2016/17,1144,10647,0.11
RXH,RXH06,2017/18,1129,10237,0.11
RXH,RXH06,2018/19,1533,10252,0.15
RXH,RXH06,2019/20,1239,10091,0.12
RXH,RXH06,2020/21,698,3609,0.19
RXH,RXH07,2008/09,576,482,1.2
RXH,RXH07,2009/10,608,573,1.06
RXH,RXH07,2010/11,445,579,0.77
RXH,RXH07,2011/12,533,622,0.86
RXH,RXH07,2012/13,850,545,1.56
RXH,RXH07,2013/14,823,602,1.37
RXH,RXH07,2014/15,839,384,2.18
RXH,RXH07,2015/16,731,484,1.51
RXH,RXH07,2016/17,836,596,1.4
RXH,RXH07,2017/18,739,623,1.19
RXH,RXH07,2018/19,461,575,0.8
RXH,RXH07,2019/20,536,537,1
RXH,RXH07,2020/21,164,133,1.23
RXH,RXH09,2008/09,11342,38722,0.29
RXH,RXH09,2009/10,11748,40972,0.29
RXH,RXH09,2010/11,14385,42759,0.34
RXH,RXH09,2011/12,18449,44877,0.41
RXH,RXH09,2012/13,9837,46768,0.21
RXH,RXH09,2013/14,8940,50884,0.18
RXH,RXH09,2014/15,8957,52344,0.17
RXH,RXH09,2015/16,8236,61847,0.13
RXH,RXH09,2016/17,8080,62946,0.13
RXH,RXH09,2017/18,8558,61296,0.14
RXH,RXH09,2018/19,7743,64447,0.12
RXH,RXH09,2019/20,7305,72997,0.1
RXH,RXH09,2020/21,3485,23687,0.15
RXH,RXH10,2008/09,5911,5324,1.11
RXH,RXH10,2009/10,5920,6545,0.9
RXH,RXH10,2010/11,4887,8567,0.57
RXH,RXH10,2011/12,4302,7709,0.56
RXH,RXH10,2012/13,4116,6783,0.61
RXH,RXH10,2013/14,2673,5961,0.45
RXH,RXH10,2014/15,2955,6501,0.45
RXH,RXH10,2015/16,1212,1629,0.74
RXH,RXH10,2016/17,1037,98,10.58
RXH,RXH10,2017/18,1028,79,13.01
RXH,RXH10,2018/19,952,13,73.23
RXH,RXH10,2019/20,807,123,6.56
RXH,RXH10,2020/21,37,0,37
RXH,RXH16,2008/09,10,0,10
RXH,RXH16,2010/11,1,0,1
RXH,RXH16,2013/14,0,0,0
RXH,RXH17,2008/09,35,0,35
RXH,RXH17,2009/10,461,0,461
RXH,RXH17,2010/11,39,0,39
RXH,RXH17,2011/12,28,0,28
RXH,RXH17,2012/13,30,0,30
RXH,RXH17,2013/14,1,0,1
RXH,RXH17,2014/15,15,4,3.75
RXH,RXH17,2015/16,2,0,2
RXH,RXH17,2016/17,1,0,1
RXH,RXH17,2018/19,67,0,67
RXH,RXH17,2019/20,6,0,6
RXH,RXH17,2020/21,1,0,1
RXH,RXH18,2009/10,0,2,0
RXH,RXH18,2010/11,24,0,24
RXH,RXH18,2011/12,11,0,11
RXH,RXH18,2012/13,79,3,26.33
RXH,RXH18,2013/14,11,2,5.5
RXH,RXH18,2014/15,43,66,0.65
RXH,RXH18,2015/16,14,1,14
RXH,RXH18,2016/17,37,2,18.5
RXH,RXH18,2017/18,0,5,0
RXH,RXH18,2018/19,0,15,0
RXH,RXH19,2008/09,33,0,33
RXH,RXH19,2009/10,10,0,10
RXH,RXH19,2010/11,212,0,212
RXH,RXH19,2011/12,11,0,11
RXH,RXH19,2012/13,64,0,64
RXH,RXH19,2013/14,106,0,106
RXH,RXH19,2014/15,101,0,101
RXH,RXH19,2015/16,81,0,81
RXH,RXH19,2016/17,75,0,75
RXH,RXH21,2008/09,33,0,33
RXH,RXH21,2009/10,12,0,12
RXH,RXH21,2010/11,53,0,53
RXH,RXH21,2011/12,20,0,20
RXH,RXH21,2012/13,6,0,6
RXH,RXH21,2013/14,10,0,10
RXH,RXH21,2014/15,5,0,5
RXH,RXH21,2015/16,11,1,11
RXH,RXH21,2016/17,13,0,13
RXH,RXH21,2017/18,4,0,4
RXH,RXH21,2018/19,8,0,8
RXH,RXH21,2019/20,41,0,41
RXH,RXH27,2011/12,363,0,363
RXH,RXH27,2012/13,135,0,135
RXH,RXH27,2013/14,2,0,2
RXH,RXH28,2014/15,26,0,26
RXH,RXH39,2012/13,0,0,0
RXH,RXH39,2013/14,0,0,0
RXH,RXH39,2016/17,9,0,9
RXH,RXH39,2017/18,2,0,2
RXH,RXH39,2019/20,11,0,11
RXH,RXH60,2012/13,6870,24,286.25
RXH,RXH60,2013/14,5505,6,917.5
RXH,RXH60,2014/15,4989,38,131.29
RXH,RXH60,2015/16,5773,23,251
RXH,RXH60,2016/17,5712,65,87.88
RXH,RXH60,2017/18,4563,181,25.21
RXH,RXH60,2018/19,4598,63,72.98
RXH,RXH60,2019/20,3749,28,133.89
RXH,RXH60,2020/21,580,0,580
RXH,RXH61,2012/13,9,0,9
RXH,RXH62,2013/14,160,0,160
RXH,RXH63,2013/14,1,0,1
RXH,RXH63,2014/15,166,0,166
RXH,RXH63,2015/16,39,0,39
RXH,RXH63,2016/17,16,0,16
RXK,RXK00,2020/21,1376,4,344
RXK,RXK00,2021/22,18,0,18
RXK,RXK01,2008/09,17133,100037,0.17
RXK,RXK01,2009/10,11994,111444,0.11
RXK,RXK01,2010/11,10069,118003,0.09
RXK,RXK01,2011/12,9432,112153,0.08
RXK,RXK01,2012/13,10143,102676,0.1
RXK,RXK01,2013/14,10650,108589,0.1
RXK,RXK01,2014/15,10240,113341,0.09
RXK,RXK01,2015/16,8199,108813,0.08
RXK,RXK01,2016/17,8083,118627,0.07
RXK,RXK01,2017/18,8912,140620,0.06
RXK,RXK01,2018/19,8856,140665,0.06
RXK,RXK01,2019/20,11163,141687,0.08
RXK,RXK01,2020/21,5422,125242,0.04
RXK,RXK01,2021/22,6845,134753,0.05
RXK,RXK01,2022/23,9306,149631,0.06
RXK,RXK01,2023/24,7950,101940,0.08
RXK,RXK02,2008/09,21172,125787,0.17
RXK,RXK02,2009/10,22188,129141,0.17
RXK,RXK02,2010/11,23211,128800,0.18
RXK,RXK02,2011/12,21767,113231,0.19
RXK,RXK02,2012/13,14551,107218,0.14
RXK,RXK02,2013/14,11356,93068,0.12
RXK,RXK02,2014/15,10233,90704,0.11
RXK,RXK02,2015/16,9709,79059,0.12
RXK,RXK02,2016/17,9116,72692,0.13
RXK,RXK02,2017/18,9714,78469,0.12
RXK,RXK02,2018/19,8388,74593,0.11
RXK,RXK02,2019/20,8422,78945,0.11
RXK,RXK02,2020/21,3803,64771,0.06
RXK,RXK02,2021/22,7229,75524,0.1
RXK,RXK02,2022/23,6936,80623,0.09
RXK,RXK02,2023/24,4287,57477,0.07
RXK,RXK03,2009/10,1638,2279,0.72
RXK,RXK03,2010/11,1,1,1
RXK,RXK10,2008/09,9,869,0.01
RXK,RXK10,2009/10,34,1206,0.03
RXK,RXK10,2010/11,41,337,0.12
RXK,RXK10,2011/12,0,136,0
RXK,RXK10,2013/14,228,20,11.4
RXK,RXK10,2014/15,832,15,55.47
RXK,RXK10,2015/16,1305,327,3.99
RXK,RXK10,2016/17,1597,149,10.72
RXK,RXK10,2017/18,2956,1338,2.21
RXK,RXK10,2018/19,1746,1384,1.26
RXK,RXK10,2019/20,2156,797,2.71
RXK,RXK10,2020/21,1461,1042,1.4
RXK,RXK10,2021/22,1266,1246,1.02
RXK,RXK10,2022/23,808,1622,0.5
RXK,RXK10,2023/24,477,659,0.72
RXK,RXK27,2019/20,458,422,1.09
RXK,RXK27,2020/21,50,480,0.1
RXK,RXK27,2021/22,0,172,0
RXK,RXK27,2022/23,315,332,0.95
RXK,RXK27,2023/24,119,211,0.56
RXK,RXKTC,2008/09,1535,20,76.75
RXK,RXKTC,2009/10,1829,0,1829
RXK,X9T4U,2022/23,159,2,79.5
RXK,X9T4U,2023/24,417,0,417
RXL,A4M4V,2021/22,683,0,683
RXL,A4M4V,2022/23,114,0,114
RXL,A4M4V,2023/24,17,0,17
RXL,RXL00,2008/09,0,0,0
RXL,RXL00,2009/10,0,10,0
RXL,RXL00,2011/12,16304,104800,0.16
RXL,RXL00,2012/13,452,14585,0.03
RXL,RXL00,2021/22,3,0,3
RXL,RXL01,2008/09,34989,209051,0.17
RXL,RXL01,2009/10,33432,231582,0.14
RXL,RXL01,2010/11,31637,213728,0.15
RXL,RXL01,2011/12,15332,119772,0.13
RXL,RXL01,2012/13,31788,219034,0.15
RXL,RXL01,2013/14,30326,230828,0.13
RXL,RXL01,2014/15,30565,238712,0.13
RXL,RXL01,2015/16,27775,242790,0.11
RXL,RXL01,2016/17,23629,248980,0.09
RXL,RXL01,2017/18,22157,259527,0.09
RXL,RXL01,2018/19,21554,249768,0.09
RXL,RXL01,2019/20,22419,250274,0.09
RXL,RXL01,2020/21,16064,214053,0.08
RXL,RXL01,2021/22,18950,247495,0.08
RXL,RXL01,2022/23,21306,275944,0.08
RXL,RXL01,2023/24,17588,208022,0.08
RXL,RXL04,2008/09,4,7,0.57
RXL,RXL04,2009/10,0,1,0
RXL,RXL04,2010/11,16,0,16
RXL,RXL04,2011/12,14,0,14
RXL,RXL04,2012/13,1,0,1
RXL,RXL04,2014/15,0,0,0
RXL,RXL04,2016/17,0,0,0
RXL,RXL04,2018/19,0,0,0
RXL,RXL04,2019/20,0,0,0
RXL,RXL06,2008/09,2659,1511,1.76
RXL,RXL06,2009/10,3543,848,4.18
RXL,RXL06,2010/11,1804,1733,1.04
RXL,RXL06,2011/12,623,1272,0.49
RXL,RXL06,2012/13,1078,2052,0.53
RXL,RXL06,2013/14,1077,2231,0.48
RXL,RXL06,2014/15,286,1405,0.2
RXL,RXL06,2015/16,19,4698,0
RXL,RXL06,2016/17,15,468,0.03
RXL,RXL06,2017/18,0,752,0
RXL,RXL06,2018/19,18,835,0.02
RXL,RXL06,2019/20,15,1715,0.01
RXL,RXL06,2020/21,16,1286,0.01
RXL,RXL06,2021/22,11,1924,0.01
RXL,RXL06,2022/23,25,1369,0.02
RXL,RXL06,2023/24,182,1451,0.13
RXL,RXL07,2008/09,0,331,0
RXL,RXL07,2009/10,0,245,0
RXL,RXL07,2010/11,0,197,0
RXL,RXL08,2008/09,0,1840,0
RXL,RXL08,2009/10,0,2208,0
RXL,RXL08,2010/11,0,1060,0
RXL,RXL08,2011/12,0,740,0
RXL,RXL08,2012/13,4,2074,0
RXL,RXL08,2013/14,0,2991,0
RXL,RXL08,2014/15,0,1394,0
RXL,RXL08,2015/16,121,2854,0.04
RXL,RXL08,2016/17,0,92,0
RXL,RXL09,2008/09,0,153,0
RXL,RXL09,2009/10,0,243,0
RXL,RXL09,2010/11,0,58,0
RXL,RXL09,2011/12,0,45,0
RXL,RXL09,2012/13,0,90,0
RXL,RXL09,2013/14,0,673,0
RXL,RXL09,2014/15,0,1800,0
RXL,RXL09,2015/16,19,2645,0.01
RXL,RXL78,2012/13,1,0,1
RXL,RXL78,2013/14,154,0,154
RXL,RXL78,2014/15,0,0,0
RXM,RXM00,2008/09,316,8037,0.04
RXM,RXM00,2009/10,802,9470,0.08
RXM,RXM00,2010/11,667,10750,0.06
RXM,RXM00,2011/12,3185,7466,0.43
RXM,RXM00,2012/13,682,7871,0.09
RXM,RXM00,2013/14,2917,7242,0.4
RXM,RXM00,2014/15,279,363,0.77
RXM,RXM00,2023/24,0,35,0
RXM,RXM02,2008/09,428,0,428
RXM,RXM02,2010/11,704,0,704
RXM,RXM04,2008/09,95,0,95
RXM,RXM14,2008/09,215,1478,0.15
RXM,RXM14,2009/10,7378,20280,0.36
RXM,RXM14,2010/11,2571,3491,0.74
RXM,RXM14,2011/12,1001,0,1001
RXM,RXM14,2012/13,2178,134,16.25
RXM,RXM14,2013/14,1184,339,3.49
RXM,RXM14,2014/15,15815,4313,3.67
RXM,RXM14,2015/16,0,30302,0
RXM,RXM14,2016/17,0,15301,0
RXM,RXM14,2017/18,0,13762,0
RXM,RXM14,2018/19,0,8010,0
RXM,RXM14,2019/20,0,7370,0
RXM,RXM14,2020/21,0,5749,0
RXM,RXM14,2021/22,0,2289,0
RXM,RXM16,2008/09,377,390,0.97
RXM,RXM16,2009/10,1117,260,4.3
RXM,RXM16,2010/11,993,189,5.25
RXM,RXM16,2011/12,980,0,980
RXM,RXM16,2012/13,851,0,851
RXM,RXM16,2013/14,76,0,76
RXM,RXM16,2014/15,1661,174,9.55
RXM,RXM16,2015/16,0,2275,0
RXM,RXM16,2016/17,0,428,0
RXM,RXM16,2017/18,0,776,0
RXM,RXM16,2018/19,0,473,0
RXM,RXM16,2021/22,0,812,0
RXM,RXM30,2008/09,0,1453,0
RXM,RXM30,2009/10,527,2882,0.18
RXM,RXM30,2010/11,813,2334,0.35
RXM,RXM30,2011/12,1724,2872,0.6
RXM,RXM30,2012/13,0,2846,0
RXM,RXM30,2013/14,0,2473,0
RXM,RXM30,2014/15,0,4451,0
RXM,RXM30,2015/16,0,788,0
RXM,RXM30,2016/17,0,3325,0
RXM,RXM30,2017/18,0,4258,0
RXM,RXM30,2018/19,0,1587,0
RXM,RXM30,2019/20,0,609,0
RXM,RXM30,2020/21,0,2287,0
RXM,RXM30,2021/22,0,581,0
RXM,RXM30,2022/23,0,371,0
RXM,RXM30,2023/24,0,1176,0
RXM,RXM51,2008/09,2142,11205,0.19
RXM,RXM51,2009/10,0,687,0
RXM,RXM54,2008/09,113,858,0.13
RXM,RXM54,2009/10,521,526,0.99
RXM,RXM54,2010/11,370,6273,0.06
RXM,RXM54,2011/12,1916,8674,0.22
RXM,RXM54,2012/13,827,10974,0.08
RXM,RXM54,2013/14,1667,12723,0.13
RXM,RXM54,2014/15,910,27926,0.03
RXM,RXM54,2015/16,0,20855,0
RXM,RXM54,2016/17,0,29744,0
RXM,RXM54,2017/18,0,32092,0
RXM,RXM54,2018/19,0,36130,0
RXM,RXM54,2019/20,0,32686,0
RXM,RXM54,2020/21,0,24415,0
RXM,RXM54,2021/22,0,26323,0
RXM,RXM54,2022/23,0,3703,0
RXM,RXM54,2023/24,0,1286,0
RXM,RXM68,2008/09,914,7823,0.12
RXM,RXM68,2009/10,0,12153,0
RXM,RXM68,2010/11,12,6424,0
RXM,RXM68,2011/12,0,624,0
RXM,RXM70,2009/10,216,6677,0.03
RXM,RXM70,2010/11,118,8268,0.01
RXM,RXM70,2011/12,742,9376,0.08
RXM,RXM70,2012/13,309,8902,0.03
RXM,RXM70,2013/14,609,7648,0.08
RXM,RXM70,2014/15,0,173,0
RXM,RXM70,2022/23,0,6377,0
RXM,RXM70,2023/24,0,7156,0
RXM,RXM71,2010/11,2302,4715,0.49
RXM,RXM71,2011/12,1908,7013,0.27
RXM,RXM71,2012/13,381,7425,0.05
RXM,RXM71,2013/14,57,6564,0.01
RXM,RXM71,2014/15,0,571,0
RXM,RXM71,2022/23,0,8063,0
RXM,RXM71,2023/24,0,6270,0
RXM,RXM72,2010/11,7439,949,7.84
RXM,RXM72,2011/12,8614,1562,5.51
RXM,RXM72,2012/13,10676,1492,7.16
RXM,RXM72,2013/14,12639,1870,6.76
RXM,RXM72,2022/23,0,8729,0
RXM,RXM72,2023/24,0,8576,0
RXM,RXM74,2008/09,353,5981,0.06
RXM,RXM74,2009/10,0,9930,0
RXM,RXM74,2010/11,63,11940,0.01
RXM,RXM74,2011/12,244,12723,0.02
RXM,RXM74,2012/13,465,13722,0.03
RXM,RXM74,2013/14,1496,15663,0.1
RXM,RXM74,2014/15,89,4171,0.02
RXM,RXM74,2022/23,0,10979,0
RXM,RXM74,2023/24,0,10589,0
RXM,RXM75,2008/09,0,82,0
RXM,RXM75,2011/12,868,0,868
RXM,RXM76,2010/11,1787,5973,0.3
RXM,RXM76,2011/12,1816,7783,0.23
RXM,RXM76,2012/13,2247,7839,0.29
RXM,RXM76,2013/14,2464,5386,0.46
RXM,RXM76,2014/15,2182,2050,1.06
RXM,RXM76,2022/23,0,7635,0
RXM,RXM76,2023/24,0,6411,0
RXM,RXM77,2008/09,0,102,0
RXM,RXM77,2022/23,0,4848,0
RXM,RXM77,2023/24,0,8414,0
RXM,RXM78,2022/23,0,7238,0
RXM,RXM78,2023/24,0,6484,0
RXM,RXM79,2008/09,206,1962,0.1
RXM,RXM79,2009/10,0,984,0
RXM,RXM80,2008/09,258,343,0.75
RXM,RXM80,2009/10,313,1089,0.29
RXM,RXM80,2010/11,1597,3335,0.48
RXM,RXM80,2011/12,862,5248,0.16
RXM,RXM80,2012/13,2632,1887,1.39
RXM,RXM80,2013/14,5519,1597,3.46
RXM,RXM80,2014/15,146,0,146
RXM,RXM80,2021/22,0,31,0
RXM,RXM80,2022/23,0,4785,0
RXM,RXM80,2023/24,0,4917,0
RXM,RXM81,2008/09,223,5351,0.04
RXM,RXM81,2009/10,245,10201,0.02
RXM,RXM81,2010/11,0,12466,0
RXM,RXM81,2011/12,49,13507,0
RXM,RXM81,2012/13,0,9271,0
RXM,RXM81,2013/14,0,10177,0
RXM,RXM81,2014/15,0,4596,0
RXM,RXM81,2022/23,0,6431,0
RXM,RXM81,2023/24,0,6717,0
RXM,RXM85,2009/10,97,0,97
RXM,RXM85,2010/11,249,0,249
RXM,RXM88,2010/11,1149,0,1149
RXM,RXM88,2011/12,1440,0,1440
RXM,RXMF3,2022/23,0,16616,0
RXM,RXMF3,2023/24,0,4922,0
RXM,RXMF4,2014/15,3947,5841,0.68
RXM,RXMF4,2015/16,0,11013,0
RXM,RXMF4,2016/17,0,9881,0
RXM,RXMF4,2017/18,0,4075,0
RXM,RXMF4,2018/19,0,4449,0
RXM,RXMF4,2019/20,0,5660,0
RXM,RXMF4,2020/21,0,3518,0
RXM,RXMF4,2021/22,0,1209,0
RXM,RXMF7,2014/15,3096,18436,0.17
RXM,RXMF7,2015/16,0,25579,0
RXM,RXMF7,2016/17,0,23281,0
RXM,RXMF7,2017/18,0,25741,0
RXM,RXMF7,2018/19,0,23457,0
RXM,RXMF7,2019/20,0,24253,0
RXM,RXMF7,2020/21,0,16567,0
RXM,RXMF7,2021/22,0,17513,0
RXM,RXMF7,2022/23,0,3464,0
RXN,RXN00,2008/09,49970,223495,0.22
RXN,RXN00,2009/10,55499,252615,0.22
RXN,RXN00,2010/11,55431,260904,0.21
RXN,RXN00,2011/12,22132,110310,0.2
RXN,RXN01,2008/09,401,1587,0.25
RXN,RXN01,2009/10,259,2099,0.12
RXN,RXN01,2010/11,398,2067,0.19
RXN,RXN01,2011/12,5478,33499,0.16
RXN,RXN01,2012/13,9197,57039,0.16
RXN,RXN01,2013/14,9270,55649,0.17
RXN,RXN01,2014/15,9717,58614,0.17
RXN,RXN01,2015/16,8224,55142,0.15
RXN,RXN01,2016/17,12646,52862,0.24
RXN,RXN01,2017/18,7683,55545,0.14
RXN,RXN01,2018/19,7359,56450,0.13
RXN,RXN01,2019/20,6373,64871,0.1
RXN,RXN01,2020/21,2710,41858,0.06
RXN,RXN01,2021/22,4797,56180,0.09
RXN,RXN01,2022/23,4849,61285,0.08
RXN,RXN01,2023/24,1587,46202,0.03
RXN,RXN02,2008/09,901,4005,0.22
RXN,RXN02,2009/10,1006,4565,0.22
RXN,RXN02,2010/11,1009,4988,0.2
RXN,RXN02,2011/12,23105,109349,0.21
RXN,RXN02,2012/13,33216,184471,0.18
RXN,RXN02,2013/14,33489,190507,0.18
RXN,RXN02,2014/15,36239,191030,0.19
RXN,RXN02,2015/16,35663,194136,0.18
RXN,RXN02,2016/17,29265,200531,0.15
RXN,RXN02,2017/18,31867,197667,0.16
RXN,RXN02,2018/19,29761,185898,0.16
RXN,RXN02,2019/20,28451,191076,0.15
RXN,RXN02,2020/21,20567,173272,0.12
RXN,RXN02,2021/22,27952,205587,0.14
RXN,RXN02,2022/23,30531,231736,0.13
RXN,RXN02,2023/24,23061,164123,0.14
RXN,RXN05,2012/13,0,4,0
RXN,RXN05,2013/14,0,5,0
RXN,RXN05,2016/17,39,80,0.49
RXN,RXN05,2017/18,31,79,0.39
RXN,RXN05,2018/19,100,111,0.9
RXN,RXN05,2019/20,74,161,0.46
RXN,RXN05,2020/21,42,16,2.63
RXN,RXN05,2021/22,257,57,4.51
RXN,RXN05,2022/23,173,17,10.18
RXN,RXN05,2023/24,160,0,160
RXN,T9Y8V,2022/23,813,0,813
RXN,T9Y8V,2023/24,2644,0,2644
RXP,D7K4U,2020/21,222,0,222
RXP,RXP00,2008/09,40330,234029,0.17
RXP,RXP00,2009/10,39202,247698,0.16
RXP,RXP00,2010/11,1384,11003,0.13
RXP,RXP00,2011/12,0,7,0
RXP,RXP00,2012/13,6,0,6
RXP,RXP00,2014/15,51,0,51
RXP,RXP00,2015/16,112,0,112
RXP,RXP00,2016/17,809,0,809
RXP,RXP00,2017/18,246,0,246
RXP,RXP00,2018/19,127,0,127
RXP,RXP00,2019/20,23,0,23
RXP,RXP00,2020/21,0,0,0
RXP,RXP00,2022/23,18,18162,0
RXP,RXP00,2023/24,7,19133,0
RXP,RXP69,2022/23,0,535,0
RXP,RXP69,2023/24,0,784,0
RXP,RXPBA,2010/11,6289,36675,0.17
RXP,RXPBA,2011/12,5601,41923,0.13
RXP,RXPBA,2012/13,4510,39025,0.12
RXP,RXPBA,2013/14,3909,40197,0.1
RXP,RXPBA,2014/15,4572,37977,0.12
RXP,RXPBA,2015/16,2769,3290,0.84
RXP,RXPBA,2016/17,2659,471,5.65
RXP,RXPBA,2017/18,2572,393,6.54
RXP,RXPBA,2018/19,2282,487,4.69
RXP,RXPBA,2019/20,2015,567,3.55
RXP,RXPBA,2020/21,491,283,1.73
RXP,RXPBA,2021/22,1867,1080,1.73
RXP,RXPBA,2022/23,1189,2668,0.45
RXP,RXPBA,2023/24,1447,2070,0.7
RXP,RXPCC,2010/11,740,11164,0.07
RXP,RXPCC,2011/12,1095,11700,0.09
RXP,RXPCC,2012/13,635,9815,0.06
RXP,RXPCC,2013/14,349,10646,0.03
RXP,RXPCC,2014/15,330,9782,0.03
RXP,RXPCC,2015/16,102,724,0.14
RXP,RXPCC,2016/17,137,304,0.45
RXP,RXPCC,2017/18,67,103,0.65
RXP,RXPCC,2018/19,126,292,0.43
RXP,RXPCC,2019/20,310,79,3.92
RXP,RXPCC,2020/21,39,626,0.06
RXP,RXPCC,2021/22,19,743,0.03
RXP,RXPCC,2022/23,10,743,0.01
RXP,RXPCC,2023/24,0,419,0
RXP,RXPCG,2010/11,158,189,0.84
RXP,RXPCG,2011/12,71,583,0.12
RXP,RXPCG,2012/13,72,3454,0.02
RXP,RXPCG,2013/14,0,3146,0
RXP,RXPCG,2014/15,54,3036,0.02
RXP,RXPCG,2015/16,0,3595,0
RXP,RXPCG,2016/17,42,3063,0.01
RXP,RXPCG,2017/18,184,2218,0.08
RXP,RXPCG,2018/19,83,2149,0.04
RXP,RXPCG,2019/20,59,2439,0.02
RXP,RXPCG,2020/21,9,834,0.01
RXP,RXPCG,2021/22,0,783,0
RXP,RXPCG,2022/23,0,426,0
RXP,RXPCJ,2010/11,9,24,0.38
RXP,RXPCJ,2011/12,0,34,0
RXP,RXPCJ,2012/13,4,3517,0
RXP,RXPCJ,2013/14,86,3111,0.03
RXP,RXPCJ,2014/15,276,2649,0.1
RXP,RXPCJ,2015/16,45,2437,0.02
RXP,RXPCJ,2016/17,0,2000,0
RXP,RXPCJ,2017/18,0,2019,0
RXP,RXPCJ,2018/19,0,1646,0
RXP,RXPCJ,2019/20,0,1318,0
RXP,RXPCJ,2020/21,0,1055,0
RXP,RXPCJ,2021/22,0,719,0
RXP,RXPCJ,2022/23,0,847,0
RXP,RXPCJ,2023/24,0,800,0
RXP,RXPCL,2010/11,192,1928,0.1
RXP,RXPCL,2011/12,195,1850,0.11
RXP,RXPCL,2012/13,693,4510,0.15
RXP,RXPCL,2013/14,55,3418,0.02
RXP,RXPCL,2014/15,46,2587,0.02
RXP,RXPCL,2015/16,30,1635,0.02
RXP,RXPCL,2016/17,209,2294,0.09
RXP,RXPCL,2017/18,258,2204,0.12
RXP,RXPCL,2018/19,17,1422,0.01
RXP,RXPCL,2019/20,121,1740,0.07
RXP,RXPCL,2020/21,8,924,0.01
RXP,RXPCL,2021/22,14,532,0.03
RXP,RXPCL,2022/23,0,702,0
RXP,RXPCL,2023/24,0,532,0
RXP,RXPCP,2010/11,14489,91983,0.16
RXP,RXPCP,2011/12,14098,95939,0.15
RXP,RXPCP,2012/13,13247,98490,0.13
RXP,RXPCP,2013/14,12462,105315,0.12
RXP,RXPCP,2014/15,12080,110187,0.11
RXP,RXPCP,2015/16,12407,142661,0.09
RXP,RXPCP,2016/17,11883,142161,0.08
RXP,RXPCP,2017/18,9340,142387,0.07
RXP,RXPCP,2018/19,9730,142474,0.07
RXP,RXPCP,2019/20,7815,141355,0.06
RXP,RXPCP,2020/21,3958,116392,0.03
RXP,RXPCP,2021/22,5466,140030,0.04
RXP,RXPCP,2022/23,6116,143701,0.04
RXP,RXPCP,2023/24,5404,111978,0.05
RXP,RXPCW,2010/11,684,9677,0.07
RXP,RXPCW,2011/12,864,9840,0.09
RXP,RXPCW,2012/13,467,9945,0.05
RXP,RXPCW,2013/14,436,9926,0.04
RXP,RXPCW,2014/15,834,9271,0.09
RXP,RXPCW,2015/16,136,546,0.25
RXP,RXPCW,2016/17,23,388,0.06
RXP,RXPCW,2017/18,60,181,0.33
RXP,RXPCW,2018/19,134,246,0.54
RXP,RXPCW,2019/20,67,609,0.11
RXP,RXPCW,2020/21,75,823,0.09
RXP,RXPCW,2021/22,57,544,0.1
RXP,RXPCW,2022/23,78,853,0.09
RXP,RXPCW,2023/24,602,552,1.09
RXP,RXPDA,2008/09,0,1,0
RXP,RXPDA,2010/11,11682,85414,0.14
RXP,RXPDA,2011/12,10322,84977,0.12
RXP,RXPDA,2012/13,8881,82621,0.11
RXP,RXPDA,2013/14,8890,85778,0.1
RXP,RXPDA,2014/15,8219,90617,0.09
RXP,RXPDA,2015/16,8107,103862,0.08
RXP,RXPDA,2016/17,7581,105009,0.07
RXP,RXPDA,2017/18,6598,104384,0.06
RXP,RXPDA,2018/19,5438,103181,0.05
RXP,RXPDA,2019/20,5351,106606,0.05
RXP,RXPDA,2020/21,2189,92317,0.02
RXP,RXPDA,2021/22,5000,112356,0.04
RXP,RXPDA,2022/23,4589,116191,0.04
RXP,RXPDA,2023/24,3700,87108,0.04
RXP,RXPDU,2013/14,8,0,8
RXP,RXPDU,2014/15,5,0,5
RXP,RXPGA,2010/11,2,0,2
RXP,RXPGA,2013/14,1,0,1
RXP,RXPGA,2014/15,1,0,1
RXP,RXPWE,2008/09,11,0,11
RXP,RXPWE,2009/10,17,0,17
RXP,RXPWE,2010/11,16,0,16
RXP,RXPWE,2011/12,66,18,3.67
RXP,RXPWE,2012/13,4,374,0.01
RXP,RXPWE,2013/14,0,4,0
RXP,RXPWE,2015/16,0,0,0
RXP,RXPWE,2019/20,3,0,3
RXP,RXPWE,2020/21,3,0,3
RXP,RXPWE,2021/22,0,0,0
RXP,RXPWE,2022/23,0,0,0
RXQ,B5K4L,2021/22,115,0,115
RXQ,B5K4L,2022/23,42,0,42
RXQ,RXQ00,2008/09,0,18,0
RXQ,RXQ00,2013/14,0,7,0
RXQ,rxq02,2008/09,10339,86760,0.12
RXQ,RXQ02,2009/10,11776,98867,0.12
RXQ,RXQ02,2010/11,12769,97427,0.13
RXQ,RXQ02,2011/12,15594,108906,0.14
RXQ,RXQ02,2012/13,12135,118585,0.1
RXQ,RXQ02,2013/14,13203,138635,0.1
RXQ,RXQ02,2014/15,14168,153869,0.09
RXQ,RXQ02,2015/16,11920,153753,0.08
RXQ,RXQ02,2016/17,14144,159799,0.09
RXQ,RXQ02,2017/18,12320,142394,0.09
RXQ,RXQ02,2018/19,14473,144177,0.1
RXQ,RXQ02,2019/20,13219,149669,0.09
RXQ,RXQ02,2020/21,10684,115315,0.09
RXQ,RXQ02,2021/22,17049,137560,0.12
RXQ,RXQ02,2022/23,21340,152481,0.14
RXQ,RXQ02,2023/24,15412,112851,0.14
RXQ,RXQ50,2008/09,17884,62677,0.29
RXQ,RXQ50,2009/10,17433,59311,0.29
RXQ,RXQ50,2010/11,14498,55023,0.26
RXQ,RXQ50,2011/12,13841,62444,0.22
RXQ,RXQ50,2012/13,12573,55186,0.23
RXQ,RXQ50,2013/14,12873,24128,0.53
RXQ,RXQ50,2014/15,12325,23051,0.53
RXQ,RXQ50,2015/16,12194,22565,0.54
RXQ,RXQ50,2016/17,11569,21981,0.53
RXQ,RXQ50,2017/18,11510,22741,0.51
RXQ,RXQ50,2018/19,10117,22882,0.44
RXQ,RXQ50,2019/20,10794,21772,0.5
RXQ,RXQ50,2020/21,5174,16668,0.31
RXQ,RXQ50,2021/22,8027,18548,0.43
RXQ,RXQ50,2022/23,7548,20842,0.36
RXQ,RXQ50,2023/24,4974,15275,0.33
RXQ,RXQ51,2008/09,1563,1509,1.04
RXQ,RXQ51,2009/10,1572,2208,0.71
RXQ,RXQ51,2010/11,2030,2300,0.88
RXQ,RXQ51,2011/12,4349,3171,1.37
RXQ,RXQ51,2012/13,791,2916,0.27
RXQ,RXQ51,2013/14,101,2616,0.04
RXQ,RXQ51,2014/15,835,3086,0.27
RXQ,RXQ51,2015/16,709,6496,0.11
RXQ,RXQ51,2016/17,1016,987,1.03
RXQ,RXQ51,2017/18,694,2238,0.31
RXQ,RXQ51,2018/19,1181,2305,0.51
RXQ,RXQ51,2019/20,1406,1700,0.83
RXQ,RXQ51,2020/21,1011,942,1.07
RXQ,RXQ51,2021/22,1072,713,1.5
RXQ,RXQ51,2022/23,477,422,1.13
RXQ,RXQ51,2023/24,422,483,0.87
RXQ,RXQ61,2011/12,579,442,1.31
RXQ,RXQ61,2012/13,209,964,0.22
RXQ,RXQ61,2013/14,130,924,0.14
RXQ,RXQ61,2014/15,0,976,0
RXQ,RXQ61,2015/16,0,1663,0
RXQ,RXQ61,2016/17,49,980,0.05
RXQ,RXQ61,2017/18,268,295,0.91
RXQ,RXQ61,2018/19,357,762,0.47
RXQ,RXQ61,2019/20,446,282,1.58
RXQ,RXQ61,2020/21,244,211,1.16
RXQ,RXQ61,2021/22,515,241,2.14
RXQ,RXQ61,2022/23,223,181,1.23
RXQ,RXQ61,2023/24,10,89,0.11
RXQ,RXQ62,2011/12,298,227,1.31
RXQ,RXQ62,2012/13,2,404,0
RXQ,RXQ62,2013/14,0,715,0
RXQ,RXQ62,2014/15,0,358,0
RXQ,RXQ62,2015/16,11,672,0.02
RXQ,RXQ62,2016/17,0,197,0
RXQ,RXQ65,2011/12,506,701,0.72
RXQ,RXQ65,2012/13,194,606,0.32
RXQ,RXQ65,2013/14,253,838,0.3
RXQ,RXQ65,2014/15,53,1572,0.03
RXQ,RXQ65,2015/16,0,1982,0
RXQ,RXQ65,2016/17,294,620,0.47
RXQ,RXQ91,2021/22,62,0,62
RXQ,RXQ91,2022/23,63,0,63
RXQ,RXQFN,2011/12,751,1916,0.39
RXQ,RXQFN,2012/13,608,2116,0.29
RXQ,RXQFN,2013/14,658,2278,0.29
RXQ,RXQFN,2014/15,123,414,0.3
RXQ,RXQFN,2015/16,684,2051,0.33
RXQ,RXQFN,2016/17,640,1955,0.33
RXQ,RXQFN,2017/18,708,1889,0.37
RXQ,RXQFN,2018/19,616,1745,0.35
RXQ,RXQFN,2019/20,598,1267,0.47
RXQ,RXQFN,2020/21,404,1241,0.33
RXQ,RXQFN,2021/22,159,1356,0.12
RXQ,RXQFN,2022/23,163,1843,0.09
RXQ,RXQFN,2023/24,109,1094,0.1
RXR,B2S1Q,2023/24,892,0,892
RXR,RXR00,2020/21,0,0,0
RXR,RXR00,2023/24,0,19177,0
RXR,RXR10,2008/09,18217,5424,3.36
RXR,RXR10,2009/10,18656,6216,3
RXR,RXR10,2010/11,17308,5376,3.22
RXR,RXR10,2011/12,13284,3662,3.63
RXR,RXR10,2012/13,11660,4285,2.72
RXR,RXR10,2013/14,9936,4469,2.22
RXR,RXR10,2014/15,10852,3527,3.08
RXR,RXR10,2015/16,10886,6878,1.58
RXR,RXR10,2016/17,9407,2687,3.5
RXR,RXR10,2017/18,9970,3099,3.22
RXR,RXR10,2018/19,9088,3097,2.93
RXR,RXR10,2019/20,9262,2631,3.52
RXR,RXR10,2020/21,3871,1930,2.01
RXR,RXR10,2021/22,7520,2167,3.47
RXR,RXR10,2022/23,8268,3412,2.42
RXR,RXR10,2023/24,6746,6751,1
RXR,RXR20,2008/09,22132,200216,0.11
RXR,RXR20,2009/10,20141,227713,0.09
RXR,RXR20,2010/11,18395,213173,0.09
RXR,RXR20,2011/12,18122,221382,0.08
RXR,RXR20,2012/13,18339,243898,0.08
RXR,RXR20,2013/14,17650,260328,0.07
RXR,RXR20,2014/15,19083,264303,0.07
RXR,RXR20,2015/16,17206,259030,0.07
RXR,RXR20,2016/17,17091,273635,0.06
RXR,RXR20,2017/18,18467,273051,0.07
RXR,RXR20,2018/19,16306,270206,0.06
RXR,RXR20,2019/20,18507,278843,0.07
RXR,RXR20,2020/21,13955,225222,0.06
RXR,RXR20,2021/22,18023,264164,0.07
RXR,RXR20,2022/23,20042,285204,0.07
RXR,RXR20,2023/24,10140,106979,0.09
RXR,RXR40,2008/09,27,24,1.13
RXR,RXR40,2009/10,20,0,20
RXR,RXR40,2010/11,25,0,25
RXR,RXR50,2008/09,115,449,0.26
RXR,RXR50,2009/10,0,146,0
RXR,RXR50,2010/11,264,37,7.14
RXR,RXR50,2011/12,140,219,0.64
RXR,RXR50,2012/13,520,714,0.73
RXR,RXR50,2013/14,428,1301,0.33
RXR,RXR50,2014/15,165,441,0.37
RXR,RXR50,2015/16,542,5231,0.1
RXR,RXR50,2016/17,155,190,0.82
RXR,RXR50,2017/18,25,234,0.11
RXR,RXR50,2018/19,69,267,0.26
RXR,RXR50,2019/20,41,24,1.71
RXR,RXR50,2020/21,93,130,0.72
RXR,RXR50,2021/22,51,364,0.14
RXR,RXR50,2022/23,221,630,0.35
RXR,RXR50,2023/24,182,2797,0.07
RXR,RXR60,2011/12,116,335,0.35
RXR,RXR60,2012/13,43,136,0.32
RXR,RXR60,2013/14,52,144,0.36
RXR,RXR60,2014/15,180,18,10
RXR,RXR60,2015/16,194,1126,0.17
RXR,RXR60,2016/17,6,148,0.04
RXR,RXR60,2017/18,10,229,0.04
RXR,RXR60,2018/19,0,29,0
RXR,RXR70,2011/12,88,2588,0.03
RXR,RXR70,2012/13,25,2450,0.01
RXR,RXR70,2013/14,30,2388,0.01
RXR,RXR70,2014/15,86,1488,0.06
RXR,RXR70,2015/16,71,2414,0.03
RXR,RXR70,2016/17,37,1286,0.03
RXR,RXR70,2017/18,27,1178,0.02
RXR,RXR70,2018/19,0,1345,0
RXR,RXR70,2019/20,0,990,0
RXR,RXR70,2020/21,0,470,0
RXR,RXR70,2021/22,0,274,0
RXR,RXR70,2022/23,0,523,0
RXR,RXR70,2023/24,0,1232,0
RXR,RXR78,2012/13,0,6,0
RXR,RXR78,2016/17,13,0,13
RXR,RXR78,2020/21,4,0,4
RXR,RXR82,2021/22,7,0,7
RXR,RXR99,2020/21,2,0,2
RXR,RXRE9,2010/11,22,0,22
RXR,RXRE9,2011/12,40,0,40
RXR,RXRE9,2012/13,10,1,10
RXR,RXRE9,2013/14,3,0,3
RXR,RXRE9,2015/16,62,0,62
RXR,RXRE9,2016/17,78,0,78
RXR,RXRE9,2017/18,41,0,41
RXR,RXRE9,2018/19,13,0,13
RXR,RXRE9,2019/20,53,0,53
RXR,RXRE9,2020/21,7,0,7
RXR,RXRE9,2021/22,5,0,5
RXR,RXRE9,2022/23,31,0,31
RXR,RXRE9,2023/24,317,0,317
RXT,RXT05,2008/09,483,0,483
RXT,RXT05,2009/10,2511,0,2511
RXT,RXT05,2010/11,5493,0,5493
RXT,RXT05,2011/12,2109,0,2109
RXT,RXT05,2012/13,7829,250,31.32
RXT,RXT05,2013/14,7695,1461,5.27
RXT,RXT05,2014/15,10584,524,20.2
RXT,RXT05,2015/16,15134,3181,4.76
RXT,RXT05,2016/17,13193,4040,3.27
RXT,RXT05,2017/18,8367,1929,4.34
RXT,RXT05,2018/19,7319,6582,1.11
RXT,RXT06,2008/09,405,5279,0.08
RXT,RXT06,2009/10,43,6511,0.01
RXT,RXT06,2010/11,0,4234,0
RXT,RXT06,2011/12,0,723,0
RXT,RXT06,2012/13,1242,4194,0.3
RXT,RXT06,2013/14,1721,3743,0.46
RXT,RXT06,2014/15,2944,1420,2.07
RXT,RXT06,2015/16,2377,1013,2.35
RXT,RXT06,2016/17,1427,4847,0.29
RXT,RXT06,2017/18,0,2739,0
RXT,RXT06,2018/19,461,484,0.95
RXT,RXT15,2011/12,735,0,735
RXT,RXT15,2013/14,1094,849,1.29
RXT,RXT15,2014/15,210,1878,0.11
RXT,RXT15,2015/16,1159,3687,0.31
RXT,RXT15,2016/17,1736,2117,0.82
RXT,RXT15,2017/18,0,881,0
RXT,RXT18,2011/12,341,0,341
RXT,RXT18,2013/14,773,1285,0.6
RXT,RXT18,2014/15,0,792,0
RXT,RXT18,2015/16,2120,777,2.73
RXT,RXT18,2016/17,101,5025,0.02
RXT,RXT18,2017/18,0,685,0
RXT,RXT18,2018/19,91,36,2.53
RXT,RXT19,2010/11,483,0,483
RXT,RXT19,2011/12,558,6,93
RXT,RXT19,2013/14,890,1702,0.52
RXT,RXT19,2014/15,2167,1041,2.08
RXT,RXT19,2015/16,2880,2454,1.17
RXT,RXT19,2016/17,1322,2442,0.54
RXT,RXT19,2017/18,0,2456,0
RXT,RXT19,2018/19,435,9178,0.05
RXT,RXT22,2008/09,503,80,6.29
RXT,RXT22,2009/10,1108,115,9.63
RXT,RXT22,2010/11,621,462,1.34
RXT,RXT22,2011/12,1088,482,2.26
RXT,RXT22,2012/13,930,205,4.54
RXT,RXT22,2013/14,1528,3523,0.43
RXT,RXT22,2014/15,3474,442,7.86
RXT,RXT22,2015/16,1000,4438,0.23
RXT,RXT22,2016/17,406,2836,0.14
RXT,RXT22,2017/18,2766,549,5.04
RXT,RXT22,2018/19,0,403,0
RXT,RXT24,2010/11,1247,0,1247
RXT,RXT24,2011/12,546,0,546
RXT,RXT24,2012/13,1923,0,1923
RXT,RXT24,2013/14,1804,1228,1.47
RXT,RXT24,2014/15,1626,779,2.09
RXT,RXT24,2015/16,4921,689,7.14
RXT,RXT24,2016/17,714,3606,0.2
RXT,RXT24,2017/18,3091,3706,0.83
RXT,RXT26,2008/09,0,9,0
RXT,RXT27,2009/10,233,0,233
RXT,RXT27,2010/11,399,15,26.6
RXT,RXT27,2011/12,1065,58,18.36
RXT,RXT27,2012/13,44,9,4.89
RXT,RXT27,2013/14,2034,704,2.89
RXT,RXT27,2014/15,2185,88,24.83
RXT,RXT27,2015/16,2257,1487,1.52
RXT,RXT27,2016/17,2599,1086,2.39
RXT,RXT27,2017/18,1736,649,2.67
RXT,RXT27,2018/19,1410,1629,0.87
RXT,RXT28,2008/09,1032,7587,0.14
RXT,RXT28,2009/10,431,12437,0.03
RXT,RXT28,2010/11,0,10606,0
RXT,RXT28,2011/12,162,13242,0.01
RXT,RXT28,2012/13,1643,12354,0.13
RXT,RXT28,2013/14,4345,15261,0.28
RXT,RXT28,2014/15,5737,14578,0.39
RXT,RXT28,2015/16,1401,13527,0.1
RXT,RXT28,2016/17,189,13000,0.01
RXT,RXT28,2017/18,52,15086,0
RXT,RXT28,2018/19,0,11545,0
RXT,RXT29,2015/16,1495,2385,0.63
RXT,RXT29,2018/19,4080,0,4080
RXT,RXT30,2012/13,34,0,34
RXT,RXT30,2013/14,714,1138,0.63
RXT,RXT30,2014/15,199,2881,0.07
RXT,RXT30,2015/16,4338,6689,0.65
RXT,RXT30,2016/17,4623,2446,1.89
RXT,RXT30,2017/18,0,988,0
RXT,RXT37,2008/09,1702,2625,0.65
RXT,RXT37,2009/10,2240,4792,0.47
RXT,RXT37,2010/11,2628,4171,0.63
RXT,RXT37,2011/12,0,1612,0
RXT,RXT37,2012/13,3016,1538,1.96
RXT,RXT37,2013/14,1269,0,1269
RXT,RXT42,2008/09,896,0,896
RXT,RXT42,2009/10,5275,0,5275
RXT,RXT47,2008/09,310,7390,0.04
RXT,RXT47,2009/10,0,13749,0
RXT,RXT47,2010/11,6,18299,0
RXT,RXT47,2011/12,84,15455,0.01
RXT,RXT47,2012/13,1800,15274,0.12
RXT,RXT47,2013/14,5492,13543,0.41
RXT,RXT47,2014/15,5991,10729,0.56
RXT,RXT47,2015/16,1669,15683,0.11
RXT,RXT47,2016/17,293,17277,0.02
RXT,RXT47,2017/18,112,14467,0.01
RXT,RXT47,2018/19,47,20286,0
RXT,RXT51,2008/09,230,3392,0.07
RXT,RXT51,2009/10,0,6961,0
RXT,RXT51,2010/11,91,7039,0.01
RXT,RXT51,2011/12,0,6166,0
RXT,RXT51,2012/13,801,4940,0.16
RXT,RXT51,2013/14,2296,5763,0.4
RXT,RXT51,2014/15,1603,4234,0.38
RXT,RXT51,2015/16,433,5676,0.08
RXT,RXT51,2016/17,10,4548,0
RXT,RXT51,2017/18,584,6144,0.1
RXT,RXT51,2018/19,8,6154,0
RXT,RXT62,2008/09,321,3683,0.09
RXT,RXT62,2011/12,30,1818,0.02
RXT,RXT64,2008/09,644,1059,0.61
RXT,RXT64,2009/10,3593,3021,1.19
RXT,RXT64,2010/11,11984,2413,4.97
RXT,RXT64,2011/12,3153,2553,1.24
RXT,RXT64,2012/13,13124,4383,2.99
RXT,RXT64,2013/14,20416,6245,3.27
RXT,RXT64,2014/15,15166,3467,4.37
RXT,RXT64,2015/16,21516,2460,8.75
RXT,RXT64,2016/17,6673,7807,0.85
RXT,RXT64,2017/18,10992,7391,1.49
RXT,RXT64,2018/19,8533,7950,1.07
RXT,RXT65,2008/09,4338,957,4.53
RXT,RXT65,2009/10,7537,1582,4.76
RXT,RXT65,2010/11,3755,1322,2.84
RXT,RXT65,2011/12,1599,1829,0.87
RXT,RXT65,2012/13,5728,2194,2.61
RXT,RXT65,2013/14,4887,3692,1.32
RXT,RXT65,2014/15,808,8506,0.09
RXT,RXT65,2015/16,32,8336,0
RXT,RXT65,2016/17,134,7812,0.02
RXT,RXT65,2017/18,349,6870,0.05
RXT,RXT65,2018/19,174,6871,0.03
RXT,RXT67,2011/12,1038,0,1038
RXT,RXT67,2013/14,625,0,625
RXT,RXT67,2014/15,1306,336,3.89
RXT,RXT67,2015/16,3243,1675,1.94
RXT,RXT67,2016/17,6714,469,14.32
RXT,RXT67,2017/18,3126,1116,2.8
RXT,RXT67,2018/19,0,2180,0
RXT,RXT73,2008/09,113,2194,0.05
RXT,RXT73,2009/10,174,2171,0.08
RXT,RXT73,2010/11,9,5810,0
RXT,RXT73,2011/12,0,2901,0
RXT,RXT73,2012/13,0,1082,0
RXT,RXT76,2008/09,1541,1478,1.04
RXT,RXT76,2009/10,2205,5390,0.41
RXT,RXT76,2010/11,1522,5199,0.29
RXT,RXT76,2011/12,2257,7887,0.29
RXT,RXT76,2012/13,790,5762,0.14
RXT,RXT76,2013/14,4713,7296,0.65
RXT,RXT76,2014/15,926,5021,0.18
RXT,RXT76,2015/16,280,5532,0.05
RXT,RXT76,2016/17,0,4035,0
RXT,RXT89,2008/09,1517,52,29.17
RXT,RXT89,2009/10,1044,45,23.2
RXT,RXT96,2009/10,236,0,236
RXT,RXT96,2010/11,180,0,180
RXT,RXT96,2011/12,609,0,609
RXT,RXT96,2012/13,81,0,81
RXT,RXT96,2013/14,1105,3106,0.36
RXT,RXT96,2014/15,1054,702,1.5
RXT,RXT96,2015/16,0,3842,0
RXT,RXT96,2016/17,1005,2846,0.35
RXT,RXT96,2017/18,0,818,0
RXT,RXT96,2018/19,800,3460,0.23
RXT,RXT99,2018/19,0,4214,0
RXT,RXTC4,2008/09,0,182,0
RXT,RXTD0,2008/09,183,5211,0.04
RXT,RXTD0,2009/10,1546,7343,0.21
RXT,RXTD0,2010/11,655,4891,0.13
RXT,RXTD0,2011/12,0,1312,0
RXT,RXTD0,2012/13,0,1142,0
RXT,RXTD0,2014/15,0,1893,0
RXT,RXTD2,2008/09,1516,3926,0.39
RXT,RXTD2,2009/10,2691,9176,0.29
RXT,RXTD2,2010/11,593,12320,0.05
RXT,RXTD2,2011/12,55,12214,0
RXT,RXTD2,2012/13,2979,12438,0.24
RXT,RXTD2,2013/14,4366,9210,0.47
RXT,RXTD2,2014/15,3633,9304,0.39
RXT,RXTD2,2015/16,123,10951,0.01
RXT,RXTD2,2016/17,157,14528,0.01
RXT,RXTD2,2017/18,522,10569,0.05
RXT,RXTD2,2018/19,2100,11790,0.18
RXT,RXTD3,2008/09,2948,2394,1.23
RXT,RXTD3,2009/10,4734,1588,2.98
RXT,RXTD3,2010/11,5528,1958,2.82
RXT,RXTD3,2011/12,4372,3632,1.2
RXT,RXTD3,2012/13,2840,2306,1.23
RXT,RXTD3,2013/14,7157,2077,3.45
RXT,RXTD3,2014/15,6575,2772,2.37
RXT,RXTD3,2015/16,5128,3587,1.43
RXT,RXTD3,2016/17,6458,2214,2.92
RXT,RXTD3,2017/18,4035,4563,0.88
RXT,RXTD3,2018/19,6140,3038,2.02
RXT,RXTD4,2008/09,199,11163,0.02
RXT,RXTD4,2009/10,162,20377,0.01
RXT,RXTD4,2010/11,74,25515,0
RXT,RXTD4,2011/12,2194,25807,0.09
RXT,RXTD4,2012/13,2341,17982,0.13
RXT,RXTD4,2013/14,3210,21607,0.15
RXT,RXTD4,2014/15,4481,30612,0.15
RXT,RXTD4,2015/16,1607,24352,0.07
RXT,RXTD4,2016/17,39,22148,0
RXT,RXTD4,2017/18,424,27897,0.02
RXT,RXTD4,2018/19,46,25310,0
RXT,RXTD5,2010/11,0,389,0
RXT,RXTD5,2011/12,1799,2275,0.79
RXT,RXTD5,2012/13,9019,6413,1.41
RXT,RXTD5,2013/14,11263,6088,1.85
RXT,RXTD5,2014/15,5906,12826,0.46
RXT,RXTD5,2015/16,436,17953,0.02
RXT,RXTD5,2016/17,1497,17095,0.09
RXT,RXTD5,2017/18,534,17821,0.03
RXT,RXTD5,2018/19,384,16485,0.02
RXT,RXTD6,2013/14,3202,411,7.79
RXT,RXTD6,2014/15,6004,3352,1.79
RXT,RXTD6,2015/16,6370,3058,2.08
RXT,RXTD6,2016/17,5017,2181,2.3
RXT,RXTD6,2017/18,7464,4196,1.78
RXT,RXTD6,2018/19,7493,4123,1.82
RXV,RXV00,2014/15,618,388,1.59
RXV,RXV06,2008/09,2492,569,4.38
RXV,RXV06,2009/10,10210,2254,4.53
RXV,RXV06,2010/11,29941,4835,6.19
RXV,RXV06,2011/12,50632,8650,5.85
RXV,RXV06,2012/13,66619,9747,6.83
RXV,RXV06,2013/14,59627,10072,5.92
RXV,RXV06,2014/15,72778,17607,4.13
RXV,RXV15,2008/09,3224,267,12.07
RXV,RXV15,2009/10,5357,892,6.01
RXV,RXV15,2010/11,7907,1116,7.09
RXV,RXV15,2011/12,5043,2994,1.68
RXV,RXV15,2012/13,2587,923,2.8
RXV,RXV15,2013/14,4266,1270,3.36
RXV,RXV15,2014/15,4089,1842,2.22
RXV,RXV17,2008/09,7071,7491,0.94
RXV,RXV17,2009/10,7412,12625,0.59
RXV,RXV17,2010/11,8289,17829,0.46
RXV,RXV17,2011/12,5295,20128,0.26
RXV,RXV17,2012/13,3809,19479,0.2
RXV,RXV17,2013/14,6617,22971,0.29
RXV,RXV17,2014/15,10822,14219,0.76
RXV,RXV18,2008/09,1924,2554,0.75
RXV,RXV18,2009/10,3483,4586,0.76
RXV,RXV18,2010/11,1804,5139,0.35
RXV,RXV18,2011/12,1733,4971,0.35
RXV,RXV18,2012/13,2399,2632,0.91
RXV,RXV18,2013/14,1561,2169,0.72
RXV,RXV18,2014/15,1384,673,2.06
RXV,RXV20,2012/13,2911,0,2911
RXV,RXV20,2014/15,0,562,0
RXV,RXV60,2008/09,5044,14589,0.35
RXV,RXV60,2009/10,12713,23672,0.54
RXV,RXV60,2010/11,5843,31309,0.19
RXV,RXV60,2011/12,4295,29868,0.14
RXV,RXV60,2012/13,4549,24965,0.18
RXV,RXV60,2013/14,4613,30352,0.15
RXV,RXV60,2014/15,6240,23161,0.27
RXV,RXV80,2008/09,5920,11076,0.53
RXV,RXV80,2009/10,8150,14920,0.55
RXV,RXV80,2010/11,3950,15230,0.26
RXV,RXV80,2011/12,5607,20064,0.28
RXV,RXV80,2012/13,6594,14309,0.46
RXV,RXV80,2013/14,5108,13969,0.37
RXV,RXV80,2014/15,6162,15385,0.4
RXW,I1Z8O,2022/23,1,0,1
RXW,I1Z8O,2023/24,0,0,0
RXW,M4B6F,2022/23,86,2,43
RXW,M4B6F,2023/24,2,0,2
RXW,O2Q9P,2023/24,0,0,0
RXW,RXWAD,2014/15,0,0,0
RXW,RXWAE,2014/15,1,0,1
RXW,RXWAE,2015/16,1,0,1
RXW,RXWAE,2019/20,7,0,7
RXW,RXWAS,2008/09,15589,87913,0.18
RXW,RXWAS,2009/10,15668,95601,0.16
RXW,RXWAS,2010/11,14792,95167,0.16
RXW,RXWAS,2011/12,15699,94041,0.17
RXW,RXWAS,2012/13,12292,100231,0.12
RXW,RXWAS,2013/14,12364,104974,0.12
RXW,RXWAS,2014/15,12012,122366,0.1
RXW,RXWAS,2015/16,11605,126494,0.09
RXW,RXWAS,2016/17,10433,131391,0.08
RXW,RXWAS,2017/18,9972,131632,0.08
RXW,RXWAS,2018/19,9470,121961,0.08
RXW,RXWAS,2019/20,9535,134249,0.07
RXW,RXWAS,2020/21,5208,108932,0.05
RXW,RXWAS,2021/22,6619,127526,0.05
RXW,RXWAS,2022/23,6273,141965,0.04
RXW,RXWAS,2023/24,4406,110093,0.04
RXW,RXWAT,2008/09,8841,91346,0.1
RXW,RXWAT,2009/10,9199,105569,0.09
RXW,RXWAT,2010/11,9242,107595,0.09
RXW,RXWAT,2011/12,8325,106373,0.08
RXW,RXWAT,2012/13,6675,96402,0.07
RXW,RXWAT,2013/14,6932,96693,0.07
RXW,RXWAT,2014/15,7798,102565,0.08
RXW,RXWAT,2015/16,7810,101381,0.08
RXW,RXWAT,2016/17,8092,103880,0.08
RXW,RXWAT,2017/18,7183,106142,0.07
RXW,RXWAT,2018/19,6028,104625,0.06
RXW,RXWAT,2019/20,5836,105158,0.06
RXW,RXWAT,2020/21,1950,82523,0.02
RXW,RXWAT,2021/22,2910,105547,0.03
RXW,RXWAT,2022/23,3527,116485,0.03
RXW,RXWAT,2023/24,3288,79428,0.04
RXW,RXWAX,2019/20,0,0,0
RXW,RXWAX,2020/21,0,0,0
RXW,RXWAX,2022/23,0,0,0
RXW,RXWFC,2018/19,0,0,0
RXW,RXWFC,2019/20,0,32,0
RXW,RXWFC,2020/21,0,7,0
RXW,RXWFC,2021/22,0,10,0
RXW,RXWFC,2022/23,0,18,0
RXW,RXWFC,2023/24,77,2,38.5
RXW,RXWGM,2020/21,0,0,0
RXW,RXWGM,2021/22,0,0,0
RXW,RXWGM,2022/23,0,0,0
RXW,RXWGM,2023/24,0,0,0
RXW,RXWMB,2008/09,0,3,0
RXW,RXWMB,2009/10,0,8,0
RXW,RXWMB,2010/11,0,1,0
RXW,RXWMB,2011/12,0,10,0
RXW,RXWMB,2012/13,0,15,0
RXW,RXWMB,2013/14,0,10,0
RXW,RXWMB,2014/15,0,2,0
RXW,RXWMB,2016/17,0,1,0
RXW,RXWMJ,2009/10,0,16,0
RXW,RXWMJ,2010/11,0,6,0
RXW,RXWMJ,2011/12,0,2,0
RXW,RXWMJ,2012/13,0,1,0
RXW,RXWMJ,2013/14,0,5,0
RXW,RXWMJ,2015/16,0,5,0
RXW,RXWML,2008/09,0,1,0
RXW,RXWML,2009/10,0,7,0
RXW,RXWML,2011/12,0,1,0
RXW,RXWML,2014/15,0,3,0
RXW,RXWML,2015/16,0,12,0
RXW,RXWMS,2008/09,0,416,0
RXW,RXWMS,2009/10,0,478,0
RXW,RXWMS,2010/11,0,441,0
RXW,RXWMS,2011/12,2,423,0
RXW,RXWMS,2012/13,0,279,0
RXW,RXWMS,2013/14,0,422,0
RXW,RXWMS,2014/15,1,203,0
RXW,RXWMS,2015/16,0,26,0
RXW,RXWMS,2016/17,0,18,0
RXW,RXWMS,2017/18,0,9,0
RXW,RXWMS,2018/19,0,2,0
RXW,RXWMS,2019/20,0,2,0
RXW,RXWMT,2008/09,0,36,0
RXW,RXWMT,2009/10,0,7,0
RXW,RXWMT,2010/11,0,8,0
RXW,RXWMT,2011/12,0,13,0
RXW,RXWMT,2012/13,0,13,0
RXW,RXWMT,2013/14,0,12,0
RXW,RXWMT,2014/15,0,96,0
RXW,RXWMT,2015/16,0,264,0
RXW,RXWMT,2016/17,0,243,0
RXW,RXWMT,2017/18,0,147,0
RXW,RXWMT,2018/19,658,258,2.55
RXW,RXWMT,2019/20,638,524,1.22
RXW,RXWMT,2020/21,636,383,1.66
RXW,RXWMT,2021/22,798,728,1.1
RXW,RXWMT,2022/23,905,581,1.56
RXW,RXWMT,2023/24,578,351,1.65
RXX,RXX00,2008/09,9422,6867,1.37
RXX,RXX00,2009/10,16470,9956,1.65
RXX,RXX00,2010/11,7449,1913,3.89
RXX,RXX00,2011/12,0,831,0
RXX,RXX00,2018/19,0,3,0
RXX,RXX00,2019/20,0,3069,0
RXX,RXX00,2020/21,0,15734,0
RXX,RXX00,2021/22,107,32054,0
RXX,RXX00,2022/23,204,41565,0
RXX,RXX00,2023/24,0,325,0
RXX,RXX10,2009/10,1135,1623,0.7
RXX,RXX10,2010/11,7690,10233,0.75
RXX,RXX10,2011/12,9481,9656,0.98
RXX,RXX10,2012/13,11425,11616,0.98
RXX,RXX10,2013/14,2039,779,2.62
RXX,RXX10,2014/15,5918,17119,0.35
RXX,RXX10,2015/16,4654,18039,0.26
RXX,RXX10,2016/17,94,606,0.16
RXX,RXX10,2017/18,0,10080,0
RXX,RXX10,2018/19,0,27382,0
RXX,RXX10,2019/20,17,27705,0
RXX,RXX10,2020/21,6,20392,0
RXX,RXX10,2021/22,41,22568,0
RXX,RXX10,2022/23,0,6201,0
RXX,RXX10,2023/24,0,411,0
RXX,RXX12,2010/11,608,0,608
RXX,RXX12,2011/12,665,0,665
RXX,RXX12,2013/14,528,0,528
RXX,RXX12,2014/15,2956,0,2956
RXX,RXX14,2008/09,1641,1242,1.32
RXX,RXX14,2009/10,181,1994,0.09
RXX,RXX14,2010/11,870,1541,0.56
RXX,RXX14,2011/12,1013,889,1.14
RXX,RXX14,2012/13,3848,1571,2.45
RXX,RXX14,2013/14,561,0,561
RXX,RXX14,2014/15,1192,3864,0.31
RXX,RXX14,2015/16,2646,1645,1.61
RXX,RXX16,2023/24,0,5612,0
RXX,RXX20,2009/10,417,53,7.87
RXX,RXX20,2010/11,6147,1215,5.06
RXX,RXX20,2011/12,8222,2810,2.93
RXX,RXX20,2012/13,6371,4418,1.44
RXX,RXX20,2013/14,3218,253,12.72
RXX,RXX20,2014/15,1980,6378,0.31
RXX,RXX20,2015/16,1329,7318,0.18
RXX,RXX21,2008/09,372,2075,0.18
RXX,RXX21,2009/10,57,4629,0.01
RXX,RXX22,2010/11,1322,5181,0.26
RXX,RXX22,2011/12,6115,2888,2.12
RXX,RXX22,2012/13,3694,3121,1.18
RXX,RXX22,2013/14,0,376,0
RXX,RXX22,2014/15,5272,3342,1.58
RXX,RXX22,2015/16,11457,7081,1.62
RXX,RXX22,2016/17,0,133,0
RXX,RXX22,2017/18,26,7216,0
RXX,RXX22,2018/19,113,22795,0
RXX,RXX22,2019/20,27,21138,0
RXX,RXX22,2020/21,0,20503,0
RXX,RXX22,2021/22,47,18608,0
RXX,RXX22,2022/23,0,16421,0
RXX,RXX22,2023/24,0,20602,0
RXX,RXX23,2011/12,88,0,88
RXX,RXX23,2012/13,244,0,244
RXX,RXX23,2013/14,1319,0,1319
RXX,RXX24,2008/09,1756,9580,0.18
RXX,RXX24,2009/10,4445,14149,0.31
RXX,RXX24,2010/11,125,147,0.85
RXX,RXX2T,2010/11,6584,1538,4.28
RXX,RXX2T,2011/12,5273,1574,3.35
RXX,RXX2T,2012/13,5428,1315,4.13
RXX,RXX2T,2013/14,807,525,1.54
RXX,RXX2T,2014/15,3102,1141,2.72
RXX,RXX2T,2015/16,4892,894,5.47
RXX,RXX2T,2016/17,816,1,816
RXX,RXX2T,2017/18,1258,1544,0.81
RXX,RXX2T,2018/19,1814,6760,0.27
RXX,RXX2T,2019/20,1080,4217,0.26
RXX,RXX2T,2020/21,902,7569,0.12
RXX,RXX2T,2021/22,0,5114,0
RXX,RXX2T,2022/23,70,1877,0.04
RXX,RXX2T,2023/24,97,3859,0.03
RXX,RXX2V,2017/18,0,22,0
RXX,RXX2V,2018/19,0,2035,0
RXX,RXX2V,2019/20,0,1219,0
RXX,RXX2V,2020/21,0,582,0
RXX,RXX2V,2021/22,823,635,1.3
RXX,RXX2V,2022/23,0,746,0
RXX,RXX2V,2023/24,383,899,0.43
RXX,RXX87,2010/11,4155,3925,1.06
RXX,RXX87,2011/12,6364,3742,1.7
RXX,RXX87,2012/13,5628,4384,1.28
RXX,RXX87,2013/14,1321,1147,1.15
RXX,RXX87,2014/15,3782,6453,0.59
RXX,RXX87,2015/16,1148,9997,0.11
RXX,RXX87,2016/17,0,953,0
RXX,RXX87,2017/18,0,785,0
RXX,RXX87,2018/19,0,4147,0
RXX,RXX87,2019/20,0,3768,0
RXX,RXX87,2020/21,0,6089,0
RXX,RXX87,2021/22,0,5969,0
RXX,RXX87,2022/23,0,5229,0
RXX,RXX87,2023/24,0,749,0
RXX,RXX90,2014/15,430,20,21.5
RXX,RXX90,2015/16,343,461,0.74
RXX,RXX90,2016/17,246,0,246
RXX,RXX90,2017/18,3,151,0.02
RXX,RXXAD,2010/11,931,2,465.5
RXX,RXXAD,2011/12,1129,19,59.42
RXX,RXXAD,2012/13,179,2,89.5
RXX,RXXAD,2014/15,95,20,4.75
RXX,RXXAD,2015/16,2158,1154,1.87
RXX,RXXAD,2016/17,11,42,0.26
RXX,RXXAD,2017/18,1,148,0.01
RXX,RXXAD,2018/19,4,179,0.02
RXX,RXXAD,2019/20,0,308,0
RXX,RXXAD,2020/21,0,522,0
RXX,RXXCC,2009/10,888,0,888
RXX,RXXCC,2010/11,2824,22,128.36
RXX,RXXCC,2011/12,3211,0,3211
RXX,RXXCC,2012/13,710,0,710
RXX,RXXCC,2013/14,1907,0,1907
RXX,RXXCE,2009/10,42,0,42
RXX,RXXCE,2010/11,2147,0,2147
RXX,RXXED,2008/09,3503,3122,1.12
RXX,RXXED,2009/10,3790,3444,1.1
RXX,RXXED,2014/15,278,0,278
RXX,RXXED,2018/19,0,241,0
RXX,RXXEV,2010/11,163,0,163
RXX,RXXFL,2010/11,677,4,169.25
RXX,RXXFL,2011/12,1859,2,929.5
RXX,RXXFL,2012/13,1782,0,1782
RXX,RXXGG,2010/11,0,87,0
RXX,RXXGG,2012/13,14,0,14
RXX,RXXGG,2013/14,1647,0,1647
RXX,RXXGW,2010/11,147,162,0.91
RXX,RXXGW,2011/12,264,158,1.67
RXX,RXXGW,2012/13,378,86,4.4
RXX,RXXGW,2013/14,683,0,683
RXX,RXXGX,2011/12,364,99,3.68
RXX,RXXGX,2012/13,252,10,25.2
RXX,RXXGX,2014/15,429,0,429
RXX,RXXGX,2015/16,419,6,69.83
RXX,RXXGX,2016/17,405,0,405
RXX,RXXGX,2017/18,448,2,224
RXX,RXXHE,2010/11,2475,321,7.71
RXX,RXXHE,2011/12,2409,721,3.34
RXX,RXXHE,2012/13,1049,0,1049
RXX,RXXHE,2013/14,389,0,389
RXX,RXXHE,2014/15,1580,0,1580
RXX,RXXHE,2015/16,1282,4179,0.31
RXX,RXXHE,2016/17,665,0,665
RXX,RXXHE,2017/18,1952,0,1952
RXX,RXXHE,2018/19,1159,3,386.33
RXX,RXXHE,2019/20,1387,1025,1.35
RXX,RXXHE,2020/21,1611,376,4.28
RXX,RXXHE,2021/22,2090,0,2090
RXX,RXXHE,2022/23,1448,0,1448
RXX,RXXHE,2023/24,353,541,0.65
RXX,RXXHK,2010/11,372,0,372
RXX,RXXHK,2011/12,2415,947,2.55
RXX,RXXHK,2012/13,1926,156,12.35
RXX,RXXHK,2014/15,1914,0,1914
RXX,RXXHK,2015/16,1964,361,5.44
RXX,RXXHK,2016/17,398,0,398
RXX,RXXHL,2012/13,1399,0,1399
RXX,RXXHQ,2009/10,0,11,0
RXX,RXXHQ,2013/14,28212,37210,0.76
RXX,RXXHQ,2014/15,1922,6238,0.31
RXX,RXXHQ,2017/18,0,0,0
RXX,RXXW3,2008/09,1362,2443,0.56
RXX,RXXW3,2009/10,1250,2961,0.42
RXX,RXXW5,2008/09,1377,2165,0.64
RXX,RXXW5,2009/10,1223,1510,0.81
RXX,RXXW7,2008/09,689,2877,0.24
RXX,RXXW7,2009/10,719,5087,0.14
RXX,RXXW7,2010/11,7,1181,0.01
RXX,RXXW8,2008/09,366,652,0.56
RXX,RXXW8,2009/10,109,1788,0.06
RXX,RXXX1,2009/10,260,100,2.6
RXX,RXXX1,2010/11,2851,3490,0.82
RXX,RXXX1,2011/12,4469,4290,1.04
RXX,RXXX1,2012/13,824,2090,0.39
RXX,RXXX1,2013/14,927,0,927
RXY,RXY00,2008/09,24438,0,24438
RXY,RXY00,2009/10,2735,0,2735
RXY,RXY00,2010/11,2736,0,2736
RXY,RXY00,2011/12,871,0,871
RXY,RXY00,2012/13,1515,0,1515
RXY,RXY03,2009/10,16230,5075,3.2
RXY,RXY03,2010/11,16823,4561,3.69
RXY,RXY03,2011/12,16278,4879,3.34
RXY,RXY03,2012/13,8282,8849,0.94
RXY,RXY03,2013/14,19812,12421,1.6
RXY,RXY03,2014/15,18905,11054,1.71
RXY,RXY03,2015/16,14030,17680,0.79
RXY,RXY03,2016/17,11282,19438,0.58
RXY,RXY03,2017/18,8444,19231,0.44
RXY,RXY03,2018/19,9472,19872,0.48
RXY,RXY03,2019/20,885,1699,0.52
RXY,RXY04,2008/09,3629,11516,0.32
RXY,RXY04,2009/10,505,1713,0.29
RXY,RXY04,2010/11,0,736,0
RXY,RXY04,2011/12,2,0,2
RXY,RXY04,2012/13,0,7,0
RXY,RXY04,2013/14,258,0,258
RXY,RXY04,2014/15,1082,3718,0.29
RXY,RXY04,2015/16,2579,6246,0.41
RXY,RXY04,2016/17,3084,9262,0.33
RXY,RXY04,2017/18,2821,6208,0.45
RXY,RXY04,2018/19,4088,9236,0.44
RXY,RXY04,2019/20,195,933,0.21
RXY,RXY1A,2009/10,445,0,445
RXY,RXY1A,2010/11,687,0,687
RXY,RXY1A,2012/13,1022,121,8.45
RXY,RXY1A,2013/14,938,304,3.09
RXY,RXY1A,2014/15,1732,169,10.25
RXY,RXY1A,2015/16,3338,740,4.51
RXY,RXY1A,2016/17,1096,0,1096
RXY,RXY1A,2017/18,817,0,817
RXY,RXY1A,2018/19,470,0,470
RXY,RXY2D,2011/12,1058,0,1058
RXY,RXY2D,2012/13,643,293,2.19
RXY,RXY2D,2013/14,1191,38,31.34
RXY,RXY2D,2014/15,446,0,446
RXY,RXY2D,2015/16,416,75,5.55
RXY,RXY3H,2009/10,1002,10,100.2
RXY,RXY3H,2010/11,634,1728,0.37
RXY,RXY3H,2011/12,1688,0,1688
RXY,RXY3H,2012/13,1028,0,1028
RXY,RXYA4,2009/10,3966,5916,0.67
RXY,RXYA4,2010/11,14967,8751,1.71
RXY,RXYA4,2011/12,7436,9203,0.81
RXY,RXYA4,2012/13,4784,5924,0.81
RXY,RXYA4,2013/14,1661,4242,0.39
RXY,RXYA4,2014/15,1535,0,1535
RXY,RXYD2,2009/10,1793,0,1793
RXY,RXYD2,2010/11,2648,0,2648
RXY,RXYD2,2011/12,3109,32,97.16
RXY,RXYD2,2012/13,3281,0,3281
RXY,RXYD2,2013/14,2356,0,2356
RXY,RXYD2,2014/15,1677,209,8.02
RXY,RXYD2,2015/16,1484,0,1484
RXY,RXYF2,2009/10,1708,2,854
RXY,RXYF2,2010/11,1178,0,1178
RXY,RXYF2,2011/12,908,10,90.8
RXY,RXYF2,2012/13,1717,6,286.17
RXY,RXYF2,2013/14,2117,6,352.83
RXY,RXYF2,2014/15,1306,0,1306
RXY,RXYF2,2015/16,2111,1,2111
RXY,RXYF2,2016/17,2341,26,90.04
RXY,RXYF2,2017/18,1952,0,1952
RXY,RXYF2,2018/19,2118,0,2118
RXY,RXYF2,2019/20,129,10,12.9
RXY,RXYF6,2009/10,1030,870,1.18
RXY,RXYF6,2010/11,1038,839,1.24
RXY,RXYF6,2011/12,328,12,27.33
RXY,RXYF6,2012/13,1933,258,7.49
RXY,RXYF6,2013/14,2605,0,2605
RXY,RXYF6,2014/15,3053,0,3053
RXY,RXYF6,2015/16,5774,1247,4.63
RXY,RXYF6,2016/17,4838,918,5.27
RXY,RXYF6,2017/18,16783,1023,16.41
RXY,RXYF6,2018/19,2199,0,2199
RXY,RXYG4,2012/13,320,722,0.44
RXY,RXYG4,2013/14,815,0,815
RXY,RXYG4,2014/15,1823,154,11.84
RXY,RXYG4,2015/16,203,162,1.25
RXY,RXYG4,2016/17,2765,136,20.33
RXY,RXYG4,2017/18,6542,0,6542
RXY,RXYG4,2018/19,5208,1294,4.02
RXY,RXYG4,2019/20,0,1382,0
RXY,RXYH4,2009/10,672,1799,0.37
RXY,RXYH4,2010/11,136,823,0.17
RXY,RXYJ1,2009/10,0,2404,0
RXY,RXYJ1,2010/11,786,5461,0.14
RXY,RXYJ1,2011/12,1087,4852,0.22
RXY,RXYJ1,2012/13,2605,1946,1.34
RXY,RXYJ1,2013/14,4027,939,4.29
RXY,RXYJ1,2014/15,4348,2503,1.74
RXY,RXYJ1,2015/16,1950,3309,0.59
RXY,RXYJ1,2016/17,3085,2763,1.12
RXY,RXYJ1,2017/18,2372,3628,0.65
RXY,RXYJ1,2018/19,2823,2753,1.03
RXY,RXYJ1,2019/20,156,190,0.82
RXY,RXYL2,2009/10,1152,7935,0.15
RXY,RXYL2,2010/11,1298,13029,0.1
RXY,RXYL2,2011/12,4703,8853,0.53
RXY,RXYL2,2012/13,5957,14023,0.42
RXY,RXYL2,2013/14,4129,13660,0.3
RXY,RXYL2,2014/15,3575,13421,0.27
RXY,RXYL2,2015/16,3025,8611,0.35
RXY,RXYL2,2016/17,4815,7624,0.63
RXY,RXYL2,2017/18,4925,9290,0.53
RXY,RXYL2,2018/19,5147,10318,0.5
RXY,RXYL2,2019/20,220,579,0.38
RXY,RXYM1,2009/10,595,8898,0.07
RXY,RXYM1,2010/11,9489,5633,1.68
RXY,RXYM1,2011/12,10556,3325,3.17
RXY,RXYM1,2012/13,7670,7141,1.07
RXY,RXYM1,2013/14,11467,7942,1.44
RXY,RXYM1,2014/15,10543,6813,1.55
RXY,RXYM1,2015/16,5361,5917,0.91
RXY,RXYM1,2016/17,3322,3905,0.85
RXY,RXYM1,2017/18,1836,1713,1.07
RXY,RXYM1,2018/19,2718,1967,1.38
RXY,RXYM1,2019/20,0,90,0
RXY,RXYP8,2009/10,1134,13380,0.08
RXY,RXYP8,2010/11,11449,9071,1.26
RXY,RXYP8,2011/12,13442,8971,1.5
RXY,RXYP8,2012/13,9983,9558,1.04
RXY,RXYP8,2013/14,12731,8724,1.46
RXY,RXYP8,2014/15,10857,9036,1.2
RXY,RXYP8,2015/16,8412,10314,0.82
RXY,RXYP8,2016/17,6594,13307,0.5
RXY,RXYP8,2017/18,8707,10472,0.83
RXY,RXYP8,2018/19,4384,11102,0.39
RXY,RXYP8,2019/20,203,1564,0.13
RXY,RXYR2,2009/10,462,0,462
RXY,RXYR2,2010/11,569,0,569
RXY,RXYR2,2011/12,258,0,258
RXY,RXYR2,2012/13,210,0,210
RXY,RXYR2,2013/14,3193,0,3193
RXY,RXYR2,2014/15,698,0,698
RXY,RXYR2,2015/16,302,748,0.4
RXY,RXYR2,2016/17,2596,617,4.21
RXY,RXYR2,2017/18,1272,0,1272
RXY,RXYR2,2018/19,933,866,1.08
RXY,RXYRX,2009/10,3197,672,4.76
RXY,RXYRX,2010/11,3283,0,3283
RXY,RXYRX,2011/12,2414,41,58.88
RXY,RXYRX,2012/13,8561,196,43.68
RXY,RXYRX,2013/14,2226,589,3.78
RXY,RXYRX,2014/15,6333,26,243.58
RXY,RXYRX,2015/16,5007,923,5.42
RXY,RXYRX,2016/17,13407,9,1489.67
RXY,RXYRX,2017/18,4344,0,4344
RXY,RXYRX,2018/19,5186,0,5186
RXY,RXYRX,2019/20,504,1283,0.39
RXY,RXYT1,2009/10,3748,559,6.7
RXY,RXYT1,2010/11,4452,3489,1.28
RXY,RXYT1,2011/12,3817,4411,0.87
RXY,RXYT1,2012/13,3763,3362,1.12
RXY,RXYT1,2013/14,5117,2353,2.17
RXY,RXYT1,2014/15,6620,1482,4.47
RXY,RXYT1,2015/16,5619,5133,1.09
RXY,RXYT1,2016/17,5486,4431,1.24
RXY,RXYT1,2017/18,3437,3578,0.96
RXY,RXYT1,2018/19,3494,3215,1.09
RXY,RXYT1,2019/20,137,582,0.24
RXY,RXYT7,2009/10,171,0,171
RXY,RXYT7,2010/11,91,0,91
RXY,RXYT7,2011/12,470,0,470
RXY,RXYT7,2012/13,1879,0,1879
RXY,RXYT7,2013/14,2014,0,2014
RXY,RXYT7,2014/15,1035,0,1035
RXY,RXYT7,2015/16,1526,723,2.11
RXY,RXYT7,2016/17,924,893,1.03
RXY,RXYT7,2017/18,36,0,36
RXY,RXYTJ,2009/10,1200,234,5.13
RXY,RXYTJ,2010/11,1255,126,9.96
RXY,RXYTR,2009/10,1279,334,3.83
RXY,RXYTR,2010/11,4374,0,4374
RXY,RXYTR,2011/12,3442,8,430.25
RXY,RXYTR,2012/13,8466,0,8466
RXY,RXYTR,2013/14,12864,91,141.36
RXY,RXYTR,2014/15,17958,1898,9.46
RXY,RXYTR,2015/16,11425,3659,3.12
RXY,RXYTR,2016/17,11656,3189,3.66
RXY,RXYTR,2017/18,6359,810,7.85
RXY,RXYTR,2018/19,9710,4273,2.27
RXY,RXYTR,2019/20,291,0,291
RY1,RY100,2013/14,5446,959,5.68
RY1,RY148,2010/11,1576,563,2.8
RY1,RY148,2011/12,9455,2178,4.34
RY1,RY148,2012/13,11902,1044,11.4
RY1,RY148,2014/15,6428,925,6.95
RY1,RY148,2015/16,4431,2623,1.69
RY1,RY148,2016/17,0,1144,0
RY1,RY194,2013/14,2332,410,5.69
RY1,RY1E1,2013/14,90,652,0.14
RY1,RY1E1,2014/15,1021,503,2.03
RY1,RY1E1,2015/16,876,989,0.89
RY1,RY1E1,2016/17,0,2000,0
RY1,RY1E1,2017/18,11,1585,0.01
RY3,A9Z2J,2023/24,853,0,853
RY3,RY310,2010/11,345,0,345
RY3,RY310,2011/12,833,1,833
RY3,RY310,2012/13,844,0,844
RY3,RY310,2013/14,816,1,816
RY3,RY310,2014/15,813,0,813
RY3,RY310,2015/16,679,0,679
RY3,RY310,2016/17,460,0,460
RY3,RY310,2017/18,135,0,135
RY3,RY311,2010/11,1585,269,5.89
RY3,RY311,2011/12,3872,1258,3.08
RY3,RY311,2012/13,4478,596,7.51
RY3,RY311,2013/14,4600,509,9.04
RY3,RY311,2014/15,5356,270,19.84
RY3,RY311,2015/16,4540,306,14.84
RY3,RY311,2016/17,5719,260,22
RY3,RY311,2017/18,5074,455,11.15
RY3,RY311,2018/19,2753,243,11.33
RY3,RY311,2019/20,4423,103,42.94
RY3,RY311,2020/21,197,0,197
RY3,RY311,2021/22,2990,117,25.56
RY3,RY311,2022/23,3265,79,41.33
RY3,RY311,2023/24,1231,94,13.1
RY3,RY312,2010/11,33,0,33
RY3,RY312,2011/12,2,64,0.03
RY3,RY312,2012/13,29,139,0.21
RY3,RY312,2013/14,3,237,0.01
RY3,RY312,2014/15,34,91,0.37
RY3,RY312,2015/16,15,50,0.3
RY3,RY312,2016/17,5,37,0.14
RY3,RY312,2019/20,16,90,0.18
RY3,RY312,2020/21,380,0,380
RY3,RY312,2021/22,489,290,1.69
RY3,RY312,2022/23,354,460,0.77
RY3,RY312,2023/24,452,139,3.25
RY3,RY319,2010/11,258,63,4.1
RY3,RY319,2011/12,400,7,57.14
RY3,RY319,2012/13,292,0,292
RY3,RY319,2013/14,751,20,37.55
RY3,RY319,2014/15,946,0,946
RY3,RY319,2015/16,732,0,732
RY3,RY319,2016/17,345,28,12.32
RY3,RY319,2017/18,160,0,160
RY3,RY319,2018/19,177,0,177
RY3,RY319,2019/20,135,0,135
RY3,RY319,2020/21,87,34,2.56
RY3,RY319,2021/22,235,7,33.57
RY3,RY319,2022/23,247,530,0.47
RY3,RY319,2023/24,387,366,1.06
RY3,RY332,2010/11,0,511,0
RY3,RY332,2011/12,0,399,0
RY3,RY332,2012/13,41,777,0.05
RY3,RY332,2013/14,0,889,0
RY3,RY332,2014/15,0,695,0
RY3,RY332,2015/16,0,365,0
RY3,RY332,2016/17,0,317,0
RY3,RY332,2017/18,0,157,0
RY3,RY332,2018/19,0,112,0
RY3,RY332,2019/20,0,151,0
RY3,RY332,2020/21,92,13,7.08
RY3,RY332,2021/22,454,42,10.81
RY3,RY332,2022/23,472,298,1.58
RY3,RY332,2023/24,565,358,1.58
RY3,RY334,2010/11,0,224,0
RY3,RY334,2011/12,0,1537,0
RY3,RY334,2012/13,0,27,0
RY3,RY335,2010/11,38,552,0.07
RY3,RY335,2011/12,85,1716,0.05
RY3,RY335,2012/13,278,2118,0.13
RY3,RY335,2013/14,207,1177,0.18
RY3,RY335,2014/15,595,1259,0.47
RY3,RY335,2015/16,145,962,0.15
RY3,RY335,2016/17,20,1262,0.02
RY3,RY335,2017/18,4,405,0.01
RY3,RY335,2018/19,0,424,0
RY3,RY335,2019/20,0,698,0
RY3,RY335,2020/21,130,17,7.65
RY3,RY335,2021/22,77,315,0.24
RY3,RY335,2022/23,716,75,9.55
RY3,RY335,2023/24,458,37,12.38
RY3,RY33E,2010/11,291,92,3.16
RY3,RY33E,2011/12,935,120,7.79
RY3,RY33E,2012/13,617,96,6.43
RY3,RY33E,2013/14,475,44,10.8
RY3,RY33E,2014/15,789,0,789
RY3,RY33E,2015/16,1147,5,229.4
RY3,RY33E,2016/17,1958,26,75.31
RY3,RY33E,2017/18,1106,0,1106
RY3,RY33E,2018/19,541,44,12.3
RY3,RY33E,2019/20,403,10,40.3
RY3,RY33E,2020/21,89,16,5.56
RY3,RY33E,2021/22,329,257,1.28
RY3,RY33E,2022/23,343,442,0.78
RY3,RY33E,2023/24,299,85,3.52
RY3,RY350,2014/15,1065,0,1065
RY3,RY350,2015/16,1098,0,1098
RY3,RY350,2016/17,1290,0,1290
RY3,RY350,2017/18,1186,0,1186
RY3,RY350,2018/19,675,0,675
RY3,RY350,2019/20,915,0,915
RY3,RY350,2020/21,38,0,38
RY3,RY350,2021/22,859,5,171.8
RY3,RY350,2022/23,1070,2,535
RY3,RY350,2023/24,727,3,242.33
RY3,RY351,2010/11,460,0,460
RY3,RY351,2011/12,1264,2,632
RY3,RY351,2012/13,1241,0,1241
RY3,RY351,2013/14,620,0,620
RY3,RY351,2014/15,204,0,204
RY3,RY352,2010/11,427,1,427
RY3,RY352,2011/12,1086,0,1086
RY3,RY352,2012/13,981,0,981
RY3,RY352,2013/14,911,0,911
RY3,RY352,2014/15,857,0,857
RY3,RY352,2015/16,606,0,606
RY3,RY352,2016/17,719,0,719
RY3,RY352,2017/18,501,0,501
RY3,RY352,2018/19,334,0,334
RY3,RY352,2019/20,419,0,419
RY3,RY352,2020/21,67,0,67
RY3,RY352,2021/22,495,0,495
RY3,RY352,2022/23,530,0,530
RY3,RY352,2023/24,254,0,254
RY3,RY386,2011/12,201,0,201
RY3,RY386,2012/13,254,0,254
RY3,RY386,2013/14,66,93,0.71
RY3,RY386,2014/15,784,125,6.27
RY3,RY386,2015/16,2862,0,2862
RY3,RY386,2016/17,318,0,318
RY3,RY386,2017/18,220,0,220
RY3,RY386,2018/19,40,44,0.91
RY3,RY386,2019/20,9,1,9
RY3,RY386,2020/21,20,0,20
RY3,RY386,2021/22,67,104,0.64
RY3,RY386,2022/23,31,350,0.09
RY3,RY386,2023/24,44,281,0.16
RY3,RY387,2010/11,136,362,0.38
RY3,RY387,2011/12,333,743,0.45
RY3,RY387,2012/13,148,920,0.16
RY3,RY387,2013/14,245,733,0.33
RY3,RY387,2014/15,226,326,0.69
RY3,RY387,2015/16,130,399,0.33
RY3,RY387,2016/17,92,528,0.17
RY3,RY387,2017/18,93,24,3.88
RY3,RY390,2010/11,52,356,0.15
RY3,RY390,2011/12,2,1975,0
RY3,RY390,2012/13,0,1416,0
RY3,RY390,2013/14,6,1104,0.01
RY3,RY390,2014/15,0,998,0
RY3,RY390,2015/16,0,490,0
RY3,RY390,2016/17,0,1091,0
RY3,RY390,2017/18,0,246,0
RY3,RY396,2013/14,452,0,452
RY4,RY400,2011/12,1979,552,3.59
RY4,RY400,2012/13,1714,200,8.57
RY4,RY400,2013/14,889,106,8.39
RY4,RY400,2014/15,1334,145,9.2
RY4,RY400,2015/16,1326,55,24.11
RY4,RY400,2016/17,933,286,3.26
RY4,RY400,2017/18,1,158,0.01
RY4,RY402,2016/17,5327,0,5327
RY4,RY402,2017/18,10419,0,10419
RY4,RY402,2018/19,10153,0,10153
RY4,RY402,2019/20,4592,0,4592
RY4,RY404,2011/12,3727,0,3727
RY4,RY405,2011/12,7065,0,7065
RY4,RY405,2012/13,6340,0,6340
RY4,RY405,2013/14,6978,0,6978
RY4,RY405,2014/15,7214,0,7214
RY4,RY405,2015/16,3737,0,3737
RY4,RY406,2011/12,3088,0,3088
RY4,RY406,2012/13,2591,0,2591
RY4,RY407,2011/12,5374,0,5374
RY4,RY407,2012/13,4607,0,4607
RY4,RY407,2013/14,4372,0,4372
RY4,RY407,2014/15,5353,0,5353
RY4,RY407,2015/16,4792,0,4792
RY4,RY407,2016/17,5659,0,5659
RY4,RY407,2017/18,5593,0,5593
RY4,RY407,2018/19,5779,0,5779
RY4,RY407,2019/20,5826,0,5826
RY4,RY407,2020/21,11067,0,11067
RY4,RY407,2021/22,7262,0,7262
RY4,RY407,2022/23,7757,0,7757
RY4,RY407,2023/24,6165,0,6165
RY4,RY408,2011/12,206,344,0.6
RY4,RY408,2012/13,39,24,1.63
RY4,RY409,2011/12,886,0,886
RY4,RY409,2012/13,918,44,20.86
RY4,RY409,2013/14,416,46,9.04
RY4,RY409,2014/15,654,908,0.72
RY4,RY409,2015/16,344,579,0.59
RY4,RY409,2016/17,4548,200,22.74
RY4,RY409,2017/18,9468,0,9468
RY4,RY409,2018/19,9870,0,9870
RY4,RY409,2019/20,10359,0,10359
RY4,RY409,2020/21,9814,0,9814
RY4,RY409,2021/22,8793,0,8793
RY4,RY409,2022/23,10076,0,10076
RY4,RY409,2023/24,7545,0,7545
RY4,RY410,2016/17,4498,0,4498
RY4,RY410,2017/18,6234,0,6234
RY4,RY410,2018/19,6782,0,6782
RY4,RY410,2019/20,3185,0,3185
RY4,RY411,2011/12,12830,0,12830
RY4,RY411,2012/13,15581,0,15581
RY4,RY411,2013/14,13063,0,13063
RY4,RY411,2014/15,12686,93,136.41
RY4,RY411,2015/16,9174,0,9174
RY4,RY411,2016/17,9456,0,9456
RY4,RY411,2017/18,10826,0,10826
RY4,RY411,2018/19,10410,0,10410
RY4,RY411,2019/20,4857,0,4857
RY4,RY412,2011/12,7104,19,373.89
RY4,RY412,2012/13,6901,0,6901
RY4,RY412,2013/14,5983,119,50.28
RY4,RY412,2014/15,5229,258,20.27
RY4,RY412,2015/16,5911,0,5911
RY4,RY412,2016/17,7112,0,7112
RY4,RY412,2017/18,7245,0,7245
RY4,RY412,2018/19,6441,0,6441
RY4,RY412,2019/20,7314,0,7314
RY4,RY412,2020/21,7007,0,7007
RY4,RY412,2021/22,6356,0,6356
RY4,RY412,2022/23,6332,0,6332
RY4,RY412,2023/24,4372,0,4372
RY4,RY414,2017/18,724,0,724
RY4,RY414,2018/19,13602,27,503.78
RY4,RY414,2019/20,8207,0,8207
RY4,RY448,2016/17,0,0,0
RY5,RY539,2022/23,6011,707,8.5
RY5,RY539,2023/24,4541,334,13.6
RY5,RY567,2022/23,1327,1523,0.87
RY5,RY567,2023/24,1285,478,2.69
RY5,RY568,2022/23,5675,34,166.91
RY5,RY568,2023/24,4314,157,27.48
RY5,RY572,2011/12,30,11879,0
RY5,RY572,2012/13,274,13275,0.02
RY5,RY572,2013/14,212,12722,0.02
RY5,RY572,2014/15,318,11854,0.03
RY5,RY572,2015/16,79,10846,0.01
RY5,RY572,2016/17,182,7736,0.02
RY5,RY572,2017/18,386,2639,0.15
RY5,RY572,2018/19,1187,640,1.85
RY5,RY572,2019/20,2558,589,4.34
RY5,RY572,2020/21,2498,583,4.28
RY5,RY572,2021/22,2617,1082,2.42
RY5,RY572,2022/23,2442,422,5.79
RY5,RY572,2023/24,2946,80,36.83
RY6,RY608,2013/14,0,111,0
RY6,RY608,2014/15,0,7222,0
RY6,RY608,2015/16,0,6090,0
RY6,RY608,2016/17,0,6489,0
RY6,RY608,2017/18,0,5227,0
RY6,RY612,2013/14,174,0,174
RY6,RY612,2014/15,915,0,915
RY6,RY612,2015/16,1117,11,101.55
RY6,RY612,2016/17,1313,0,1313
RY6,RY612,2017/18,1346,22,61.18
RY6,RY612,2018/19,1269,11,115.36
RY6,RY612,2019/20,1106,0,1106
RY6,RY647,2013/14,0,86,0
RY6,RY686,2013/14,0,1985,0
RY6,RY686,2014/15,0,13922,0
RY6,RY686,2015/16,0,11954,0
RY6,RY686,2016/17,0,11106,0
RY6,RY686,2017/18,0,8908,0
RY8,RY800,2017/18,0,38,0
RY8,RY800,2020/21,0,0,0
RY8,RY800,2021/22,0,0,0
RY8,RY800,2023/24,353,812,0.43
RY8,RY87V,2011/12,0,985,0
RY8,RY87V,2012/13,0,1139,0
RY8,RY87V,2013/14,0,997,0
RY8,RY87V,2014/15,0,526,0
RY8,RY87V,2015/16,0,672,0
RY8,RY87V,2016/17,0,1015,0
RY8,RY87V,2017/18,0,510,0
RY8,RY87V,2018/19,0,594,0
RY8,RY87V,2019/20,0,805,0
RY8,RY87V,2020/21,0,289,0
RY8,RY87V,2021/22,0,567,0
RY8,RY87V,2022/23,41,388,0.11
RY8,RY87V,2023/24,0,44,0
RY8,RY8AE,2011/12,7,4000,0
RY8,RY8AE,2012/13,0,1786,0
RY8,RY8AE,2013/14,0,1902,0
RY8,RY8AE,2014/15,0,2312,0
RY8,RY8AE,2015/16,0,1453,0
RY8,RY8AE,2016/17,0,1308,0
RY8,RY8AE,2017/18,0,940,0
RY8,RY8AE,2018/19,0,1035,0
RY8,RY8AE,2019/20,0,725,0
RY8,RY8AE,2020/21,0,283,0
RY8,RY8AE,2021/22,0,156,0
RY8,RY8AE,2022/23,0,420,0
RY8,RY8AE,2023/24,0,80,0
RY8,RY8AH,2011/12,13,1558,0.01
RY8,RY8AH,2012/13,21,767,0.03
RY8,RY8AH,2013/14,20,0,20
RY8,RY8AH,2014/15,11,0,11
RY8,RY8AH,2015/16,12,0,12
RY8,RY8AH,2016/17,4,0,4
RY8,RY8AH,2017/18,6,0,6
RY8,RY8AH,2018/19,12,0,12
RY8,RY8AH,2019/20,1,0,1
RY8,RY8AH,2020/21,0,0,0
RY8,RY8AH,2021/22,5,0,5
RY8,RY8AH,2022/23,1,0,1
RY8,RY8AH,2023/24,0,0,0
RY8,RY8AJ,2011/12,78,18646,0
RY8,RY8AJ,2012/13,0,17999,0
RY8,RY8AJ,2013/14,0,14903,0
RY8,RY8AJ,2014/15,0,10499,0
RY8,RY8AJ,2015/16,0,10870,0
RY8,RY8AJ,2016/17,0,3849,0
RY8,RY8AJ,2017/18,0,434,0
RY8,RY8AJ,2018/19,0,163,0
RY8,RY8AJ,2019/20,19,544,0.03
RY8,RY8AJ,2020/21,0,1544,0
RY8,RY8AJ,2021/22,103,909,0.11
RY8,RY8AJ,2022/23,155,524,0.3
RY8,RY8AJ,2023/24,0,76,0
RY8,RY8AK,2011/12,3582,2860,1.25
RY8,RY8AK,2012/13,1912,1065,1.8
RY8,RY8AK,2013/14,1607,879,1.83
RY8,RY8AK,2014/15,2251,926,2.43
RY8,RY8AK,2015/16,770,1475,0.52
RY8,RY8AK,2016/17,686,968,0.71
RY8,RY8AK,2017/18,675,638,1.06
RY8,RY8AK,2018/19,364,866,0.42
RY8,RY8AK,2019/20,48,179,0.27
RY8,RY8AK,2020/21,0,2567,0
RY8,RY8AK,2021/22,558,0,558
RY8,RY8AK,2023/24,0,71,0
RY8,RY8AL,2011/12,1114,9,123.78
RY8,RY8AL,2012/13,1121,16,70.06
RY8,RY8AL,2013/14,1007,0,1007
RY8,RY8AL,2014/15,854,0,854
RY8,RY8AL,2015/16,762,0,762
RY8,RY8AL,2016/17,702,0,702
RY8,RY8AL,2017/18,622,0,622
RY8,RY8AL,2018/19,519,0,519
RY8,RY8AM,2011/12,1117,2,558.5
RY8,RY8AM,2012/13,1062,8,132.75
RY8,RY8AM,2013/14,1003,0,1003
RY8,RY8AM,2014/15,1060,0,1060
RY8,RY8AM,2015/16,1163,0,1163
RY8,RY8AM,2016/17,865,0,865
RY8,RY8AM,2017/18,786,0,786
RY8,RY8AM,2018/19,755,0,755
RY8,RY8AM,2019/20,802,0,802
RY8,RY8AM,2021/22,335,0,335
RY8,RY8AM,2022/23,364,0,364
RY8,RY8AM,2023/24,105,0,105
RY8,RY8AN,2011/12,1106,3,368.67
RY8,RY8AN,2012/13,1065,0,1065
RY8,RY8AN,2013/14,996,0,996
RY8,RY8AN,2014/15,1024,0,1024
RY8,RY8AN,2015/16,937,0,937
RY8,RY8AN,2016/17,841,0,841
RY8,RY8AN,2017/18,685,0,685
RY8,RY8AN,2018/19,646,0,646
RY8,RY8AN,2019/20,1060,0,1060
RY8,RY8AN,2020/21,288,0,288
RY8,RY8AN,2021/22,608,0,608
RY8,RY8AN,2022/23,530,0,530
RY8,RY8AN,2023/24,128,0,128
RY8,RY8AP,2011/12,1237,0,1237
RY8,RY8AP,2012/13,1410,1,1410
RY8,RY8AP,2013/14,1382,0,1382
RY8,RY8AP,2014/15,1330,0,1330
RY8,RY8AP,2015/16,1201,0,1201
RY8,RY8AP,2016/17,1071,4,267.75
RY8,RY8AP,2017/18,986,0,986
RY8,RY8AP,2018/19,944,0,944
RY8,RY8AP,2019/20,785,0,785
RY8,RY8AP,2022/23,206,0,206
RY8,RY8AP,2023/24,172,0,172
RY8,RY8DE,2011/12,0,1125,0
RY8,RY8DE,2012/13,0,1034,0
RY8,RY8DE,2013/14,0,1312,0
RY8,RY8DE,2014/15,0,634,0
RY8,RY8DE,2015/16,0,673,0
RY8,RY8DE,2016/17,0,441,0
RY8,RY8DE,2017/18,0,476,0
RY8,RY8DE,2018/19,0,263,0
RY8,RY8DE,2019/20,0,260,0
RY8,RY8DE,2020/21,0,19,0
RY8,RY8DF,2011/12,0,1439,0
RY8,RY8DF,2012/13,0,1342,0
RY8,RY8DF,2013/14,0,639,0
RY8,RY8DF,2018/19,1,0,1
RY8,RY8DF,2019/20,6,0,6
RY8,RY8DF,2021/22,3,0,3
RY8,RY8DG,2011/12,0,315,0
RY8,RY8DG,2012/13,0,584,0
RY8,RY8DG,2013/14,0,587,0
RY8,RY8DG,2014/15,0,482,0
RY8,RY8DG,2015/16,0,752,0
RY8,RY8DG,2016/17,2,869,0
RY8,RY8DG,2017/18,17,643,0.03
RY8,RY8DG,2018/19,27,360,0.07
RY8,RY8DG,2019/20,0,385,0
RY8,RY8DG,2020/21,0,150,0
RY8,RY8DG,2021/22,0,66,0
RY8,RY8NA,2011/12,0,3594,0
RY8,RY8NA,2012/13,0,3324,0
RY8,RY8NA,2013/14,70,7040,0.01
RY8,RY8NA,2014/15,147,3713,0.04
RY8,RY8NA,2015/16,56,3126,0.02
RY8,RY8NA,2016/17,0,1643,0
RY8,RY8NA,2017/18,0,1357,0
RY8,RY8NA,2018/19,0,35,0
RY8,RY8NR,2011/12,0,7,0
RY8,RY8NR,2012/13,2,24,0.08
RY8,RY8NR,2014/15,0,21,0
RY8,RY8NR,2015/16,1,77,0.01
RY8,RY8NR,2016/17,0,34,0
RY8,RY8NR,2017/18,12,0,12
RY8,RY8NR,2018/19,10,45,0.22
RY8,RY8NR,2019/20,0,61,0
RY8,RY8NR,2022/23,0,17,0
RY8,RY8NR,2023/24,0,54,0
RY8,RY8NT,2011/12,0,124,0
RY8,RY8NT,2012/13,0,117,0
RY8,RY8NT,2013/14,0,32,0
RY8,RY8NT,2014/15,0,190,0
RY8,RY8NT,2015/16,0,193,0
RY8,RY8NT,2016/17,0,40,0
RY8,RY8NT,2017/18,0,28,0
RY8,RY8NW,2011/12,467,2090,0.22
RY8,RY8NW,2012/13,800,1596,0.5
RY8,RY8NW,2013/14,1013,1390,0.73
RY8,RY8NW,2014/15,754,2084,0.36
RY8,RY8NW,2015/16,587,1686,0.35
RY8,RY8NW,2016/17,7,720,0.01
RY8,RY8NW,2017/18,0,624,0
RY8,RY8NW,2018/19,10,382,0.03
RY8,RY8NW,2019/20,0,361,0
RY8,RY8NW,2020/21,32,283,0.11
RY8,RY8NW,2021/22,13,390,0.03
RY8,RY8NW,2022/23,0,444,0
RY8,RY8NW,2023/24,24,38,0.63
RY8,RY8RH,2011/12,0,4792,0
RY8,RY8RH,2012/13,1,1938,0
RY8,RY8RH,2013/14,7,1685,0
RY8,RY8RH,2014/15,28,1734,0.02
RY8,RY8RH,2015/16,46,1828,0.03
RY8,RY8RH,2016/17,28,1633,0.02
RY8,RY8RH,2017/18,26,1341,0.02
RY8,RY8RH,2018/19,16,979,0.02
RY8,RY8RH,2019/20,7,390,0.02
RY8,RY8RH,2020/21,0,103,0
RY8,RY8RH,2021/22,12,299,0.04
RY8,RY8RH,2022/23,68,415,0.16
RY8,RY8RH,2023/24,2,346,0.01
RY8,RY8RK,2013/14,6,0,6
RY8,RY8RK,2014/15,10,0,10
RY8,RY8RK,2016/17,3,0,3
RY8,RY8RL,2013/14,3,0,3
RY8,RY8RL,2014/15,4,0,4
RY8,RY8RL,2016/17,14,0,14
RY8,RY8RL,2017/18,3,0,3
RY8,RY8RL,2019/20,12,0,12
RY8,RY8RL,2021/22,2,0,2
RY8,RY8RL,2022/23,6,0,6
RY9,RY900,2012/13,6,14819,0
RY9,RY900,2013/14,0,1556,0
RY9,RY902,2013/14,154,13602,0.01
RY9,RY902,2014/15,12,13371,0
RY9,RY902,2015/16,81,8341,0.01
RY9,RY902,2017/18,0,1,0
RYG,RYG00,2014/15,0,2129,0
RYG,RYG00,2015/16,4,0,4
RYG,RYG00,2016/17,32,0,32
RYG,RYG00,2017/18,66555,124846,0.53
RYG,RYG00,2018/19,36139,128592,0.28
RYG,RYG00,2019/20,32932,104950,0.31
RYG,RYG03,2013/14,7,0,7
RYG,RYG05,2013/14,1044,821,1.27
RYG,RYG05,2014/15,2060,1153,1.79
RYG,RYG05,2015/16,1272,125,10.18
RYG,RYG05,2016/17,964,3066,0.31
RYG,RYG33,2013/14,0,4330,0
RYG,RYG33,2014/15,0,222,0
RYG,RYG51,2013/14,0,2645,0
RYG,RYG51,2014/15,0,1271,0
RYG,RYG51,2015/16,0,1055,0
RYG,RYG51,2016/17,0,4955,0
RYG,RYG57,2013/14,23,24,0.96
RYG,RYG57,2015/16,1,0,1
RYG,RYG58,2012/13,0,0,0
RYG,RYG58,2013/14,2434,48481,0.05
RYG,RYG58,2014/15,1804,46921,0.04
RYG,RYG58,2015/16,513,47102,0.01
RYG,RYG58,2016/17,0,36281,0
RYG,RYG79,2013/14,323,25838,0.01
RYG,RYG79,2014/15,789,23235,0.03
RYG,RYG79,2015/16,627,21733,0.03
RYG,RYG79,2016/17,67,21781,0
RYG,RYG87,2013/14,0,2332,0
RYG,RYG87,2014/15,0,247,0
RYG,RYG92,2013/14,3410,1951,1.75
RYG,RYG92,2014/15,1768,1769,1
RYG,RYG92,2015/16,1439,2224,0.65
RYG,RYG92,2016/17,2750,644,4.27
RYG,RYG94,2013/14,8,0,8
RYG,RYG96,2013/14,10637,10780,0.99
RYG,RYG96,2014/15,15431,690,22.36
RYG,RYG96,2015/16,17261,412,41.9
RYG,RYG96,2016/17,21133,580,36.44
RYG,RYGCL,2013/14,10,0,10
RYG,RYGCT,2013/14,37,0,37
RYG,RYGCT,2014/15,3,0,3
RYG,RYGCW,2014/15,0,1498,0
RYG,RYGCW,2015/16,0,469,0
RYG,RYGCW,2016/17,0,3555,0
RYJ,L8J7P,2023/24,1,0,1
RYJ,RYJ00,2011/12,0,26,0
RYJ,RYJ00,2012/13,0,15,0
RYJ,RYJ00,2013/14,0,2,0
RYJ,RYJ00,2014/15,228,1506,0.15
RYJ,RYJ00,2015/16,92,23808,0
RYJ,RYJ00,2016/17,90,14264,0.01
RYJ,RYJ00,2017/18,0,16999,0
RYJ,RYJ00,2018/19,2,17647,0
RYJ,RYJ00,2019/20,11,15210,0
RYJ,RYJ00,2020/21,205,4744,0.04
RYJ,RYJ00,2021/22,30,3479,0.01
RYJ,RYJ00,2022/23,8,16,0.5
RYJ,RYJ00,2023/24,0,34,0
RYJ,RYJ01,2010/11,6141,29882,0.21
RYJ,RYJ01,2011/12,14599,106626,0.14
RYJ,RYJ01,2012/13,15759,101140,0.16
RYJ,RYJ01,2013/14,14620,101348,0.14
RYJ,RYJ01,2014/15,17507,120201,0.15
RYJ,RYJ01,2015/16,17042,114363,0.15
RYJ,RYJ01,2016/17,15344,125274,0.12
RYJ,RYJ01,2017/18,14869,127155,0.12
RYJ,RYJ01,2018/19,16855,131706,0.13
RYJ,RYJ01,2019/20,16450,134786,0.12
RYJ,RYJ01,2020/21,7818,107525,0.07
RYJ,RYJ01,2021/22,10263,126967,0.08
RYJ,RYJ01,2022/23,10259,137263,0.07
RYJ,RYJ01,2023/24,10972,101318,0.11
RYJ,RYJ02,2010/11,13709,53066,0.26
RYJ,RYJ02,2011/12,28450,112253,0.25
RYJ,RYJ02,2012/13,26824,104707,0.26
RYJ,RYJ02,2013/14,24977,100547,0.25
RYJ,RYJ02,2014/15,26027,114199,0.23
RYJ,RYJ02,2015/16,22288,110360,0.2
RYJ,RYJ02,2016/17,23510,117145,0.2
RYJ,RYJ02,2017/18,24929,108704,0.23
RYJ,RYJ02,2018/19,24137,112653,0.21
RYJ,RYJ02,2019/20,23287,114465,0.2
RYJ,RYJ02,2020/21,12830,90211,0.14
RYJ,RYJ02,2021/22,21382,107799,0.2
RYJ,RYJ02,2022/23,20664,128951,0.16
RYJ,RYJ02,2023/24,14676,101867,0.14
RYJ,RYJ03,2010/11,15168,36877,0.41
RYJ,RYJ03,2011/12,29069,79047,0.37
RYJ,RYJ03,2012/13,26123,75968,0.34
RYJ,RYJ03,2013/14,26672,80673,0.33
RYJ,RYJ03,2014/15,26110,70369,0.37
RYJ,RYJ03,2015/16,27373,60462,0.45
RYJ,RYJ03,2016/17,25623,47424,0.54
RYJ,RYJ03,2017/18,29389,43067,0.68
RYJ,RYJ03,2018/19,30233,44439,0.68
RYJ,RYJ03,2019/20,31119,46062,0.68
RYJ,RYJ03,2020/21,16166,34134,0.47
RYJ,RYJ03,2021/22,23304,39828,0.59
RYJ,RYJ03,2022/23,24174,40578,0.6
RYJ,RYJ03,2023/24,19717,29282,0.67
RYJ,RYJ04,2014/15,2788,3164,0.88
RYJ,RYJ04,2015/16,3666,2960,1.24
RYJ,RYJ04,2016/17,3157,2812,1.12
RYJ,RYJ04,2017/18,3201,1831,1.75
RYJ,RYJ04,2018/19,3695,1760,2.1
RYJ,RYJ04,2019/20,4261,1446,2.95
RYJ,RYJ04,2020/21,2609,773,3.38
RYJ,RYJ04,2021/22,4441,660,6.73
RYJ,RYJ04,2022/23,5415,881,6.15
RYJ,RYJ04,2023/24,3430,793,4.33
RYJ,RYJ05,2015/16,3,0,3
RYJ,RYJ05,2016/17,9,0,9
RYJ,RYJ05,2020/21,1,0,1
RYJ,RYJ05,2021/22,2,0,2
RYJ,RYJ07,2010/11,202,227,0.89
RYJ,RYJ07,2011/12,278,524,0.53
RYJ,RYJ07,2012/13,191,513,0.37
RYJ,RYJ07,2013/14,329,748,0.44
RYJ,RYJ07,2014/15,168,715,0.23
RYJ,RYJ07,2015/16,291,771,0.38
RYJ,RYJ07,2016/17,171,530,0.32
RYJ,RYJ07,2017/18,562,446,1.26
RYJ,RYJ07,2018/19,194,380,0.51
RYJ,RYJ07,2019/20,178,414,0.43
RYJ,RYJ07,2020/21,22,3,7.33
RYJ,RYJ07,2021/22,56,3,18.67
RYJ,RYJ07,2022/23,3,0,3
RYJ,RYJ07,2023/24,130,34,3.82
RYK,RYK00,2008/09,0,201,0
RYK,RYK00,2009/10,0,214,0
RYK,RYK01,2009/10,9756,0,9756
RYK,RYK01,2010/11,13764,0,13764
RYK,RYK01,2011/12,0,9901,0
RYK,RYK01,2012/13,0,7414,0
RYK,RYK01,2013/14,0,5828,0
RYK,RYK01,2014/15,0,3989,0
RYK,RYK10,2009/10,1877,17660,0.11
RYK,RYK10,2010/11,897,14883,0.06
RYK,RYK10,2011/12,0,15769,0
RYK,RYK10,2012/13,797,12987,0.06
RYK,RYK10,2013/14,0,13837,0
RYK,RYK10,2014/15,210,15287,0.01
RYK,RYK10,2015/16,0,14975,0
RYK,RYK10,2016/17,0,12694,0
RYK,RYK10,2017/18,0,12420,0
RYK,RYK34,2008/09,331,9714,0.03
RYK,RYK34,2009/10,727,22786,0.03
RYK,RYK34,2010/11,458,23917,0.02
RYK,RYK34,2011/12,84,24351,0
RYK,RYK34,2012/13,19,24370,0
RYK,RYK34,2013/14,0,20508,0
RYK,RYK34,2014/15,1,28290,0
RYK,RYK34,2015/16,48,28269,0
RYK,RYK34,2016/17,28,27705,0
RYK,RYK34,2017/18,0,24057,0
RYQ,RYQ10,2009/10,7273,88735,0.08
RYQ,RYQ10,2010/11,5976,52128,0.11
RYQ,RYQ10,2011/12,4669,3834,1.22
RYQ,RYQ10,2012/13,6031,1449,4.16
RYQ,RYQ10,2013/14,3013,435,6.93
RYQ,RYQ30,2009/10,18870,124446,0.15
RYQ,RYQ30,2010/11,16329,128040,0.13
RYQ,RYQ30,2011/12,15014,141200,0.11
RYQ,RYQ30,2012/13,13338,146250,0.09
RYQ,RYQ30,2013/14,6015,73960,0.08
RYQ,RYQ50,2009/10,19039,113898,0.17
RYQ,RYQ50,2010/11,16641,117717,0.14
RYQ,RYQ50,2011/12,14493,125498,0.12
RYQ,RYQ50,2012/13,12932,133264,0.1
RYQ,RYQ50,2013/14,6046,68488,0.09
RYR,A1R7Z,2022/23,25,0,25
RYR,A1R7Z,2023/24,60,0,60
RYR,B9S0X,2022/23,34,0,34
RYR,E0A3H,2022/23,36028,173124,0.21
RYR,E0A3H,2023/24,35121,153189,0.23
RYR,E0N1P,2022/23,68,0,68
RYR,E0N1P,2023/24,17,0,17
RYR,G0W1C,2022/23,1293,10586,0.12
RYR,G0W1C,2023/24,1090,7467,0.15
RYR,G8B2R,2022/23,53,33,1.61
RYR,G8B2R,2023/24,61,181,0.34
RYR,H2U6X,2023/24,23,0,23
RYR,I1F1U,2022/23,11,0,11
RYR,I1F1U,2023/24,4,0,4
RYR,I8I2Z,2020/21,0,0,0
RYR,I8I2Z,2021/22,0,0,0
RYR,I8I2Z,2022/23,0,0,0
RYR,M4N6G,2022/23,56,0,56
RYR,M4N6G,2023/24,29,0,29
RYR,N6J7V,2022/23,5840,55092,0.11
RYR,N6J7V,2023/24,4245,44479,0.1
RYR,O4F7H,2021/22,404,0,404
RYR,O4F7H,2022/23,75,0,75
RYR,O4F7H,2023/24,84,0,84
RYR,O6E9T,2021/22,0,0,0
RYR,O6E9T,2022/23,0,0,0
RYR,O6E9T,2023/24,4,0,4
RYR,Q0W5X,2022/23,263,0,263
RYR,Q0W5X,2023/24,255,0,255
RYR,RYR00,2022/23,14,26,0.54
RYR,RYR00,2023/24,6,0,6
RYR,RYR05,2009/10,4045,1461,2.77
RYR,RYR05,2010/11,4340,1653,2.63
RYR,RYR05,2011/12,5191,1571,3.3
RYR,RYR05,2012/13,4460,1582,2.82
RYR,RYR07,2009/10,464,0,464
RYR,RYR07,2010/11,474,0,474
RYR,RYR07,2011/12,632,0,632
RYR,RYR07,2012/13,106,0,106
RYR,RYR07,2013/14,0,0,0
RYR,RYR07,2014/15,1,0,1
RYR,RYR07,2015/16,6,0,6
RYR,RYR07,2021/22,336,0,336
RYR,RYR07,2022/23,468,0,468
RYR,RYR07,2023/24,65,0,65
RYR,RYR14,2009/10,6179,1398,4.42
RYR,RYR14,2010/11,3388,776,4.37
RYR,RYR14,2011/12,543,309,1.76
RYR,RYR14,2012/13,69,12,5.75
RYR,RYR14,2013/14,42,0,42
RYR,RYR14,2014/15,27,0,27
RYR,RYR14,2015/16,19,0,19
RYR,RYR14,2016/17,56,0,56
RYR,RYR14,2017/18,38,0,38
RYR,RYR14,2018/19,27,5,5.4
RYR,RYR14,2019/20,28,0,28
RYR,RYR14,2020/21,7,0,7
RYR,RYR14,2021/22,11,0,11
RYR,RYR14,2022/23,36,0,36
RYR,RYR14,2023/24,31,0,31
RYR,RYR16,2009/10,16012,107500,0.15
RYR,RYR16,2010/11,15522,110020,0.14
RYR,RYR16,2011/12,16775,101880,0.16
RYR,RYR16,2012/13,14678,105335,0.14
RYR,RYR16,2013/14,16437,112109,0.15
RYR,RYR16,2014/15,15503,120862,0.13
RYR,RYR16,2015/16,14888,123655,0.12
RYR,RYR16,2016/17,14531,132206,0.11
RYR,RYR16,2017/18,12279,130342,0.09
RYR,RYR16,2018/19,11054,130556,0.08
RYR,RYR16,2019/20,10779,137170,0.08
RYR,RYR16,2020/21,4700,113636,0.04
RYR,RYR16,2021/22,8600,138774,0.06
RYR,RYR16,2022/23,8303,158892,0.05
RYR,RYR16,2023/24,5887,117879,0.05
RYR,RYR18,2009/10,11487,161794,0.07
RYR,RYR18,2010/11,11270,165852,0.07
RYR,RYR18,2011/12,11734,159387,0.07
RYR,RYR18,2012/13,11071,148413,0.07
RYR,RYR18,2013/14,8343,150612,0.06
RYR,RYR18,2014/15,7667,156452,0.05
RYR,RYR18,2015/16,7152,160995,0.04
RYR,RYR18,2016/17,6986,170751,0.04
RYR,RYR18,2017/18,5743,172699,0.03
RYR,RYR18,2018/19,5192,166057,0.03
RYR,RYR18,2019/20,4957,171065,0.03
RYR,RYR18,2020/21,2771,126796,0.02
RYR,RYR18,2021/22,4417,155346,0.03
RYR,RYR18,2022/23,4650,183716,0.03
RYR,RYR18,2023/24,2816,142450,0.02
RYR,RYR23,2009/10,129,0,129
RYR,RYR23,2010/11,334,0,334
RYR,RYR23,2011/12,251,0,251
RYR,RYR23,2012/13,30,0,30
RYR,RYR23,2014/15,38,0,38
RYR,RYR23,2015/16,122,0,122
RYR,RYR23,2019/20,6,0,6
RYR,RYR23,2021/22,417,0,417
RYR,RYR23,2022/23,337,0,337
RYR,RYR23,2023/24,89,0,89
RYR,RYR24,2009/10,7,0,7
RYR,RYR24,2018/19,394,0,394
RYR,RYR24,2019/20,694,0,694
RYR,RYR24,2021/22,0,0,0
RYR,RYR24,2022/23,3576,6,596
RYR,RYR24,2023/24,2000,3,666.67
RYR,RYR31,2011/12,357,0,357
RYR,RYR31,2016/17,3033,0,3033
RYR,RYR98,2020/21,4,0,4
RYR,T0O1X,2022/23,30,0,30
RYR,X0V1P,2021/22,0,0,0
RYR,X0V1P,2022/23,0,0,0
RYR,X5M8P,2022/23,397,359,1.11
RYR,X5M8P,2023/24,220,361,0.61
RYR,X8T7H,2022/23,2,0,2
RYR,X8T7H,2023/24,21,0,21
RYV,RYV00,2009/10,0,10,0
RYV,RYV00,2010/11,0,39,0
RYV,RYV00,2011/12,48,1158,0.04
RYV,RYV00,2012/13,67,2762,0.02
RYV,RYV00,2013/14,84,2272,0.04
RYV,RYV00,2014/15,0,119,0
RYV,RYV01,2010/11,9706,582,16.68
RYV,RYV01,2011/12,14060,855,16.44
RYV,RYV01,2012/13,14213,579,24.55
RYV,RYV01,2013/14,6533,252,25.92
RYV,RYV01,2014/15,9555,28,341.25
RYV,RYV01,2015/16,2141,0,2141
RYV,RYV02,2011/12,10,230,0.04
RYV,RYV02,2012/13,38,209,0.18
RYV,RYV02,2014/15,0,428,0
RYV,RYV03,2010/11,779,792,0.98
RYV,RYV03,2011/12,205,985,0.21
RYV,RYV03,2012/13,341,776,0.44
RYV,RYV03,2013/14,3546,300,11.82
RYV,RYV03,2014/15,5834,324,18.01
RYV,RYV05,2010/11,57,2779,0.02
RYV,RYV05,2011/12,21,1115,0.02
RYV,RYV05,2014/15,43,2169,0.02
RYV,RYV05,2015/16,37,2153,0.02
RYV,RYV05,2016/17,87,2576,0.03
RYV,RYV05,2017/18,28,1956,0.01
RYV,RYV05,2018/19,21,1965,0.01
RYV,RYV06,2014/15,0,2,0
RYW,RYW00,2010/11,2713,14487,0.19
RYW,RYW00,2011/12,10751,35321,0.3
RYW,RYW00,2012/13,9750,23888,0.41
RYW,RYW00,2013/14,10417,31884,0.33
RYW,RYW00,2015/16,5110,4815,1.06
RYW,RYW00,2016/17,11396,10476,1.09
RYW,RYW00,2017/18,6836,5312,1.29
RYW,RYW00,2018/19,21040,10851,1.94
RYW,RYW00,2019/20,18859,7503,2.51
RYW,RYW00,2020/21,16828,8682,1.94
RYW,RYW00,2021/22,6553,34375,0.19
RYW,RYW00,2022/23,1849,73116,0.03
RYW,RYW00,2023/24,2195,51800,0.04
RYW,RYW04,2015/16,2276,2564,0.89
RYW,RYW21,2014/15,1,0,1
RYW,RYW21,2015/16,0,0,0
RYW,RYW22,2014/15,2047,638,3.21
RYW,RYW22,2015/16,1437,1579,0.91
RYW,RYW23,2014/15,1137,12891,0.09
RYW,RYW23,2015/16,824,19176,0.04
RYW,RYW24,2014/15,3130,9965,0.31
RYW,RYW24,2015/16,678,9615,0.07
RYW,RYW41,2015/16,7,0,7
RYW,RYW77,2014/15,658,0,658
RYW,RYW77,2015/16,558,0,558
RYW,RYWK5,2015/16,141,1519,0.09
RYY,RYYAL,2012/13,3788,0,3788
RYY,RYYAL,2013/14,4665,10,466.5
RYY,RYYAL,2014/15,5515,95,58.05
RYY,RYYAL,2015/16,0,124,0
RYY,RYYC3,2012/13,45,719,0.06
RYY,RYYC3,2013/14,841,239,3.52
RYY,RYYC3,2014/15,3873,265,14.62
RYY,RYYC3,2015/16,0,47,0
RYY,RYYC7,2011/12,58,88,0.66
RYY,RYYC7,2012/13,277,0,277
RYY,RYYC7,2013/14,205,0,205
RYY,RYYC7,2014/15,533,0,533
RYY,RYYC7,2015/16,0,151,0
RYY,RYYC7,2016/17,0,260,0
RYY,RYYC8,2011/12,384,138,2.78
RYY,RYYC8,2012/13,448,71,6.31
RYY,RYYC8,2013/14,1273,0,1273
RYY,RYYC8,2014/15,1083,0,1083
RYY,RYYC8,2015/16,0,116,0
RYY,RYYC8,2016/17,0,202,0
RYY,RYYCH,2012/13,383,118,3.25
RYY,RYYCH,2013/14,183,13,14.08
RYY,RYYCH,2014/15,871,6,145.17
RYY,RYYCH,2015/16,0,189,0
RYY,RYYCH,2016/17,0,11,0
RYY,RYYCM,2012/13,0,444,0
RYY,RYYCM,2013/14,175,749,0.23
RYY,RYYCM,2014/15,0,330,0
RYY,RYYCM,2015/16,0,212,0
RYY,RYYCM,2016/17,0,209,0
RYY,RYYD4,2012/13,125,1633,0.08
RYY,RYYD4,2013/14,130,728,0.18
RYY,RYYD4,2014/15,54,603,0.09
RYY,RYYD4,2015/16,0,444,0
RYY,RYYD4,2016/17,0,20,0
RYY,RYYD6,2012/13,145,589,0.25
RYY,RYYD6,2013/14,613,512,1.2
RYY,RYYD6,2014/15,359,44,8.16
RYY,RYYD6,2015/16,0,73,0
RYY,RYYD6,2016/17,0,45,0
RYY,RYYD9,2012/13,1097,913,1.2
RYY,RYYD9,2013/14,68,821,0.08
RYY,RYYD9,2014/15,81,327,0.25
RYY,RYYD9,2015/16,0,709,0
RYY,RYYD9,2016/17,0,200,0
RYY,RYYDC,2012/13,65,675,0.1
RYY,RYYDC,2013/14,79,552,0.14
RYY,RYYDC,2014/15,5,455,0.01
RYY,RYYDC,2015/16,0,446,0
RYY,RYYDC,2016/17,0,166,0
RZ1,RZ128,2014/15,9,1,9
RZ128,RZ128,2015/16,73,0,73
