der_provider_site_code,adm_meth_desc,der_financial_year,spells,costs,unit_cost
R0A00,elective,2021/22,2,3665.334036,1832.667018
R0A00,non_elective,2021/22,5,6009.601000,1201.920200
R0A02,elective,2017/18,4292,18027496.585904,4200.255495
R0A02,elective,2018/19,8694,36646267.435896,4215.121628
R0A02,elective,2019/20,7682,33881650.715092,4410.524696
R0A02,elective,2020/21,4106,19229478.993138,4683.263271
R0A02,elective,2021/22,5653,25619504.594681,4532.019210
R0A02,elective,2022/23,5932,26772384.025774,4513.213760
R0A02,elective,2023/24,4592,21581827.814873,4699.875395
R0A02,non_elective,2017/18,18517,48052821.017276,2595.065130
R0A02,non_elective,2018/19,37029,93405992.225551,2522.509174
R0A02,non_elective,2019/20,36612,95890815.479373,2619.108911
R0A02,non_elective,2020/21,28405,80632962.002766,2838.689033
R0A02,non_elective,2021/22,37542,95234030.000886,2536.732992
R0A02,non_elective,2022/23,26065,83501589.542751,3203.590621
R0A02,non_elective,2023/24,16868,63658976.105877,3773.949259
R0A03,elective,2017/18,3031,12180905.009628,4018.774335
R0A03,elective,2018/19,5593,21847858.260767,3906.286118
R0A03,elective,2019/20,5599,22663382.134423,4047.755337
R0A03,elective,2020/21,3496,16553593.539834,4735.009593
R0A03,elective,2021/22,3785,17431319.250324,4605.368362
R0A03,elective,2022/23,3319,15672724.170452,4722.122377
R0A03,elective,2023/24,2326,12048870.668536,5180.081972
R0A03,non_elective,2015/16,2,555635.281650,277817.640825
R0A03,non_elective,2016/17,2,203516.109853,101758.054926
R0A03,non_elective,2017/18,7854,18035477.252429,2296.342914
R0A03,non_elective,2018/19,15277,35414958.656580,2318.188038
R0A03,non_elective,2019/20,13358,33423740.544418,2502.151560
R0A03,non_elective,2020/21,9991,26278665.819987,2630.233792
R0A03,non_elective,2021/22,8965,29322030.493963,3270.722866
R0A03,non_elective,2022/23,8934,29191187.475146,3267.426401
R0A03,non_elective,2023/24,5936,18546453.872068,3124.402606
R0A04,elective,2017/18,538,936793.744307,1741.252312
R0A04,elective,2018/19,1197,2043132.201938,1706.877361
R0A04,elective,2019/20,1119,1990820.015281,1779.106358
R0A04,elective,2020/21,534,976376.665867,1828.420722
R0A04,elective,2021/22,685,1313358.363445,1917.311479
R0A04,elective,2022/23,924,1699044.982072,1838.793270
R0A04,elective,2023/24,858,1477367.659419,1721.873728
R0A04,non_elective,2017/18,613,1229341.486788,2005.451038
R0A04,non_elective,2018/19,1209,2496386.050135,2064.835442
R0A04,non_elective,2019/20,1166,2416613.592667,2072.567403
R0A04,non_elective,2020/21,562,1186796.918891,2111.738289
R0A04,non_elective,2021/22,893,1779907.518449,1993.177512
R0A04,non_elective,2022/23,716,1633248.107786,2281.072776
R0A04,non_elective,2023/24,524,1216079.562010,2320.762522
R0A05,elective,2017/18,785,2566119.505715,3268.942045
R0A05,elective,2018/19,1625,5240373.127601,3224.845001
R0A05,elective,2019/20,1651,5664086.421507,3430.700437
R0A05,elective,2020/21,978,4048540.121266,4139.611575
R0A05,elective,2021/22,1421,6508436.438509,4580.180463
R0A05,elective,2022/23,1733,7618457.757307,4396.109496
R0A05,elective,2023/24,1942,8903237.990994,4584.571571
R0A05,non_elective,2017/18,642,951812.562873,1482.574085
R0A05,non_elective,2018/19,1387,2189486.805637,1578.577365
R0A05,non_elective,2019/20,1198,2119923.019385,1769.551769
R0A05,non_elective,2020/21,496,876236.541848,1766.605931
R0A05,non_elective,2021/22,102,307608.241550,3015.767074
R0A05,non_elective,2022/23,504,2022706.540126,4013.306627
R0A05,non_elective,2023/24,443,1071738.833089,2419.275018
R0A06,elective,2017/18,14,55036.448532,3931.174895
R0A06,elective,2018/19,26,55279.968016,2126.152616
R0A06,elective,2019/20,30,24838.475245,827.949174
R0A06,elective,2020/21,134,165384.219520,1234.210593
R0A06,elective,2021/22,38,118729.857948,3124.469946
R0A06,elective,2022/23,33,227151.421172,6883.376399
R0A06,elective,2023/24,4,3297.441940,824.360485
R0A06,non_elective,2022/23,1,613.501876,613.501876
R0A06,non_elective,2023/24,3,3713.410844,1237.803614
R0A07,elective,2017/18,6673,27176115.176895,4072.548355
R0A07,elective,2018/19,12170,53560662.902719,4401.040501
R0A07,elective,2019/20,11015,49409308.918046,4485.638576
R0A07,elective,2020/21,6181,29608789.537984,4790.291140
R0A07,elective,2021/22,8573,40368778.414907,4708.827530
R0A07,elective,2022/23,8998,41424962.393940,4603.796665
R0A07,elective,2023/24,6462,33915517.899935,5248.455261
R0A07,non_elective,2017/18,22791,58048013.114917,2546.970870
R0A07,non_elective,2018/19,45201,107445608.400807,2377.062640
R0A07,non_elective,2019/20,45692,111986973.544352,2450.909864
R0A07,non_elective,2020/21,33501,85382310.532272,2548.649608
R0A07,non_elective,2021/22,41326,100756859.789375,2438.098528
R0A07,non_elective,2022/23,33754,96241154.074342,2851.251824
R0A07,non_elective,2023/24,20632,68606537.340266,3325.248998
R0A08,elective,2017/18,7,4449.080070,635.582867
R0A08,elective,2018/19,9,5256.895862,584.099540
R0A08,elective,2019/20,7,5215.288520,745.041217
R0A08,elective,2020/21,14,21300.116240,1521.436874
R0A08,elective,2021/22,7,13904.293642,1986.327663
R0A08,elective,2022/23,37,153101.640224,4137.882168
R0A08,elective,2023/24,47,124752.000724,2654.297887
R0A08,non_elective,2022/23,3,2108.063516,702.687838
R0A08,non_elective,2023/24,5,8545.130048,1709.026009
R0A09,elective,2017/18,1175,4230028.106587,3600.023920
R0A09,elective,2018/19,1847,6946559.950851,3760.996183
R0A09,elective,2019/20,1549,5999432.190730,3873.100187
R0A09,elective,2020/21,493,1097556.068536,2226.280057
R0A09,elective,2021/22,1941,7819684.428664,4028.688525
R0A09,elective,2022/23,969,4114175.760563,4245.795418
R0A09,elective,2023/24,146,616664.765586,4223.731271
R0A09,non_elective,2016/17,1,55130.511852,55130.511852
R0A09,non_elective,2017/18,1775,3570073.039102,2011.308754
R0A09,non_elective,2018/19,3361,5810938.787391,1728.931504
R0A09,non_elective,2019/20,2771,4618514.645348,1666.732098
R0A09,non_elective,2020/21,797,1022984.351128,1283.543727
R0A09,non_elective,2021/22,201,362068.531344,1801.335976
R0A09,non_elective,2022/23,432,913479.471099,2114.535812
R0A09,non_elective,2023/24,441,181997.609938,412.692993
R0A10,elective,2022/23,58,56918.760080,981.357932
R0A10,elective,2023/24,24,24004.959264,1000.206636
R0A10,non_elective,2022/23,1,1722.403904,1722.403904
R0A66,elective,2020/21,6,23976.740268,3996.123378
R0A66,elective,2021/22,1977,6123976.374231,3097.610710
R0A66,elective,2022/23,2384,7853490.597754,3294.249411
R0A66,elective,2023/24,1913,6551998.395287,3424.986092
R0A66,non_elective,2020/21,246,575701.830609,2340.251343
R0A66,non_elective,2021/22,25971,54954805.886752,2116.006541
R0A66,non_elective,2022/23,21735,56645609.490097,2606.193213
R0A66,non_elective,2023/24,14779,43185207.239925,2922.065582
R0A69,elective,2021/22,9,5478.090985,608.676776
R0A69,elective,2022/23,2,10039.691688,5019.845844
R0A69,elective,2023/24,2,3661.153444,1830.576722
R0A71,elective,2022/23,34,259274.044952,7625.707204
R0A71,elective,2023/24,76,50915.429968,669.939868
R0A73,elective,2022/23,96,117625.136512,1225.261838
R0A73,elective,2023/24,41,27505.159916,670.857558
R0A75,elective,2022/23,62,96009.385576,1548.538477
R0A75,elective,2023/24,67,65266.357156,974.124733
R0A90,elective,2020/21,13,53168.769056,4089.905312
R0B01,elective,2018/19,57,437134.268641,7669.022256
R0B01,elective,2019/20,9028,31290825.274667,3465.975329
R0B01,elective,2020/21,5762,20425661.623363,3544.890944
R0B01,elective,2021/22,7263,28199193.491481,3882.582058
R0B01,elective,2022/23,7440,28700954.945081,3857.655234
R0B01,elective,2023/24,6688,21653788.456345,3237.707604
R0B01,non_elective,2018/19,582,1482796.560900,2547.760413
R0B01,non_elective,2019/20,42057,93253788.723851,2217.319084
R0B01,non_elective,2020/21,35210,83679779.411692,2376.591292
R0B01,non_elective,2021/22,39969,99759900.454564,2495.931858
R0B01,non_elective,2022/23,44191,108965824.305327,2465.792227
R0B01,non_elective,2023/24,26733,61343028.717848,2294.655621
R0B0Q,elective,2018/19,8,48095.989216,6011.998652
R0B0Q,elective,2019/20,1068,3689086.490558,3454.200833
R0B0Q,elective,2020/21,622,2374013.847758,3816.742520
R0B0Q,elective,2021/22,795,3377270.969957,4248.139584
R0B0Q,elective,2022/23,748,3689575.636173,4932.587748
R0B0Q,elective,2023/24,506,2457971.827696,4857.651833
R0B0Q,non_elective,2018/19,215,146216.069120,680.074740
R0B0Q,non_elective,2019/20,12984,34615648.052965,2666.023417
R0B0Q,non_elective,2020/21,11118,32635145.219021,2935.343156
R0B0Q,non_elective,2021/22,12471,38925659.296577,3121.294146
R0B0Q,non_elective,2022/23,14643,44045873.459755,3007.981524
R0B0Q,non_elective,2023/24,11227,29478114.948827,2625.644869
R0B0U,elective,2021/22,12,73973.733680,6164.477806
R0B0U,elective,2022/23,239,1097627.423806,4592.583363
R0B0U,non_elective,2019/20,3,1699.638864,566.546288
R0B0U,non_elective,2020/21,1,173.139824,173.139824
R0B0U,non_elective,2022/23,7,37899.180528,5414.168646
R0B0X,elective,2018/19,1,1046.010416,1046.010416
R0B0X,elective,2019/20,1214,1942862.410368,1600.380898
R0B0X,elective,2020/21,805,1354072.982363,1682.078238
R0B0X,elective,2021/22,993,1623295.471072,1634.738641
R0B0X,elective,2022/23,989,1629670.909680,1647.796673
R0B0X,elective,2023/24,466,756938.624640,1624.331812
R0B0X,non_elective,2018/19,1,2089.971840,2089.971840
R0B0X,non_elective,2019/20,425,686564.969904,1615.446988
R0B0X,non_elective,2020/21,310,543899.803920,1754.515496
R0B0X,non_elective,2021/22,354,566658.982560,1600.731589
R0B0X,non_elective,2022/23,304,528299.803328,1737.828300
R0B0X,non_elective,2023/24,192,348099.152896,1813.016421
R0D01,elective,2020/21,28,174006.619496,6214.522124
R0D01,elective,2021/22,2531,10406274.678413,4111.526937
R0D01,elective,2022/23,5511,11588814.031716,2102.851393
R0D01,elective,2023/24,4038,8087576.636530,2002.866923
R0D01,non_elective,2020/21,285,927533.639758,3254.503999
R0D01,non_elective,2021/22,34338,75977255.220569,2212.629018
R0D01,non_elective,2022/23,35456,77699578.312486,2191.436662
R0D01,non_elective,2023/24,25249,56460962.002895,2236.166264
R0D02,elective,2020/21,47,405983.539322,8637.947645
R0D02,elective,2021/22,7153,26487841.682241,3703.039519
R0D02,elective,2022/23,6870,27329630.668221,3978.112178
R0D02,elective,2023/24,4544,16788249.765540,3694.597219
R0D02,non_elective,2020/21,347,460372.964513,1326.723240
R0D02,non_elective,2021/22,38600,82483075.741672,2136.867247
R0D02,non_elective,2022/23,33700,84722889.080513,2514.032316
R0D02,non_elective,2023/24,25241,62814329.452700,2488.583235
R0D03,elective,2021/22,31,46259.246126,1492.233746
R0D03,elective,2022/23,33,33368.487792,1011.166296
R0D03,elective,2023/24,29,40786.488704,1406.430644
R0D03,non_elective,2023/24,1,627.901652,627.901652
R0D0M,elective,2021/22,5,3639.388901,727.877780
R0D0M,elective,2022/23,1,4450.195592,4450.195592
R0D0M,non_elective,2021/22,201,130588.054679,649.691814
R0D0M,non_elective,2022/23,273,245494.557646,899.247463
R0D0M,non_elective,2023/24,151,114441.949617,757.893706
R0D11,elective,2020/21,1,3368.973980,3368.973980
R0D11,elective,2021/22,40,84674.675976,2116.866899
R0D11,elective,2022/23,29,45537.472134,1570.257659
R0D11,elective,2023/24,18,53473.220722,2970.734484
R0D11,non_elective,2020/21,12,88525.788724,7377.149060
R0D11,non_elective,2021/22,308,1011195.005545,3283.100667
R0D11,non_elective,2022/23,329,221472.135618,673.167585
R0D11,non_elective,2023/24,225,137132.750782,609.478892
R0F4N,elective,2022/23,333,1262465.000000,3791.186186
R0F4N,elective,2023/24,387,1448734.000000,3743.498708
R0W4A,elective,2022/23,121,117229.980151,968.842811
R0W4A,elective,2023/24,80,80837.637527,1010.470469
R1A1P,elective,2013/14,2,24729.325651,12364.662825
R1A1P,elective,2014/15,3,27074.678484,9024.892828
R1A1P,elective,2019/20,1,14527.216512,14527.216512
R1A1P,elective,2020/21,2,5480.975808,2740.487904
R1A1P,elective,2022/23,1,1283.330304,1283.330304
R1A1P,non_elective,2012/13,2,40609.944944,20304.972472
R1A1P,non_elective,2013/14,6,21969.416418,3661.569403
R1A1P,non_elective,2014/15,5,19534.933959,3906.986791
R1A1P,non_elective,2015/16,1,9791.067456,9791.067456
R1A1P,non_elective,2016/17,29,196757.024832,6784.724994
R1A1P,non_elective,2017/18,23,165731.173632,7205.703201
R1A1P,non_elective,2018/19,30,271049.882688,9034.996089
R1A1P,non_elective,2019/20,38,272987.257536,7183.875198
R1A1P,non_elective,2020/21,8,44092.299456,5511.537432
R1A1P,non_elective,2022/23,70,808097.824512,11544.254635
R1A1P,non_elective,2023/24,4,19853.449920,4963.362480
R1AAN,elective,2022/23,1,568.420416,568.420416
R1AAN,non_elective,2016/17,4,2709.023616,677.255904
R1AAN,non_elective,2018/19,11,33020.996544,3001.908776
R1AAN,non_elective,2019/20,12,53600.704128,4466.725344
R1AAN,non_elective,2020/21,9,27738.091008,3082.010112
R1AAN,non_elective,2021/22,10,42331.330944,4233.133094
R1AAN,non_elective,2022/23,13,37115.480448,2855.036957
R1AAN,non_elective,2023/24,15,67417.137216,4494.475814
R1ACG,elective,2019/20,1,3279.507264,3279.507264
R1ACG,non_elective,2012/13,19,9961.790292,524.304752
R1ACG,non_elective,2013/14,223,520401.976439,2333.641149
R1ACG,non_elective,2014/15,120,249253.071891,2077.108932
R1ACG,non_elective,2015/16,7,24258.450240,3465.492891
R1ACG,non_elective,2016/17,105,270483.525504,2576.033576
R1ACG,non_elective,2017/18,234,1309977.976896,5598.196482
R1ACG,non_elective,2018/19,210,904180.475520,4305.621312
R1ACG,non_elective,2019/20,209,733915.349568,3511.556696
R1ACG,non_elective,2020/21,193,567448.633728,2940.148361
R1ACG,non_elective,2021/22,147,286032.041856,1945.796203
R1ACG,non_elective,2022/23,255,1316670.069888,5163.412038
R1ACG,non_elective,2023/24,113,435423.449664,3853.304864
R1ACQ,elective,2019/20,1,1361.733120,1361.733120
R1ACQ,elective,2022/23,1,2592.451008,2592.451008
R1ACQ,elective,2023/24,1,1769.221440,1769.221440
R1ACQ,non_elective,2018/19,2,8784.210240,4392.105120
R1ACQ,non_elective,2019/20,25,115024.152384,4600.966095
R1ACQ,non_elective,2020/21,26,125257.783104,4817.607042
R1ACQ,non_elective,2021/22,11,46636.264512,4239.660410
R1ACQ,non_elective,2022/23,26,133580.860992,5137.725422
R1ACQ,non_elective,2023/24,15,73622.307456,4908.153830
R1ACW,elective,2019/20,1,2766.794112,2766.794112
R1ACW,non_elective,2016/17,12,134984.890368,11248.740864
R1ACW,non_elective,2017/18,228,1848053.408256,8105.497404
R1ACW,non_elective,2018/19,270,1702332.490176,6304.935148
R1ACW,non_elective,2019/20,307,1727570.975616,5627.267021
R1ACW,non_elective,2020/21,244,969949.090368,3975.201190
R1ACW,non_elective,2021/22,158,940498.516800,5952.522258
R1ACW,non_elective,2022/23,148,935114.512896,6318.341303
R1ACW,non_elective,2023/24,63,412306.998336,6544.555529
R1ADC,elective,2019/20,1,9926.209152,9926.209152
R1ADC,non_elective,2016/17,6,32940.530496,5490.088416
R1ADC,non_elective,2017/18,262,1804102.440192,6885.887176
R1ADC,non_elective,2018/19,192,1498477.947264,7804.572642
R1ADC,non_elective,2019/20,192,1735614.485568,9039.658779
R1ADC,non_elective,2020/21,167,984192.612480,5893.368937
R1ADC,non_elective,2021/22,62,444295.347264,7166.053988
R1ADC,non_elective,2022/23,59,559101.828672,9476.302180
R1ADC,non_elective,2023/24,63,494845.562880,7854.691474
R1AHM,elective,2022/23,3,7629.831936,2543.277312
R1AHM,non_elective,2016/17,5,55220.341248,11044.068249
R1AHM,non_elective,2017/18,14,90452.090880,6460.863634
R1AHM,non_elective,2018/19,30,166740.094080,5558.003136
R1AHM,non_elective,2019/20,48,353823.655680,7371.326160
R1AHM,non_elective,2020/21,36,173044.299456,4806.786096
R1AHM,non_elective,2021/22,37,191042.903808,5163.321724
R1AHM,non_elective,2022/23,70,646645.794048,9237.797057
R1AHM,non_elective,2023/24,14,141501.608640,10107.257760
R1AMA,non_elective,2023/24,7,511.681536,73.097362
R1C03,elective,2012/13,1,1231.962120,1231.962120
R1C03,elective,2013/14,16,56972.787225,3560.799201
R1C03,elective,2014/15,19,144641.012940,7612.684891
R1C03,non_elective,2015/16,1,7134.583125,7134.583125
R1C03,non_elective,2016/17,1,4095.408675,4095.408675
R1C34,elective,2012/13,6,25355.702640,4225.950440
R1C34,elective,2013/14,10,23435.676570,2343.567657
R1C34,elective,2014/15,1,4715.968470,4715.968470
R1C34,elective,2015/16,1,3716.301675,3716.301675
R1C34,non_elective,2012/13,8,57206.510535,7150.813816
R1C34,non_elective,2013/14,97,339533.347365,3500.343787
R1C34,non_elective,2014/15,126,488059.959135,3873.491739
R1C34,non_elective,2015/16,52,297518.961300,5721.518486
R1C34,non_elective,2016/17,34,296761.800375,8728.288246
R1C34,non_elective,2017/18,20,125588.671425,6279.433571
R1C34,non_elective,2018/19,29,106411.122600,3669.349055
R1C34,non_elective,2019/20,21,73145.536425,3483.120782
R1C34,non_elective,2020/21,6,32714.827950,5452.471325
R1C34,non_elective,2021/22,14,56310.026400,4022.144742
R1C34,non_elective,2022/23,22,163067.610675,7412.164121
R1C34,non_elective,2023/24,5,5724.515700,1144.903140
R1C40,elective,2013/14,7,4327.157730,618.165390
R1C40,elective,2014/15,2,1231.962120,615.981060
R1C40,elective,2015/16,1,902.485275,902.485275
R1CD4,elective,2015/16,1,3450.926775,3450.926775
R1CD4,non_elective,2015/16,4,27545.282775,6886.320693
R1CD4,non_elective,2019/20,1,639.216525,639.216525
R1CD4,non_elective,2020/21,1,868.786875,868.786875
R1CD4,non_elective,2021/22,1,898.272975,898.272975
R1CD4,non_elective,2022/23,1,2796.967200,2796.967200
R1CF5,elective,2012/13,11,129996.031290,11817.821026
R1CF5,elective,2013/14,191,1087363.842660,5693.004411
R1CF5,elective,2014/15,230,1394745.872580,6064.112489
R1CF5,elective,2015/16,26,129964.198050,4998.623001
R1CF5,non_elective,2012/13,6,59405.038680,9900.839780
R1CF5,non_elective,2013/14,50,238562.693115,4771.253862
R1CF5,non_elective,2014/15,11,36094.961085,3281.360098
R1CF5,non_elective,2015/16,26,295657.124700,11371.427873
R1CF5,non_elective,2016/17,12,97320.979200,8110.081600
R1CF5,non_elective,2017/18,1,32033.488425,32033.488425
R1CF5,non_elective,2019/20,3,9983.151000,3327.717000
R1CF5,non_elective,2020/21,2,12151.432425,6075.716212
R1CJ7,elective,2014/15,9,36000.751800,4000.083533
R1CJ7,elective,2015/16,1,2715.880425,2715.880425
R1D00,elective,2015/16,1,874.846552,874.846552
R1D00,elective,2016/17,1,1066.985748,1066.985748
R1D00,non_elective,2017/18,1,451.731514,451.731514
R1D03,elective,2013/14,2,1199.755704,599.877852
R1D03,elective,2014/15,1,576.130536,576.130536
R1D03,elective,2018/19,1,874.846552,874.846552
R1D03,elective,2019/20,2,1830.432447,915.216223
R1D03,elective,2021/22,1,2447.730715,2447.730715
R1D03,elective,2023/24,2,1643.403336,821.701668
R1D16,elective,2017/18,1,2144.191666,2144.191666
R1D21,non_elective,2020/21,7,20692.778199,2956.111171
R1D21,non_elective,2023/24,1,2073.672493,2073.672493
R1D22,elective,2019/20,4,14856.039112,3714.009778
R1D22,elective,2021/22,1,1236.640570,1236.640570
R1D22,elective,2022/23,1,600.945996,600.945996
R1D22,non_elective,2020/21,14,52130.021119,3723.572937
R1D22,non_elective,2022/23,3,12381.735955,4127.245318
R1D22,non_elective,2023/24,5,14154.935450,2830.987090
R1D25,non_elective,2020/21,3,6429.508947,2143.169649
R1D34,elective,2019/20,6,17930.266248,2988.377708
R1D34,non_elective,2012/13,2,3709.743756,1854.871878
R1D34,non_elective,2013/14,32,165286.481820,5165.202556
R1D34,non_elective,2014/15,53,182485.485408,3443.122366
R1D34,non_elective,2015/16,27,160467.911187,5943.255969
R1D34,non_elective,2016/17,33,160666.182485,4868.672196
R1D34,non_elective,2017/18,54,247607.124641,4585.317122
R1D34,non_elective,2018/19,6,22692.865468,3782.144244
R1D34,non_elective,2020/21,13,48935.195977,3764.245844
R1DAC,elective,2016/17,1,874.846552,874.846552
R1DAC,elective,2019/20,1,1035.303221,1035.303221
R1DAC,elective,2021/22,1,541.669010,541.669010
R1DAC,elective,2022/23,1,874.846552,874.846552
R1E00,elective,2012/13,155,419301.160950,2705.168780
R1E00,elective,2013/14,533,1950642.526350,3659.742075
R1E00,elective,2014/15,479,2162416.286625,4514.439011
R1E00,elective,2015/16,479,2427958.336125,5068.806547
R1E00,elective,2016/17,264,1341263.074200,5080.541947
R1E00,non_elective,2012/13,5,8161.230525,1632.246105
R1E00,non_elective,2013/14,67,120734.164950,1802.002461
R1E00,non_elective,2014/15,34,99378.445950,2922.895469
R1E00,non_elective,2015/16,68,366630.605250,5391.626547
R1E00,non_elective,2016/17,16,97519.630950,6094.976934
R1E56,elective,2016/17,98,256552.613625,2617.883812
R1E56,elective,2017/18,294,953255.063775,3242.364162
R1E56,elective,2018/19,294,1611202.253850,5480.279775
R1E56,non_elective,2016/17,7,30576.474075,4368.067725
R1E56,non_elective,2017/18,10,47069.326500,4706.932650
R1E56,non_elective,2018/19,48,309124.032525,6440.084010
R1E75,elective,2012/13,94,155895.716025,1658.465064
R1E75,elective,2013/14,371,1473438.245475,3971.531658
R1E75,elective,2014/15,210,908489.635200,4326.141120
R1E75,elective,2015/16,174,866618.794650,4980.567785
R1E75,non_elective,2015/16,2,9222.820425,4611.410212
R1EE3,elective,2012/13,40,57161.659275,1429.041481
R1EE3,elective,2013/14,352,1392002.527650,3954.552635
R1EE3,elective,2014/15,488,1881199.263300,3854.916523
R1EE3,elective,2015/16,374,3004167.234600,8032.532712
R1EE3,elective,2016/17,374,2836899.701475,7585.293319
R1EE3,elective,2017/18,21,69912.097500,3329.147500
R1EE4,elective,2012/13,76,162152.693850,2133.588076
R1EE4,elective,2013/14,441,1393555.670850,3159.990183
R1EE4,elective,2014/15,530,2676249.549750,5049.527452
R1EE4,elective,2015/16,308,2445602.621175,7940.268250
R1EE5,elective,2012/13,299,335081.351325,1120.673415
R1EE5,elective,2013/14,806,2262844.963050,2807.499954
R1EE5,elective,2014/15,834,2920231.410600,3501.476511
R1EE5,elective,2015/16,794,3566646.718950,4491.998386
R1EE5,non_elective,2013/14,4,11381.111175,2845.277793
R1EE5,non_elective,2014/15,49,246634.802925,5033.363325
R1EE5,non_elective,2015/16,18,59718.562575,3317.697920
R1F00,elective,2013/14,53,72021.624106,1358.898568
R1F00,non_elective,2012/13,176,16774.074007,95.307238
R1F00,non_elective,2013/14,128,35525.216327,277.540752
R1F00,non_elective,2015/16,1,877.876525,877.876525
R1F00,non_elective,2017/18,1,6059.289775,6059.289775
R1F01,elective,2012/13,77,28128.815626,365.309293
R1F01,elective,2013/14,2878,7666357.239247,2663.779443
R1F01,elective,2014/15,2447,6920643.403062,2828.215530
R1F01,elective,2015/16,2417,8699985.949434,3599.497703
R1F01,elective,2016/17,2120,7783903.328508,3671.652513
R1F01,elective,2017/18,1743,6523492.281475,3742.680597
R1F01,elective,2018/19,1596,6177998.303100,3870.926255
R1F01,elective,2019/20,1549,6729849.565453,4344.641423
R1F01,elective,2020/21,943,3170454.738928,3362.094102
R1F01,elective,2021/22,1551,6819950.877375,4397.131448
R1F01,elective,2022/23,1384,5210702.031525,3764.958115
R1F01,elective,2023/24,997,4606880.366475,4620.742594
R1F01,non_elective,2012/13,914,153601.706074,168.054383
R1F01,non_elective,2013/14,11710,19965376.535009,1704.985186
R1F01,non_elective,2014/15,11621,24360302.075848,2096.231139
R1F01,non_elective,2015/16,11841,33598980.709421,2837.512094
R1F01,non_elective,2016/17,12073,34443819.582882,2852.962775
R1F01,non_elective,2017/18,12452,30609864.427571,2458.228752
R1F01,non_elective,2018/19,13230,34346944.426486,2596.140924
R1F01,non_elective,2019/20,14373,37100653.355754,2581.274149
R1F01,non_elective,2020/21,13944,35515451.019564,2547.005953
R1F01,non_elective,2021/22,15982,40482485.892163,2533.004998
R1F01,non_elective,2022/23,16365,44731182.007899,2733.344455
R1F01,non_elective,2023/24,11679,27970640.898674,2394.951699
R1G01,elective,2012/13,1,5086.260194,5086.260194
R1G01,elective,2013/14,19,17523.273836,922.277570
R1G01,elective,2014/15,23,28846.751492,1254.206586
R1G01,non_elective,2013/14,2,6084.498176,3042.249088
R1G02,elective,2013/14,27,36033.660408,1334.580015
R1G02,elective,2014/15,13,21365.529250,1643.502250
R1G02,non_elective,2012/13,2,7089.815860,3544.907930
R1G02,non_elective,2013/14,46,97960.825188,2129.583156
R1G02,non_elective,2014/15,6,11666.337510,1944.389585
R1G09,elective,2012/13,5,8743.431970,1748.686394
R1G09,elective,2013/14,27,79163.204992,2931.970555
R1G09,elective,2014/15,11,57924.098992,5265.827181
R1G09,non_elective,2012/13,2,11743.202846,5871.601423
R1G09,non_elective,2013/14,25,91640.674074,3665.626962
R1G09,non_elective,2014/15,11,32702.154924,2972.923174
R1G10,elective,2012/13,4,10501.220838,2625.305209
R1G10,elective,2013/14,34,36206.607414,1064.900218
R1G10,elective,2014/15,48,87978.445368,1832.884278
R1G10,non_elective,2012/13,5,11708.815722,2341.763144
R1G10,non_elective,2013/14,58,164046.809200,2828.393262
R1G10,non_elective,2014/15,44,108255.723282,2460.357347
R1G11,elective,2012/13,8,3146.421846,393.302730
R1G11,elective,2013/14,52,75208.685732,1446.320879
R1G11,elective,2014/15,34,73202.095908,2153.002820
R1G11,non_elective,2012/13,8,3672.342566,459.042820
R1G11,non_elective,2013/14,120,310881.851452,2590.682095
R1G11,non_elective,2014/15,77,203537.386956,2643.342687
R1G12,elective,2013/14,26,39280.209468,1510.777287
R1G12,elective,2014/15,37,74413.736336,2011.182063
R1G12,non_elective,2012/13,10,19148.571138,1914.857113
R1G12,non_elective,2013/14,164,419636.188032,2558.757244
R1G12,non_elective,2014/15,163,394317.150908,2419.123625
R1G13,elective,2012/13,1,3344.653502,3344.653502
R1G13,elective,2013/14,47,118454.539706,2520.309355
R1G13,elective,2014/15,53,156468.493902,2952.235734
R1G13,non_elective,2012/13,7,2832.892186,404.698883
R1G13,non_elective,2013/14,76,213948.594440,2815.113084
R1G13,non_elective,2014/15,55,151706.888614,2758.307065
R1G14,elective,2013/14,30,72220.040102,2407.334670
R1G14,elective,2014/15,145,427048.636026,2945.163007
R1G14,non_elective,2012/13,7,8609.929018,1229.989859
R1G14,non_elective,2013/14,27,80669.158746,2987.746620
R1G14,non_elective,2014/15,36,97146.659458,2698.518318
R1G54,elective,2013/14,2,6504.223366,3252.111683
R1G54,elective,2014/15,5,18014.807432,3602.961486
R1G54,non_elective,2012/13,1,4212.422690,4212.422690
R1G54,non_elective,2013/14,25,62810.104758,2512.404190
R1G54,non_elective,2014/15,11,30224.259224,2747.659929
R1G55,elective,2013/14,14,17998.625256,1285.616089
R1G55,elective,2014/15,4,9794.262024,2448.565506
R1G55,elective,2015/16,1,3339.596572,3339.596572
R1G55,non_elective,2012/13,9,18216.073246,2024.008138
R1G55,non_elective,2013/14,58,155595.667784,2682.683927
R1G55,non_elective,2014/15,46,128211.380448,2787.203922
R1G55,non_elective,2015/16,4,8830.411166,2207.602791
R1G56,elective,2013/14,18,39106.251076,2172.569504
R1G56,elective,2014/15,14,43852.685574,3132.334683
R1G56,elective,2015/16,1,3569.181194,3569.181194
R1G56,non_elective,2012/13,9,25819.673194,2868.852577
R1G56,non_elective,2013/14,53,164237.961154,3098.829455
R1G56,non_elective,2014/15,46,197287.021476,4288.848292
R1G56,non_elective,2015/16,8,37287.779048,4660.972381
R1H00,elective,2012/13,3,24901.299176,8300.433058
R1H00,elective,2013/14,598,2042364.971594,3415.326039
R1H00,elective,2014/15,494,1314766.824276,2661.471304
R1H00,elective,2021/22,1,2964.314521,2964.314521
R1H00,non_elective,2012/13,6,17464.348800,2910.724800
R1H00,non_elective,2013/14,3355,6010915.954041,1791.629196
R1H00,non_elective,2014/15,4419,6719040.042625,1520.488808
R1H00,non_elective,2015/16,20,21168.500661,1058.425033
R1H00,non_elective,2016/17,5,26662.472627,5332.494525
R1H00,non_elective,2017/18,5,4591.941690,918.388338
R1H00,non_elective,2019/20,2,1749.144201,874.572100
R1H00,non_elective,2020/21,1,2123.042761,2123.042761
R1H00,non_elective,2021/22,4,22559.029406,5639.757351
R1H0A,non_elective,2020/21,30,48681.592512,1622.719750
R1H11,elective,2017/18,359,2246051.694991,6256.411406
R1H11,elective,2018/19,834,5755493.888303,6901.071808
R1H11,elective,2019/20,884,6104452.491288,6905.489243
R1H11,elective,2020/21,493,3226393.540473,6544.408804
R1H11,elective,2021/22,929,6688990.462261,7200.205018
R1H11,elective,2022/23,1002,6634937.349561,6621.693961
R1H11,elective,2023/24,644,4352203.810546,6758.080451
R1H11,non_elective,2017/18,11,38213.601265,3473.963751
R1H11,non_elective,2018/19,11,22023.793617,2002.163056
R1H11,non_elective,2019/20,3,18838.645259,6279.548419
R1H11,non_elective,2020/21,3,3911.913684,1303.971228
R1H11,non_elective,2021/22,4,20364.618757,5091.154689
R1H11,non_elective,2022/23,2,1793.544655,896.772327
R1H11,non_elective,2023/24,1,988.494318,988.494318
R1H12,elective,2012/13,1289,6354852.511199,4930.064011
R1H12,elective,2013/14,7406,24786854.570680,3346.861270
R1H12,elective,2014/15,7011,24001343.497424,3423.383753
R1H12,elective,2015/16,7476,31496646.590632,4213.034589
R1H12,elective,2016/17,7645,31294407.967618,4093.447739
R1H12,elective,2017/18,8785,32791915.166093,3732.716581
R1H12,elective,2018/19,8708,36997800.762469,4248.713913
R1H12,elective,2019/20,7526,33314497.982152,4426.587560
R1H12,elective,2020/21,3166,15817051.850593,4995.910249
R1H12,elective,2021/22,6275,32096834.927140,5115.033454
R1H12,elective,2022/23,6300,33879924.502089,5377.765793
R1H12,elective,2023/24,4658,25864468.092959,5552.698173
R1H12,non_elective,2012/13,8945,1858714.730822,207.793709
R1H12,non_elective,2013/14,35194,80001019.544380,2273.143704
R1H12,non_elective,2014/15,34981,85662826.168090,2448.838688
R1H12,non_elective,2015/16,41172,110175984.881251,2675.993026
R1H12,non_elective,2016/17,43967,112451654.319744,2557.637644
R1H12,non_elective,2017/18,46712,131521819.892248,2815.589567
R1H12,non_elective,2018/19,51741,148462571.437267,2869.340975
R1H12,non_elective,2019/20,53323,156131812.735784,2928.038796
R1H12,non_elective,2020/21,40198,127218766.052249,3164.803374
R1H12,non_elective,2021/22,42057,136745691.955161,3251.437143
R1H12,non_elective,2022/23,36750,148420967.347197,4038.665778
R1H12,non_elective,2023/24,23808,93476350.060097,3926.257983
R1H13,elective,2017/18,12,12246.346273,1020.528856
R1H13,elective,2018/19,16,14382.241797,898.890112
R1H13,elective,2019/20,25,51829.351014,2073.174040
R1H13,elective,2020/21,21,32677.565711,1556.074557
R1H13,elective,2021/22,22,19816.623680,900.755621
R1H13,elective,2022/23,12,10882.784962,906.898746
R1H13,elective,2023/24,6,4889.892105,814.982017
R1H13,non_elective,2017/18,2,2197.822473,1098.911236
R1H13,non_elective,2018/19,3,2778.533674,926.177891
R1H13,non_elective,2019/20,1,1004.852380,1004.852380
R1H13,non_elective,2020/21,2,2177.959112,1088.979556
R1H13,non_elective,2021/22,5,4778.890970,955.778194
R1H13,non_elective,2022/23,5,5012.577570,1002.515514
R1H15,non_elective,2012/13,1,20037.914644,20037.914644
R1H15,non_elective,2013/14,15,85009.221658,5667.281443
R1H15,non_elective,2014/15,19,57920.997916,3048.473574
R1H15,non_elective,2015/16,31,283114.973095,9132.741067
R1H15,non_elective,2016/17,63,501234.388340,7956.101402
R1H15,non_elective,2017/18,2,18740.496887,9370.248443
R1H15,non_elective,2018/19,1,3379.108236,3379.108236
R1H15,non_elective,2021/22,1,8221.819016,8221.819016
R1H41,elective,2023/24,1,3192.158956,3192.158956
R1H41,non_elective,2017/18,1,2619.626786,2619.626786
R1H83,elective,2012/13,30,29906.484518,996.882817
R1H83,elective,2013/14,814,4869026.050376,5981.604484
R1H83,elective,2014/15,787,5013921.370241,6370.929314
R1H83,elective,2015/16,8,86871.673221,10858.959152
R1H83,non_elective,2012/13,246,188471.856404,766.145757
R1H83,non_elective,2013/14,2802,9299975.211162,3319.048969
R1H83,non_elective,2014/15,2788,8824229.564764,3165.075166
R1H83,non_elective,2015/16,69,321411.474674,4658.137314
R1H86,elective,2012/13,53,20031.850634,377.959445
R1H86,elective,2013/14,96,380298.614213,3961.443898
R1H86,elective,2014/15,147,729712.868374,4964.033118
R1H86,elective,2015/16,462,2498235.722763,5407.436629
R1H86,elective,2016/17,124,560470.704881,4519.925039
R1H86,elective,2017/18,28,142990.645570,5106.808770
R1H86,elective,2018/19,31,89463.152456,2885.908143
R1H86,elective,2019/20,52,138070.222311,2655.196582
R1H86,elective,2020/21,480,2475432.502544,5157.151046
R1H86,elective,2021/22,369,1846502.805766,5004.072644
R1H86,elective,2022/23,300,1505409.077200,5018.030257
R1H86,elective,2023/24,231,1606354.946536,6953.917517
R1H86,non_elective,2016/17,2,2072.800142,1036.400071
R1H86,non_elective,2020/21,1,4170.137377,4170.137377
R1H86,non_elective,2021/22,1,553.837242,553.837242
R1H86,non_elective,2022/23,1,425.309612,425.309612
R1H90,non_elective,2013/14,1,1791.308554,1791.308554
R1H90,non_elective,2014/15,1,1814.351792,1814.351792
R1H90,non_elective,2017/18,1,2619.626786,2619.626786
R1H90,non_elective,2020/21,4,13117.997291,3279.499322
R1HED,elective,2021/22,15,12420.442790,828.029519
R1HED,elective,2022/23,29,31769.669901,1095.505858
R1HED,elective,2023/24,11,7018.777031,638.070639
R1HED,non_elective,2020/21,1,1017.705143,1017.705143
R1HED,non_elective,2022/23,4,3937.619210,984.404802
R1HKH,elective,2012/13,658,128718.314666,195.620539
R1HKH,elective,2013/14,3716,10457352.741910,2814.142287
R1HKH,elective,2014/15,3445,11739449.310578,3407.677593
R1HKH,elective,2015/16,4254,15436095.090574,3628.607214
R1HKH,elective,2016/17,3933,15224211.415299,3870.890265
R1HKH,elective,2017/18,3404,12778577.085645,3753.988568
R1HKH,elective,2018/19,3493,14093832.864300,4034.879148
R1HKH,elective,2019/20,3287,11960087.315444,3638.602773
R1HKH,elective,2020/21,1602,4475818.880848,2793.894432
R1HKH,elective,2021/22,3051,9196564.056195,3014.278615
R1HKH,elective,2022/23,3011,9321929.018490,3095.957827
R1HKH,elective,2023/24,1355,3523594.838032,2600.438994
R1HKH,non_elective,2012/13,5819,1038257.961764,178.425496
R1HKH,non_elective,2013/14,32744,57383259.798252,1752.481669
R1HKH,non_elective,2014/15,28542,55317083.654585,1938.094164
R1HKH,non_elective,2015/16,28178,71591172.826080,2540.676159
R1HKH,non_elective,2016/17,27074,73500095.542724,2714.785238
R1HKH,non_elective,2017/18,34477,89153741.442296,2585.890345
R1HKH,non_elective,2018/19,40632,101423743.611185,2496.154351
R1HKH,non_elective,2019/20,38405,95900763.636779,2497.090577
R1HKH,non_elective,2020/21,32052,76389712.258891,2383.305636
R1HKH,non_elective,2021/22,27798,87546795.233623,3149.391871
R1HKH,non_elective,2022/23,22933,90383138.917996,3941.182528
R1HKH,non_elective,2023/24,14932,57983920.856596,3883.198557
R1HM0,elective,2012/13,262,166469.202520,635.378635
R1HM0,elective,2013/14,2994,13186079.380033,4404.168129
R1HM0,elective,2014/15,2989,12904251.961165,4317.247226
R1HM0,elective,2015/16,5042,31705051.338364,6288.189476
R1HM0,elective,2016/17,5277,34919482.321557,6617.298146
R1HM0,elective,2017/18,5745,45926148.814942,7994.107713
R1HM0,elective,2018/19,6246,51663561.155767,8271.463521
R1HM0,elective,2019/20,5679,47659275.073036,8392.194941
R1HM0,elective,2020/21,3725,36199871.592049,9718.086333
R1HM0,elective,2021/22,4492,40576047.125935,9032.957953
R1HM0,elective,2022/23,4797,46323469.186949,9656.758221
R1HM0,elective,2023/24,3567,34143702.948769,9572.106237
R1HM0,non_elective,2012/13,762,221851.805850,291.144102
R1HM0,non_elective,2013/14,4180,8311204.422209,1988.326416
R1HM0,non_elective,2014/15,3645,8203075.211142,2250.500743
R1HM0,non_elective,2015/16,6372,27108438.428367,4254.306093
R1HM0,non_elective,2016/17,6747,33209401.254262,4922.098896
R1HM0,non_elective,2017/18,5749,35866407.111729,6238.721014
R1HM0,non_elective,2018/19,5219,36642129.873942,7020.910111
R1HM0,non_elective,2019/20,5537,38442160.851068,6942.777831
R1HM0,non_elective,2020/21,4475,31905047.376286,7129.619525
R1HM0,non_elective,2021/22,5395,37347097.112584,6922.538853
R1HM0,non_elective,2022/23,4703,36961583.171845,7859.150153
R1HM0,non_elective,2023/24,3162,22291287.750898,7049.743121
R1HNH,elective,2012/13,307,102394.447256,333.532401
R1HNH,elective,2013/14,2235,6376117.220864,2852.848868
R1HNH,elective,2014/15,2285,7768660.934213,3399.851612
R1HNH,elective,2015/16,2614,10915291.480800,4175.704468
R1HNH,elective,2016/17,2502,11473081.999014,4585.564348
R1HNH,elective,2017/18,2368,9101302.952234,3843.455638
R1HNH,elective,2018/19,2123,8485189.832089,3996.792195
R1HNH,elective,2019/20,2206,8332660.263087,3777.271198
R1HNH,elective,2020/21,1279,6349333.567438,4964.295205
R1HNH,elective,2021/22,1156,5604222.943646,4847.943722
R1HNH,elective,2022/23,1653,7814372.291320,4727.387956
R1HNH,elective,2023/24,1161,5541519.489125,4773.057268
R1HNH,non_elective,2012/13,3909,454727.399735,116.328319
R1HNH,non_elective,2013/14,23481,36177546.501033,1540.715748
R1HNH,non_elective,2014/15,22437,34319774.280628,1529.606198
R1HNH,non_elective,2015/16,24197,44557390.267327,1841.442751
R1HNH,non_elective,2016/17,24593,46780291.705808,1902.179144
R1HNH,non_elective,2017/18,23458,50837504.298140,2167.171297
R1HNH,non_elective,2018/19,26049,56500582.532314,2169.011575
R1HNH,non_elective,2019/20,25822,55971646.186622,2167.595313
R1HNH,non_elective,2020/21,22212,47316017.418411,2130.200676
R1HNH,non_elective,2021/22,19539,50422318.153244,2580.598707
R1HNH,non_elective,2022/23,13118,49066051.018946,3740.360650
R1HNH,non_elective,2023/24,10141,32906231.717986,3244.870497
R1HV2,elective,2013/14,1,6271.399142,6271.399142
R1HV2,elective,2014/15,66,338355.991574,5126.605932
R1HV2,elective,2015/16,2,3297.317926,1648.658963
R1HV2,elective,2020/21,1,2449.035568,2449.035568
R1HV4,elective,2014/15,212,727232.317724,3430.341121
R1HV4,elective,2015/16,56,249885.755112,4462.245627
R1HV4,elective,2016/17,14,40673.152730,2905.225195
R1HV4,elective,2020/21,33,90701.153957,2748.519816
R1HV7,elective,2014/15,1,847.748598,847.748598
R1J05,elective,2015/16,1,1020.964120,1020.964120
R1J06,elective,2013/14,12,9724.000000,810.333333
R1J06,elective,2014/15,27,33205.396548,1229.829501
R1J06,elective,2015/16,7,3528.021675,504.003096
R1J06,non_elective,2013/14,651,1419196.522623,2180.025380
R1J06,non_elective,2014/15,326,820915.196517,2518.144774
R1J06,non_elective,2015/16,95,476826.104350,5019.222151
R1J06,non_elective,2016/17,10,107057.791360,10705.779136
R1J06,non_elective,2017/18,22,136738.526175,6215.387553
R1J06,non_elective,2018/19,131,896534.117875,6843.771892
R1J07,elective,2014/15,3,16955.269326,5651.756442
R1J07,elective,2015/16,4,18386.846595,4596.711648
R1J07,non_elective,2013/14,146,394672.470594,2703.236099
R1J07,non_elective,2014/15,117,315133.782017,2693.451128
R1J07,non_elective,2015/16,46,228206.575120,4961.012502
R1J07,non_elective,2016/17,3,10980.637865,3660.212621
R1J07,non_elective,2017/18,5,44088.141715,8817.628343
R1J07,non_elective,2018/19,28,161002.244750,5750.080169
R1J08,non_elective,2013/14,60,176159.000000,2935.983333
R1J10,elective,2013/14,1,1600.000000,1600.000000
R1J10,elective,2014/15,4,9481.187808,2370.296952
R1J10,elective,2015/16,1,4759.928795,4759.928795
R1J10,non_elective,2013/14,178,510644.430546,2868.788935
R1J10,non_elective,2014/15,135,439298.153489,3254.060396
R1J10,non_elective,2015/16,70,348220.485540,4974.578364
R1J10,non_elective,2016/17,10,54197.584990,5419.758499
R1J10,non_elective,2017/18,14,117473.101985,8390.935856
R1J10,non_elective,2018/19,88,527488.284660,5994.185052
R1J10,non_elective,2019/20,7,7831.258875,1118.751267
R1J11,elective,2014/15,2,2147.285142,1073.642571
R1J11,elective,2015/16,4,12523.685910,3130.921477
R1J11,non_elective,2013/14,135,374457.766062,2773.761230
R1J11,non_elective,2014/15,119,427517.513026,3592.584143
R1J11,non_elective,2015/16,69,263960.358905,3825.512447
R1J11,non_elective,2016/17,16,52774.774455,3298.423403
R1J11,non_elective,2017/18,6,48479.974975,8079.995829
R1J11,non_elective,2018/19,56,351589.245250,6278.379379
R1J11,non_elective,2019/20,3,3048.126350,1016.042116
R1J13,elective,2013/14,1,2248.000000,2248.000000
R1J13,elective,2015/16,1,3299.148520,3299.148520
R1J13,non_elective,2013/14,272,796119.631596,2926.910410
R1J13,non_elective,2014/15,165,501799.215490,3041.207366
R1J13,non_elective,2015/16,86,407832.977340,4742.243922
R1J13,non_elective,2016/17,21,116443.700145,5544.938102
R1J13,non_elective,2017/18,18,171280.442425,9515.580134
R1J13,non_elective,2018/19,52,426652.257085,8204.851097
R1J13,non_elective,2019/20,5,9873.187115,1974.637423
R1J18,elective,2014/15,7,20506.466910,2929.495272
R1J18,elective,2015/16,13,54939.049635,4226.080741
R1J18,non_elective,2013/14,56,150163.435434,2681.489918
R1J18,non_elective,2014/15,67,228882.581672,3416.157935
R1J18,non_elective,2015/16,43,166918.141185,3881.817236
R1J18,non_elective,2016/17,3,27496.420050,9165.473350
R1J18,non_elective,2017/18,9,57813.148010,6423.683112
R1J18,non_elective,2018/19,36,242156.235710,6726.562103
R1J18,non_elective,2019/20,2,3359.267275,1679.633637
R1J21,elective,2013/14,1,412.000000,412.000000
R1J21,elective,2014/15,1,431.156166,431.156166
R1J21,elective,2015/16,6,27380.401400,4563.400233
R1J21,non_elective,2013/14,216,610327.165018,2825.588726
R1J21,non_elective,2014/15,154,474667.751295,3082.258125
R1J21,non_elective,2015/16,101,403986.431735,3999.865660
R1J21,non_elective,2016/17,15,41978.711715,2798.580781
R1J21,non_elective,2017/18,6,58747.625500,9791.270916
R1J21,non_elective,2018/19,57,311634.531620,5467.272484
R1J21,non_elective,2019/20,4,7297.573085,1824.393271
R1J86,elective,2014/15,7,24159.786191,3451.398027
R1J86,elective,2015/16,26,106784.620175,4107.100775
R1J86,non_elective,2013/14,33,94601.000000,2866.696969
R1J86,non_elective,2014/15,24,59666.278785,2486.094949
R1J86,non_elective,2015/16,20,105617.050670,5280.852533
R1J86,non_elective,2016/17,8,39008.634275,4876.079284
R1J86,non_elective,2017/18,2,10973.254860,5486.627430
R1J86,non_elective,2018/19,3,29442.369225,9814.123075
R1JAM,elective,2014/15,8,5549.808186,693.726023
R1JAM,elective,2015/16,6,3931.977520,655.329586
R1K00,elective,2020/21,74,312822.461502,4227.330560
R1K00,elective,2021/22,98,455614.044336,4649.122901
R1K00,non_elective,2015/16,3,33199.724250,11066.574750
R1K00,non_elective,2016/17,9,10804.426278,1200.491808
R1K00,non_elective,2017/18,271,243847.139817,899.804943
R1K00,non_elective,2018/19,18,30281.597838,1682.310991
R1K00,non_elective,2020/21,23,34438.019350,1497.305189
R1K00,non_elective,2021/22,1,1393.526088,1393.526088
R1K00,non_elective,2023/24,1,1112.981232,1112.981232
R1K01,elective,2014/15,44,324432.810367,7373.472962
R1K01,elective,2015/16,5115,15818364.140532,3092.544308
R1K01,elective,2016/17,5377,16097398.710882,2993.750922
R1K01,elective,2017/18,4322,14484525.913766,3351.347967
R1K01,elective,2018/19,4370,15265061.870819,3493.149169
R1K01,elective,2019/20,4158,15482205.670459,3723.474187
R1K01,elective,2020/21,2302,10786066.893726,4685.519936
R1K01,elective,2021/22,2663,9562299.452409,3590.799644
R1K01,elective,2022/23,4103,14417715.984444,3513.944914
R1K01,elective,2023/24,2485,7963197.073055,3204.505864
R1K01,non_elective,2014/15,298,1682836.717496,5647.103078
R1K01,non_elective,2015/16,39512,103493723.265216,2619.298523
R1K01,non_elective,2016/17,43570,112579649.446230,2583.879950
R1K01,non_elective,2017/18,48023,119748364.723431,2493.562766
R1K01,non_elective,2018/19,58990,128504866.522707,2178.417808
R1K01,non_elective,2019/20,56273,118894114.375184,2112.809240
R1K01,non_elective,2020/21,45281,99319460.272898,2193.402536
R1K01,non_elective,2021/22,55549,119849577.707469,2157.546989
R1K01,non_elective,2022/23,56440,122169628.304976,2164.592989
R1K01,non_elective,2023/24,41210,87810779.287980,2130.812406
R1K02,elective,2014/15,12,72343.780080,6028.648340
R1K02,elective,2015/16,1501,7503420.409927,4998.947641
R1K02,elective,2016/17,1975,9375640.162724,4747.159576
R1K02,elective,2017/18,1845,9663806.180705,5237.835328
R1K02,elective,2018/19,1936,10401901.288961,5372.882897
R1K02,elective,2019/20,1629,9193479.386813,5643.633754
R1K02,elective,2020/21,853,3983116.077241,4669.538191
R1K02,elective,2021/22,2110,11743586.424337,5565.680769
R1K02,elective,2022/23,2077,12261847.687216,5903.633937
R1K02,elective,2023/24,1390,8681360.205148,6245.582881
R1K02,non_elective,2014/15,32,25822.774266,806.961695
R1K02,non_elective,2015/16,1088,1334026.433274,1226.127236
R1K02,non_elective,2016/17,950,1133644.751871,1193.310265
R1K02,non_elective,2017/18,995,1155044.380052,1160.848623
R1K02,non_elective,2018/19,1056,951946.874972,901.464843
R1K02,non_elective,2019/20,1197,1402820.401106,1171.946868
R1K02,non_elective,2020/21,546,935679.182556,1713.698136
R1K02,non_elective,2021/22,782,1609615.073470,2058.331295
R1K02,non_elective,2022/23,511,920702.594360,1801.766329
R1K02,non_elective,2023/24,218,1119923.383448,5137.263226
R1K03,elective,2014/15,20,429870.604476,21493.530223
R1K03,elective,2015/16,983,5469000.567235,5563.581451
R1K03,elective,2016/17,937,5341109.526548,5700.223614
R1K03,elective,2017/18,887,5375513.639061,6060.331047
R1K03,elective,2018/19,936,5164224.431147,5517.333793
R1K03,elective,2019/20,750,4726933.863642,6302.578484
R1K03,elective,2020/21,92,324686.979408,3529.206297
R1K03,elective,2021/22,120,285271.967837,2377.266398
R1K03,elective,2022/23,108,260100.609529,2408.338977
R1K03,elective,2023/24,49,101376.723354,2068.912721
R1K03,non_elective,2014/15,33,46916.528070,1421.712971
R1K03,non_elective,2015/16,1224,2700193.430487,2206.040384
R1K03,non_elective,2016/17,1068,2732011.298856,2558.063013
R1K03,non_elective,2017/18,1299,3642142.710091,2803.805011
R1K03,non_elective,2018/19,1228,2892911.868180,2355.791423
R1K03,non_elective,2019/20,1155,2280621.949611,1974.564458
R1K03,non_elective,2020/21,1900,3702588.594325,1948.730839
R1K03,non_elective,2021/22,2279,4181050.717634,1834.598823
R1K03,non_elective,2022/23,2285,4407544.410451,1928.903461
R1K03,non_elective,2023/24,1451,2769559.594848,1908.724738
R1K04,elective,2014/15,16,211849.308822,13240.581801
R1K04,elective,2015/16,1614,5141527.685428,3185.580969
R1K04,elective,2016/17,1476,4248882.991498,2878.647013
R1K04,elective,2017/18,1306,3879623.942194,2970.615575
R1K04,elective,2018/19,1100,3360360.754757,3054.873413
R1K04,elective,2019/20,936,2996149.661722,3201.014595
R1K04,elective,2020/21,335,1087960.574570,3247.643506
R1K04,elective,2021/22,748,2399267.301138,3207.576605
R1K04,elective,2022/23,1034,2715005.106599,2625.730277
R1K04,elective,2023/24,964,1753881.413925,1819.379060
R1K04,non_elective,2014/15,168,700649.556066,4170.533071
R1K04,non_elective,2015/16,22854,47073239.932165,2059.737460
R1K04,non_elective,2016/17,20918,46436649.586093,2219.937354
R1K04,non_elective,2017/18,19942,47966635.325032,2405.307157
R1K04,non_elective,2018/19,20953,49722868.452204,2373.066790
R1K04,non_elective,2019/20,22425,49128537.624087,2190.793205
R1K04,non_elective,2020/21,22761,40487016.927073,1778.789021
R1K04,non_elective,2021/22,29745,54956310.243962,1847.581450
R1K04,non_elective,2022/23,28298,58848309.882080,2079.592546
R1K04,non_elective,2023/24,17457,36362246.186528,2082.960771
R1K13,elective,2014/15,7,13982.401614,1997.485944
R1K13,elective,2015/16,1050,2385534.193524,2271.937327
R1K13,elective,2016/17,652,1538215.039387,2359.225520
R1K13,elective,2017/18,646,1513748.320072,2343.263653
R1K13,elective,2018/19,602,1369749.371060,2275.331181
R1K13,elective,2019/20,550,1266917.723687,2303.486770
R1K13,elective,2020/21,470,1390538.262289,2958.592047
R1K13,elective,2021/22,953,3867000.458469,4057.712967
R1K13,elective,2022/23,745,3229328.807443,4334.669540
R1K13,elective,2023/24,233,992164.865709,4258.218307
R1K13,non_elective,2017/18,1,579.486096,579.486096
R1K13,non_elective,2019/20,3,2837.642232,945.880744
R1K13,non_elective,2020/21,1,3760.910754,3760.910754
R1K13,non_elective,2021/22,1,573.737226,573.737226
R1L40,non_elective,2019/20,14,1985.474080,141.819577
R1L40,non_elective,2022/23,1,131950.938546,131950.938546
R1L40,non_elective,2023/24,2,615.065340,307.532670
R1L50,non_elective,2020/21,1,2058.850296,2058.850296
R2K8B,non_elective,2023/24,7,8070.540520,1152.934360
R2U7M,elective,2022/23,17,144065.043850,8474.414344
R2U7M,elective,2023/24,1802,11298170.420858,6269.794906
R2U7M,non_elective,2023/24,3,19098.595230,6366.198410
R5A0A,elective,2023/24,11,28454.995800,2586.817800
R8T1Q,elective,2021/22,1,2449.035568,2449.035568
R8T1Q,elective,2022/23,47,448404.531517,9540.521947
R8T1Q,elective,2023/24,752,2694244.786873,3582.772322
R8T1Q,non_elective,2023/24,120,346692.135073,2889.101125
RA201,elective,2012/13,1598,312900.504572,195.807574
RA201,elective,2013/14,7498,22829382.747061,3044.729627
RA201,elective,2014/15,7531,24019492.538764,3189.416085
RA201,elective,2015/16,7212,29516907.976339,4092.749303
RA201,elective,2016/17,7357,31979448.300611,4346.805532
RA201,elective,2017/18,6877,31797554.653962,4623.753766
RA201,elective,2018/19,6679,31793422.630794,4760.207011
RA201,elective,2019/20,6250,31068783.209916,4971.005313
RA201,elective,2020/21,4519,24099039.741127,5332.825789
RA201,elective,2021/22,5453,29275171.913912,5368.635964
RA201,elective,2022/23,4806,27428962.185845,5707.233080
RA201,elective,2023/24,3264,19255690.524028,5899.414988
RA201,non_elective,2012/13,3602,805221.224994,223.548368
RA201,non_elective,2013/14,24614,46907950.666712,1905.742693
RA201,non_elective,2014/15,25776,49651348.827457,1926.262757
RA201,non_elective,2015/16,24919,58004622.426047,2327.726731
RA201,non_elective,2016/17,28931,65498134.329501,2263.942979
RA201,non_elective,2017/18,32087,72246886.745695,2251.593690
RA201,non_elective,2018/19,34532,81095737.139326,2348.422829
RA201,non_elective,2019/20,36568,88381725.250003,2416.914385
RA201,non_elective,2020/21,31047,78545860.233242,2529.901769
RA201,non_elective,2021/22,37651,93603870.158231,2486.092538
RA201,non_elective,2022/23,35722,89358081.300024,2501.485955
RA201,non_elective,2023/24,25923,62937114.933361,2427.848433
RA219,elective,2018/19,55,353699.777743,6430.905049
RA219,elective,2019/20,101,656582.162359,6500.813488
RA219,elective,2020/21,47,283864.928113,6039.679321
RA219,elective,2021/22,120,713298.648374,5944.155403
RA219,non_elective,2018/19,6,38976.943865,6496.157310
RA219,non_elective,2019/20,8,44918.300239,5614.787529
RA219,non_elective,2020/21,2,6589.767225,3294.883612
RA219,non_elective,2021/22,6,30152.772867,5025.462144
RA224,elective,2018/19,5,23599.708143,4719.941628
RA224,elective,2019/20,3,11332.175233,3777.391744
RA224,non_elective,2018/19,7,37964.844595,5423.549227
RA224,non_elective,2019/20,9,65108.012380,7234.223597
RA224,non_elective,2020/21,18,108658.310309,6036.572794
RA224,non_elective,2021/22,2,8728.522056,4364.261028
RA300,elective,2013/14,1,1441.566583,1441.566583
RA300,elective,2014/15,4,4650.078912,1162.519728
RA300,elective,2015/16,4,3733.781832,933.445458
RA300,elective,2016/17,3,16367.248474,5455.749491
RA300,elective,2017/18,2,3971.595658,1985.797829
RA300,elective,2018/19,4,4521.605608,1130.401402
RA300,elective,2019/20,3,4168.551602,1389.517200
RA300,elective,2020/21,4,33230.029722,8307.507430
RA300,elective,2021/22,682,2697503.370834,3955.283534
RA300,non_elective,2013/14,2124,4025464.643796,1895.228175
RA300,non_elective,2014/15,376,677699.446047,1802.392143
RA300,non_elective,2015/16,150,329668.630564,2197.790870
RA300,non_elective,2016/17,71,291179.458082,4101.119127
RA300,non_elective,2017/18,30,93209.400498,3106.980016
RA300,non_elective,2018/19,15,34300.715758,2286.714383
RA300,non_elective,2020/21,189,461658.446908,2442.637285
RA300,non_elective,2021/22,11019,34337362.135240,3116.195855
RA301,elective,2012/13,208,51898.503002,249.512033
RA301,elective,2013/14,1637,6291514.647656,3843.319882
RA301,elective,2014/15,1663,6205981.533336,3731.798877
RA301,elective,2015/16,1467,6442834.364146,4391.843465
RA301,elective,2016/17,1441,6636841.207176,4605.719088
RA301,elective,2017/18,1795,7758467.593288,4322.266068
RA301,elective,2018/19,1387,5970011.239072,4304.261888
RA301,elective,2019/20,1008,4790514.492718,4752.494536
RA301,elective,2020/21,490,1805647.046158,3684.993971
RA301,non_elective,2012/13,2759,622782.036024,225.727450
RA301,non_elective,2013/14,14082,24764114.235647,1758.565135
RA301,non_elective,2014/15,15285,27139967.533952,1775.594866
RA301,non_elective,2015/16,14973,33525505.543520,2239.064018
RA301,non_elective,2016/17,14461,35698360.185058,2468.595545
RA301,non_elective,2017/18,14435,35382790.666698,2451.180510
RA301,non_elective,2018/19,15337,37558340.880810,2448.871414
RA301,non_elective,2019/20,15050,41721158.760036,2772.170017
RA301,non_elective,2020/21,10701,29733737.063460,2778.594249
RA400,elective,2012/13,469,66974.061836,142.801837
RA400,elective,2013/14,3067,9481756.826124,3091.541188
RA400,elective,2014/15,2995,9208065.606184,3074.479334
RA400,elective,2015/16,3150,11024134.436583,3499.725217
RA400,elective,2016/17,3567,12770138.254664,3580.078008
RA400,elective,2017/18,8,37173.932600,4646.741575
RA400,elective,2018/19,1,609.476700,609.476700
RA400,elective,2021/22,1,541.066050,541.066050
RA400,non_elective,2012/13,2211,499330.576380,225.839247
RA400,non_elective,2013/14,16530,28856125.987832,1745.682152
RA400,non_elective,2014/15,17557,30707760.950363,1749.032348
RA400,non_elective,2015/16,18469,38681942.213917,2094.425372
RA400,non_elective,2016/17,20441,42231014.801083,2065.995538
RA400,non_elective,2017/18,215,574048.275500,2669.991979
RA400,non_elective,2018/19,23,14521.715250,631.378923
RA400,non_elective,2019/20,19,12442.446100,654.865584
RA400,non_elective,2020/21,27,17212.534150,637.501264
RA400,non_elective,2021/22,27,20881.832650,773.401209
RA400,non_elective,2022/23,35,25623.934525,732.112415
RA430,elective,2016/17,27,123490.551975,4573.724147
RA430,elective,2017/18,3087,10878805.339382,3524.070404
RA430,elective,2018/19,2808,10886890.472784,3877.097746
RA430,elective,2019/20,2585,9750233.778712,3771.850591
RA430,elective,2020/21,1638,5996339.933483,3660.769190
RA430,elective,2021/22,2152,8180290.230892,3801.250107
RA430,elective,2022/23,1818,7583526.696591,4171.356818
RA430,non_elective,2016/17,259,903606.216625,3488.827091
RA430,non_elective,2017/18,21676,45453354.672220,2096.943839
RA430,non_elective,2018/19,22906,47000186.946497,2051.872301
RA430,non_elective,2019/20,23982,48973146.132971,2042.079315
RA430,non_elective,2020/21,20254,43628731.687082,2154.079771
RA430,non_elective,2021/22,23871,51030089.394788,2137.744099
RA430,non_elective,2022/23,22812,53664524.548016,2352.469075
RA4C1,elective,2017/18,29,34121.366475,1176.598843
RA4C1,elective,2018/19,75,70933.551850,945.780691
RA4C1,elective,2019/20,8,8873.690525,1109.211315
RA4C2,elective,2021/22,2,1556.860550,778.430275
RA4C2,non_elective,2021/22,95,89769.284150,944.939833
RA4C2,non_elective,2022/23,159,150972.975825,949.515571
RA700,elective,2015/16,48,212398.647137,4424.971815
RA700,elective,2022/23,1,3852.607882,3852.607882
RA700,non_elective,2015/16,156,403831.066158,2588.660680
RA700,non_elective,2023/24,1,1007.003651,1007.003651
RA701,elective,2012/13,551,297878.311682,540.613995
RA701,elective,2013/14,6191,26099913.811476,4215.783203
RA701,elective,2014/15,6271,25472553.309364,4061.960342
RA701,elective,2015/16,6045,33430953.795675,5530.348022
RA701,elective,2016/17,5876,33936850.229341,5775.502081
RA701,elective,2017/18,5598,32797395.536045,5858.770192
RA701,elective,2018/19,5893,34810701.422487,5907.127341
RA701,elective,2019/20,5218,31329669.994384,6004.152931
RA701,elective,2020/21,3620,22182947.650800,6127.886091
RA701,elective,2021/22,4160,26664993.499085,6409.854206
RA701,elective,2022/23,4770,29499336.512853,6184.347277
RA701,elective,2023/24,3410,19950330.412284,5850.536777
RA701,non_elective,2012/13,4447,1208250.188019,271.700064
RA701,non_elective,2013/14,27064,53813636.262786,1988.384431
RA701,non_elective,2014/15,28345,56504344.950706,1993.450165
RA701,non_elective,2015/16,28569,73119236.895183,2559.390839
RA701,non_elective,2016/17,28612,77540380.324986,2710.065019
RA701,non_elective,2017/18,31877,80162689.421360,2514.750115
RA701,non_elective,2018/19,34489,84047632.084919,2436.940244
RA701,non_elective,2019/20,34352,85865838.431778,2499.587751
RA701,non_elective,2020/21,29618,73251366.499341,2473.204352
RA701,non_elective,2021/22,29139,76740732.494064,2633.608994
RA701,non_elective,2022/23,32011,80159552.705331,2504.125228
RA701,non_elective,2023/24,25111,55432563.694895,2207.501242
RA707,elective,2012/13,131,17681.945920,134.976686
RA707,elective,2013/14,1747,3587341.814544,2053.429773
RA707,elective,2014/15,1410,2898604.673261,2055.747995
RA707,elective,2015/16,1409,4174865.132788,2962.998674
RA707,elective,2016/17,1546,4090778.700668,2646.040556
RA707,elective,2017/18,1261,3582285.465557,2840.829076
RA707,elective,2018/19,1076,3577654.981699,3324.958161
RA707,elective,2019/20,1042,3564515.961552,3420.840654
RA707,elective,2020/21,711,3012798.220077,4237.409592
RA707,elective,2021/22,756,2951767.036155,3904.453751
RA707,elective,2022/23,880,3427118.745577,3894.453119
RA707,elective,2023/24,548,2019129.505849,3684.542893
RA707,non_elective,2012/13,242,19107.800194,78.957852
RA707,non_elective,2013/14,1170,1475990.600972,1261.530428
RA707,non_elective,2014/15,1233,1673633.187655,1357.366737
RA707,non_elective,2015/16,1091,2182563.599007,2000.516589
RA707,non_elective,2016/17,1019,2383496.183457,2339.054154
RA707,non_elective,2017/18,1058,2255745.143154,2132.084256
RA707,non_elective,2018/19,1155,2495189.773888,2160.337466
RA707,non_elective,2019/20,1234,2127691.357195,1724.223141
RA707,non_elective,2020/21,1117,1923431.307224,1721.961779
RA707,non_elective,2021/22,1244,2423184.014809,1947.897118
RA707,non_elective,2022/23,1454,2562634.704597,1762.472286
RA707,non_elective,2023/24,1193,2067439.317251,1732.975119
RA708,elective,2013/14,1230,1788301.556879,1453.903704
RA708,elective,2014/15,1363,1883355.442998,1381.772151
RA708,elective,2015/16,1259,2177749.170553,1729.745171
RA708,elective,2016/17,1273,2223745.578628,1746.854342
RA708,elective,2017/18,1273,2176635.369567,1709.847108
RA708,elective,2018/19,1173,2014722.295724,1717.580814
RA708,elective,2019/20,1211,2100008.076594,1734.110715
RA708,elective,2020/21,420,737210.307725,1755.262637
RA708,elective,2021/22,532,820431.128811,1542.163775
RA708,elective,2022/23,611,1037091.800024,1697.367921
RA708,elective,2023/24,408,677953.088065,1661.649725
RA708,non_elective,2012/13,49,9014.033735,183.959872
RA708,non_elective,2013/14,546,1130497.940760,2070.509049
RA708,non_elective,2014/15,685,1399705.841616,2043.366192
RA708,non_elective,2015/16,628,1370145.059824,2181.759649
RA708,non_elective,2016/17,826,1759481.423209,2130.122788
RA708,non_elective,2017/18,908,2067609.070809,2277.102500
RA708,non_elective,2018/19,1100,2495686.967417,2268.806334
RA708,non_elective,2019/20,1125,2398064.282322,2131.612695
RA708,non_elective,2020/21,726,1642192.453442,2261.973076
RA708,non_elective,2021/22,817,1723735.319032,2109.835151
RA708,non_elective,2022/23,1008,2098582.157315,2081.926743
RA708,non_elective,2023/24,757,1520470.902977,2008.548088
RA709,elective,2013/14,14,19649.314341,1403.522452
RA709,elective,2014/15,15,9526.798372,635.119891
RA709,elective,2015/16,24,41082.156293,1711.756512
RA709,elective,2016/17,19,30344.306239,1597.068749
RA709,elective,2017/18,17,67900.628920,3994.154642
RA709,elective,2018/19,30,24913.037859,830.434595
RA709,elective,2019/20,11,12687.400669,1153.400060
RA709,elective,2020/21,5,6776.405471,1355.281094
RA709,elective,2021/22,25,31935.646741,1277.425869
RA709,elective,2022/23,9,18008.775681,2000.975075
RA709,elective,2023/24,26,134455.592415,5171.368939
RA709,non_elective,2013/14,1,1192.475900,1192.475900
RA709,non_elective,2014/15,1,1229.334246,1229.334246
RA709,non_elective,2017/18,1,550.523507,550.523507
RA709,non_elective,2022/23,1,524.106832,524.106832
RA710,elective,2012/13,376,78813.984438,209.611660
RA710,elective,2013/14,1940,3419358.298227,1762.555823
RA710,elective,2014/15,1699,3508568.344801,2065.078484
RA710,elective,2015/16,1573,3052182.703459,1940.357726
RA710,elective,2016/17,1483,3248581.563052,2190.547244
RA710,elective,2017/18,2033,5114237.309093,2515.611071
RA710,elective,2018/19,1974,5509524.165893,2791.045676
RA710,elective,2019/20,1331,3639757.287830,2734.603522
RA710,elective,2020/21,466,971154.638031,2084.022828
RA710,elective,2021/22,636,1203310.411511,1891.997502
RA710,elective,2022/23,591,1208470.528552,2044.789388
RA710,elective,2023/24,486,985274.498739,2027.313783
RA710,non_elective,2012/13,32,19631.405521,613.481422
RA710,non_elective,2013/14,509,1230154.626057,2416.806730
RA710,non_elective,2014/15,654,1757994.874534,2688.065557
RA710,non_elective,2015/16,924,3102657.361390,3357.854287
RA710,non_elective,2016/17,920,3074873.697426,3342.254018
RA710,non_elective,2017/18,362,1129159.142902,3119.224151
RA710,non_elective,2018/19,251,1062521.769948,4233.154461
RA710,non_elective,2019/20,1002,3165991.804638,3159.672459
RA710,non_elective,2020/21,1633,5080735.111272,3111.289106
RA710,non_elective,2021/22,1739,5461186.595842,3140.417823
RA710,non_elective,2022/23,3300,7238856.882486,2193.592994
RA710,non_elective,2023/24,2245,4723503.323964,2104.010389
RA723,elective,2012/13,190,93120.963385,490.110333
RA723,elective,2013/14,2244,9535405.229539,4249.289317
RA723,elective,2014/15,2822,13730427.199641,4865.495109
RA723,elective,2015/16,3386,20073001.451932,5928.234333
RA723,elective,2016/17,3252,20284505.545894,6237.547830
RA723,elective,2017/18,3245,20263679.241647,6244.585282
RA723,elective,2018/19,3423,22643620.998100,6615.139058
RA723,elective,2019/20,3002,18757982.033257,6248.495014
RA723,elective,2020/21,2637,16164411.436802,6129.848857
RA723,elective,2021/22,2536,15353679.982760,6054.290214
RA723,elective,2022/23,2618,15629283.198171,5969.932466
RA723,elective,2023/24,2291,13459304.365757,5874.860046
RA723,non_elective,2012/13,1244,222611.054111,178.947792
RA723,non_elective,2013/14,7620,11502013.501405,1509.450590
RA723,non_elective,2014/15,9033,16006967.970847,1772.054463
RA723,non_elective,2015/16,10155,23985475.584781,2361.937526
RA723,non_elective,2016/17,10826,25581743.895619,2362.991307
RA723,non_elective,2017/18,10509,26108354.690273,2484.380501
RA723,non_elective,2018/19,11502,26831673.546415,2332.783302
RA723,non_elective,2019/20,11605,26520076.057961,2285.228441
RA723,non_elective,2020/21,6979,19056538.813864,2730.554350
RA723,non_elective,2021/22,10058,24417893.614319,2427.708651
RA723,non_elective,2022/23,10248,25134661.092793,2452.640621
RA723,non_elective,2023/24,7260,17152678.839229,2362.627939
RA773,elective,2013/14,19,55416.523211,2916.659116
RA773,elective,2014/15,28,59670.409967,2131.086070
RA773,elective,2015/16,25,124869.086724,4994.763468
RA773,elective,2016/17,28,182299.445374,6510.694477
RA773,elective,2017/18,33,304656.338006,9232.010242
RA773,elective,2018/19,50,65929.680798,1318.593615
RA773,elective,2019/20,95,32745.053663,344.684775
RA773,elective,2020/21,56,30872.639739,551.297138
RA773,elective,2021/22,45,27198.323280,604.407184
RA773,elective,2022/23,41,38459.794099,938.043758
RA773,elective,2023/24,47,38182.598645,812.395715
RA773,non_elective,2013/14,94,24297.238497,258.481260
RA773,non_elective,2014/15,166,62943.214278,379.175989
RA773,non_elective,2015/16,117,44975.974188,384.410035
RA773,non_elective,2016/17,217,85501.266972,394.015055
RA773,non_elective,2017/18,131,38210.135387,291.680422
RA773,non_elective,2018/19,95,13241.094177,139.379938
RA773,non_elective,2019/20,160,18035.192356,112.719952
RA773,non_elective,2020/21,220,44298.650641,201.357502
RA773,non_elective,2021/22,1,908.733620,908.733620
RA773,non_elective,2022/23,2,1817.467240,908.733620
RA773,non_elective,2023/24,2,6133.582102,3066.791051
RA798,elective,2021/22,20,254645.599165,12732.279958
RA7C2,elective,2021/22,9,50410.962036,5601.218004
RA7C2,elective,2022/23,684,3738167.739301,5465.157513
RA7C2,elective,2023/24,582,2902164.382109,4986.536739
RA7C2,non_elective,2021/22,191,518465.286887,2714.477941
RA7C2,non_elective,2022/23,13913,39773981.392523,2858.763846
RA7C2,non_elective,2023/24,13121,28971117.016648,2207.996114
RA7PH,elective,2012/13,25,12553.519020,502.140760
RA7PH,elective,2013/14,62,167447.465878,2700.765578
RA7PH,elective,2014/15,40,65808.192615,1645.204815
RA7PH,elective,2015/16,50,181984.474075,3639.689481
RA7PH,elective,2016/17,120,564059.918470,4700.499320
RA7PH,elective,2017/18,82,380818.951099,4644.133549
RA7PH,elective,2018/19,125,551630.894016,4413.047152
RA7PH,elective,2019/20,136,629173.197211,4626.273508
RA7PH,elective,2020/21,376,1275396.794279,3392.012750
RA7PH,elective,2021/22,433,2231044.632747,5152.528020
RA7PH,elective,2022/23,441,2405895.928316,5455.546322
RA7PH,elective,2023/24,170,1193829.509113,7022.526524
RA7PH,non_elective,2017/18,2,10518.063318,5259.031659
RA7PH,non_elective,2018/19,1,27906.575470,27906.575470
RA7PH,non_elective,2020/21,1,758.686906,758.686906
RA901,elective,2012/13,386,121821.751488,315.600392
RA901,elective,2013/14,5330,16380691.457012,3073.300460
RA901,elective,2014/15,4745,15359281.178054,3236.940185
RA901,elective,2015/16,4386,17713753.110000,4038.703399
RA901,elective,2016/17,4126,16580612.910000,4018.568325
RA901,elective,2017/18,3477,14263596.500000,4102.271067
RA901,elective,2018/19,3607,15089119.730000,4183.287976
RA901,elective,2019/20,3800,15557044.460000,4093.959068
RA901,elective,2020/21,2744,10117113.940000,3686.994876
RA901,elective,2021/22,2685,11082710.410000,4127.638886
RA901,elective,2022/23,3113,12743454.170000,4093.624853
RA901,elective,2023/24,2045,7608836.360000,3720.702376
RA901,non_elective,2012/13,1257,453574.720704,360.839077
RA901,non_elective,2013/14,27479,46660347.365967,1698.036586
RA901,non_elective,2014/15,28024,48783110.342928,1740.761859
RA901,non_elective,2015/16,29050,59622187.470000,2052.398880
RA901,non_elective,2016/17,30772,60858850.970000,1977.734660
RA901,non_elective,2017/18,31292,64899472.700000,2073.995676
RA901,non_elective,2018/19,30397,64730551.360000,2129.504601
RA901,non_elective,2019/20,29274,66151080.270000,2259.721263
RA901,non_elective,2020/21,28718,59942811.840000,2087.290613
RA901,non_elective,2021/22,33547,71008204.250000,2116.678220
RA901,non_elective,2022/23,33523,75294661.610000,2246.059768
RA901,non_elective,2023/24,23603,54116619.370000,2292.785636
RA952,elective,2015/16,4,13630.000000,3407.500000
RA952,elective,2016/17,3,1317.000000,439.000000
RA952,non_elective,2015/16,12,29374.000000,2447.833333
RA952,non_elective,2016/17,9,58479.000000,6497.666666
RA953,non_elective,2015/16,9,23521.000000,2613.444444
RA954,elective,2014/15,1,952.000000,952.000000
RA954,elective,2015/16,134,449076.000000,3351.313432
RA954,elective,2016/17,318,1009760.540000,3175.347610
RA954,non_elective,2014/15,1,4591.000000,4591.000000
RA954,non_elective,2015/16,4,14619.000000,3654.750000
RA954,non_elective,2016/17,4,10910.000000,2727.500000
RA955,elective,2014/15,1,2723.000000,2723.000000
RA955,elective,2015/16,36,88410.000000,2455.833333
RA955,elective,2016/17,14,26528.000000,1894.857142
RA955,non_elective,2014/15,1,2656.000000,2656.000000
RA955,non_elective,2015/16,38,104382.000000,2746.894736
RA955,non_elective,2016/17,15,47565.000000,3171.000000
RA956,elective,2015/16,74,176766.000000,2388.729729
RA956,elective,2016/17,150,380568.000000,2537.120000
RA956,non_elective,2014/15,2,9368.000000,4684.000000
RA956,non_elective,2015/16,86,244048.000000,2837.767441
RA956,non_elective,2016/17,68,184871.000000,2718.691176
RA957,elective,2015/16,28,41989.000000,1499.607142
RA957,elective,2016/17,23,41149.000000,1789.086956
RA957,non_elective,2014/15,4,30191.000000,7547.750000
RA957,non_elective,2015/16,94,306775.000000,3263.563829
RA957,non_elective,2016/17,95,371706.000000,3912.694736
RA958,elective,2015/16,3,1733.000000,577.666666
RA958,elective,2016/17,13,21057.000000,1619.769230
RA958,non_elective,2015/16,3,19333.000000,6444.333333
RA958,non_elective,2016/17,2,7538.000000,3769.000000
RA959,elective,2013/14,4,7888.599744,1972.149936
RA959,elective,2014/15,1,521.987520,521.987520
RA959,elective,2015/16,65,219936.000000,3383.630769
RA959,elective,2016/17,14,44092.000000,3149.428571
RA959,elective,2017/18,3,1559.000000,519.666666
RA959,elective,2018/19,3,7021.000000,2340.333333
RA959,elective,2019/20,5,15625.000000,3125.000000
RA959,elective,2022/23,2,2403.000000,1201.500000
RA959,non_elective,2014/15,3,15213.790912,5071.263637
RA959,non_elective,2015/16,51,163855.530000,3212.853529
RA959,non_elective,2016/17,7,22219.000000,3174.142857
RA959,non_elective,2022/23,2,2286.000000,1143.000000
RA979,elective,2014/15,16,70684.392704,4417.774544
RA979,elective,2015/16,229,852713.000000,3723.637554
RA979,elective,2016/17,12,52539.000000,4378.250000
RA979,non_elective,2014/15,1,3491.000000,3491.000000
RA979,non_elective,2015/16,24,74795.000000,3116.458333
RA979,non_elective,2016/17,31,117465.000000,3789.193548
RAE00,elective,2015/16,68,498088.602594,7324.832391
RAE00,elective,2016/17,9057,30747446.234600,3394.881995
RAE00,elective,2017/18,4426,14866734.414111,3358.954906
RAE00,elective,2018/19,3,17224.033083,5741.344361
RAE00,elective,2019/20,2,13108.619037,6554.309518
RAE00,elective,2020/21,1,3304.309995,3304.309995
RAE00,non_elective,2015/16,465,1520130.169910,3269.097139
RAE00,non_elective,2016/17,39995,80485424.699671,2012.387165
RAE00,non_elective,2017/18,21441,46296932.407065,2159.271135
RAE00,non_elective,2018/19,6800,17292038.533752,2542.946843
RAE00,non_elective,2019/20,5923,15462141.788143,2610.525373
RAE00,non_elective,2020/21,5091,14028329.808764,2755.515578
RAE00,non_elective,2021/22,5905,16525939.895486,2798.635037
RAE00,non_elective,2022/23,6566,19506088.045152,2970.771861
RAE00,non_elective,2023/24,3772,9401516.018906,2492.448573
RAE01,elective,2012/13,1706,485474.481492,284.568863
RAE01,elective,2013/14,10386,26213326.666808,2523.909750
RAE01,elective,2014/15,9939,23821511.972838,2396.771503
RAE01,elective,2015/16,8969,28031747.018525,3125.403837
RAE01,elective,2017/18,2756,12549622.976552,4553.564215
RAE01,elective,2018/19,5914,26853322.184270,4540.636148
RAE01,elective,2019/20,6326,24983552.274120,3949.344336
RAE01,elective,2020/21,1690,8081336.468615,4781.855898
RAE01,elective,2021/22,3241,14684278.577992,4530.786355
RAE01,elective,2022/23,4653,21338103.630078,4585.880857
RAE01,elective,2023/24,3183,13677581.850674,4297.072526
RAE01,non_elective,2012/13,10965,1386032.120352,126.405118
RAE01,non_elective,2013/14,36884,63541849.509035,1722.748332
RAE01,non_elective,2014/15,36244,61879640.427706,1707.307152
RAE01,non_elective,2015/16,36407,69079948.396730,1897.435888
RAE01,non_elective,2017/18,27043,50053652.263897,1850.891257
RAE01,non_elective,2018/19,50407,88976255.727941,1765.156738
RAE01,non_elective,2019/20,47364,88799366.796361,1874.828283
RAE01,non_elective,2020/21,37574,75545234.616553,2010.572060
RAE01,non_elective,2021/22,47703,88398155.294200,1853.094256
RAE01,non_elective,2022/23,47521,85877257.577741,1807.143317
RAE01,non_elective,2023/24,30747,46523680.950267,1513.112854
RAE02,elective,2017/18,5,28039.430529,5607.886105
RAE02,elective,2018/19,3,22834.761606,7611.587202
RAE02,elective,2019/20,4,1942.995186,485.748796
RAE02,elective,2020/21,21,17821.955844,848.664564
RAE02,elective,2021/22,7,6777.134724,968.162103
RAE02,elective,2022/23,2,2572.387566,1286.193783
RAE02,non_elective,2017/18,352,1133896.744576,3221.297569
RAE02,non_elective,2018/19,152,378174.857875,2487.992486
RAE02,non_elective,2019/20,156,438717.978781,2812.294735
RAE02,non_elective,2020/21,435,1173376.549032,2697.417354
RAE02,non_elective,2021/22,336,1168008.989301,3476.217230
RAE02,non_elective,2022/23,361,1337380.316178,3704.654615
RAE02,non_elective,2023/24,52,153168.726567,2945.552433
RAE05,elective,2017/18,9,21110.023455,2345.558161
RAE05,elective,2018/19,25,181487.323071,7259.492922
RAE05,elective,2019/20,16,81112.435398,5069.527212
RAE05,elective,2020/21,13,10718.958291,824.535253
RAE05,elective,2021/22,10,21486.643734,2148.664373
RAE05,elective,2022/23,7,36466.182378,5209.454625
RAE05,elective,2023/24,5,7151.724705,1430.344941
RAE05,non_elective,2017/18,432,936631.285446,2168.127975
RAE05,non_elective,2018/19,763,1910406.263713,2503.808995
RAE05,non_elective,2019/20,694,1650959.690007,2378.904452
RAE05,non_elective,2020/21,268,89813.277477,335.124169
RAE05,non_elective,2021/22,383,144296.324307,376.752804
RAE05,non_elective,2022/23,350,161248.297458,460.709421
RAE05,non_elective,2023/24,190,54829.212639,288.574803
RAE10,elective,2020/21,15,34544.505321,2302.967021
RAE1H,elective,2020/21,2,2072.934258,1036.467129
RAE1L,elective,2020/21,3,2945.962398,981.987466
RAE34,non_elective,2022/23,27,64455.870606,2387.254466
RAE34,non_elective,2023/24,25,51998.977227,2079.959089
RAE3A,elective,2017/18,6,40681.081026,6780.180171
RAE3A,elective,2018/19,8,2998.750146,374.843768
RAE3A,elective,2019/20,8,10111.899189,1263.987398
RAE3A,elective,2020/21,5,7737.465678,1547.493135
RAE3A,elective,2021/22,19,146124.607656,7690.768824
RAE3A,elective,2022/23,27,18561.999465,687.481461
RAE3A,elective,2023/24,18,8998.280736,499.904485
RAE3A,non_elective,2020/21,4,751.210260,187.802565
RAE4H,elective,2021/22,26,15415.423322,592.900897
RAE4H,elective,2022/23,16,10162.413004,635.150812
RAE4H,elective,2023/24,18,14328.828135,796.046007
RAE5H,elective,2019/20,2,30585.424221,15292.712110
RAE5H,non_elective,2017/18,142,359145.504114,2529.193690
RAE5H,non_elective,2018/19,262,735605.389572,2807.654158
RAE5H,non_elective,2019/20,246,581561.604567,2364.071563
RAE5H,non_elective,2020/21,142,85189.273782,599.924463
RAE5H,non_elective,2021/22,111,58137.583230,523.762011
RAE5H,non_elective,2022/23,91,119026.220250,1307.980442
RAE5H,non_elective,2023/24,57,65080.187241,1141.757670
RAE6H,elective,2017/18,37,250045.410786,6757.984075
RAE6H,elective,2018/19,29,187482.793065,6464.923898
RAE6H,elective,2019/20,10,30805.711554,3080.571155
RAE6H,elective,2020/21,433,1686051.685488,3893.883800
RAE6H,elective,2021/22,34,111426.814836,3277.259259
RAE6H,elective,2022/23,11,66175.533012,6015.957546
RAE6H,elective,2023/24,2,9844.915002,4922.457501
RAJ00,non_elective,2013/14,2,4487.439266,2243.719633
RAJ01,elective,2012/13,709,274975.873562,387.836210
RAJ01,elective,2013/14,8575,24231747.098975,2825.859719
RAJ01,elective,2014/15,9548,25013953.928279,2619.810842
RAJ01,elective,2015/16,8749,27521398.257289,3145.662162
RAJ01,elective,2016/17,7867,25423469.026233,3231.659975
RAJ01,elective,2017/18,7418,27435422.567730,3698.493201
RAJ01,elective,2018/19,6700,24162046.670577,3606.275622
RAJ01,elective,2019/20,6155,22595400.111735,3671.064193
RAJ01,elective,2020/21,2784,9850673.967505,3538.316798
RAJ01,elective,2021/22,5450,19142724.976304,3512.426601
RAJ01,elective,2022/23,5834,22553144.710078,3865.811571
RAJ01,elective,2023/24,4488,15423921.958982,3436.702753
RAJ01,non_elective,2012/13,4291,759988.056296,177.112108
RAJ01,non_elective,2013/14,32871,57825172.571080,1759.154652
RAJ01,non_elective,2014/15,34605,59259407.926189,1712.452186
RAJ01,non_elective,2015/16,34625,71999005.560696,2079.393662
RAJ01,non_elective,2016/17,36043,77529908.876840,2151.039282
RAJ01,non_elective,2017/18,39136,85765072.434317,2191.462398
RAJ01,non_elective,2018/19,42318,95342775.300253,2253.007592
RAJ01,non_elective,2019/20,41960,94398118.618545,2249.716840
RAJ01,non_elective,2020/21,35183,76831545.500234,2183.769021
RAJ01,non_elective,2021/22,39352,94900616.164085,2411.583049
RAJ01,non_elective,2022/23,35705,94233961.008195,2639.237109
RAJ01,non_elective,2023/24,25497,64997036.072461,2549.203281
RAJ12,elective,2019/20,7,188312.422704,26901.774672
RAJ12,elective,2020/21,3900,19128212.446104,4904.669857
RAJ12,elective,2021/22,4819,26290738.213991,5455.641878
RAJ12,elective,2022/23,4289,26058469.303637,6075.651504
RAJ12,elective,2023/24,2954,17307090.289423,5858.866042
RAJ12,non_elective,2017/18,1,411812.157614,411812.157614
RAJ12,non_elective,2019/20,230,969236.056087,4214.069809
RAJ12,non_elective,2020/21,42519,90622417.759686,2131.339348
RAJ12,non_elective,2021/22,47184,113213664.063863,2399.407936
RAJ12,non_elective,2022/23,43155,112211282.606792,2600.191926
RAJ12,non_elective,2023/24,30895,76700357.325333,2482.613928
RAJ1K,non_elective,2022/23,1,694.516746,694.516746
RAJ1K,non_elective,2023/24,2,1389.033492,694.516746
RAJ20,elective,2013/14,48,37608.450033,783.509375
RAJ20,elective,2014/15,19,16335.702143,859.773797
RAJ20,elective,2015/16,29,29083.288806,1002.872027
RAJ20,elective,2016/17,72,70287.015018,976.208541
RAJ20,elective,2017/18,49,45792.230858,934.535323
RAJ20,elective,2018/19,20,19709.979850,985.498992
RAJ20,elective,2019/20,30,28889.122834,962.970761
RAJ20,elective,2020/21,22,21105.414418,959.337019
RAJ20,elective,2021/22,15,14618.990738,974.599382
RAJ20,elective,2022/23,34,40104.874832,1179.555142
RAJ20,elective,2023/24,8,8987.110704,1123.388838
RAJ20,non_elective,2013/14,1,1444.778620,1444.778620
RAJ20,non_elective,2014/15,2,5731.673988,2865.836994
RAJ20,non_elective,2015/16,1,4136.161942,4136.161942
RAJ20,non_elective,2017/18,2,1355.961266,677.980633
RAJ20,non_elective,2018/19,1,3460.848424,3460.848424
RAJ20,non_elective,2019/20,3,6196.241568,2065.413856
RAJ20,non_elective,2020/21,3,10197.980914,3399.326971
RAJ20,non_elective,2022/23,1,831.073034,831.073034
RAJ20,non_elective,2023/24,1,2739.660528,2739.660528
RAJ32,elective,2019/20,66,509712.379656,7722.914843
RAJ32,elective,2020/21,4087,16105115.878789,3940.571538
RAJ32,elective,2021/22,5903,24829929.862235,4206.323879
RAJ32,elective,2022/23,5232,22182954.247592,4239.861285
RAJ32,elective,2023/24,3680,15299411.482504,4157.448772
RAJ32,non_elective,2019/20,188,505270.000906,2687.606387
RAJ32,non_elective,2020/21,35861,80914692.119857,2256.342325
RAJ32,non_elective,2021/22,39090,91455882.160862,2339.623488
RAJ32,non_elective,2022/23,36750,93204306.347927,2536.171601
RAJ32,non_elective,2023/24,17963,50442095.098341,2808.110844
RAJ45,elective,2014/15,25,18841.422675,753.656907
RAJ45,elective,2015/16,2,3872.650980,1936.325490
RAJ45,elective,2017/18,5,4759.200006,951.840001
RAJ45,elective,2018/19,3,2752.462680,917.487560
RAJ45,non_elective,2014/15,1,3301.426966,3301.426966
RAJ47,elective,2013/14,23,132830.143021,5775.223609
RAJ47,elective,2014/15,166,1077063.053736,6488.331649
RAJ47,elective,2015/16,28,155217.558232,5543.484222
RAJ47,elective,2016/17,107,712316.004664,6657.158922
RAJ47,elective,2020/21,109,464628.353178,4262.645442
RAJ47,non_elective,2014/15,1,461.466604,461.466604
RAJ48,elective,2019/20,7,51674.819702,7382.117100
RAJ48,elective,2021/22,126,805851.727714,6395.648632
RAJ48,elective,2022/23,190,1244339.302712,6549.154224
RAJ48,elective,2023/24,145,937238.079998,6463.710896
RAJ48,non_elective,2022/23,7,29237.981476,4176.854496
RAJ48,non_elective,2023/24,3,10136.103846,3378.701282
RAJ49,elective,2013/14,20,36983.098093,1849.154904
RAJ49,elective,2016/17,171,869167.970968,5082.853631
RAJ49,elective,2017/18,13,50171.633688,3859.356437
RAJ49,elective,2018/19,1,7179.873580,7179.873580
RAJ50,elective,2013/14,4,2556.395603,639.098900
RAJ50,elective,2020/21,1,556.893612,556.893612
RAJ53,elective,2018/19,1,5060.050578,5060.050578
RAJ53,elective,2019/20,32,78067.522896,2439.610090
RAJ53,elective,2020/21,73,179685.671242,2461.447551
RAJ54,elective,2014/15,1,4937.045747,4937.045747
RAJ54,elective,2015/16,1,7360.170554,7360.170554
RAJ56,elective,2015/16,3,9627.218304,3209.072768
RAJ56,elective,2016/17,46,118482.849914,2575.714128
RAJ56,elective,2017/18,18,46930.555540,2607.253085
RAJ56,elective,2018/19,2,3658.214934,1829.107467
RAJ67,elective,2016/17,116,743209.731132,6406.980440
RAJ67,elective,2017/18,1,7179.873580,7179.873580
RAJ68,elective,2016/17,12,47683.748816,3973.645734
RAJ68,elective,2017/18,1,2706.588302,2706.588302
RAJ68,elective,2020/21,4,10999.182260,2749.795565
RAJ70,elective,2016/17,2,7747.435652,3873.717826
RAJ70,elective,2017/18,7,52200.774780,7457.253540
RAJ73,elective,2021/22,1,1105.252456,1105.252456
RAJ73,non_elective,2020/21,1,1315.421118,1315.421118
RAJ74,elective,2020/21,2,5221.144324,2610.572162
RAJ74,elective,2021/22,1,1105.252456,1105.252456
RAJ74,elective,2022/23,1,1458.378482,1458.378482
RAJ88,elective,2021/22,2,5558.267660,2779.133830
RAJ88,elective,2023/24,1,6937.699538,6937.699538
RAJ88,non_elective,2020/21,579,75219.044076,129.911993
RAJ88,non_elective,2021/22,1097,162094.447548,147.761574
RAJ88,non_elective,2022/23,542,97508.497527,179.904976
RAJ88,non_elective,2023/24,69,8633.984678,125.130212
RAL01,elective,2012/13,998,330579.595167,331.242079
RAL01,elective,2013/14,7937,24246461.672259,3054.864769
RAL01,elective,2014/15,7618,25179576.809125,3305.273931
RAL01,elective,2015/16,7322,30577768.883712,4176.149806
RAL01,elective,2016/17,7717,33146689.533578,4295.281784
RAL01,elective,2017/18,7571,32647042.102776,4312.117567
RAL01,elective,2018/19,6707,31076388.321862,4633.426020
RAL01,elective,2019/20,6439,29348444.829856,4557.919681
RAL01,elective,2020/21,4270,19386656.168428,4540.200507
RAL01,elective,2021/22,6836,28470629.126002,4164.808239
RAL01,elective,2022/23,5413,26470976.358829,4890.259811
RAL01,elective,2023/24,3217,17503395.254530,5440.906202
RAL01,non_elective,2012/13,3436,1206349.045736,351.091107
RAL01,non_elective,2013/14,21533,52909358.679443,2457.128996
RAL01,non_elective,2014/15,22070,56018253.748473,2538.208144
RAL01,non_elective,2015/16,23114,71105747.725431,3076.306469
RAL01,non_elective,2016/17,22954,72975327.989789,3179.198744
RAL01,non_elective,2017/18,22919,77755733.010455,3392.632008
RAL01,non_elective,2018/19,26999,88428020.051515,3275.233158
RAL01,non_elective,2019/20,27716,89819494.326007,3240.709132
RAL01,non_elective,2020/21,21477,74484562.296880,3468.108315
RAL01,non_elective,2021/22,23324,91860644.918710,3938.460166
RAL01,non_elective,2022/23,23262,100724227.547338,4329.990007
RAL01,non_elective,2023/24,16268,68575541.216257,4215.363979
RAL22,elective,2013/14,2,3304.407876,1652.203938
RAL22,elective,2014/15,2,4592.017584,2296.008792
RAL22,elective,2015/16,1,368.715436,368.715436
RAL22,elective,2016/17,8,10637.930393,1329.741299
RAL22,elective,2017/18,3,11804.728057,3934.909352
RAL22,elective,2018/19,35,18833.681097,538.105174
RAL22,elective,2019/20,6,3012.731822,502.121970
RAL22,elective,2020/21,3,1183.179830,394.393276
RAL22,elective,2021/22,3,9403.725481,3134.575160
RAL22,elective,2022/23,20,25883.076841,1294.153842
RAL22,elective,2023/24,11,24742.462641,2249.314785
RAL22,non_elective,2016/17,11,3003.397254,273.036114
RAL22,non_elective,2017/18,8,2835.375030,354.421878
RAL22,non_elective,2018/19,1,598.579173,598.579173
RAL22,non_elective,2020/21,3,1144.651401,381.550467
RAL22,non_elective,2021/22,3,2933.387994,977.795998
RAL22,non_elective,2022/23,5,6082.637873,1216.527574
RAL25,elective,2013/14,2,5965.634136,2982.817068
RAL26,elective,2015/16,15,184850.151467,12323.343431
RAL26,elective,2016/17,1050,3959355.321872,3770.814592
RAL26,elective,2017/18,1127,4261896.581797,3781.629620
RAL26,elective,2018/19,1085,4071613.536729,3752.639204
RAL26,elective,2019/20,1321,5327360.882192,4032.824286
RAL26,elective,2020/21,201,800177.359701,3980.981889
RAL26,elective,2021/22,541,1825081.982014,3373.534162
RAL26,elective,2022/23,382,1692390.071096,4430.340500
RAL26,elective,2023/24,319,1683948.646228,5278.835881
RAL26,non_elective,2015/16,357,1020624.069459,2858.890950
RAL26,non_elective,2016/17,32435,74833903.755352,2307.196046
RAL26,non_elective,2017/18,34721,80551239.493813,2319.957359
RAL26,non_elective,2018/19,37404,87586870.320843,2341.644485
RAL26,non_elective,2019/20,29486,86854797.945941,2945.628364
RAL26,non_elective,2020/21,21573,69719267.316498,3231.783586
RAL26,non_elective,2021/22,24363,81908317.332073,3361.996360
RAL26,non_elective,2022/23,20808,87997117.221785,4229.004095
RAL26,non_elective,2023/24,17060,60803976.536889,3564.125236
RAL27,elective,2012/13,5,3238.344648,647.668929
RAL27,elective,2013/14,7,109694.873904,15670.696272
RAL29,elective,2013/14,1,3238.344648,3238.344648
RAL30,elective,2017/18,1,6166.648985,6166.648985
RAL30,elective,2018/19,1,465.561579,465.561579
RAL31,elective,2013/14,1,473.660880,473.660880
RAL80,elective,2017/18,1,3177.253583,3177.253583
RAL80,elective,2018/19,2,3682.487076,1841.243538
RAL80,elective,2019/20,83,269579.990198,3247.951689
RAL80,elective,2020/21,35,114493.143804,3271.232680
RAL80,elective,2021/22,102,325984.117338,3195.922719
RAL80,elective,2022/23,79,256081.038049,3241.532127
RAL80,elective,2023/24,58,186449.828053,3214.652207
RAL80,non_elective,2020/21,1,870.448466,870.448466
RAL80,non_elective,2021/22,1,5800.267191,5800.267191
RALC7,elective,2015/16,19,111753.448096,5881.760426
RALC7,elective,2016/17,3866,14946532.894594,3866.149222
RALC7,elective,2017/18,3078,14341183.231070,4659.253811
RALC7,elective,2018/19,2938,15022319.505418,5113.110791
RALC7,elective,2019/20,2943,13098453.092370,4450.714608
RALC7,elective,2020/21,1779,7220073.897967,4058.501347
RALC7,elective,2021/22,3121,13447435.414970,4308.694461
RALC7,elective,2022/23,2555,11701391.098804,4579.800821
RALC7,elective,2023/24,261,667516.416206,2557.534161
RALC7,non_elective,2015/16,43,184157.024788,4282.721506
RALC7,non_elective,2016/17,625,753434.405426,1205.495048
RALC7,non_elective,2017/18,258,479937.980541,1860.224730
RALC7,non_elective,2018/19,100,231268.589484,2312.685894
RALC7,non_elective,2019/20,7,12658.841029,1808.405861
RALC7,non_elective,2020/21,4,38739.624021,9684.906005
RALC7,non_elective,2021/22,5,7984.556103,1596.911220
RALC7,non_elective,2022/23,4,15665.738746,3916.434686
RALC7,non_elective,2023/24,2,5866.775988,2933.387994
RALMV,elective,2013/14,1,1430.954448,1430.954448
RALMV,elective,2015/16,1,2855.210987,2855.210987
RALMV,elective,2017/18,1,1208.826556,1208.826556
RALMV,elective,2018/19,1,1208.826556,1208.826556
RALMV,elective,2020/21,3,11516.523270,3838.841090
RALMV,elective,2021/22,3,8565.632961,2855.210987
RALMV,elective,2022/23,3,8565.632961,2855.210987
RALMV,elective,2023/24,1,507.567135,507.567135
RALRA,elective,2013/14,1,499.836876,499.836876
RALRA,elective,2014/15,11,62160.255144,5650.932285
RALRA,elective,2015/16,7,23346.921389,3335.274484
RALRA,elective,2016/17,24,57456.226299,2394.009429
RALRA,elective,2017/18,19,55476.901164,2919.836903
RALRA,elective,2018/19,17,42187.801772,2481.635398
RALRA,elective,2019/20,21,48000.367256,2285.731774
RALRA,elective,2020/21,14,26974.567878,1926.754848
RALRA,elective,2021/22,119,188992.926091,1588.175849
RALRA,elective,2022/23,86,119117.255427,1385.084365
RALWA,elective,2013/14,1,1261.433712,1261.433712
RALWA,elective,2014/15,3,4238.018400,1412.672800
RALWA,elective,2016/17,2,4064.037543,2032.018771
RALWA,elective,2018/19,3,8350.937897,2783.645965
RALWH,elective,2013/14,1,882.505008,882.505008
RALWH,elective,2014/15,179,171380.478192,957.432839
RALWH,elective,2015/16,2,2006.932120,1003.466060
RALWH,elective,2016/17,4,4872.644496,1218.161124
RALWH,elective,2017/18,71,84463.838548,1189.631528
RALWH,elective,2018/19,44,50359.994360,1144.545326
RALWH,elective,2019/20,17,47565.458065,2797.968121
RALWH,elective,2020/21,3,14787.122533,4929.040844
RALWH,elective,2021/22,11,18583.958067,1689.450733
RALWH,elective,2022/23,16,20342.357314,1271.397332
RALWH,elective,2023/24,3,63629.082772,21209.694257
RAN01,elective,2012/13,1292,1330017.970549,1029.425673
RAN01,elective,2013/14,7101,52451001.602726,7386.424672
RAN01,elective,2014/15,5888,42040515.630272,7140.033225
RAN01,elective,2015/16,5650,40410162.887594,7152.241219
RAN01,elective,2016/17,5718,39609410.047471,6927.144114
RAN01,elective,2017/18,4759,37264866.950752,7830.398602
RAN01,elective,2018/19,4864,36137746.000021,7429.635279
RAN01,elective,2019/20,4552,33528168.952822,7365.590718
RAN01,elective,2020/21,2876,24135089.449432,8391.894801
RAN01,elective,2021/22,3896,32829252.296035,8426.399459
RAN01,elective,2022/23,3580,32033251.944561,8947.835738
RAN01,elective,2023/24,2321,21398506.632236,9219.520306
RAN01,non_elective,2012/13,60,305147.600090,5085.793334
RAN01,non_elective,2013/14,293,3581545.483035,12223.704720
RAN01,non_elective,2014/15,270,3829961.246160,14185.041652
RAN01,non_elective,2015/16,210,2135084.989899,10167.071380
RAN01,non_elective,2016/17,268,2999723.441229,11192.997915
RAN01,non_elective,2017/18,246,2842866.316763,11556.367141
RAN01,non_elective,2018/19,179,1779425.127486,9940.922499
RAN01,non_elective,2019/20,218,2429158.560477,11142.929176
RAN01,non_elective,2020/21,484,4242497.922822,8765.491576
RAN01,non_elective,2021/22,207,2462138.786178,11894.390271
RAN01,non_elective,2022/23,135,1259974.673336,9333.145728
RAN01,non_elective,2023/24,154,848886.595913,5512.250622
RAN02,elective,2017/18,3,3934.018400,1311.339466
RAN03,elective,2016/17,6,41643.414540,6940.569090
RAN03,elective,2017/18,210,1297212.616254,6177.202934
RAP00,elective,2015/16,1,11642.898944,11642.898944
RAP00,non_elective,2014/15,2,2702.731500,1351.365750
RAP00,non_elective,2015/16,4,5440.227960,1360.056990
RAP00,non_elective,2016/17,1,707.982808,707.982808
RAPNM,elective,2012/13,251,27477.770250,109.473188
RAPNM,elective,2013/14,2234,6344760.695798,2840.089836
RAPNM,elective,2014/15,2603,7380085.376280,2835.222964
RAPNM,elective,2015/16,2096,8150809.107920,3888.744803
RAPNM,elective,2016/17,1993,7549509.749579,3788.012920
RAPNM,elective,2017/18,2069,7721591.390416,3732.040304
RAPNM,elective,2018/19,2099,7908991.658747,3767.980780
RAPNM,elective,2019/20,1727,6184828.252957,3581.255502
RAPNM,elective,2020/21,995,3508870.291646,3526.502805
RAPNM,elective,2021/22,1772,6802505.119198,3838.885507
RAPNM,elective,2022/23,1638,6859976.591176,4188.019896
RAPNM,elective,2023/24,484,1818467.028671,3757.163282
RAPNM,non_elective,2012/13,2682,497411.906474,185.463052
RAPNM,non_elective,2013/14,22366,41878225.186714,1872.405668
RAPNM,non_elective,2014/15,31541,51910632.201852,1645.814406
RAPNM,non_elective,2015/16,33848,69284943.585399,2046.943499
RAPNM,non_elective,2016/17,31797,71229733.611117,2240.140063
RAPNM,non_elective,2017/18,33373,74296421.617984,2226.243418
RAPNM,non_elective,2018/19,36028,79925859.153745,2218.437303
RAPNM,non_elective,2019/20,33199,80084213.761110,2412.247771
RAPNM,non_elective,2020/21,22517,62256908.596068,2764.884691
RAPNM,non_elective,2021/22,26051,75119280.175326,2883.546895
RAPNM,non_elective,2022/23,22617,73553066.644786,3252.114190
RAPNM,non_elective,2023/24,7456,16580013.892270,2223.714309
RAS00,non_elective,2016/17,1,743.361252,743.361252
RAS01,elective,2012/13,178,53555.309374,300.872524
RAS01,elective,2013/14,2450,6881196.523368,2808.651642
RAS01,elective,2014/15,2221,6823158.175040,3072.110839
RAS01,elective,2015/16,2026,8228288.863070,4061.346921
RAS01,elective,2016/17,1894,8036642.580433,4243.211499
RAS01,elective,2017/18,1838,7398413.228080,4025.252028
RAS01,elective,2018/19,1943,7350466.575086,3783.050218
RAS01,elective,2019/20,1832,7334595.289504,4003.600048
RAS01,elective,2020/21,905,3741164.685133,4133.883629
RAS01,elective,2021/22,1730,7047886.560532,4073.922867
RAS01,elective,2022/23,1812,7709703.447393,4254.803227
RAS01,elective,2023/24,1081,4324299.454571,4000.277016
RAS01,non_elective,2012/13,3423,941139.120012,274.945696
RAS01,non_elective,2013/14,23493,39247882.302880,1670.620282
RAS01,non_elective,2014/15,24860,42385814.587956,1704.980474
RAS01,non_elective,2015/16,24107,50994404.389812,2115.335976
RAS01,non_elective,2016/17,22196,51662513.693275,2327.559636
RAS01,non_elective,2017/18,25583,59254945.833518,2316.184412
RAS01,non_elective,2018/19,24784,57039306.643717,2301.456852
RAS01,non_elective,2019/20,26616,57802140.027752,2171.706493
RAS01,non_elective,2020/21,19846,41488130.078501,2090.503379
RAS01,non_elective,2021/22,23515,50822377.445193,2161.274822
RAS01,non_elective,2022/23,23476,55016576.154909,2343.524286
RAS01,non_elective,2023/24,15116,32523549.590365,2151.597617
RAS02,elective,2012/13,96,16932.937398,176.384764
RAS02,elective,2013/14,1108,5511868.904679,4974.610924
RAS02,elective,2014/15,1086,5206482.098980,4794.182411
RAS02,elective,2015/16,896,5008906.785812,5590.297752
RAS02,elective,2016/17,969,5848675.183735,6035.784503
RAS02,elective,2017/18,1009,6237119.162920,6181.485790
RAS02,elective,2018/19,1206,7544397.613769,6255.719414
RAS02,elective,2019/20,887,5457260.851197,6152.492504
RAS02,elective,2020/21,494,2814928.176753,5698.235175
RAS02,elective,2021/22,903,5623141.414460,6227.177646
RAS02,elective,2022/23,814,4876683.960548,5991.012236
RAS02,elective,2023/24,445,2591755.147772,5824.168871
RAS02,non_elective,2013/14,4,5316.608724,1329.152181
RAS02,non_elective,2014/15,22,36955.990948,1679.817770
RAS02,non_elective,2015/16,21,30289.129424,1442.339496
RAS02,non_elective,2016/17,22,17914.551518,814.297796
RAS02,non_elective,2017/18,17,18152.108860,1067.771109
RAS02,non_elective,2018/19,51,49958.650014,979.581372
RAS02,non_elective,2019/20,28,129075.474642,4609.838380
RAS02,non_elective,2021/22,5,7014.193098,1402.838619
RAS02,non_elective,2022/23,7,4427.205010,632.457858
RAS02,non_elective,2023/24,3,4110.083008,1370.027669
RAT00,elective,2015/16,6,7154.648960,1192.441493
RAT00,elective,2016/17,20,152664.175720,7633.208786
RAT00,elective,2017/18,8,110188.081360,13773.510170
RAT00,elective,2018/19,24,107637.152440,4484.881351
RAT00,elective,2019/20,39,140910.440560,3613.088219
RAT00,elective,2020/21,73,183553.353160,2514.429495
RAT00,elective,2021/22,39,120235.404940,3082.959101
RAT00,elective,2022/23,90,390251.578660,4336.128651
RAT00,elective,2023/24,9,57014.767360,6334.974151
RAT00,non_elective,2013/14,2,4055.781002,2027.890501
RAT00,non_elective,2015/16,2,883.904980,441.952490
RAT00,non_elective,2016/17,9,90750.281020,10083.364557
RAT00,non_elective,2018/19,26,92318.835860,3550.724456
RAT00,non_elective,2019/20,32,53113.074080,1659.783565
RAT00,non_elective,2020/21,26,44175.555180,1699.059814
RAT00,non_elective,2021/22,13,98749.447320,7596.111332
RAT00,non_elective,2022/23,24,19711.196900,821.299870
RAT00,non_elective,2023/24,8,1175.836900,146.979612
RATAF,elective,2015/16,3,6463.048340,2154.349446
RATAF,non_elective,2014/15,28,134931.760730,4818.991454
RATAF,non_elective,2015/16,21,113325.191040,5396.437668
RATAF,non_elective,2016/17,5,33242.009700,6648.401940
RATDK,elective,2014/15,33,171772.298822,5205.221176
RATDK,elective,2015/16,89,521929.093020,5864.371831
RATDK,elective,2016/17,189,1351811.607840,7152.442369
RATDK,non_elective,2014/15,11,38058.426181,3459.856925
RATDK,non_elective,2015/16,16,109548.611440,6846.788215
RATDK,non_elective,2016/17,4,24787.568620,6196.892155
RATGA,elective,2017/18,16,11161.762100,697.610131
RATGA,elective,2018/19,325,351992.278700,1083.053165
RATGA,elective,2019/20,463,289718.102940,625.741043
RATGA,elective,2020/21,568,206966.988220,364.378500
RATGA,elective,2021/22,543,99575.429300,183.380164
RATGA,elective,2022/23,908,185277.141640,204.049715
RATGA,elective,2023/24,451,85314.786700,189.168041
RATGA,non_elective,2017/18,20,62524.403120,3126.220156
RATGA,non_elective,2018/19,429,696009.718760,1622.400276
RATGA,non_elective,2019/20,524,474970.916920,906.433047
RATGA,non_elective,2020/21,569,106620.024560,187.381413
RATGA,non_elective,2021/22,301,323422.338180,1074.492817
RATGA,non_elective,2022/23,433,357927.069280,826.621407
RATGA,non_elective,2023/24,28,16638.960980,594.248606
RATGM,elective,2012/13,54,49957.182186,925.133003
RATGM,elective,2013/14,11,2796.119696,254.192699
RATGM,elective,2014/15,58,24849.575503,428.440956
RATGM,elective,2015/16,21,139815.695860,6657.890279
RATGM,elective,2016/17,113,423018.619760,3743.527608
RATGM,non_elective,2012/13,16,12179.071696,761.191981
RATGM,non_elective,2013/14,24,32650.327222,1360.430300
RATGM,non_elective,2014/15,44,119818.898748,2723.156789
RATGM,non_elective,2015/16,43,319811.418360,7437.474845
RATGM,non_elective,2016/17,210,627323.466900,2987.254604
RATRM,elective,2014/15,1,476.184814,476.184814
RATRM,non_elective,2014/15,50,257528.433491,5150.568669
RATRM,non_elective,2015/16,76,490545.253160,6454.542804
RATRM,non_elective,2016/17,35,226460.394640,6470.296989
RATWU,non_elective,2012/13,1,5623.906855,5623.906855
RAX00,elective,2014/15,1,4701.967407,4701.967407
RAX00,elective,2015/16,54,185631.412778,3437.618755
RAX00,elective,2016/17,4,10168.566747,2542.141686
RAX00,elective,2017/18,28,114604.833252,4093.029759
RAX00,elective,2018/19,17,66842.439778,3931.908222
RAX00,elective,2020/21,474,1428905.659537,3014.568901
RAX00,elective,2021/22,91,389316.442870,4278.202668
RAX00,elective,2022/23,43,189264.279428,4401.494870
RAX00,non_elective,2015/16,8,18960.104040,2370.013005
RAX01,elective,2012/13,376,136197.049947,362.226196
RAX01,elective,2013/14,3702,8811991.756921,2380.332727
RAX01,elective,2014/15,3814,9061049.513096,2375.734009
RAX01,elective,2015/16,3634,10756332.117361,2959.915277
RAX01,elective,2016/17,4250,12037307.296984,2832.307599
RAX01,elective,2017/18,3643,10803590.280477,2965.575152
RAX01,elective,2018/19,3939,12676184.967521,3218.122611
RAX01,elective,2019/20,3562,10840409.130250,3043.348997
RAX01,elective,2020/21,1637,5201132.176583,3177.234072
RAX01,elective,2021/22,2078,7852432.222174,3778.841300
RAX01,elective,2022/23,2116,8220347.793596,3884.852454
RAX01,elective,2023/24,1506,6023891.140808,3999.927716
RAX01,non_elective,2012/13,4551,486990.398583,107.007338
RAX01,non_elective,2013/14,21620,44667538.786106,2066.028621
RAX01,non_elective,2014/15,20785,44971158.933034,2163.635262
RAX01,non_elective,2015/16,23302,60793161.945901,2608.924639
RAX01,non_elective,2016/17,23616,60998433.016390,2582.928227
RAX01,non_elective,2017/18,27111,68627856.656295,2531.365742
RAX01,non_elective,2018/19,30254,76862228.503052,2540.564173
RAX01,non_elective,2019/20,32771,79734764.753304,2433.089156
RAX01,non_elective,2020/21,27028,64539365.754752,2387.870569
RAX01,non_elective,2021/22,33120,77061530.646750,2326.737036
RAX01,non_elective,2022/23,28101,75585106.780045,2689.765730
RAX01,non_elective,2023/24,17986,49627749.126424,2759.243251
RAX04,elective,2021/22,10,16337.520306,1633.752030
RAX04,elective,2022/23,10,44736.157890,4473.615789
RAX99,elective,2013/14,31,88614.842562,2858.543308
RAX99,elective,2014/15,81,286016.099171,3531.062952
RAX99,non_elective,2012/13,6,2834.042399,472.340399
RAX99,non_elective,2013/14,32,48892.363330,1527.886354
RAX99,non_elective,2014/15,26,51028.460903,1962.633111
RBA00,elective,2013/14,15,17381.842400,1158.789493
RBA00,elective,2015/16,28,166138.044660,5933.501595
RBA00,non_elective,2013/14,2,6864.180180,3432.090090
RBA00,non_elective,2014/15,8,20175.499890,2521.937486
RBA00,non_elective,2015/16,11,49868.407456,4533.491586
RBA11,elective,2012/13,1173,125195.603130,106.731119
RBA11,elective,2013/14,8180,23219018.563634,2838.510826
RBA11,elective,2014/15,7267,21162612.286864,2912.152509
RBA11,elective,2015/16,7458,26889530.144728,3605.461269
RBA11,elective,2016/17,6179,24085900.951265,3898.025724
RBA11,elective,2017/18,6189,22096997.996298,3570.366456
RBA11,elective,2018/19,5996,23100736.327794,3852.691182
RBA11,elective,2019/20,6164,22738032.775086,3688.843733
RBA11,non_elective,2012/13,2998,838053.998340,279.537691
RBA11,non_elective,2013/14,31652,53745977.844390,1698.027860
RBA11,non_elective,2014/15,32238,55436509.472135,1719.601385
RBA11,non_elective,2015/16,35984,73637822.896983,2046.404593
RBA11,non_elective,2016/17,37057,82316747.041898,2221.354859
RBA11,non_elective,2017/18,40669,90031738.666970,2213.768193
RBA11,non_elective,2018/19,42241,93858539.245462,2221.977208
RBA11,non_elective,2019/20,40824,94841862.178558,2323.188863
RBA1E,elective,2014/15,23,41204.645950,1791.506345
RBA1E,elective,2015/16,55,290545.352118,5282.642765
RBA1E,elective,2016/17,81,505734.714863,6243.638455
RBA1E,elective,2017/18,92,536940.884144,5836.313958
RBA95,elective,2013/14,33,50622.556530,1534.016864
RBA95,elective,2014/15,81,240437.396390,2968.362918
RBA95,elective,2015/16,91,483223.746957,5310.151065
RBA95,elective,2016/17,66,382667.766208,5797.996457
RBA95,elective,2017/18,50,346627.584079,6932.551681
RBA95,elective,2018/19,13,93453.428796,7188.725292
RBA95,elective,2019/20,16,78090.695095,4880.668443
RBAC2,elective,2017/18,1,4646.092675,4646.092675
RBAC2,elective,2018/19,1,5527.552492,5527.552492
RBAC2,non_elective,2015/16,27,71881.023522,2662.260130
RBAC2,non_elective,2016/17,27,146399.158864,5422.191069
RBAC2,non_elective,2017/18,33,185919.498009,5633.924182
RBAC2,non_elective,2018/19,31,142390.541251,4593.243266
RBAC2,non_elective,2019/20,13,138019.580321,10616.890793
RBAC3,elective,2014/15,1,1425.146320,1425.146320
RBAC3,elective,2015/16,68,29353.961609,431.675906
RBAC3,elective,2016/17,56,23463.027567,418.982635
RBAC3,elective,2017/18,13,3959.820662,304.601589
RBAC3,elective,2018/19,15,7380.798397,492.053226
RBAC3,elective,2019/20,13,8469.904814,651.531139
RBAC6,elective,2015/16,1,610.481004,610.481004
RBAC6,elective,2016/17,3,2692.138169,897.379389
RBAC6,elective,2017/18,4,1592.649422,398.162355
RBAC6,elective,2018/19,3,2283.074367,761.024789
RBAC6,elective,2019/20,3,1652.866936,550.955645
RBAC6,non_elective,2015/16,1,311.469900,311.469900
RBAD3,elective,2017/18,57,409189.428193,7178.761898
RBAD3,elective,2018/19,65,361952.941392,5568.506790
RBAD3,elective,2019/20,48,246183.732494,5128.827760
RBAE1,elective,2013/14,8,8527.194130,1065.899266
RBB01,elective,2012/13,28,1865.184780,66.613742
RBB01,elective,2013/14,321,595111.688048,1853.930492
RBB01,elective,2014/15,266,451499.062412,1697.364896
RBB01,non_elective,2012/13,9,1767.248824,196.360980
RBB01,non_elective,2013/14,65,153805.667888,2366.241044
RBB01,non_elective,2014/15,57,142700.390720,2503.515626
RBD01,elective,2012/13,740,92913.062648,125.558192
RBD01,elective,2013/14,4844,13862277.199013,2861.741783
RBD01,elective,2014/15,4573,13735149.843132,3003.531564
RBD01,elective,2015/16,4202,15713183.205374,3739.453404
RBD01,elective,2016/17,4367,15283623.175526,3499.799215
RBD01,elective,2017/18,3922,14847824.184893,3785.778731
RBD01,elective,2018/19,3446,12641722.132847,3668.520642
RBD01,elective,2019/20,3258,11703558.187912,3592.252359
RBD01,elective,2020/21,1960,6459542.175232,3295.684783
RBD01,elective,2021/22,2490,9788412.743427,3931.089455
RBD01,elective,2022/23,2142,8944404.771420,4175.725850
RBD01,elective,2023/24,1510,6115449.427412,4049.966508
RBD01,non_elective,2012/13,2742,419270.836712,152.906942
RBD01,non_elective,2013/14,18082,33550259.292664,1855.450685
RBD01,non_elective,2014/15,19618,34558687.460004,1761.580561
RBD01,non_elective,2015/16,21204,43113616.739754,2033.277529
RBD01,non_elective,2016/17,22099,43723605.129142,1978.533197
RBD01,non_elective,2017/18,21275,43285416.716846,2034.567178
RBD01,non_elective,2018/19,20948,42655394.006864,2036.251384
RBD01,non_elective,2019/20,22275,48875180.984773,2194.171985
RBD01,non_elective,2020/21,18306,46537951.052056,2542.223918
RBD01,non_elective,2021/22,22136,54453333.969253,2459.944613
RBD01,non_elective,2022/23,20734,53864663.426786,2597.890586
RBD01,non_elective,2023/24,14852,33256170.069980,2239.171160
RBD05,elective,2013/14,3,9589.701408,3196.567136
RBD05,elective,2014/15,3,11181.700768,3727.233589
RBD05,elective,2015/16,2,7969.405946,3984.702973
RBD05,elective,2016/17,2,5449.175258,2724.587629
RBD05,elective,2017/18,1,3772.109984,3772.109984
RBD05,elective,2018/19,3,7867.484852,2622.494950
RBD05,elective,2019/20,1,627.998660,627.998660
RBD42,elective,2013/14,1,262.889368,262.889368
RBD42,elective,2014/15,1,681.836568,681.836568
RBD42,elective,2015/16,1,276.937114,276.937114
RBD42,elective,2016/17,2,768.011476,384.005738
RBD42,elective,2022/23,1,1197.315478,1197.315478
RBD44,elective,2013/14,1,2487.499000,2487.499000
RBD46,elective,2019/20,31,209265.625608,6750.504051
RBD49,elective,2013/14,1,2487.499000,2487.499000
RBD49,elective,2014/15,1,4754.003352,4754.003352
RBK00,elective,2015/16,12,19675.141752,1639.595146
RBK00,elective,2017/18,5,47674.026792,9534.805358
RBK00,elective,2020/21,2,2876.836704,1438.418352
RBK00,elective,2021/22,3,3502.682064,1167.560688
RBK00,non_elective,2017/18,378,2197769.864976,5814.205992
RBK00,non_elective,2020/21,2,5576.179560,2788.089780
RBK02,elective,2012/13,624,127681.534305,204.617843
RBK02,elective,2013/14,3917,11375610.486598,2904.164025
RBK02,elective,2014/15,3743,10555362.637830,2820.027421
RBK02,elective,2015/16,3537,13018813.489588,3680.750209
RBK02,elective,2016/17,3311,12243284.233147,3697.760263
RBK02,elective,2017/18,3550,11430748.555894,3219.929170
RBK02,elective,2018/19,3183,12904410.240249,4054.165956
RBK02,elective,2019/20,3218,12693748.527264,3944.607994
RBK02,elective,2020/21,2231,8487726.058056,3804.449151
RBK02,elective,2021/22,4204,17643786.712668,4196.904546
RBK02,elective,2022/23,3338,13813743.941928,4138.329521
RBK02,elective,2023/24,1527,6226312.849848,4077.480582
RBK02,non_elective,2012/13,3338,726106.426671,217.527389
RBK02,non_elective,2013/14,26837,47522029.562112,1770.765344
RBK02,non_elective,2014/15,28343,50876738.900052,1795.037183
RBK02,non_elective,2015/16,30087,65626061.345544,2181.209869
RBK02,non_elective,2016/17,31167,70565411.446488,2264.106633
RBK02,non_elective,2017/18,32548,68480393.265984,2103.981604
RBK02,non_elective,2018/19,33178,67961544.183149,2048.391831
RBK02,non_elective,2019/20,35573,71317822.231824,2004.830130
RBK02,non_elective,2020/21,33158,61667826.095168,1859.817422
RBK02,non_elective,2021/22,42283,80040054.598224,1892.960636
RBK02,non_elective,2022/23,42497,83865288.126984,1973.440198
RBK02,non_elective,2023/24,30886,54362374.595760,1760.097603
RBK49,elective,2020/21,4,16878.331176,4219.582794
RBK49,elective,2021/22,2,20986.339080,10493.169540
RBK49,elective,2022/23,11,62544.522936,5685.865721
RBK49,elective,2023/24,1,3768.409848,3768.409848
RBK49,non_elective,2020/21,3,9533.368992,3177.789664
RBK49,non_elective,2021/22,13,49334.055960,3794.927381
RBK49,non_elective,2022/23,6,19024.672968,3170.778828
RBK49,non_elective,2023/24,1,9860.655336,9860.655336
RBK83,elective,2020/21,95,314997.203472,3315.760036
RBK83,elective,2021/22,203,667917.557832,3290.234275
RBK83,elective,2022/23,146,618666.605928,4237.442506
RBK83,elective,2023/24,110,442981.553616,4027.105032
RBK83,non_elective,2021/22,7,15306.535944,2186.647992
RBK83,non_elective,2022/23,40,29948.239440,748.705986
RBK83,non_elective,2023/24,16,11686.892616,730.430788
RBK87,elective,2014/15,2,2799.094518,1399.547259
RBK87,elective,2015/16,14,39907.388472,2850.527748
RBK88,elective,2015/16,8,17352.332088,2169.041511
RBK88,elective,2016/17,10,27864.482184,2786.448218
RBK90,elective,2014/15,27,134711.337093,4989.308781
RBK90,elective,2020/21,214,1055033.610194,4930.063599
RBK91,elective,2014/15,39,213686.971740,5479.153121
RBK91,elective,2015/16,55,344455.026384,6262.818661
RBKPC,elective,2018/19,6,3553.980864,592.330144
RBKPC,elective,2019/20,1,457.585296,457.585296
RBL00,elective,2019/20,1,3931.594226,3931.594226
RBL00,non_elective,2014/15,1,944.327376,944.327376
RBL00,non_elective,2016/17,1,2302.072148,2302.072148
RBL00,non_elective,2017/18,1,1162.330808,1162.330808
RBL00,non_elective,2018/19,1,5423.525908,5423.525908
RBL00,non_elective,2019/20,1,2805.201208,2805.201208
RBL00,non_elective,2020/21,4,10214.546712,2553.636678
RBL00,non_elective,2021/22,1,2805.201208,2805.201208
RBL00,non_elective,2022/23,1,2805.201208,2805.201208
RBL14,elective,2012/13,1006,135803.418672,134.993457
RBL14,elective,2013/14,5627,19844423.967373,3526.643676
RBL14,elective,2014/15,5563,22066870.177661,3966.721225
RBL14,elective,2015/16,5577,29068579.478726,5212.225117
RBL14,elective,2016/17,5673,28983418.354913,5109.010815
RBL14,elective,2017/18,4985,24416769.690501,4898.048082
RBL14,elective,2018/19,4901,19392742.867420,3956.895096
RBL14,elective,2019/20,4600,17251771.884605,3750.385192
RBL14,elective,2020/21,2924,10757631.889517,3679.080673
RBL14,elective,2021/22,3975,17057271.544102,4291.137495
RBL14,elective,2022/23,3993,16278124.341594,4076.665249
RBL14,elective,2023/24,2997,11701349.824937,3904.354295
RBL14,non_elective,2012/13,7601,920662.054080,121.123806
RBL14,non_elective,2013/14,46722,76257678.944806,1632.157847
RBL14,non_elective,2014/15,47724,75269146.084716,1577.175971
RBL14,non_elective,2015/16,47689,100083251.832540,2098.665349
RBL14,non_elective,2016/17,47555,103577071.368775,2178.047973
RBL14,non_elective,2017/18,49042,111724478.977229,2278.138717
RBL14,non_elective,2018/19,48359,113129721.450303,2339.372639
RBL14,non_elective,2019/20,46763,101395469.859889,2168.284110
RBL14,non_elective,2020/21,43391,98453269.637906,2268.979042
RBL14,non_elective,2021/22,47592,111892561.263486,2351.079199
RBL14,non_elective,2022/23,43910,114911922.918860,2616.987540
RBL14,non_elective,2023/24,29803,77658401.921201,2605.724320
RBL20,elective,2012/13,179,80217.961488,448.145036
RBL20,elective,2013/14,2182,9352353.946846,4286.138380
RBL20,elective,2014/15,2049,8933155.975240,4359.763775
RBL20,elective,2015/16,1955,10562466.617754,5402.796223
RBL20,elective,2016/17,1878,9171000.198244,4883.386687
RBL20,elective,2017/18,1723,7937776.821748,4606.951144
RBL20,elective,2018/19,1943,9279480.357999,4775.851959
RBL20,elective,2019/20,1770,7472593.303664,4221.804126
RBL20,elective,2020/21,811,3680611.118103,4538.361427
RBL20,elective,2021/22,1347,6185778.909447,4592.263481
RBL20,elective,2022/23,1474,6803165.344572,4615.444602
RBL20,elective,2023/24,869,3626429.313918,4173.106230
RBL20,non_elective,2013/14,264,2057326.515328,7792.903467
RBL20,non_elective,2014/15,224,1061538.914772,4739.013012
RBL20,non_elective,2015/16,123,1162914.026992,9454.585585
RBL20,non_elective,2016/17,86,661363.149370,7690.269178
RBL20,non_elective,2017/18,43,154588.970670,3595.092341
RBL20,non_elective,2018/19,58,64618.200008,1114.106896
RBL20,non_elective,2019/20,80,662659.990192,8283.249877
RBL20,non_elective,2020/21,144,2302441.793840,15989.179123
RBL20,non_elective,2021/22,144,1301296.081166,9036.778341
RBL20,non_elective,2022/23,208,219426.904594,1054.937041
RBL20,non_elective,2023/24,51,37699.768504,739.211147
RBL99,elective,2021/22,286,1714586.826930,5995.058835
RBL99,elective,2022/23,359,2365508.508114,6589.160189
RBL99,elective,2023/24,100,671187.514362,6711.875143
RBN01,elective,2012/13,573,165546.524059,288.911909
RBN01,elective,2013/14,7345,19135295.650288,2605.213839
RBN01,elective,2014/15,7275,19923526.477285,2738.629069
RBN01,elective,2015/16,6451,23422077.939864,3630.767003
RBN01,elective,2016/17,6889,25989152.080921,3772.558002
RBN01,elective,2017/18,6358,24892160.418134,3915.092862
RBN01,elective,2018/19,5892,24375563.834612,4137.061071
RBN01,elective,2019/20,5663,23353787.211286,4123.924988
RBN01,elective,2020/21,3128,13003718.340363,4157.198957
RBN01,elective,2021/22,4989,20943631.524124,4197.961820
RBN01,elective,2022/23,4743,19886055.988361,4192.716843
RBN01,elective,2023/24,3404,15295248.173041,4493.316149
RBN01,non_elective,2012/13,8111,670304.302263,82.641388
RBN01,non_elective,2013/14,47632,70574285.817336,1481.656991
RBN01,non_elective,2014/15,49863,74415236.980778,1492.393898
RBN01,non_elective,2015/16,51030,97295155.471544,1906.626601
RBN01,non_elective,2016/17,52808,102267034.513492,1936.582232
RBN01,non_elective,2017/18,56608,107629595.539997,1901.314223
RBN01,non_elective,2018/19,60158,110297761.333039,1833.467890
RBN01,non_elective,2019/20,57727,113650486.887187,1968.757892
RBN01,non_elective,2020/21,52758,101119417.527292,1916.665103
RBN01,non_elective,2021/22,57139,113614578.291845,1988.389336
RBN01,non_elective,2022/23,61106,123406363.690176,2019.545767
RBN01,non_elective,2023/24,45255,87091047.214762,1924.451380
RBN02,elective,2012/13,50,2758.917505,55.178350
RBN02,elective,2013/14,692,1188452.958566,1717.417570
RBN02,elective,2014/15,664,1186588.243077,1787.030486
RBN02,elective,2015/16,460,1108719.232626,2410.259201
RBN02,elective,2016/17,330,759171.266003,2300.518987
RBN02,elective,2017/18,533,1253491.316170,2351.766071
RBN02,elective,2018/19,463,1093916.724510,2362.671111
RBN02,elective,2019/20,356,852411.109880,2394.413230
RBN02,elective,2020/21,418,1139509.612360,2726.099551
RBN02,elective,2021/22,326,717365.110181,2200.506472
RBN02,elective,2022/23,278,786451.782570,2828.963246
RBN02,elective,2023/24,275,613934.907694,2232.490573
RBN02,non_elective,2012/13,46,75601.641120,1643.513937
RBN02,non_elective,2013/14,309,929431.847795,3007.870057
RBN02,non_elective,2014/15,361,1041726.575854,2885.669185
RBN02,non_elective,2015/16,330,1209661.483990,3665.640860
RBN02,non_elective,2016/17,331,1126708.115690,3403.952011
RBN02,non_elective,2017/18,313,848911.820920,2712.178341
RBN02,non_elective,2018/19,52,58555.318800,1126.063823
RBN02,non_elective,2019/20,30,70509.847240,2350.328241
RBN02,non_elective,2020/21,33,36589.852840,1108.783419
RBN02,non_elective,2021/22,61,50119.680290,821.634103
RBN02,non_elective,2022/23,47,24240.210110,515.749151
RBN02,non_elective,2023/24,12,4908.495540,409.041295
RBN03,non_elective,2020/21,28,10191.472770,363.981170
RBN0A,elective,2020/21,98,647890.462380,6611.127167
RBN0A,elective,2021/22,64,427898.459770,6685.913433
RBN0A,elective,2022/23,33,208103.498490,6306.166620
RBN51,elective,2023/24,236,924731.447137,3918.353589
RBN51,non_elective,2023/24,8795,15548621.741721,1767.893319
RBN52,elective,2022/23,74,522414.337110,7059.653204
RBN52,elective,2023/24,574,2099295.331081,3657.308939
RBN52,non_elective,2023/24,1949,2233867.647543,1146.160927
RBQHQ,elective,2012/13,346,443631.503880,1282.171976
RBQHQ,elective,2013/14,3663,22590752.238670,6167.281528
RBQHQ,elective,2014/15,3642,22079199.074774,6062.383051
RBQHQ,elective,2015/16,3799,33641027.807639,8855.232378
RBQHQ,elective,2016/17,3727,33754446.360857,9056.733662
RBQHQ,elective,2017/18,3767,35381307.902183,9392.436395
RBQHQ,elective,2018/19,3704,35547557.145955,9597.072663
RBQHQ,elective,2019/20,3701,34937328.019819,9439.969743
RBQHQ,elective,2020/21,2722,25668323.887074,9429.949995
RBQHQ,elective,2021/22,3571,34253014.905382,9591.995212
RBQHQ,elective,2022/23,4063,36243712.196093,8920.431256
RBQHQ,elective,2023/24,2740,23947575.868663,8739.991192
RBQHQ,non_elective,2012/13,258,216644.405660,839.706998
RBQHQ,non_elective,2013/14,3096,12315365.313060,3977.831173
RBQHQ,non_elective,2014/15,3089,12559295.440209,4065.812703
RBQHQ,non_elective,2015/16,3291,19348766.024151,5879.296877
RBQHQ,non_elective,2016/17,3514,22367900.019586,6365.367108
RBQHQ,non_elective,2017/18,3932,26142421.124898,6648.632025
RBQHQ,non_elective,2018/19,2946,19122627.393139,6491.047994
RBQHQ,non_elective,2019/20,2466,16300307.155466,6610.019122
RBQHQ,non_elective,2020/21,2465,17028136.468741,6907.966113
RBQHQ,non_elective,2021/22,2678,18907400.032362,7060.268869
RBQHQ,non_elective,2022/23,1872,12833165.976936,6855.323705
RBQHQ,non_elective,2023/24,1376,9963013.009128,7240.561779
RBS25,elective,2012/13,804,170475.930516,212.034739
RBS25,elective,2013/14,5422,20415858.341792,3765.374094
RBS25,elective,2014/15,5493,21043576.219594,3830.980560
RBS25,elective,2015/16,5272,23969480.912604,4546.563147
RBS25,elective,2016/17,5131,25398587.174605,4950.026734
RBS25,elective,2017/18,5021,24856621.066720,4950.531979
RBS25,elective,2018/19,5125,27862060.614279,5436.499632
RBS25,elective,2019/20,5067,28021863.874896,5530.267194
RBS25,elective,2020/21,54,909567.582405,16843.844118
RBS25,elective,2021/22,4924,28253088.315418,5737.832720
RBS25,elective,2022/23,4649,27499624.546039,5915.169831
RBS25,elective,2023/24,3048,17712086.371732,5811.051959
RBS25,non_elective,2012/13,1886,340132.490584,180.345965
RBS25,non_elective,2013/14,13752,21673701.001009,1576.039921
RBS25,non_elective,2014/15,14224,23706839.470165,1666.678815
RBS25,non_elective,2015/16,12422,28329342.844355,2280.578235
RBS25,non_elective,2016/17,16610,33517692.286802,2017.922473
RBS25,non_elective,2017/18,16011,34566971.349119,2158.951430
RBS25,non_elective,2018/19,16720,38461355.791735,2300.320322
RBS25,non_elective,2019/20,15768,37600587.838749,2384.613637
RBS25,non_elective,2020/21,93,544716.672785,5857.168524
RBS25,non_elective,2021/22,15722,39724476.988833,2526.680892
RBS25,non_elective,2022/23,15570,40026218.143267,2570.726919
RBS25,non_elective,2023/24,9744,24086571.480414,2471.938780
RBT20,elective,2012/13,495,133982.001489,270.670710
RBT20,elective,2013/14,3513,9891284.627746,2815.623292
RBT20,elective,2014/15,3376,9304246.022051,2755.997044
RBT20,elective,2015/16,3139,11995157.646539,3821.330884
RBT20,elective,2016/17,2935,12234468.676425,4168.473143
RBT20,elective,2017/18,2548,10434188.654855,4095.050492
RBT20,elective,2018/19,2468,11087560.195612,4492.528442
RBT20,elective,2019/20,2170,9930433.902626,4576.236821
RBT20,elective,2020/21,344,836124.988233,2430.595896
RBT20,elective,2021/22,362,686991.389829,1897.766270
RBT20,elective,2022/23,321,1024979.533356,3193.082658
RBT20,elective,2023/24,265,410415.795200,1548.738849
RBT20,non_elective,2012/13,3914,656224.061136,167.660720
RBT20,non_elective,2013/14,32303,44446091.188051,1375.912181
RBT20,non_elective,2014/15,32602,46542726.096791,1427.603401
RBT20,non_elective,2015/16,35399,59292595.298968,1674.979386
RBT20,non_elective,2016/17,34558,60975678.173466,1764.444648
RBT20,non_elective,2017/18,35459,64444695.134357,1817.442543
RBT20,non_elective,2018/19,37839,65718120.096869,1736.782687
RBT20,non_elective,2019/20,38163,67556782.249127,1770.216760
RBT20,non_elective,2020/21,37881,68478198.372980,1807.718866
RBT20,non_elective,2021/22,40169,78752660.430195,1960.533257
RBT20,non_elective,2022/23,38152,79773165.045395,2090.930096
RBT20,non_elective,2023/24,27102,55442917.284659,2045.713131
RBT21,elective,2013/14,2,982.115113,491.057556
RBT21,elective,2015/16,2,896.750238,448.375119
RBT21,elective,2022/23,1,5221.217072,5221.217072
RBT21,elective,2023/24,3,6402.403660,2134.134553
RBT24,elective,2013/14,335,507195.137666,1514.015336
RBT24,elective,2014/15,219,319859.941152,1460.547676
RBT24,elective,2015/16,541,1230892.450408,2275.217098
RBT24,elective,2016/17,590,1747137.578499,2961.250133
RBT24,elective,2017/18,579,1925818.156020,3326.110804
RBT24,elective,2018/19,518,1687831.316975,3258.361615
RBT24,elective,2019/20,932,1915500.470487,2055.258015
RBT24,elective,2020/21,1389,5045139.159485,3632.209618
RBT24,elective,2021/22,2789,9848005.158592,3531.016550
RBT24,elective,2022/23,2322,10582571.506784,4557.524335
RBT24,elective,2023/24,1390,6948812.383843,4999.145599
RBT24,non_elective,2013/14,7,10231.322479,1461.617497
RBT24,non_elective,2014/15,2,1862.992005,931.496002
RBT24,non_elective,2015/16,2,7205.031324,3602.515662
RBT24,non_elective,2016/17,8,15305.002837,1913.125354
RBT24,non_elective,2017/18,12,15926.366972,1327.197247
RBT24,non_elective,2018/19,17,26956.291468,1585.664204
RBT24,non_elective,2019/20,26,41956.947410,1613.728746
RBT24,non_elective,2020/21,1,1788.328906,1788.328906
RBT24,non_elective,2021/22,7,20755.765214,2965.109316
RBT24,non_elective,2022/23,14,45320.112469,3237.150890
RBT24,non_elective,2023/24,10,27861.316218,2786.131621
RBTAQ,elective,2023/24,1,539.911908,539.911908
RBV00,elective,2018/19,1,397.410460,397.410460
RBV01,elective,2012/13,550,125253.064822,227.732845
RBV01,elective,2013/14,4489,9186163.043867,2046.371807
RBV01,elective,2014/15,4927,10758202.020735,2183.519793
RBV01,elective,2015/16,4894,13568789.163549,2772.535587
RBV01,elective,2016/17,4771,15989069.911279,3351.303691
RBV01,elective,2017/18,4288,15632347.787862,3645.603495
RBV01,elective,2018/19,3719,13348176.807425,3589.184406
RBV01,elective,2019/20,3901,13608697.707599,3488.515177
RBV01,elective,2020/21,3391,13666629.893177,4030.265376
RBV01,elective,2021/22,3757,14550352.432505,3872.864634
RBV01,elective,2022/23,4325,17694931.951258,4091.313745
RBV01,elective,2023/24,2668,9825733.964141,3682.808832
RBV01,non_elective,2012/13,747,288923.996851,386.779112
RBV01,non_elective,2013/14,3898,9296521.101189,2384.946408
RBV01,non_elective,2014/15,3757,9650013.502598,2568.542321
RBV01,non_elective,2015/16,4036,13272968.132780,3288.644235
RBV01,non_elective,2016/17,4886,16237015.876374,3323.171485
RBV01,non_elective,2017/18,6033,18210661.262590,3018.508414
RBV01,non_elective,2018/19,5836,18400075.056963,3152.857275
RBV01,non_elective,2019/20,5954,18793946.012064,3156.524355
RBV01,non_elective,2020/21,5586,16015433.378570,2867.066483
RBV01,non_elective,2021/22,6128,18168067.667053,2964.763000
RBV01,non_elective,2022/23,6887,19905758.028411,2890.338032
RBV01,non_elective,2023/24,4899,13837322.747441,2824.519850
RBV12,elective,2020/21,1,11954.002055,11954.002055
RBV12,elective,2021/22,1,576.245167,576.245167
RBV12,non_elective,2023/24,1,1631.474520,1631.474520
RBZ00,non_elective,2017/18,5,7784.654400,1556.930880
RBZ00,non_elective,2021/22,1,402.048000,402.048000
RBZ01,elective,2017/18,24,16847.821440,701.992560
RBZ01,elective,2018/19,7,5938.248960,848.321280
RBZ01,elective,2019/20,20,12149.890560,607.494528
RBZ01,elective,2020/21,13,10995.007680,845.769821
RBZ01,elective,2021/22,29,17424.760320,600.853804
RBZ01,non_elective,2018/19,1,625.184640,625.184640
RBZ01,non_elective,2019/20,3,1972.045440,657.348480
RBZ12,elective,2012/13,269,56336.011072,209.427550
RBZ12,elective,2013/14,3364,9680304.328402,2877.617220
RBZ12,elective,2014/15,3468,10399736.335912,2998.770569
RBZ12,elective,2015/16,3100,10786388.219338,3479.480070
RBZ12,elective,2016/17,3045,10332873.542246,3393.390325
RBZ12,elective,2017/18,3116,8586535.849258,2755.627679
RBZ12,elective,2018/19,4454,10295523.353405,2311.522980
RBZ12,elective,2019/20,3710,9593128.621440,2585.748954
RBZ12,elective,2020/21,3115,7738055.498967,2484.126965
RBZ12,elective,2021/22,3124,8359309.566950,2675.835328
RBZ12,non_elective,2012/13,1406,231716.301186,164.805335
RBZ12,non_elective,2013/14,15763,25763549.434604,1634.431861
RBZ12,non_elective,2014/15,16024,26976778.971216,1683.523400
RBZ12,non_elective,2015/16,16069,33660319.475435,2094.736416
RBZ12,non_elective,2016/17,16671,34767168.344064,2085.487873
RBZ12,non_elective,2017/18,20449,40065959.115763,1959.311414
RBZ12,non_elective,2018/19,20644,42032808.678384,2036.078699
RBZ12,non_elective,2019/20,20281,44232448.857581,2180.979678
RBZ12,non_elective,2020/21,17012,38937231.106560,2288.809728
RBZ12,non_elective,2021/22,19338,44102820.159476,2280.629856
RBZ51,elective,2012/13,1,98273.025394,98273.025394
RBZ51,elective,2013/14,1,8961.527818,8961.527818
RBZ51,elective,2014/15,1,435.282946,435.282946
RBZ51,elective,2018/19,32,27081.953280,846.311040
RBZ51,elective,2019/20,10,7964.570880,796.457088
RBZ51,non_elective,2018/19,3,4396.394880,1465.464960
RBZ79,elective,2013/14,10,12403.015466,1240.301546
RBZ79,non_elective,2013/14,1,680.957864,680.957864
RBZ80,elective,2014/15,16,7654.659582,478.416223
RBZ80,elective,2015/16,24,10465.309440,436.054560
RBZ80,elective,2016/17,20,18158.497920,907.924896
RBZ80,non_elective,2012/13,18,20715.186758,1150.843708
RBZ80,non_elective,2013/14,94,262175.913426,2789.105461
RBZ80,non_elective,2014/15,90,237387.000050,2637.633333
RBZ80,non_elective,2015/16,32,181157.803200,5661.181350
RBZ80,non_elective,2016/17,16,145434.833280,9089.677080
RBZ81,elective,2013/14,1,419.991976,419.991976
RBZ81,elective,2014/15,2,10414.169968,5207.084984
RBZ81,elective,2015/16,1,509.595840,509.595840
RBZ81,non_elective,2012/13,9,19789.573374,2198.841486
RBZ81,non_elective,2013/14,131,348395.576868,2659.508220
RBZ81,non_elective,2014/15,54,162441.429444,3008.174619
RBZ81,non_elective,2015/16,5,27627.733440,5525.546688
RBZ82,elective,2013/14,11,25753.051674,2341.186515
RBZ82,elective,2014/15,1,413.875588,413.875588
RBZ82,elective,2015/16,1,401.042880,401.042880
RBZ82,non_elective,2012/13,23,40751.454448,1771.802367
RBZ82,non_elective,2013/14,71,228019.964038,3211.548789
RBZ82,non_elective,2014/15,36,100875.548488,2802.098569
RBZ83,elective,2013/14,12,12813.832860,1067.819405
RBZ83,elective,2014/15,7,5127.571940,732.510277
RBZ83,elective,2015/16,17,17358.422400,1021.083670
RBZ83,elective,2016/17,9,29288.191680,3254.243520
RBZ83,non_elective,2012/13,17,32005.019608,1882.648212
RBZ83,non_elective,2013/14,112,361153.342838,3224.583418
RBZ83,non_elective,2014/15,91,335074.922592,3682.142006
RBZ83,non_elective,2015/16,59,309975.992640,5253.830383
RBZ83,non_elective,2016/17,21,116290.373760,5537.636845
RBZ84,elective,2013/14,7,12747.571990,1821.081712
RBZ84,elective,2014/15,4,9940.149898,2485.037474
RBZ84,elective,2015/16,2,1019.191680,509.595840
RBZ84,elective,2016/17,1,2482.646400,2482.646400
RBZ84,non_elective,2012/13,25,56314.603714,2252.584148
RBZ84,non_elective,2013/14,119,330090.246982,2773.867621
RBZ84,non_elective,2014/15,57,277343.487568,4865.675220
RBZ84,non_elective,2015/16,46,248350.075200,5398.914678
RBZ84,non_elective,2016/17,15,68960.278080,4597.351872
RBZ85,non_elective,2012/13,1,8002.274300,8002.274300
RBZ85,non_elective,2013/14,8,24740.789460,3092.598682
RBZ86,elective,2012/13,2,7566.991354,3783.495677
RBZ86,elective,2013/14,26,68924.556974,2650.944499
RBZ86,elective,2014/15,2,1938.894996,969.447498
RBZ86,elective,2015/16,3,6861.954240,2287.318080
RBZ86,non_elective,2012/13,17,20076.024212,1180.942600
RBZ86,non_elective,2013/14,82,234341.251036,2857.820134
RBZ86,non_elective,2014/15,66,251013.757292,3803.238746
RBZ86,non_elective,2015/16,71,401633.890560,5656.815360
RBZ86,non_elective,2016/17,25,122432.662080,4897.306483
RBZ87,elective,2013/14,17,14511.130530,853.595913
RBZ87,elective,2014/15,12,9558.895046,796.574587
RBZ87,elective,2015/16,1,509.595840,509.595840
RBZ87,non_elective,2012/13,16,22648.984764,1415.561547
RBZ87,non_elective,2013/14,98,274375.049292,2799.745400
RBZ87,non_elective,2014/15,45,169547.082010,3767.712933
RBZ87,non_elective,2015/16,23,98734.686509,4292.812456
RBZ87,non_elective,2016/17,5,18991.742400,3798.348480
RBZ88,elective,2013/14,2,811.440808,405.720404
RBZ88,elective,2014/15,1,1136.628770,1136.628770
RBZ88,non_elective,2013/14,5,15458.151272,3091.630254
RBZ88,non_elective,2014/15,1,4459.866250,4459.866250
RBZ89,non_elective,2013/14,2,5998.137832,2999.068916
RBZ91,elective,2013/14,3,1296.674256,432.224752
RBZ91,elective,2014/15,4,16314.445592,4078.611398
RBZ91,elective,2015/16,23,12471.528960,542.240389
RBZ91,elective,2016/17,26,14243.555520,547.829058
RBZ91,elective,2017/18,30,15686.907840,522.896928
RBZ91,elective,2018/19,3,1665.483840,555.161280
RBZ91,elective,2019/20,37,18861.076800,509.758832
RBZ91,elective,2020/21,14,10976.915520,784.065394
RBZ91,elective,2021/22,16,11710.653120,731.915820
RBZ91,non_elective,2013/14,26,78483.452020,3018.594308
RBZ91,non_elective,2014/15,19,55841.603042,2939.031739
RBZ92,elective,2013/14,24,14964.762640,623.531776
RBZ92,elective,2014/15,13,7161.270950,550.866996
RBZ92,elective,2015/16,24,10764.835200,448.534800
RBZ92,elective,2016/17,80,37430.668800,467.883360
RBZ92,elective,2017/18,24,13788.236160,574.509840
RBZ92,elective,2018/19,7,3220.404480,460.057782
RBZ92,elective,2019/20,40,16443.532022,411.088300
RBZ92,elective,2021/22,17,5804.568000,341.445176
RBZ92,non_elective,2012/13,7,20783.486424,2969.069489
RBZ92,non_elective,2013/14,95,304162.878250,3201.714507
RBZ92,non_elective,2014/15,70,232982.243694,3328.317767
RBZ92,non_elective,2015/16,76,346416.618240,4558.113397
RBZ92,non_elective,2016/17,96,413734.530240,4309.734690
RBZ92,non_elective,2017/18,3,2630.399040,876.799680
RBZ92,non_elective,2018/19,3,2237.397120,745.799040
RBZ92,non_elective,2019/20,1,1051.355520,1051.355520
RBZ93,elective,2013/14,4,5555.719100,1388.929775
RBZ93,elective,2014/15,5,6188.765258,1237.753051
RBZ93,elective,2015/16,1,475.421760,475.421760
RBZ93,non_elective,2012/13,30,107733.038834,3591.101294
RBZ93,non_elective,2013/14,122,476292.308142,3904.035312
RBZ93,non_elective,2014/15,95,439252.984240,4623.715623
RBZ93,non_elective,2015/16,43,223171.819200,5190.042306
RBZ95,elective,2013/14,31,15247.135886,491.843093
RBZ95,elective,2014/15,20,12699.660284,634.983014
RBZ95,elective,2017/18,3,12057.419520,4019.139840
RBZ95,non_elective,2012/13,5,4523.068926,904.613785
RBZ95,non_elective,2013/14,65,222331.723198,3420.488049
RBZ95,non_elective,2014/15,33,100607.446814,3048.710509
RBZ95,non_elective,2015/16,8,46232.504640,5779.063080
RBZ95,non_elective,2017/18,2,10928.669760,5464.334880
RBZ98,elective,2013/14,1,419.991976,419.991976
RBZ98,elective,2014/15,27,11681.281682,432.640062
RBZ98,elective,2015/16,1,509.595840,509.595840
RBZ98,elective,2016/17,1,300.530880,300.530880
RBZ98,elective,2017/18,1,421.145280,421.145280
RBZ98,elective,2018/19,2,1019.191680,509.595840
RBZ98,elective,2019/20,10,6151.334400,615.133440
RBZ98,elective,2020/21,8,3311.870400,413.983800
RBZ98,elective,2021/22,25,11054.309760,442.172390
RBZ98,non_elective,2012/13,1,3313.043500,3313.043500
RBZ98,non_elective,2013/14,10,39229.493234,3922.949323
RBZ98,non_elective,2019/20,2,874.454400,437.227200
RBZ98,non_elective,2021/22,1,674.435520,674.435520
RBZ99,elective,2013/14,22,15233.883712,692.449259
RBZ99,elective,2014/15,14,16468.374690,1176.312477
RBZ99,elective,2015/16,28,13524.894720,483.031954
RBZ99,elective,2016/17,23,25075.733760,1090.249293
RBZ99,elective,2017/18,19,40477.187520,2130.378290
RBZ99,elective,2018/19,51,141354.046080,2771.647962
RBZ99,elective,2019/20,35,31478.348160,899.381376
RBZ99,elective,2020/21,9,20638.128960,2293.125440
RBZ99,elective,2021/22,10,26161.263360,2616.126336
RBZ99,non_elective,2012/13,1,2489.369916,2489.369916
RBZ99,non_elective,2013/14,25,81831.155052,3273.246202
RBZ99,non_elective,2014/15,15,78890.101374,5259.340091
RBZ99,non_elective,2015/16,10,35068.636800,3506.863680
RBZ99,non_elective,2016/17,14,63406.990080,4529.070720
RBZ99,non_elective,2017/18,26,118562.950080,4560.113464
RBZ99,non_elective,2018/19,31,94627.022400,3052.484593
RBZ99,non_elective,2019/20,46,39866.074560,866.653794
RBZ99,non_elective,2020/21,137,93855.090240,685.073651
RBZ99,non_elective,2021/22,157,121688.873280,775.088364
RC100,elective,2013/14,67,270483.406401,4037.065767
RC100,elective,2014/15,337,1130819.030485,3355.546084
RC100,non_elective,2014/15,1750,3100188.063639,1771.536036
RC100,non_elective,2019/20,1,3842.542436,3842.542436
RC110,elective,2012/13,287,114618.477171,399.367516
RC110,elective,2013/14,3561,11334170.957502,3182.861824
RC110,elective,2014/15,3133,9963658.638971,3180.229377
RC110,elective,2015/16,3324,13178194.458288,3964.559102
RC110,elective,2016/17,2920,12156385.390676,4163.145681
RC110,elective,2017/18,2747,11584322.368998,4217.081313
RC110,elective,2018/19,2855,12500573.522888,4378.484596
RC110,elective,2019/20,2490,11071936.755255,4446.560945
RC110,non_elective,2012/13,1521,536255.437179,352.567677
RC110,non_elective,2013/14,17134,34522601.727363,2014.859444
RC110,non_elective,2014/15,18591,35445766.250588,1906.608910
RC110,non_elective,2015/16,22682,52876032.366695,2331.189152
RC110,non_elective,2016/17,25149,54201595.813509,2155.218728
RC110,non_elective,2017/18,27830,58872738.964816,2115.441572
RC110,non_elective,2018/19,28198,64839741.051880,2299.444678
RC110,non_elective,2019/20,28756,68483588.719253,2381.540851
RC300,elective,2013/14,365,1050439.062266,2877.915239
RC300,non_elective,2013/14,3401,5288574.895664,1555.005849
RC368,elective,2012/13,161,80326.007088,498.919298
RC368,elective,2013/14,1694,5359910.491396,3164.055780
RC368,elective,2014/15,1872,5358342.105242,2862.362235
RC368,non_elective,2012/13,3562,464051.056086,130.278230
RC368,non_elective,2013/14,18284,29686686.299600,1623.642873
RC368,non_elective,2014/15,19969,33513116.042754,1678.257100
RC900,elective,2012/13,15,72529.316895,4835.287793
RC900,elective,2013/14,1599,4048142.552870,2531.671390
RC900,elective,2020/21,62,285970.519296,4612.427730
RC900,elective,2021/22,161,843545.890963,5239.415471
RC900,elective,2022/23,101,622311.235920,6161.497385
RC900,elective,2023/24,46,189746.938656,4124.933449
RC900,non_elective,2012/13,418,648981.837415,1552.588127
RC900,non_elective,2013/14,8506,14463232.814690,1700.356550
RC900,non_elective,2020/21,17,80493.014448,4734.883202
RC900,non_elective,2021/22,82,350463.299171,4273.942672
RC900,non_elective,2023/24,15,71437.939056,4762.529270
RC901,elective,2012/13,470,11098.465355,23.613756
RC901,elective,2013/14,1277,3374589.405483,2642.591546
RC901,non_elective,2012/13,5298,106187.678820,20.042974
RC901,non_elective,2013/14,6006,9816077.844730,1634.378595
RC971,elective,2013/14,4270,11210504.581210,2625.410908
RC971,elective,2014/15,7363,18642647.362510,2531.936352
RC971,elective,2015/16,7262,22917518.126841,3155.813567
RC971,elective,2016/17,8020,24295495.210853,3029.363492
RC971,elective,2017/18,6804,24345669.969112,3578.140794
RC971,elective,2018/19,6680,24596417.950197,3682.098495
RC971,elective,2019/20,5596,20973638.712179,3747.969748
RC971,elective,2020/21,3499,13843051.447451,3956.287924
RC971,elective,2021/22,6202,23319521.201488,3760.000193
RC971,elective,2022/23,5838,21635221.147343,3705.930309
RC971,elective,2023/24,4395,14455804.023958,3289.147673
RC971,non_elective,2013/14,21696,36455719.643250,1680.296812
RC971,non_elective,2014/15,37646,64419658.077234,1711.195295
RC971,non_elective,2015/16,39828,81466593.677322,2045.460321
RC971,non_elective,2016/17,43481,88065786.148266,2025.385482
RC971,non_elective,2017/18,46727,99246135.315737,2123.956926
RC971,non_elective,2018/19,48755,107182145.939165,2198.382646
RC971,non_elective,2019/20,50473,113566285.334615,2250.040325
RC971,non_elective,2020/21,38544,95690341.812934,2482.626136
RC971,non_elective,2021/22,46601,109617712.462413,2352.260948
RC971,non_elective,2022/23,47970,115509923.209104,2407.961709
RC971,non_elective,2023/24,33991,78977983.661287,2323.496915
RC978,elective,2019/20,1,14485.546944,14485.546944
RC978,elective,2020/21,24,83676.875040,3486.536460
RC978,non_elective,2019/20,20,60733.561680,3036.678084
RC978,non_elective,2020/21,1449,2884126.229424,1990.425279
RC979,elective,2019/20,4,24934.700736,6233.675184
RC979,elective,2020/21,1148,4632551.391345,4035.323511
RC979,elective,2021/22,2220,9420570.062702,4243.500028
RC979,elective,2022/23,1967,8941553.947162,4545.782382
RC979,elective,2023/24,1613,7055956.253445,4374.430411
RC979,non_elective,2019/20,105,322231.570848,3068.872103
RC979,non_elective,2020/21,19427,45466737.973356,2340.389044
RC979,non_elective,2021/22,24788,60112411.389681,2425.060972
RC979,non_elective,2022/23,24444,67850473.132145,2775.751641
RC979,non_elective,2023/24,20088,54107500.750001,2693.523533
RCB00,elective,2013/14,3,16820.761214,5606.920404
RCB00,elective,2014/15,63,65470.369230,1039.212210
RCB00,elective,2015/16,163,383459.372803,2352.511489
RCB00,elective,2016/17,82,205647.680368,2507.898541
RCB00,elective,2017/18,51,93352.035868,1830.432075
RCB00,elective,2018/19,10,22329.911994,2232.991199
RCB00,elective,2019/20,1,297.403990,297.403990
RCB00,elective,2020/21,98,370339.754720,3778.977088
RCB00,elective,2022/23,1,343.552885,343.552885
RCB00,non_elective,2019/20,3,3120.690833,1040.230277
RCB00,non_elective,2020/21,11,9484.110688,862.191880
RCB00,non_elective,2021/22,1,1200.896801,1200.896801
RCB00,non_elective,2022/23,2,1521.888004,760.944002
RCB05,elective,2012/13,5,9222.620598,1844.524119
RCB05,elective,2013/14,50,190201.685480,3804.033709
RCB05,elective,2014/15,3,10173.939238,3391.313079
RCB05,elective,2015/16,8,20369.096722,2546.137090
RCB05,elective,2022/23,1,7207.431868,7207.431868
RCB05,elective,2023/24,1,4777.948929,4777.948929
RCB05,non_elective,2012/13,5,12274.078540,2454.815708
RCB05,non_elective,2013/14,50,153842.700676,3076.854013
RCB05,non_elective,2014/15,2,6893.958014,3446.979007
RCB05,non_elective,2015/16,5,13983.115185,2796.623037
RCB05,non_elective,2022/23,2,6121.394539,3060.697269
RCB05,non_elective,2023/24,4,11840.780926,2960.195231
RCB07,elective,2012/13,15,34541.138968,2302.742597
RCB07,elective,2013/14,77,277120.153874,3598.963037
RCB07,elective,2014/15,5,13655.558652,2731.111730
RCB07,elective,2015/16,4,17515.043949,4378.760987
RCB07,elective,2019/20,1,2509.474357,2509.474357
RCB07,elective,2020/21,1,1062.450116,1062.450116
RCB07,elective,2021/22,1,1062.450116,1062.450116
RCB07,elective,2022/23,3,5892.701126,1964.233708
RCB07,non_elective,2012/13,5,22105.749876,4421.149975
RCB07,non_elective,2013/14,52,163895.657000,3151.839557
RCB07,non_elective,2014/15,5,9286.731202,1857.346240
RCB07,non_elective,2015/16,5,35174.687769,7034.937553
RCB14,elective,2020/21,1,318.940141,318.940141
RCB14,elective,2021/22,5,6360.343262,1272.068652
RCB14,elective,2022/23,5,2565.878562,513.175712
RCB14,elective,2023/24,2,540.454837,270.227418
RCB55,elective,2012/13,641,241042.428494,376.041230
RCB55,elective,2013/14,6741,17189294.899566,2549.962156
RCB55,elective,2014/15,6120,15204063.407257,2484.324086
RCB55,elective,2015/16,5709,19289751.905760,3378.832003
RCB55,elective,2016/17,5467,20378159.083073,3727.484741
RCB55,elective,2017/18,5325,18856206.306529,3541.071606
RCB55,elective,2018/19,5358,19273265.048943,3597.100606
RCB55,elective,2019/20,5376,19219838.288596,3575.118729
RCB55,elective,2020/21,2487,8246597.353920,3315.881525
RCB55,elective,2021/22,3951,13048817.227693,3302.661915
RCB55,elective,2022/23,4366,15428141.342931,3533.701636
RCB55,elective,2023/24,2976,10599356.021840,3561.611566
RCB55,non_elective,2012/13,7249,721283.588596,99.501115
RCB55,non_elective,2013/14,33437,59952570.065144,1793.000869
RCB55,non_elective,2014/15,34900,62932330.325482,1803.218633
RCB55,non_elective,2015/16,37944,81448234.113538,2146.537900
RCB55,non_elective,2016/17,39361,83088317.108606,2110.930035
RCB55,non_elective,2017/18,40133,87727941.298498,2185.930314
RCB55,non_elective,2018/19,42214,94522402.365003,2239.124517
RCB55,non_elective,2019/20,42512,99294984.331341,2335.693082
RCB55,non_elective,2020/21,35331,81262519.966367,2300.034529
RCB55,non_elective,2021/22,40147,94305777.595661,2349.011821
RCB55,non_elective,2022/23,38594,94972155.127983,2460.801034
RCB55,non_elective,2023/24,27456,69055742.306883,2515.142129
RCBAW,elective,2012/13,3,27438.304470,9146.101490
RCBAW,elective,2013/14,24,79321.361820,3305.056742
RCBAW,elective,2014/15,1,7017.009012,7017.009012
RCBAW,elective,2015/16,2,9948.676231,4974.338115
RCBAW,non_elective,2012/13,16,42637.687828,2664.855489
RCBAW,non_elective,2013/14,114,398671.790974,3497.120973
RCBAW,non_elective,2014/15,9,24448.889048,2716.543227
RCBAW,non_elective,2015/16,8,40118.772720,5014.846590
RCBCA,elective,2012/13,15,68523.895256,4568.259683
RCBCA,elective,2013/14,2395,7131423.691216,2977.629933
RCBCA,elective,2014/15,1690,3433540.619876,2031.680840
RCBCA,elective,2015/16,1626,4461546.679821,2743.878646
RCBCA,elective,2016/17,1595,4349841.371985,2727.173273
RCBCA,elective,2017/18,1372,3751142.240223,2734.068688
RCBCA,elective,2018/19,1360,3573910.147143,2627.875108
RCBCA,elective,2019/20,1056,2693802.232388,2550.949083
RCBCA,elective,2020/21,555,1121212.960258,2020.203531
RCBCA,elective,2021/22,1011,2416573.154816,2390.280074
RCBCA,elective,2022/23,1034,2620361.342374,2534.198590
RCBCA,elective,2023/24,795,2075387.749151,2610.550627
RCBCA,non_elective,2012/13,278,505739.601780,1819.207200
RCBCA,non_elective,2013/14,15625,30375096.460578,1944.006173
RCBCA,non_elective,2014/15,16624,32218011.994878,1938.042107
RCBCA,non_elective,2015/16,18070,40518200.882130,2242.291139
RCBCA,non_elective,2016/17,19255,42754272.345931,2220.424427
RCBCA,non_elective,2017/18,20554,44318756.005633,2156.210762
RCBCA,non_elective,2018/19,22011,48852089.465753,2219.439801
RCBCA,non_elective,2019/20,24367,55139886.080261,2262.891865
RCBCA,non_elective,2020/21,19526,43038575.885024,2204.167565
RCBCA,non_elective,2021/22,21741,49996299.271578,2299.631998
RCBCA,non_elective,2022/23,21319,51841496.804213,2431.703963
RCBCA,non_elective,2023/24,15800,39003845.239241,2468.597799
RCBCP,elective,2013/14,3,8986.859022,2995.619674
RCBCP,elective,2016/17,6,11754.636322,1959.106053
RCBCP,elective,2017/18,1,1062.450116,1062.450116
RCBCP,elective,2020/21,164,1103808.755699,6730.541193
RCBCP,elective,2022/23,201,1362356.401640,6777.892545
RCBCP,elective,2023/24,357,2502845.324616,7010.771217
RCBCP,non_elective,2020/21,65,44985.942846,692.091428
RCBL8,elective,2012/13,1,5065.771758,5065.771758
RCBL8,elective,2013/14,23,54857.996184,2385.130268
RCBL8,elective,2014/15,1,1139.514284,1139.514284
RCBL8,elective,2019/20,3,3741.137088,1247.045696
RCBL8,elective,2020/21,114,104481.098280,916.500862
RCBL8,elective,2021/22,20,37324.200745,1866.210037
RCBL8,elective,2022/23,44,62879.407734,1429.077448
RCBL8,elective,2023/24,28,50900.180123,1817.863575
RCBL8,non_elective,2012/13,7,32865.990928,4695.141561
RCBL8,non_elective,2013/14,183,576077.206704,3147.962878
RCBL8,non_elective,2014/15,21,59697.312744,2842.729178
RCBL8,non_elective,2015/16,22,77177.360936,3508.061860
RCBL8,non_elective,2018/19,6,4797.434018,799.572336
RCBNH,elective,2013/14,438,609053.840126,1390.533881
RCBNH,elective,2014/15,1253,5393507.772323,4304.475476
RCBNH,elective,2015/16,1392,7193647.705829,5167.850363
RCBNH,elective,2016/17,1329,7290551.299124,5485.742136
RCBNH,elective,2017/18,1075,6172055.770400,5741.447228
RCBNH,elective,2018/19,1030,5834574.028920,5664.634979
RCBNH,elective,2019/20,983,5508944.318441,5604.215990
RCBNH,elective,2020/21,651,4171419.847543,6407.710979
RCBNH,elective,2021/22,621,4255897.707284,6853.297435
RCBNH,elective,2022/23,576,4007064.455017,6956.709123
RCBNH,elective,2023/24,34,176781.033780,5199.442170
RCBNH,non_elective,2012/13,12,3754.606502,312.883875
RCBNH,non_elective,2013/14,722,170312.921652,235.890473
RCBNH,non_elective,2014/15,540,81266.394822,150.493323
RCBNH,non_elective,2015/16,591,118914.421574,201.208835
RCBNH,non_elective,2016/17,624,100816.876017,161.565506
RCBNH,non_elective,2017/18,513,67639.922636,131.851701
RCBNH,non_elective,2018/19,338,47354.919456,140.103312
RCBNH,non_elective,2019/20,201,49290.096453,245.224360
RCBNH,non_elective,2020/21,46,8460.630750,183.926755
RCBNH,non_elective,2021/22,271,134296.361043,495.558527
RCBNH,non_elective,2022/23,281,253551.258909,902.317647
RCBNH,non_elective,2023/24,304,166820.051177,548.750168
RCBP3,elective,2019/20,3,1366.007292,455.335764
RCBP5,elective,2018/19,1,5690.671519,5690.671519
RCBP9,elective,2013/14,2,4229.231780,2114.615890
RCBP9,elective,2017/18,1,881.956660,881.956660
RCBP9,elective,2019/20,2,9444.114979,4722.057489
RCBP9,non_elective,2014/15,8,5641.733152,705.216644
RCBP9,non_elective,2016/17,64,40525.908527,633.217320
RCBP9,non_elective,2017/18,122,60208.925010,493.515778
RCBP9,non_elective,2018/19,67,7084.368148,105.736838
RCBP9,non_elective,2019/20,137,33470.255247,244.308432
RCBP9,non_elective,2020/21,9,7436.125281,826.236142
RCBP9,non_elective,2022/23,14,11533.121626,823.794401
RCBP9,non_elective,2023/24,17,15755.232753,926.778397
RCBRH,elective,2013/14,1,323.655146,323.655146
RCBRH,elective,2014/15,1,431.195514,431.195514
RCBRH,elective,2015/16,7,18212.405029,2601.772147
RCBRH,non_elective,2013/14,1,420.855094,420.855094
RCBRH,non_elective,2018/19,1,1100.394763,1100.394763
RCBTV,elective,2015/16,4,8757.009209,2189.252302
RCBTV,elective,2016/17,1,4792.306363,4792.306363
RCBTV,elective,2017/18,1,428.671958,428.671958
RCBTV,elective,2019/20,1,5090.735884,5090.735884
RCBTV,elective,2021/22,1,3988.290059,3988.290059
RCBTV,elective,2022/23,2,10227.620663,5113.810331
RCBTV,non_elective,2013/14,2,4251.980704,2125.990352
RCBTV,non_elective,2015/16,8,34639.360587,4329.920073
RCBTV,non_elective,2016/17,8,1001.943787,125.242973
RCBTV,non_elective,2017/18,14,1590.598581,113.614184
RCBTV,non_elective,2018/19,12,1702.381460,141.865121
RCBTV,non_elective,2019/20,52,4210.830286,80.977505
RCBTV,non_elective,2020/21,166,18100.622150,109.039892
RCBTV,non_elective,2021/22,192,29558.880013,153.952500
RCBTV,non_elective,2022/23,125,12552.499440,100.419995
RCBTV,non_elective,2023/24,24,13445.736941,560.239039
RCBWH,elective,2013/14,2,1204.658930,602.329465
RCBWH,elective,2015/16,1,2239.759704,2239.759704
RCBWH,non_elective,2012/13,16,131637.682768,8227.355173
RCBWH,non_elective,2013/14,356,789127.084216,2216.649112
RCBWH,non_elective,2014/15,29,94114.159499,3245.315844
RCBWH,non_elective,2015/16,33,112199.244586,3399.977108
RCD00,elective,2019/20,2,1960.478900,980.239450
RCD00,elective,2021/22,1,774.905081,774.905081
RCD01,elective,2012/13,272,76065.137240,279.651239
RCD01,elective,2013/14,4132,13190060.520375,3192.173407
RCD01,elective,2014/15,3598,12115493.675553,3367.285624
RCD01,elective,2015/16,3677,15402321.907425,4188.828367
RCD01,elective,2016/17,3505,14521541.565845,4143.093171
RCD01,elective,2017/18,3337,13716765.317898,4110.508036
RCD01,elective,2018/19,3315,14575163.790208,4396.731158
RCD01,elective,2019/20,2876,12191103.251566,4238.909336
RCD01,elective,2020/21,1461,6112853.693018,4184.020323
RCD01,elective,2021/22,2205,9773524.291671,4432.437320
RCD01,elective,2022/23,2219,10252981.312438,4620.541375
RCD01,elective,2023/24,856,2940313.934159,3434.946184
RCD01,non_elective,2012/13,2970,675850.582460,227.559118
RCD01,non_elective,2013/14,15049,27462305.171540,1824.859138
RCD01,non_elective,2014/15,17259,30058253.952802,1741.598815
RCD01,non_elective,2015/16,17917,37111426.925005,2071.296920
RCD01,non_elective,2016/17,18071,36511554.050250,2020.450116
RCD01,non_elective,2017/18,19255,39316658.377278,2041.893449
RCD01,non_elective,2018/19,19492,40312375.983605,2068.149804
RCD01,non_elective,2019/20,20889,41930597.541780,2007.305162
RCD01,non_elective,2020/21,16541,33418744.945864,2020.358197
RCD01,non_elective,2021/22,19300,41806918.986579,2166.161605
RCD01,non_elective,2022/23,20221,43618158.937667,2157.072297
RCD01,non_elective,2023/24,14938,29391070.065962,1967.537157
RCD02,elective,2013/14,3,16685.564360,5561.854786
RCD02,elective,2017/18,1,7197.021225,7197.021225
RCD02,elective,2018/19,1,1558.064810,1558.064810
RCD02,non_elective,2013/14,26,31131.351020,1197.359654
RCD02,non_elective,2014/15,28,21186.945900,756.676639
RCD02,non_elective,2015/16,21,57299.639092,2728.554242
RCD02,non_elective,2016/17,13,20885.291271,1606.560867
RCD02,non_elective,2018/19,12,22960.303412,1913.358617
RCD02,non_elective,2019/20,34,46706.862046,1373.731236
RCD02,non_elective,2020/21,11,6499.503469,590.863951
RCD02,non_elective,2021/22,89,36671.273740,412.036783
RCD02,non_elective,2022/23,56,36248.223030,647.289696
RCD08,elective,2012/13,2,5978.283680,2989.141840
RCD08,elective,2013/14,9,12717.364240,1413.040471
RCD08,elective,2014/15,4,13106.077400,3276.519350
RCD08,elective,2016/17,3,11762.873400,3920.957800
RCD08,non_elective,2012/13,5,14898.938900,2979.787780
RCD08,non_elective,2013/14,73,205422.432980,2814.005931
RCD08,non_elective,2014/15,56,93559.617079,1670.707447
RCD08,non_elective,2015/16,47,115565.072000,2458.831319
RCD08,non_elective,2016/17,65,138541.884708,2131.413610
RCD08,non_elective,2017/18,41,94834.555379,2313.037936
RCD08,non_elective,2018/19,59,135267.884945,2292.676016
RCD08,non_elective,2019/20,26,60644.835194,2332.493661
RCD08,non_elective,2020/21,1,763.554940,763.554940
RCF22,elective,2012/13,410,99522.116540,242.736869
RCF22,elective,2013/14,3070,8312004.612725,2707.493359
RCF22,elective,2014/15,2818,8086978.036890,2869.757997
RCF22,elective,2015/16,3036,10617024.283734,3497.043571
RCF22,elective,2016/17,2937,10427439.545495,3550.370972
RCF22,elective,2017/18,2774,10017411.311154,3611.179275
RCF22,elective,2018/19,2623,9782463.092751,3729.494126
RCF22,elective,2019/20,2185,8006710.247690,3664.398282
RCF22,elective,2020/21,1088,3421110.039964,3144.402610
RCF22,elective,2021/22,1872,7019930.894762,3749.963084
RCF22,elective,2022/23,1901,7448362.179318,3918.128447
RCF22,elective,2023/24,1279,5017982.924086,3923.364287
RCF22,non_elective,2012/13,3222,595409.765104,184.795085
RCF22,non_elective,2013/14,16241,30675522.392033,1888.770543
RCF22,non_elective,2014/15,17048,31348862.185805,1838.858645
RCF22,non_elective,2015/16,16704,36920834.602662,2210.299006
RCF22,non_elective,2016/17,17081,38114211.659022,2231.380578
RCF22,non_elective,2017/18,16523,38826415.090690,2349.840530
RCF22,non_elective,2018/19,23903,44864106.165154,1876.923656
RCF22,non_elective,2019/20,24277,46808425.377010,1928.097597
RCF22,non_elective,2020/21,18815,36274476.395908,1927.955163
RCF22,non_elective,2021/22,24518,46546134.048596,1898.447428
RCF22,non_elective,2022/23,24929,48048481.586295,1927.413116
RCF22,non_elective,2023/24,16189,32435139.198219,2003.529507
RCU70,elective,2020/21,1,826.696762,826.696762
RCU70,non_elective,2021/22,1,2757.257323,2757.257323
RCUEF,elective,2012/13,632,71834.870536,113.662769
RCUEF,elective,2013/14,4241,11996382.732066,2828.668411
RCUEF,elective,2014/15,4101,12847580.081982,3132.792021
RCUEF,elective,2015/16,3819,13958256.165364,3654.950553
RCUEF,elective,2016/17,3921,14539951.740156,3708.225386
RCUEF,elective,2017/18,3791,15114434.579833,3986.925502
RCUEF,elective,2018/19,4055,16038998.984613,3955.363498
RCUEF,elective,2019/20,4026,17345337.817466,4308.330307
RCUEF,elective,2020/21,2706,11785902.249338,4355.470158
RCUEF,elective,2021/22,3372,15309814.374873,4540.277098
RCUEF,elective,2022/23,3415,16295813.242320,4771.834038
RCUEF,elective,2023/24,2472,10636558.757464,4302.815031
RCUEF,non_elective,2012/13,1817,165151.658875,90.892492
RCUEF,non_elective,2013/14,11378,13091724.089469,1150.617339
RCUEF,non_elective,2014/15,6874,11034971.044060,1605.320198
RCUEF,non_elective,2015/16,5695,15068933.098703,2645.993520
RCUEF,non_elective,2016/17,5542,14835870.602629,2676.988560
RCUEF,non_elective,2017/18,5769,17671190.279497,3063.128840
RCUEF,non_elective,2018/19,5100,16714696.359066,3277.391442
RCUEF,non_elective,2019/20,5167,17646497.274833,3415.230747
RCUEF,non_elective,2020/21,3993,14401903.809211,3606.787831
RCUEF,non_elective,2021/22,5180,17212547.496384,3322.885617
RCUEF,non_elective,2022/23,5299,18237924.662954,3441.767250
RCUEF,non_elective,2023/24,3407,11173247.361204,3279.497317
RCX07,elective,2018/19,42,167854.308496,3996.531154
RCX07,elective,2019/20,95,455230.549272,4791.900518
RCX66,elective,2013/14,8,9235.592898,1154.449112
RCX66,elective,2014/15,6,5734.028961,955.671493
RCX66,elective,2015/16,7,14988.784992,2141.254998
RCX66,elective,2016/17,2,1189.634904,594.817452
RCX66,elective,2017/18,5,1645.610384,329.122076
RCX66,elective,2021/22,1,620.946384,620.946384
RCX66,elective,2022/23,1,333.015800,333.015800
RCX66,elective,2023/24,1,545.121248,545.121248
RCX66,non_elective,2013/14,15,69668.092794,4644.539519
RCX66,non_elective,2014/15,17,58478.067051,3439.886297
RCX66,non_elective,2017/18,1,619.921720,619.921720
RCX70,elective,2012/13,305,19492.005051,63.908213
RCX70,elective,2013/14,5239,11564588.437461,2207.403786
RCX70,elective,2014/15,5187,11762207.100221,2267.631983
RCX70,elective,2015/16,5031,14877439.898933,2957.153627
RCX70,elective,2016/17,5732,15906500.148098,2775.034917
RCX70,elective,2017/18,5189,14357937.269521,2766.995041
RCX70,elective,2018/19,4893,14148004.959672,2891.478634
RCX70,elective,2019/20,4425,12930691.073454,2922.190073
RCX70,elective,2020/21,1829,6078821.219083,3323.576390
RCX70,elective,2021/22,2985,9974193.103459,3341.438225
RCX70,elective,2022/23,3047,10893820.077649,3575.260937
RCX70,elective,2023/24,2173,7531445.012272,3465.920392
RCX70,non_elective,2012/13,3406,414314.114415,121.642429
RCX70,non_elective,2013/14,28092,44589689.765253,1587.273592
RCX70,non_elective,2014/15,29845,46483383.402338,1557.493161
RCX70,non_elective,2015/16,32167,57166382.640525,1777.174826
RCX70,non_elective,2016/17,34810,61597747.635629,1769.541730
RCX70,non_elective,2017/18,36754,65880597.307995,1792.474215
RCX70,non_elective,2018/19,36795,66420290.603389,1805.144465
RCX70,non_elective,2019/20,37327,67805541.375776,1816.528019
RCX70,non_elective,2020/21,31033,57530044.029957,1853.834435
RCX70,non_elective,2021/22,35510,66085044.734906,1861.026323
RCX70,non_elective,2022/23,32407,65835079.530088,2031.507993
RCX70,non_elective,2023/24,23269,47940020.392078,2060.252713
RD100,elective,2014/15,1,3018.849944,3018.849944
RD100,elective,2016/17,1,1292.682132,1292.682132
RD100,elective,2020/21,1,992.838588,992.838588
RD100,elective,2021/22,7,2345.279748,335.039964
RD100,elective,2022/23,15,4785.964260,319.064284
RD100,elective,2023/24,12,18638.526312,1553.210526
RD100,non_elective,2014/15,20,20869.393940,1043.469697
RD100,non_elective,2015/16,14,43047.468240,3074.819160
RD100,non_elective,2016/17,22,84378.699132,3835.395415
RD100,non_elective,2017/18,101,120481.539276,1192.886527
RD100,non_elective,2018/19,11,11540.831232,1049.166475
RD100,non_elective,2019/20,7,18048.274860,2578.324980
RD100,non_elective,2020/21,1,1347.199140,1347.199140
RD100,non_elective,2022/23,43,102550.685664,2384.899666
RD100,non_elective,2023/24,3,4976.773788,1658.924596
RD102,non_elective,2014/15,1,638.561316,638.561316
RD102,non_elective,2017/18,1,799.932252,799.932252
RD102,non_elective,2018/19,3,11405.587116,3801.862372
RD102,non_elective,2019/20,1,2350.521768,2350.521768
RD102,non_elective,2020/21,2,6686.720712,3343.360356
RD108,non_elective,2014/15,2,3232.784192,1616.392096
RD108,non_elective,2018/19,1,2864.239728,2864.239728
RD108,non_elective,2019/20,1,2350.521768,2350.521768
RD115,elective,2014/15,4,10112.904984,2528.226246
RD115,elective,2015/16,363,743377.146624,2047.870927
RD115,elective,2016/17,324,677853.343422,2092.139948
RD115,elective,2017/18,297,819693.367380,2759.910327
RD115,elective,2018/19,225,606817.608609,2696.967149
RD115,elective,2019/20,152,383586.585303,2523.595955
RD115,elective,2020/21,37,94870.077960,2564.056161
RD115,elective,2021/22,55,155524.841370,2827.724388
RD115,elective,2022/23,121,308542.875387,2549.941118
RD115,elective,2023/24,100,230350.598579,2303.505985
RD115,non_elective,2015/16,112,152453.667660,1361.193461
RD115,non_elective,2016/17,22,49832.738928,2265.124496
RD115,non_elective,2017/18,16,53782.076796,3361.379799
RD115,non_elective,2018/19,33,117933.351418,3573.737921
RD115,non_elective,2019/20,9,12533.669820,1392.629980
RD115,non_elective,2023/24,1,3061.339680,3061.339680
RD121,non_elective,2014/15,1,1616.392096,1616.392096
RD121,non_elective,2015/16,1,2864.239728,2864.239728
RD121,non_elective,2016/17,2,6173.002752,3086.501376
RD121,non_elective,2018/19,2,4701.043536,2350.521768
RD121,non_elective,2020/21,1,2864.239728,2864.239728
RD121,non_elective,2021/22,1,2864.239728,2864.239728
RD129,non_elective,2014/15,2,3232.784192,1616.392096
RD129,non_elective,2015/16,3,8603.203224,2867.734408
RD129,non_elective,2016/17,5,12780.044760,2556.008952
RD129,non_elective,2017/18,4,3559.331580,889.832895
RD129,non_elective,2018/19,1,2864.239728,2864.239728
RD129,non_elective,2019/20,3,3715.543776,1238.514592
RD130,elective,2012/13,345,76994.719760,223.173100
RD130,elective,2013/14,5920,18761847.707728,3169.231031
RD130,elective,2014/15,5821,17568547.025788,3018.132112
RD130,elective,2015/16,5767,22432234.393397,3889.758001
RD130,elective,2016/17,5780,22332919.323601,3863.826872
RD130,elective,2017/18,4930,19599951.067717,3975.649303
RD130,elective,2018/19,5055,20165994.431025,3989.316405
RD130,elective,2019/20,4795,20403330.335770,4255.126243
RD130,elective,2020/21,3201,12828842.535468,4007.760867
RD130,elective,2021/22,4564,18106291.115553,3967.197878
RD130,elective,2022/23,4456,18970008.130617,4257.183153
RD130,elective,2023/24,2517,11460480.983308,4553.230426
RD130,non_elective,2012/13,4538,944051.858812,208.032582
RD130,non_elective,2013/14,36280,67156516.161911,1851.061636
RD130,non_elective,2014/15,37125,69041776.964191,1859.711164
RD130,non_elective,2015/16,38302,90651875.355558,2366.766105
RD130,non_elective,2016/17,39598,93255873.522403,2355.065243
RD130,non_elective,2017/18,42178,99947495.198098,2369.659424
RD130,non_elective,2018/19,46253,103301333.775452,2233.397482
RD130,non_elective,2019/20,47300,106562358.299922,2252.903980
RD130,non_elective,2020/21,40728,86903178.015171,2133.745286
RD130,non_elective,2021/22,46383,100923603.931691,2175.874866
RD130,non_elective,2022/23,44758,102036573.839610,2279.739350
RD130,non_elective,2023/24,31204,71440126.838686,2289.454135
RD300,elective,2012/13,560,65773.800615,117.453215
RD300,elective,2013/14,3801,9061868.716966,2384.074905
RD300,elective,2014/15,3294,8024477.397116,2436.089070
RD300,elective,2015/16,3252,11367758.982880,3495.620843
RD300,elective,2016/17,3316,12179461.920224,3672.937852
RD300,elective,2017/18,3054,10633894.577070,3481.956312
RD300,elective,2018/19,3113,11677120.553152,3751.082734
RD300,elective,2019/20,3146,11687541.965881,3715.048304
RD300,elective,2020/21,2102,8458812.822009,4024.173559
RD300,non_elective,2012/13,4608,822415.166240,178.475513
RD300,non_elective,2013/14,31231,51192457.794954,1639.155255
RD300,non_elective,2014/15,32636,54909267.200297,1682.475401
RD300,non_elective,2015/16,35254,72098767.887793,2045.123046
RD300,non_elective,2016/17,35535,75109392.047710,2113.673618
RD300,non_elective,2017/18,35539,73393087.691191,2065.142173
RD300,non_elective,2018/19,37297,78230348.306914,2097.497072
RD300,non_elective,2019/20,38014,86371668.490598,2272.101554
RD300,non_elective,2020/21,29795,69280735.070061,2325.247023
RD700,elective,2012/13,16,7485.312135,467.832008
RD700,elective,2013/14,95,315859.229584,3324.833995
RD700,elective,2014/15,60,143703.968988,2395.066149
RD700,elective,2016/17,1,610.044174,610.044174
RD700,non_elective,2014/15,1,733.922876,733.922876
RD700,non_elective,2016/17,1,3091.124215,3091.124215
RD750,elective,2012/13,638,147824.688830,231.700139
RD750,elective,2013/14,4143,11233473.325270,2711.434546
RD750,elective,2014/15,4199,11215730.669623,2671.048028
RD750,elective,2015/16,4552,14807114.901363,3252.881129
RD750,elective,2016/17,4409,14557498.498765,3301.768768
RD750,non_elective,2012/13,5288,1129960.748960,213.683954
RD750,non_elective,2013/14,35931,66005420.934545,1837.004840
RD750,non_elective,2014/15,40671,74306376.761893,1827.011304
RD750,non_elective,2015/16,41740,91493437.435798,2191.984605
RD750,non_elective,2016/17,47465,95857645.541247,2019.543780
RD752,elective,2012/13,167,6902.147302,41.330223
RD752,elective,2013/14,2547,9407543.516789,3693.578137
RD752,elective,2014/15,2592,9808348.662922,3784.085132
RD752,elective,2015/16,2262,10919934.460641,4827.557232
RD752,elective,2016/17,2172,10916422.616306,5025.977263
RD752,non_elective,2012/13,26,3440.555648,132.329063
RD752,non_elective,2013/14,194,143659.559642,740.513194
RD752,non_elective,2014/15,135,154770.076811,1146.445013
RD752,non_elective,2015/16,42,72189.729257,1718.803077
RD752,non_elective,2016/17,12,12143.618797,1011.968233
RD753,elective,2014/15,3,10523.846335,3507.948778
RD753,elective,2015/16,2,1453.821748,726.910874
RD768,elective,2013/14,6,28860.231565,4810.038594
RD768,non_elective,2013/14,1,564.466161,564.466161
RD768,non_elective,2014/15,1,764.308218,764.308218
RD768,non_elective,2015/16,2,2225.141968,1112.570984
RD768,non_elective,2016/17,3,2306.948658,768.982886
RD804,elective,2022/23,1,9881.349543,9881.349543
RD816,elective,2012/13,346,68036.764590,196.638047
RD816,elective,2013/14,3904,11073874.407822,2836.545698
RD816,elective,2014/15,3758,11396651.867027,3032.637537
RD816,elective,2015/16,3523,12629099.180443,3584.757076
RD816,elective,2016/17,3714,13746100.550723,3701.157929
RD816,elective,2017/18,3560,13593492.348930,3818.396727
RD816,elective,2018/19,3737,14407801.974058,3855.446072
RD816,elective,2019/20,3339,12142578.216645,3636.591259
RD816,elective,2020/21,2138,7747164.935829,3623.557032
RD816,elective,2021/22,2834,10995904.722171,3879.994609
RD816,elective,2022/23,3107,12879629.037156,4145.358557
RD816,elective,2023/24,2356,10340484.560228,4389.000237
RD816,non_elective,2012/13,4552,706814.712090,155.275639
RD816,non_elective,2013/14,28992,47134169.312310,1625.764669
RD816,non_elective,2014/15,24844,45559864.249335,1833.837717
RD816,non_elective,2015/16,27005,60633114.563707,2245.255121
RD816,non_elective,2016/17,28393,63544378.381367,2238.029739
RD816,non_elective,2017/18,30747,72523620.888391,2358.721855
RD816,non_elective,2018/19,32501,71785562.953930,2208.718591
RD816,non_elective,2019/20,29164,73175320.359983,2509.097529
RD816,non_elective,2020/21,23271,57924828.489300,2489.142215
RD816,non_elective,2021/22,32330,74337083.543960,2299.322101
RD816,non_elective,2022/23,30186,78238523.166081,2591.881109
RD816,non_elective,2023/24,20467,53287209.174987,2603.567165
RDD0D,elective,2019/20,67,503681.328370,7517.631766
RDDH0,elective,2012/13,385,139218.183015,361.605670
RDDH0,elective,2013/14,4576,15055225.724759,3290.040586
RDDH0,elective,2014/15,4159,13155085.926903,3163.040617
RDDH0,elective,2015/16,3848,16033472.417643,4166.702811
RDDH0,elective,2016/17,3820,15039145.642552,3936.949121
RDDH0,elective,2017/18,3859,15121538.114151,3918.512079
RDDH0,elective,2018/19,4129,16751626.216918,4057.066170
RDDH0,elective,2019/20,3914,15440237.260430,3944.874108
RDDH0,non_elective,2012/13,4479,725594.790295,161.999283
RDDH0,non_elective,2013/14,26544,50227028.432230,1892.217767
RDDH0,non_elective,2014/15,27697,61960887.026650,2237.097412
RDDH0,non_elective,2015/16,27345,80795165.871794,2954.659567
RDDH0,non_elective,2016/17,27843,79657212.473820,2860.942156
RDDH0,non_elective,2017/18,40438,92961688.661035,2298.869594
RDDH0,non_elective,2018/19,50406,96838765.630550,1921.175368
RDDH0,non_elective,2019/20,48672,97391534.105853,2000.976621
RDDH1,elective,2013/14,28,31759.670825,1134.273958
RDDH1,elective,2014/15,16,22164.960300,1385.310018
RDDH1,elective,2015/16,19,34195.735415,1799.775548
RDDH1,elective,2016/17,31,29637.333675,956.043021
RDDH1,elective,2017/18,10,17344.431790,1734.443179
RDDH1,elective,2018/19,9,9592.280525,1065.808947
RDDH1,elective,2019/20,10,9773.204505,977.320450
RDDH1,non_elective,2013/14,2,5587.276720,2793.638360
RDDH1,non_elective,2014/15,3,14882.187630,4960.729210
RDDH1,non_elective,2016/17,2,1990.163780,995.081890
RDDH1,non_elective,2017/18,1,773.339695,773.339695
RDDH1,non_elective,2019/20,2,1544.473000,772.236500
RDDH4,elective,2019/20,21,119663.561650,5698.264840
RDDH6,elective,2013/14,15,67846.786280,4523.119085
RDDH6,elective,2018/19,3,1037.003300,345.667766
RDDH6,non_elective,2013/14,17,13130.549430,772.385260
RDDH6,non_elective,2014/15,8,12179.499715,1522.437464
RDDH6,non_elective,2015/16,60,16418.851185,273.647519
RDDH6,non_elective,2016/17,1,6637.924315,6637.924315
RDDH8,elective,2012/13,77,141653.633820,1839.657582
RDDH8,elective,2013/14,2175,11629114.781350,5346.719439
RDDH8,elective,2014/15,1954,11758539.049611,6017.676074
RDDH8,elective,2015/16,1852,13935794.463184,7524.727031
RDDH8,elective,2016/17,1683,13489069.283433,8014.895593
RDDH8,elective,2017/18,1574,12599048.867495,8004.478314
RDDH8,elective,2018/19,1776,14701521.825865,8277.883910
RDDH8,elective,2019/20,1701,13748856.349479,8082.807965
RDDH8,non_elective,2012/13,112,76793.615240,685.657278
RDDH8,non_elective,2013/14,1475,5687579.341005,3855.985993
RDDH8,non_elective,2014/15,1453,5878078.859729,4045.477535
RDDH8,non_elective,2015/16,1825,8389317.268742,4596.886174
RDDH8,non_elective,2016/17,2168,9851508.127700,4544.053564
RDDH8,non_elective,2017/18,2092,9958467.350880,4760.261640
RDDH8,non_elective,2018/19,1930,9006637.379217,4666.651491
RDDH8,non_elective,2019/20,1857,8291619.047686,4465.061415
RDE00,elective,2015/16,19,46985.547257,2472.923539
RDE00,elective,2016/17,13,29333.777656,2256.444435
RDE00,elective,2017/18,1,2905.645377,2905.645377
RDE03,elective,2014/15,6,39428.111781,6571.351963
RDE03,elective,2015/16,12,61134.278298,5094.523191
RDE03,elective,2016/17,13,37604.118073,2892.624467
RDE03,elective,2018/19,4727,17489403.586496,3699.894983
RDE03,elective,2019/20,6056,22882940.123410,3778.556823
RDE03,elective,2020/21,3565,14112991.237954,3958.763320
RDE03,elective,2021/22,5280,21270180.871496,4028.443346
RDE03,elective,2022/23,5206,21062265.461725,4045.767472
RDE03,elective,2023/24,3447,13693627.197421,3972.621757
RDE03,non_elective,2018/19,28080,60867850.029606,2167.658476
RDE03,non_elective,2019/20,37785,87407396.637673,2313.282959
RDE03,non_elective,2020/21,31896,76238363.540718,2390.217066
RDE03,non_elective,2021/22,35102,87900604.543378,2504.148041
RDE03,non_elective,2022/23,34494,91436728.531083,2650.800966
RDE03,non_elective,2023/24,24019,62779024.326722,2613.723482
RDE05,non_elective,2021/22,1,2757.600295,2757.600295
RDE57,non_elective,2018/19,1,6114.678915,6114.678915
RDE57,non_elective,2022/23,1,19539.865682,19539.865682
RDEE2,elective,2013/14,10,5663.776590,566.377659
RDEE2,elective,2014/15,18,16747.692453,930.427358
RDEE2,elective,2016/17,18,8252.992036,458.499557
RDEE2,elective,2017/18,12,4835.444298,402.953691
RDEE2,elective,2018/19,7,15755.332952,2250.761850
RDEE2,elective,2019/20,1,225.195336,225.195336
RDEE2,elective,2020/21,6,2324.933330,387.488888
RDEE2,elective,2021/22,15,7970.455295,531.363686
RDEE2,elective,2022/23,4,1771.328129,442.832032
RDEE2,elective,2023/24,3,1146.828100,382.276033
RDEE2,non_elective,2014/15,1,515.751723,515.751723
RDEE2,non_elective,2016/17,1,699.565141,699.565141
RDEE2,non_elective,2018/19,1,647.436591,647.436591
RDEE2,non_elective,2020/21,30,39629.166281,1320.972209
RDEE2,non_elective,2021/22,55,52471.555859,954.028288
RDEE2,non_elective,2022/23,28,41923.865052,1497.280894
RDEE2,non_elective,2023/24,14,29696.592364,2121.185168
RDEE4,elective,2012/13,1012,122549.570451,121.096413
RDEE4,elective,2013/14,6868,20074652.619910,2922.925541
RDEE4,elective,2014/15,6833,19451880.793107,2846.755567
RDEE4,elective,2015/16,7136,27357136.061647,3833.679380
RDEE4,elective,2016/17,6468,25161617.976921,3890.169755
RDEE4,elective,2017/18,6051,23749107.349142,3924.823557
RDEE4,elective,2018/19,5404,20969945.142872,3880.448768
RDEE4,elective,2019/20,4880,19274475.522395,3949.687607
RDEE4,elective,2020/21,2883,11668907.326757,4047.487799
RDEE4,elective,2021/22,4862,20473857.239014,4210.994907
RDEE4,elective,2022/23,4241,18372651.232071,4332.150726
RDEE4,elective,2023/24,2839,12796926.924626,4507.547349
RDEE4,non_elective,2012/13,6768,842241.548385,124.444673
RDEE4,non_elective,2013/14,34960,63895180.508739,1827.665346
RDEE4,non_elective,2014/15,36630,67911886.020548,1853.996342
RDEE4,non_elective,2015/16,41666,91362277.576809,2192.729745
RDEE4,non_elective,2016/17,41576,93453089.161308,2247.765277
RDEE4,non_elective,2017/18,40552,100660487.982064,2482.257052
RDEE4,non_elective,2018/19,43236,104056105.812497,2406.700569
RDEE4,non_elective,2019/20,43142,105220533.449287,2438.934992
RDEE4,non_elective,2020/21,37603,84163022.601322,2238.199680
RDEE4,non_elective,2021/22,42263,95895199.402207,2269.010704
RDEE4,non_elective,2022/23,40687,95107151.427249,2337.531679
RDEE4,non_elective,2023/24,28203,63486788.277348,2251.065073
RDEEB,elective,2012/13,13,2126.289312,163.560716
RDEEB,elective,2013/14,156,261540.968325,1676.544668
RDEEB,elective,2014/15,18,19450.906494,1080.605916
RDEEB,elective,2015/16,1,896.611060,896.611060
RDEEB,elective,2016/17,4,3275.758082,818.939520
RDEEB,elective,2017/18,6,7977.753292,1329.625548
RDEEB,elective,2018/19,7,7195.825042,1027.975006
RDEEB,non_elective,2012/13,91,69889.104648,768.012138
RDEEB,non_elective,2013/14,1068,2367722.291370,2216.968437
RDEEB,non_elective,2014/15,612,1310641.145913,2141.570499
RDEEB,non_elective,2015/16,43,68876.410544,1601.776989
RDEEB,non_elective,2016/17,52,82034.699135,1577.590367
RDEEB,non_elective,2017/18,46,77131.487722,1676.771472
RDEEB,non_elective,2018/19,31,51986.760344,1676.992269
RDEEE,non_elective,2017/18,1,1582.622778,1582.622778
RDEEE,non_elective,2018/19,5,5418.241487,1083.648297
RDEEE,non_elective,2019/20,7,27339.339333,3905.619904
RDEEE,non_elective,2020/21,6,12551.512269,2091.918711
RDEEE,non_elective,2021/22,1,5333.793236,5333.793236
RDEEE,non_elective,2022/23,4,16998.077584,4249.519396
RDEEE,non_elective,2023/24,1,611.989177,611.989177
RDEEV,elective,2013/14,1,2740.128786,2740.128786
RDEEV,elective,2014/15,15,7671.938718,511.462581
RDEEV,elective,2015/16,2,631.798026,315.899013
RDEEV,elective,2016/17,1,315.899013,315.899013
RDEEV,elective,2017/18,5,1866.202090,373.240418
RDEEV,elective,2018/19,8,5761.247346,720.155918
RDEEV,elective,2019/20,9,10027.447878,1114.160875
RDEEV,elective,2020/21,15,18784.001707,1252.266780
RDEEV,elective,2021/22,34,45178.771714,1328.787403
RDEEV,elective,2022/23,10,15253.856301,1525.385630
RDEEV,elective,2023/24,24,30792.334485,1283.013936
RDEEV,non_elective,2018/19,20,29792.508896,1489.625444
RDEEV,non_elective,2019/20,67,124245.271212,1854.407033
RDEEV,non_elective,2020/21,115,199627.324796,1735.889780
RDEEV,non_elective,2021/22,147,291137.951750,1980.530284
RDEEV,non_elective,2022/23,137,257965.427672,1882.959326
RDEEV,non_elective,2023/24,107,217313.499240,2030.967282
RDENF,elective,2014/15,24,131057.958463,5460.748269
RDENF,elective,2015/16,49,275309.638828,5618.564057
RDENF,elective,2016/17,56,375652.927294,6708.087987
RDEP1,elective,2013/14,2,3596.550870,1798.275435
RDEP1,elective,2014/15,28,46473.554541,1659.769805
RDEP1,elective,2015/16,55,165841.768970,3015.304890
RDEP1,elective,2016/17,13,38624.127837,2971.086756
RDEP1,elective,2017/18,4,5010.596226,1252.649056
RDEP1,elective,2018/19,672,4108251.025500,6113.468787
RDEP1,elective,2019/20,752,4356783.187358,5793.594664
RDEP1,elective,2020/21,438,2220628.271734,5069.927561
RDEP1,elective,2021/22,593,3554084.921302,5993.397843
RDEP1,elective,2022/23,494,3007818.210759,6088.700831
RDEP1,elective,2023/24,454,2827908.437021,6228.873209
RDEP1,non_elective,2020/21,1,705.820567,705.820567
RDEP1,non_elective,2022/23,2,1758.817277,879.408638
RDEP4,elective,2013/14,22,49888.695807,2267.667991
RDEP4,elective,2014/15,15,56663.078868,3777.538591
RDEP4,elective,2015/16,3,21049.508490,7016.502830
RDEP4,elective,2016/17,6,13351.164226,2225.194037
RDERN,elective,2013/14,7,58777.766403,8396.823771
RDERN,non_elective,2022/23,1,3586.444240,3586.444240
RDEWW,elective,2014/15,12,62214.001809,5184.500150
RDEXX,elective,2014/15,1,696.106620,696.106620
RDR3E,non_elective,2014/15,6,916.191352,152.698558
RDU01,elective,2012/13,785,156244.357918,199.037398
RDU01,elective,2013/14,7240,24810392.204665,3426.849752
RDU01,elective,2014/15,7479,25183560.826239,3367.236372
RDU01,elective,2015/16,7960,30981507.825742,3892.149224
RDU01,elective,2016/17,8178,32048120.286193,3918.821262
RDU01,elective,2017/18,7748,31932008.976633,4121.322789
RDU01,elective,2018/19,7717,30433412.777799,3943.684434
RDU01,elective,2019/20,7412,30560159.635060,4123.065250
RDU01,elective,2020/21,3779,15424927.051904,4081.748359
RDU01,elective,2021/22,5212,21663802.434021,4156.523874
RDU01,elective,2022/23,931,3596005.561360,3862.519399
RDU01,elective,2023/24,2898,12951674.205056,4469.176744
RDU01,non_elective,2012/13,6029,939231.782985,155.785666
RDU01,non_elective,2013/14,36187,67951140.234406,1877.777661
RDU01,non_elective,2014/15,39892,73714843.877495,1847.860319
RDU01,non_elective,2015/16,42207,92593520.502845,2193.795353
RDU01,non_elective,2016/17,42773,96352265.204235,2252.642208
RDU01,non_elective,2017/18,42422,94719016.587963,2232.780552
RDU01,non_elective,2018/19,45326,97439058.838267,2149.738755
RDU01,non_elective,2019/20,41082,99406725.860796,2419.714859
RDU01,non_elective,2020/21,28413,86479069.608519,3043.644444
RDU01,non_elective,2021/22,34098,101067458.823192,2964.028940
RDU01,non_elective,2022/23,6157,17785142.689508,2888.605276
RDU01,non_elective,2023/24,22641,76587583.992986,3382.694403
RDU02,elective,2015/16,1,511.579510,511.579510
RDU02,elective,2016/17,1,2579.166720,2579.166720
RDU02,elective,2018/19,4,25230.832770,6307.708192
RDU02,elective,2019/20,1,3668.372110,3668.372110
RDU02,elective,2020/21,27,72915.192480,2700.562684
RDU02,elective,2021/22,39,234657.155460,6016.850140
RDU02,elective,2023/24,10,68196.795030,6819.679503
RDU02,non_elective,2015/16,78,17764.234670,227.746598
RDU02,non_elective,2016/17,31,16507.114780,532.487573
RDU02,non_elective,2017/18,61,62275.010330,1020.901808
RDU02,non_elective,2018/19,142,154582.088700,1088.606258
RDU02,non_elective,2019/20,108,65625.464320,607.643188
RDU02,non_elective,2020/21,699,543103.778230,776.972501
RDU02,non_elective,2021/22,668,469399.387600,702.693694
RDU02,non_elective,2022/23,67,87260.687930,1302.398327
RDU02,non_elective,2023/24,34,185061.928740,5442.997904
RDU03,elective,2017/18,4,19565.397540,4891.349385
RDU03,elective,2018/19,6,9310.299310,1551.716551
RDU03,non_elective,2017/18,16,28904.802030,1806.550126
RDU03,non_elective,2018/19,8,17512.362920,2189.045365
RDU03,non_elective,2019/20,40,82551.245920,2063.781148
RDU06,elective,2015/16,20,117945.383660,5897.269183
RDU06,elective,2016/17,28,190316.533160,6797.019041
RDU06,elective,2017/18,1,10200.246160,10200.246160
RDU06,elective,2020/21,285,1595466.611207,5598.128460
RDU06,elective,2021/22,40,273963.701050,6849.092526
RDU22,elective,2016/17,1,1240.328440,1240.328440
RDU22,elective,2019/20,1,1240.328440,1240.328440
RDU36,elective,2014/15,6,37364.725816,6227.454302
RDU49,elective,2015/16,28,198410.012060,7086.071859
RDU49,elective,2016/17,52,341932.602521,6575.626971
RDU50,elective,2016/17,42,224762.513690,5351.488421
RDU50,elective,2017/18,3880,12824912.145936,3305.389728
RDU50,elective,2018/19,3887,12681036.151425,3262.422472
RDU50,elective,2019/20,3777,12374961.354547,3276.399617
RDU50,elective,2020/21,2275,7617161.782027,3348.202981
RDU50,elective,2021/22,3600,11556096.428907,3210.026785
RDU50,elective,2022/23,614,1946465.074306,3170.138557
RDU50,elective,2023/24,2073,7483638.287348,3610.052237
RDU50,non_elective,2016/17,357,1335471.527109,3740.816602
RDU50,non_elective,2017/18,48377,98590934.397347,2037.971234
RDU50,non_elective,2018/19,50938,102101494.392951,2004.426840
RDU50,non_elective,2019/20,45921,100131380.531523,2180.513937
RDU50,non_elective,2020/21,33339,80302428.422262,2408.663379
RDU50,non_elective,2021/22,39214,97109236.475719,2476.392014
RDU50,non_elective,2022/23,7030,17269253.183698,2456.508276
RDU50,non_elective,2023/24,16393,63512124.080507,3874.344176
RDU52,elective,2016/17,25,95072.070470,3802.882818
RDU52,elective,2017/18,2062,10359653.372606,5024.080200
RDU52,elective,2018/19,1967,10078507.688533,5123.796486
RDU52,elective,2019/20,1967,10244513.649937,5208.191992
RDU52,elective,2020/21,865,3954199.362276,4571.328742
RDU52,elective,2021/22,1655,9860492.438420,5958.001473
RDU52,elective,2022/23,334,2287273.645966,6848.124688
RDU52,non_elective,2017/18,15,17546.550312,1169.770020
RDU52,non_elective,2018/19,29,16024.640450,552.573808
RDU52,non_elective,2019/20,12,22665.099210,1888.758267
RDU52,non_elective,2020/21,4,4746.383200,1186.595800
RDU52,non_elective,2021/22,4,12320.446580,3080.111645
RDU52,non_elective,2022/23,2,4819.146150,2409.573075
RDU54,elective,2020/21,191,1134810.968200,5941.418681
RDU67,elective,2020/21,88,395599.845420,4495.452788
RDU67,elective,2021/22,20,91135.035160,4556.751758
RDU67,non_elective,2020/21,1,8319.603760,8319.603760
RDU68,elective,2017/18,1,457.846870,457.846870
RDU68,elective,2020/21,205,717784.404202,3501.387337
RDU68,elective,2021/22,2,3342.617980,1671.308990
RDU68,non_elective,2017/18,3,2357.519580,785.839860
RDU68,non_elective,2018/19,5,4165.455002,833.091000
RDY22,elective,2012/13,91,301685.743296,3315.227948
RDY22,elective,2013/14,295,1658395.691232,5621.680309
RDY22,elective,2014/15,354,2263400.924296,6393.787921
RDY22,elective,2015/16,301,2152945.223946,7152.641940
RDY22,non_elective,2013/14,2,2556.297632,1278.148816
RDY22,non_elective,2014/15,1,4220.714848,4220.714848
RDY22,non_elective,2015/16,5,82881.031977,16576.206395
RDY22,non_elective,2016/17,30,272125.241118,9070.841370
RDY22,non_elective,2017/18,17,128621.395665,7565.964450
RDY22,non_elective,2018/19,35,249518.961972,7129.113199
RDY22,non_elective,2019/20,33,211690.484289,6414.863160
RDY22,non_elective,2020/21,13,47789.246052,3676.095850
RDY22,non_elective,2021/22,14,134647.520265,9617.680018
RDYEG,elective,2015/16,1,541.312227,541.312227
RDYEG,non_elective,2012/13,29,96408.330368,3324.425185
RDYEG,non_elective,2013/14,98,448024.459008,4571.678153
RDYEG,non_elective,2014/15,138,802045.106531,5811.921061
RDYEG,non_elective,2015/16,114,921137.821551,8080.156329
RDYEG,non_elective,2016/17,201,1227002.087520,6104.487997
RDYEG,non_elective,2017/18,218,1051535.884986,4823.559105
RDYEG,non_elective,2018/19,215,963483.814710,4481.320068
RDYEG,non_elective,2019/20,253,851861.285352,3367.040653
RDYEG,non_elective,2020/21,65,337244.790330,5188.381389
RDYEG,non_elective,2021/22,50,298566.421281,5971.328425
RDYEH,elective,2013/14,3,1840.235936,613.411978
RDYEH,non_elective,2012/13,3,9825.602528,3275.200842
RDYEH,non_elective,2013/14,32,117502.314496,3671.947328
RDYEH,non_elective,2014/15,41,129821.860077,3166.386831
RDYEH,non_elective,2015/16,12,56376.473607,4698.039467
RDYEH,non_elective,2016/17,6,11727.046269,1954.507711
RDYEH,non_elective,2017/18,12,97278.274836,8106.522903
RDYEH,non_elective,2018/19,5,44102.920176,8820.584035
RDYEJ,elective,2013/14,52,444155.381600,8541.449646
RDYEJ,elective,2014/15,281,1655261.922278,5890.611823
RDYEJ,elective,2015/16,266,1604015.144262,6030.132121
RDYEJ,elective,2019/20,1,2924.748405,2924.748405
RDYEJ,non_elective,2012/13,15,48378.918336,3225.261222
RDYEJ,non_elective,2013/14,65,278919.882976,4291.075122
RDYEJ,non_elective,2014/15,52,231564.431630,4453.162146
RDYEJ,non_elective,2015/16,62,402747.725745,6495.931060
RDYEJ,non_elective,2016/17,129,973786.409802,7548.731858
RDYEJ,non_elective,2017/18,94,524977.273386,5584.864610
RDYEJ,non_elective,2018/19,88,466750.363932,5303.981408
RDYEJ,non_elective,2019/20,69,400724.818056,5807.606058
RDYEJ,non_elective,2020/21,25,130518.585927,5220.743437
RDYEJ,non_elective,2021/22,18,231239.024694,12846.612483
RDYER,elective,2013/14,30,219614.630368,7320.487678
RDYER,elective,2014/15,46,380942.439518,8281.357380
RDYER,elective,2015/16,51,278052.661953,5452.012979
RDYER,non_elective,2012/13,21,78865.884384,3755.518304
RDYER,non_elective,2013/14,91,401426.104800,4411.275876
RDYER,non_elective,2014/15,36,137953.125086,3832.031252
RDYER,non_elective,2015/16,23,190345.535361,8275.892841
RDYER,non_elective,2016/17,60,394445.180628,6574.086343
RDYER,non_elective,2017/18,48,306716.235309,6389.921568
RDYER,non_elective,2018/19,26,141191.060391,5430.425399
RDYER,non_elective,2019/20,21,141760.425267,6750.496441
RDYER,non_elective,2020/21,16,112439.173140,7027.448321
RDYER,non_elective,2021/22,8,64887.855111,8110.981888
RDYEY,non_elective,2012/13,5,9531.505760,1906.301152
RDYEY,non_elective,2013/14,57,236794.783232,4154.294442
RDYEY,non_elective,2014/15,47,175284.059971,3729.448084
RDYEY,non_elective,2015/16,39,246452.911335,6319.305418
RDYEY,non_elective,2016/17,26,153269.284266,5894.972471
RDYEY,non_elective,2017/18,26,147237.964731,5662.998643
RDYEY,non_elective,2018/19,20,53012.233701,2650.611685
RDYEY,non_elective,2019/20,7,36619.096815,5231.299545
RDYEY,non_elective,2020/21,6,23477.989239,3912.998206
RDYEY,non_elective,2021/22,10,54633.053421,5463.305342
RDYFC,non_elective,2012/13,6,17499.823264,2916.637210
RDYFC,non_elective,2013/14,107,380114.744800,3552.474250
RDYFC,non_elective,2014/15,102,395490.532341,3877.358160
RDYFC,non_elective,2015/16,87,536713.670538,6169.122649
RDYFC,non_elective,2016/17,89,472836.749778,5312.772469
RDYFC,non_elective,2017/18,84,448503.674238,5339.329455
RDYFC,non_elective,2018/19,55,290515.311018,5282.096563
RDYFC,non_elective,2019/20,45,241646.557473,5369.923499
RDYFC,non_elective,2020/21,32,125309.105109,3915.909534
RDYFC,non_elective,2021/22,14,97287.625719,6949.116122
RDYFD,elective,2013/14,12,50812.675648,4234.389637
RDYFD,non_elective,2012/13,17,50042.269984,2943.662940
RDYFD,non_elective,2013/14,42,134620.664416,3205.253914
RDYFD,non_elective,2014/15,19,114972.085070,6051.162372
RDYFD,non_elective,2015/16,45,167836.920993,3729.709355
RDYFD,non_elective,2016/17,46,265651.313121,5775.028546
RDYFD,non_elective,2017/18,59,253336.200210,4293.833901
RDYFD,non_elective,2018/19,31,229510.150326,7403.553236
RDYFE,elective,2012/13,3,7397.173056,2465.724352
RDYFE,elective,2013/14,111,266193.804352,2398.142381
RDYFE,elective,2014/15,294,1021930.644152,3475.954571
RDYFE,elective,2015/16,289,1491285.054762,5160.155898
RDYFE,elective,2016/17,236,1207030.679406,5114.536777
RDYFE,elective,2017/18,207,1363367.053296,6586.314267
RDYFE,elective,2018/19,224,1214480.216196,5421.786679
RDYFE,elective,2019/20,321,1500934.127031,4675.807249
RDYFE,elective,2020/21,236,1199830.499496,5084.027540
RDYFE,elective,2021/22,190,1245528.264717,6555.411919
RDYFE,non_elective,2012/13,5,14346.807552,2869.361510
RDYFE,non_elective,2013/14,25,90750.164288,3630.006571
RDYFE,non_elective,2014/15,4,16206.223712,4051.555928
RDYFE,non_elective,2015/16,3,5723.779383,1907.926461
RDYFE,non_elective,2017/18,2,15728.185206,7864.092603
RDYFE,non_elective,2019/20,8,33804.481032,4225.560129
RDYFE,non_elective,2020/21,1,3842.173926,3842.173926
RDYFE,non_elective,2021/22,2,6154.958988,3077.479494
RDYFF,elective,2013/14,23,74441.646048,3236.593306
RDYFF,elective,2014/15,53,169852.498300,3204.764118
RDYFF,elective,2015/16,52,240826.796730,4631.284552
RDYFF,elective,2016/17,1,279.487503,279.487503
RDYFF,elective,2018/19,1,491.440851,491.440851
RDYFF,non_elective,2012/13,3,5473.822816,1824.607605
RDYFF,non_elective,2013/14,57,266696.752448,4678.890393
RDYFF,non_elective,2014/15,62,267530.104587,4315.001686
RDYFF,non_elective,2015/16,44,274248.930546,6232.930239
RDYFF,non_elective,2016/17,46,250468.596090,5444.969480
RDYFF,non_elective,2017/18,46,214024.049091,4652.696719
RDYFF,non_elective,2018/19,38,168902.921655,4444.813727
RDYFF,non_elective,2019/20,35,158144.211270,4518.406036
RDYFF,non_elective,2020/21,4,22723.684677,5680.921169
RDYFF,non_elective,2021/22,5,28347.721308,5669.544261
RDYFG,elective,2012/13,41,164892.385728,4021.765505
RDYFG,elective,2013/14,1,2422.036064,2422.036064
RDYFG,non_elective,2013/14,10,22841.515648,2284.151564
RDYFG,non_elective,2014/15,4,48262.214117,12065.553529
RDYFG,non_elective,2015/16,7,66374.645508,9482.092215
RDYFG,non_elective,2016/17,6,42811.459335,7135.243222
RDYFG,non_elective,2017/18,4,22973.041557,5743.260389
RDYFG,non_elective,2018/19,4,26772.617016,6693.154254
RDZ01,elective,2013/14,29,126812.262764,4372.836647
RDZ01,elective,2014/15,8,23522.041519,2940.255189
RDZ01,elective,2015/16,20,49247.949824,2462.397491
RDZ01,elective,2016/17,21,59525.664311,2834.555443
RDZ01,elective,2017/18,36,120696.193933,3352.672053
RDZ01,elective,2018/19,28,119151.992150,4255.428291
RDZ01,elective,2019/20,21,50899.582430,2423.789639
RDZ01,elective,2020/21,45,131373.242327,2919.405385
RDZ01,non_elective,2012/13,53,71753.246102,1353.834832
RDZ01,non_elective,2013/14,439,1409951.179436,3211.733893
RDZ01,non_elective,2014/15,481,1633261.511768,3395.554078
RDZ01,non_elective,2015/16,372,1522808.318683,4093.570749
RDZ01,non_elective,2016/17,324,1281332.957426,3954.731350
RDZ01,non_elective,2017/18,368,1208795.739077,3284.771030
RDZ01,non_elective,2018/19,365,1258380.996313,3447.619167
RDZ01,non_elective,2019/20,356,1264781.906678,3552.758164
RDZ01,non_elective,2020/21,269,856544.320798,3184.179631
RDZ05,elective,2013/14,8,12804.942441,1600.617805
RDZ05,elective,2014/15,18,33630.141921,1868.341217
RDZ05,elective,2015/16,18,19224.407590,1068.022643
RDZ05,elective,2016/17,25,21132.795636,845.311825
RDZ05,elective,2017/18,28,67983.832660,2427.994023
RDZ05,elective,2018/19,42,50834.024250,1210.333910
RDZ05,elective,2019/20,38,24789.451160,652.353977
RDZ05,elective,2020/21,37,48453.818212,1309.562654
RDZ05,non_elective,2013/14,3,2981.112400,993.704133
RDZ05,non_elective,2014/15,1,605.804627,605.804627
RDZ05,non_elective,2015/16,3,2142.272140,714.090713
RDZ05,non_elective,2016/17,3,2733.353150,911.117716
RDZ20,elective,2012/13,1606,293788.627020,182.931897
RDZ20,elective,2013/14,11062,35402030.382793,3200.328185
RDZ20,elective,2014/15,10158,34063771.468248,3353.393529
RDZ20,elective,2015/16,9479,37784871.952283,3986.166468
RDZ20,elective,2016/17,10532,41022594.496394,3895.043153
RDZ20,elective,2017/18,9964,38913759.957163,3905.435563
RDZ20,elective,2018/19,9577,36438972.477496,3804.842067
RDZ20,elective,2019/20,8720,32925513.983567,3775.861695
RDZ20,elective,2020/21,5395,18115083.795573,3357.754178
RDZ20,non_elective,2012/13,6692,442446.055578,66.115668
RDZ20,non_elective,2013/14,29838,52872529.354367,1771.986371
RDZ20,non_elective,2014/15,33173,56906353.683423,1715.441885
RDZ20,non_elective,2015/16,34924,71645686.673015,2051.474249
RDZ20,non_elective,2016/17,35917,71604284.504119,1993.604268
RDZ20,non_elective,2017/18,36332,74462217.726117,2049.494047
RDZ20,non_elective,2018/19,37824,76574382.948667,2024.491934
RDZ20,non_elective,2019/20,41886,82704777.624262,1974.520785
RDZ20,non_elective,2020/21,36055,69106661.058988,1916.701180
RE900,elective,2016/17,1,2672.350956,2672.350956
RE900,elective,2017/18,7,27076.597533,3868.085361
RE900,non_elective,2016/17,1,4501.614303,4501.614303
RE900,non_elective,2017/18,76,174578.840901,2297.090011
RE922,elective,2012/13,8,84973.760406,10621.720050
RE922,elective,2013/14,242,685058.608746,2830.820697
RE922,elective,2014/15,261,844758.548935,3236.622792
RE922,elective,2015/16,302,1149813.020851,3807.327883
RE922,elective,2016/17,145,657890.311281,4537.174560
RE922,elective,2017/18,28,121359.496612,4334.267736
RE922,non_elective,2012/13,1,2912.203719,2912.203719
RE922,non_elective,2013/14,21,82212.880104,3914.899052
RE922,non_elective,2014/15,4,12996.313875,3249.078468
RE922,non_elective,2016/17,6,38755.265328,6459.210888
RE922,non_elective,2017/18,9,7674.259005,852.695445
RE9GA,elective,2012/13,148,47176.876719,318.762680
RE9GA,elective,2013/14,1720,5239986.107436,3046.503550
RE9GA,elective,2014/15,1476,4231303.327332,2866.736671
RE9GA,elective,2015/16,1393,5287898.580667,3796.050668
RE9GA,elective,2016/17,1306,5124003.358300,3923.432893
RE9GA,elective,2017/18,1134,4120673.752161,3633.751104
RE9GA,elective,2018/19,1173,4340052.930370,3699.959872
RE9GA,non_elective,2012/13,2298,376270.308720,163.738167
RE9GA,non_elective,2013/14,13812,27740548.069191,2008.438174
RE9GA,non_elective,2014/15,13448,28284453.841617,2103.246121
RE9GA,non_elective,2015/16,15147,36795722.113075,2429.241573
RE9GA,non_elective,2016/17,16188,36912046.400191,2280.210427
RE9GA,non_elective,2017/18,16192,34735979.613757,2145.255657
RE9GA,non_elective,2018/19,17015,37181547.507343,2185.221716
RE9GC,elective,2012/13,2,10508.227488,5254.113744
RE9GC,elective,2013/14,10,41803.351299,4180.335129
RE9GC,elective,2014/15,9,66926.126754,7436.236306
RE9GC,non_elective,2013/14,2,3340.438695,1670.219347
RE9GC,non_elective,2014/15,4,3023.380107,755.845026
RE9GF,elective,2012/13,1,24863.363883,24863.363883
RE9GF,elective,2013/14,12,53196.872247,4433.072687
RE9GF,elective,2014/15,1,3518.526798,3518.526798
RE9GF,non_elective,2013/14,27,14300.577612,529.651022
REF01,elective,2012/13,4,2445.774782,611.443695
REF01,elective,2013/14,211,276035.478862,1308.225018
REF01,elective,2014/15,224,359219.651316,1603.659157
REF01,elective,2015/16,186,466322.618461,2507.110851
REF01,elective,2016/17,285,492340.800005,1727.511578
REF01,elective,2017/18,376,615351.641856,1636.573515
REF01,elective,2018/19,455,684777.796836,1505.006146
REF01,elective,2019/20,447,790271.058696,1767.944202
REF01,elective,2020/21,103,232809.342276,2260.284876
REF01,elective,2021/22,180,636523.921152,3536.244006
REF01,elective,2022/23,150,497079.570036,3313.863800
REF01,elective,2023/24,59,181987.601544,3084.535619
REF01,non_elective,2012/13,84,23644.161541,281.478113
REF01,non_elective,2013/14,1188,1388303.225210,1168.605408
REF01,non_elective,2014/15,1098,1046613.286262,953.199714
REF01,non_elective,2015/16,1042,1172122.475496,1124.877615
REF01,non_elective,2016/17,821,864851.239559,1053.411984
REF01,non_elective,2017/18,834,996728.013708,1195.117522
REF01,non_elective,2018/19,879,841034.301324,956.808078
REF01,non_elective,2019/20,908,878228.001000,967.211454
REF01,non_elective,2020/21,1006,2069008.426595,2056.668416
REF01,non_elective,2021/22,887,917061.664764,1033.891392
REF01,non_elective,2022/23,581,403590.522552,694.648059
REF01,non_elective,2023/24,408,388634.171100,952.534733
REF02,elective,2012/13,2,17042.174732,8521.087366
REF02,elective,2013/14,2215,7738310.345400,3493.593835
REF02,elective,2014/15,2180,7964585.872215,3653.479757
REF02,elective,2015/16,2234,10156631.207634,4546.388186
REF02,elective,2016/17,2004,9227778.705374,4604.679992
REF02,elective,2017/18,1805,8875732.223849,4917.303171
REF02,elective,2018/19,1994,10087085.978757,5058.719146
REF02,elective,2019/20,1964,11605595.314816,5909.162583
REF02,elective,2020/21,1164,6731414.034091,5783.001747
REF02,elective,2021/22,1554,8622961.160025,5548.881055
REF02,elective,2022/23,1168,6937493.797362,5939.635100
REF02,non_elective,2013/14,9,8438.825868,937.647318
REF02,non_elective,2014/15,10,7250.046903,725.004690
REF02,non_elective,2015/16,14,31135.111560,2223.936540
REF02,non_elective,2016/17,9,4909.806384,545.534042
REF02,non_elective,2017/18,16,29679.719076,1854.982442
REF02,non_elective,2018/19,10,10222.039380,1022.203938
REF02,non_elective,2019/20,55,116778.352992,2123.242781
REF02,non_elective,2020/21,1905,4050871.703196,2126.441838
REF02,non_elective,2021/22,110,90484.463832,822.586034
REF02,non_elective,2022/23,58,53136.450192,916.145692
REF12,elective,2012/13,648,173254.753056,267.368446
REF12,elective,2013/14,8654,22598541.739311,2611.340621
REF12,elective,2014/15,7934,20904997.148253,2634.862257
REF12,elective,2015/16,6824,23526622.098964,3447.629264
REF12,elective,2016/17,6872,23811250.413265,3464.966590
REF12,elective,2017/18,6388,21856688.000064,3421.522855
REF12,elective,2018/19,7593,23887639.698410,3146.008125
REF12,elective,2019/20,6630,20432526.140899,3081.828980
REF12,elective,2020/21,5751,18027167.151575,3134.614354
REF12,elective,2021/22,6077,17398520.000111,2863.011354
REF12,elective,2022/23,5145,18498481.514102,3595.428865
REF12,elective,2023/24,5391,15347585.682283,2846.890313
REF12,non_elective,2012/13,4293,549817.795230,128.073094
REF12,non_elective,2013/14,39868,68235340.830724,1711.531574
REF12,non_elective,2014/15,41050,70595784.946779,1719.751155
REF12,non_elective,2015/16,42703,97605814.305822,2285.689865
REF12,non_elective,2016/17,45243,105742121.276616,2337.204015
REF12,non_elective,2017/18,45811,110075366.928486,2402.815195
REF12,non_elective,2018/19,49678,111946891.797437,2253.450054
REF12,non_elective,2019/20,47244,110381447.828863,2336.411985
REF12,non_elective,2020/21,35454,83348491.121641,2350.891045
REF12,non_elective,2021/22,38755,95699636.148519,2469.349403
REF12,non_elective,2022/23,38825,98683623.959504,2541.754641
REF12,non_elective,2023/24,27620,69960461.936548,2532.963864
REF81,elective,2013/14,2,987.137976,493.568988
REF81,elective,2014/15,3,1439.576215,479.858738
REF81,elective,2015/16,10,10587.148236,1058.714823
REF81,elective,2016/17,3,2959.197192,986.399064
REF81,elective,2017/18,28,24645.856368,880.209156
REF81,elective,2018/19,3,6783.762888,2261.254296
REF81,elective,2019/20,8,16598.332716,2074.791589
REF81,elective,2020/21,6,13891.282524,2315.213754
REF81,elective,2021/22,8,23324.606088,2915.575761
REF81,non_elective,2014/15,2,911.898801,455.949400
REF81,non_elective,2017/18,24,26062.922508,1085.955104
REF81,non_elective,2019/20,1,1113.481152,1113.481152
REF81,non_elective,2020/21,3,3848.771808,1282.923936
REF86,elective,2016/17,2,8843.299584,4421.649792
REF86,elective,2020/21,7,18727.461984,2675.351712
REF86,elective,2021/22,1,3677.311848,3677.311848
REF89,elective,2018/19,1,2755.462416,2755.462416
REF89,elective,2019/20,2,6432.774264,3216.387132
REF89,elective,2020/21,1,4539.654588,4539.654588
REF89,elective,2021/22,1,2261.254296,2261.254296
REF89,elective,2022/23,1,2261.254296,2261.254296
REM00,non_elective,2019/20,1,1563.242472,1563.242472
REM21,elective,2012/13,914,119719.751040,130.984410
REM21,elective,2013/14,9569,24742526.079821,2585.696110
REM21,elective,2014/15,9292,24182443.089786,2602.501408
REM21,elective,2015/16,9343,31218230.429158,3341.349719
REM21,elective,2016/17,8626,30944556.864973,3587.358783
REM21,elective,2017/18,7494,26430995.249053,3526.954263
REM21,elective,2018/19,7557,26002284.352842,3440.821007
REM21,elective,2019/20,6904,23865468.260236,3456.759597
REM21,elective,2020/21,3465,12543924.075921,3620.180108
REM21,elective,2021/22,5019,17593997.788888,3505.478738
REM21,elective,2022/23,5198,18327301.959955,3525.837237
REM21,elective,2023/24,3458,12894450.790147,3728.875300
REM21,non_elective,2012/13,6115,1121421.847680,183.388691
REM21,non_elective,2013/14,33186,60427993.036800,1820.888116
REM21,non_elective,2014/15,39465,65687996.036781,1664.462081
REM21,non_elective,2015/16,41768,86578518.480177,2072.843288
REM21,non_elective,2016/17,41840,90723669.373054,2168.347738
REM21,non_elective,2017/18,49342,101357855.811555,2054.190260
REM21,non_elective,2018/19,58051,108116752.144148,1862.444267
REM21,non_elective,2019/20,60267,116820567.236157,1938.383646
REM21,non_elective,2020/21,54430,99761177.374940,1832.834418
REM21,non_elective,2021/22,45875,110695830.663630,2412.988134
REM21,non_elective,2022/23,39900,119877506.261861,3004.448778
REM21,non_elective,2023/24,29790,88297591.501038,2964.001057
REM26,elective,2013/14,1,7809.096960,7809.096960
REM26,elective,2014/15,2,9514.675200,4757.337600
REM26,elective,2015/16,2,1031.863608,515.931804
REM26,elective,2017/18,1,515.931804,515.931804
REM26,elective,2018/19,25,12898.295100,515.931804
REM26,elective,2019/20,2,1031.863608,515.931804
REM30,elective,2013/14,7,16334.910720,2333.558674
REM30,elective,2014/15,16,49872.063360,3117.003960
REM30,elective,2015/16,35,18057.613140,515.931804
REM30,elective,2017/18,1,515.931804,515.931804
REM30,elective,2018/19,1,515.931804,515.931804
REM30,elective,2019/20,1,515.931804,515.931804
REM30,elective,2020/21,1,817.664376,817.664376
REM71,elective,2013/14,20,15820.744320,791.037216
REM71,elective,2014/15,8,7231.568640,903.946080
REM71,elective,2015/16,22,19404.957204,882.043509
REM71,elective,2016/17,5,3274.210328,654.842065
REM71,elective,2017/18,6,8178.136976,1363.022829
REM71,elective,2018/19,20,43536.354336,2176.817716
REM71,elective,2019/20,13,40508.328952,3116.025304
REM71,elective,2020/21,11,24498.934180,2227.175834
REM71,elective,2021/22,9,17262.604452,1918.067161
REM71,elective,2022/23,16,47491.471068,2968.216941
REM71,elective,2023/24,14,18879.891038,1348.563645
REM71,non_elective,2013/14,5,7904.659200,1580.931840
REM71,non_elective,2014/15,1,1271.393280,1271.393280
REM71,non_elective,2015/16,1,4426.097592,4426.097592
REM71,non_elective,2016/17,1,4921.979112,4921.979112
REM71,non_elective,2017/18,1,2284.105272,2284.105272
REM71,non_elective,2018/19,1,604.494948,604.494948
REM97,elective,2020/21,3,960.807132,320.269044
REM97,non_elective,2020/21,1,885.631440,885.631440
REMAH,elective,2019/20,1144,6124171.601454,5353.296854
REMAH,elective,2020/21,609,3117856.823869,5119.633536
REMAH,elective,2021/22,1901,10877510.772592,5721.994093
REMAH,elective,2022/23,2384,12201008.189964,5117.872562
REMAH,elective,2023/24,1576,8447857.040058,5360.315380
REMAH,non_elective,2019/20,354,343308.848892,969.799008
REMAH,non_elective,2020/21,216,200936.386284,930.261047
REMAH,non_elective,2021/22,427,359521.053264,841.969679
REMAH,non_elective,2022/23,379,238476.861300,629.226546
REMAH,non_elective,2023/24,388,143384.265634,369.547076
REMAX,elective,2020/21,2,26266.180824,13133.090412
REMBD,elective,2020/21,67,155218.824692,2316.698876
REMBD,non_elective,2020/21,137,427417.060788,3119.832560
REMRQ,elective,2019/20,2581,10618006.662683,4113.911918
REMRQ,elective,2020/21,3655,13463980.257192,3683.715528
REMRQ,elective,2021/22,5339,20279727.413946,3798.413076
REMRQ,elective,2022/23,5548,22251736.094399,4010.767140
REMRQ,elective,2023/24,4209,18514236.307308,4398.725661
REMRQ,non_elective,2018/19,2,279770.971896,139885.485948
REMRQ,non_elective,2019/20,22425,46218001.075839,2061.003392
REMRQ,non_elective,2020/21,40316,79347123.882283,1968.129871
REMRQ,non_elective,2021/22,39111,90116565.447507,2304.123275
REMRQ,non_elective,2022/23,37644,91885141.208434,2440.897386
REMRQ,non_elective,2023/24,27546,62248524.182272,2259.802663
REN20,elective,2012/13,205,89398.880010,436.092097
REN20,elective,2013/14,1559,2570722.429473,1648.956016
REN20,elective,2014/15,1423,2132545.510531,1498.626500
REN20,elective,2015/16,1438,2214751.828465,1540.161215
REN20,elective,2016/17,1413,2298715.146958,1626.833083
REN20,elective,2017/18,983,1695899.925792,1725.228815
REN20,elective,2018/19,953,1697867.710727,1781.603054
REN20,elective,2019/20,711,1362903.546462,1916.882625
REN20,elective,2020/21,750,2404156.314762,3205.541753
REN20,elective,2021/22,1310,4874248.674455,3720.800514
REN20,elective,2022/23,1030,3937812.236719,3823.118676
REN20,elective,2023/24,603,2376581.940665,3941.263583
REN20,non_elective,2012/13,126,133817.681745,1062.045093
REN20,non_elective,2013/14,912,2762175.936069,3028.701684
REN20,non_elective,2014/15,1185,3320290.008084,2801.932496
REN20,non_elective,2015/16,1391,5093153.730372,3661.505197
REN20,non_elective,2016/17,1267,5460867.757553,4310.077156
REN20,non_elective,2017/18,1364,5514437.278858,4042.842579
REN20,non_elective,2018/19,1333,5398950.163521,4050.225178
REN20,non_elective,2019/20,1077,4732424.156741,4394.079996
REN20,non_elective,2020/21,1078,4892115.813382,4538.140828
REN20,non_elective,2021/22,969,4284933.765824,4422.016270
REN20,non_elective,2022/23,1325,7300061.724329,5509.480546
REN20,non_elective,2023/24,908,5141239.066760,5662.157562
REN22,elective,2017/18,107,464130.262312,4337.666002
REN22,elective,2018/19,271,1278857.901473,4719.032846
REN22,elective,2019/20,239,1063830.621553,4451.174148
REN22,elective,2020/21,115,400275.649233,3480.657819
REN22,non_elective,2017/18,77,533374.544525,6926.942136
REN22,non_elective,2018/19,172,1048695.567953,6097.067255
REN22,non_elective,2019/20,143,1212575.555388,8479.549338
REN22,non_elective,2020/21,61,460087.001535,7542.409861
REP00,elective,2013/14,216,469597.743450,2174.063627
REP00,non_elective,2013/14,96,165669.813050,1725.727219
REP00,non_elective,2023/24,2,6999.751044,3499.875522
REP01,elective,2012/13,222,22837.877500,102.873322
REP01,elective,2013/14,2284,5129986.585700,2246.053671
REP01,elective,2014/15,2405,5398137.379600,2244.547766
REP01,elective,2015/16,2204,7913909.510365,3590.703044
REP01,elective,2016/17,2181,7965351.656924,3652.155734
REP01,elective,2017/18,1999,7716026.465979,3859.943204
REP01,elective,2018/19,1714,6856455.338807,4000.265658
REP01,elective,2019/20,1476,5788437.402038,3921.705556
REP01,elective,2020/21,1239,5947843.531593,4800.519395
REP01,elective,2021/22,1563,7197999.438733,4605.245962
REP01,elective,2022/23,1476,6650760.395149,4505.935227
REP01,elective,2023/24,891,3979883.521919,4466.760406
REP01,non_elective,2012/13,450,122129.061450,271.397914
REP01,non_elective,2013/14,1052,1748726.973450,1662.287997
REP01,non_elective,2014/15,1254,1788865.856568,1426.527796
REP01,non_elective,2015/16,1171,2550203.245181,2177.799526
REP01,non_elective,2016/17,1287,2641321.335710,2052.308730
REP01,non_elective,2017/18,1187,2492341.694693,2099.698142
REP01,non_elective,2018/19,1161,2513935.833994,2165.319409
REP01,non_elective,2019/20,963,2125459.154979,2207.122694
REP01,non_elective,2020/21,833,2068500.693881,2483.194110
REP01,non_elective,2021/22,944,2092469.229460,2216.598760
REP01,non_elective,2022/23,1026,2200444.837520,2144.683077
REP01,non_elective,2023/24,764,1731505.402449,2266.368327
REP21,elective,2013/14,1,97327.854800,97327.854800
REP21,elective,2014/15,2,1884.254950,942.127475
REP21,elective,2016/17,1,1616.594460,1616.594460
REP21,elective,2017/18,3,4237.124970,1412.374990
RET20,elective,2012/13,400,169652.748207,424.131870
RET20,elective,2013/14,2683,12445199.980247,4638.538941
RET20,elective,2014/15,3312,15324879.348511,4627.077097
RET20,elective,2015/16,3109,18902660.561480,6079.980881
RET20,elective,2016/17,3264,21077264.646059,6457.495295
RET20,elective,2017/18,2866,20084457.781589,7007.835932
RET20,elective,2018/19,3004,22176839.967252,7382.436740
RET20,elective,2019/20,2956,21294693.324294,7203.888134
RET20,elective,2020/21,1422,11446163.957344,8049.341742
RET20,elective,2021/22,2449,19081230.185110,7791.437396
RET20,elective,2022/23,2763,20832900.656427,7539.956806
RET20,elective,2023/24,1840,13907172.365525,7558.245850
RET20,non_elective,2012/13,419,631562.001685,1507.307879
RET20,non_elective,2013/14,1873,10317462.257988,5508.522294
RET20,non_elective,2014/15,2266,12483260.003698,5508.940866
RET20,non_elective,2015/16,2204,18813744.059762,8536.181515
RET20,non_elective,2016/17,1956,17113628.411921,8749.298779
RET20,non_elective,2017/18,1468,13606966.214929,9269.050555
RET20,non_elective,2018/19,1790,17424852.289840,9734.554351
RET20,non_elective,2019/20,1970,19461670.502991,9879.020559
RET20,non_elective,2020/21,1721,16573443.369138,9630.123979
RET20,non_elective,2021/22,1940,20659083.137232,10649.011926
RET20,non_elective,2022/23,1913,20668764.848893,10804.372634
RET20,non_elective,2023/24,1202,12374061.827681,10294.560588
RF400,elective,2014/15,1,374.632005,374.632005
RF400,elective,2015/16,14,109437.328125,7816.952008
RF400,elective,2016/17,356,1821909.721220,5117.723936
RF400,elective,2017/18,371,1782326.364748,4804.114190
RF400,elective,2018/19,65,335831.258813,5166.634750
RF400,elective,2019/20,12,50031.787500,4169.315625
RF400,non_elective,2013/14,1,2007.041055,2007.041055
RF409,elective,2020/21,27,255625.903125,9467.626041
RF40A,elective,2020/21,3,1609.762500,536.587500
RF4DG,elective,2012/13,262,71667.454875,273.539904
RF4DG,elective,2013/14,3452,10656548.591480,3087.065061
RF4DG,elective,2014/15,3897,12234960.663194,3139.584465
RF4DG,elective,2015/16,3435,13805563.419002,4019.086875
RF4DG,elective,2016/17,3275,12540148.248096,3829.052900
RF4DG,elective,2017/18,3024,11975441.153065,3960.132656
RF4DG,elective,2018/19,2817,11668104.973689,4142.032294
RF4DG,elective,2019/20,2936,11467543.718254,3905.839141
RF4DG,elective,2020/21,1491,6846430.877730,4591.838281
RF4DG,elective,2021/22,3203,16801872.028049,5245.667195
RF4DG,elective,2022/23,3264,17525003.426737,5369.179971
RF4DG,elective,2023/24,2058,11282786.928847,5482.403755
RF4DG,non_elective,2012/13,2780,221881.923559,79.813641
RF4DG,non_elective,2013/14,16439,24001510.519986,1460.034705
RF4DG,non_elective,2014/15,16886,32547539.223048,1927.486629
RF4DG,non_elective,2015/16,15859,36758656.302770,2317.842001
RF4DG,non_elective,2016/17,14537,33968863.029397,2336.717550
RF4DG,non_elective,2017/18,15493,37804848.792767,2440.124494
RF4DG,non_elective,2018/19,15853,39977852.846637,2521.784699
RF4DG,non_elective,2019/20,16084,40559506.647215,2521.730082
RF4DG,non_elective,2020/21,10495,29753610.844224,2835.027236
RF4DG,non_elective,2021/22,13546,41968748.919942,3098.239252
RF4DG,non_elective,2022/23,12761,41035647.227068,3215.707799
RF4DG,non_elective,2023/24,16013,33607747.152570,2098.778939
RF4HG,elective,2016/17,3,19665.393750,6555.131250
RF4HG,elective,2017/18,14,44857.715625,3204.122544
RF4HG,elective,2018/19,4,25155.421875,6288.855468
RF4HR,elective,2016/17,12,13420.068750,1118.339062
RF4HR,elective,2017/18,1,1132.368750,1132.368750
RF4HW,elective,2015/16,1,8545.809375,8545.809375
RF4HW,elective,2016/17,1,6766.537500,6766.537500
RF4HW,elective,2020/21,357,1043092.036688,2921.826433
RF4HW,non_elective,2017/18,1,3813.384375,3813.384375
RF4HW,non_elective,2020/21,1,623.840625,623.840625
RF4LD,elective,2016/17,5,21858.637500,4371.727500
RF4LD,elective,2017/18,3,2720.221875,906.740625
RF4LD,elective,2018/19,1,865.996875,865.996875
RF4LD,non_elective,2017/18,1,936.337500,936.337500
RF4PP,elective,2021/22,1,1062.028125,1062.028125
RF4PP,elective,2022/23,7,2926.631250,418.090178
RF4PP,elective,2023/24,5,1819.631250,363.926250
RF4QH,elective,2012/13,542,267510.504592,493.561816
RF4QH,elective,2013/14,4791,15322089.122922,3198.098334
RF4QH,elective,2014/15,4611,14648504.378582,3176.860632
RF4QH,elective,2015/16,4202,18535270.653377,4411.059175
RF4QH,elective,2016/17,4396,19005820.352813,4323.435021
RF4QH,elective,2017/18,4350,20291523.824101,4664.718120
RF4QH,elective,2018/19,3805,19328460.126856,5079.752989
RF4QH,elective,2019/20,4589,23885017.731964,5204.841519
RF4QH,elective,2020/21,2485,12736280.004525,5125.263583
RF4QH,elective,2021/22,3349,16513931.318988,4931.003678
RF4QH,elective,2022/23,4015,18966490.372496,4723.907938
RF4QH,elective,2023/24,3279,14661141.163959,4471.223288
RF4QH,non_elective,2012/13,8456,1465440.521319,173.301859
RF4QH,non_elective,2013/14,37176,89464796.186798,2406.520233
RF4QH,non_elective,2014/15,36298,87459794.090013,2409.493473
RF4QH,non_elective,2015/16,44185,113317757.736090,2564.620521
RF4QH,non_elective,2016/17,43128,112522391.958261,2609.033388
RF4QH,non_elective,2017/18,46287,126492916.907984,2732.795750
RF4QH,non_elective,2018/19,46334,128937507.441114,2782.783861
RF4QH,non_elective,2019/20,42827,121702280.981786,2841.718564
RF4QH,non_elective,2020/21,41237,115523417.125315,2801.450569
RF4QH,non_elective,2021/22,45581,124637539.820810,2734.418723
RF4QH,non_elective,2022/23,46043,116829189.399515,2537.393076
RF4QH,non_elective,2023/24,40505,87407649.657958,2157.947158
RF4WL,elective,2016/17,2,5392.012500,2696.006250
RFFAA,elective,2012/13,573,89181.783592,155.640110
RFFAA,elective,2013/14,4327,10368454.673280,2396.222480
RFFAA,elective,2014/15,3777,9434087.203702,2497.772624
RFFAA,elective,2015/16,3989,12036966.253480,3017.539797
RFFAA,elective,2016/17,4041,13661621.662984,3380.752700
RFFAA,elective,2017/18,3640,12584298.891649,3457.224970
RFFAA,elective,2018/19,3185,11534033.260245,3621.360521
RFFAA,elective,2019/20,3575,12234345.497422,3422.194544
RFFAA,elective,2020/21,2060,6001034.212432,2913.123404
RFFAA,elective,2021/22,3503,11736947.098331,3350.541563
RFFAA,elective,2022/23,2869,10540239.662022,3673.837456
RFFAA,elective,2023/24,2079,7728015.096418,3717.178978
RFFAA,non_elective,2012/13,5688,369403.089880,64.944284
RFFAA,non_elective,2013/14,26302,20786292.821096,790.293240
RFFAA,non_elective,2014/15,28779,34686016.400419,1205.254400
RFFAA,non_elective,2015/16,31233,57306767.783468,1834.814708
RFFAA,non_elective,2016/17,29746,56579468.615616,1902.086620
RFFAA,non_elective,2017/18,27986,59607846.715758,2129.916626
RFFAA,non_elective,2018/19,30220,64974798.827841,2150.059524
RFFAA,non_elective,2019/20,31799,70365086.231755,2212.808145
RFFAA,non_elective,2020/21,26113,59290647.095862,2270.541381
RFFAA,non_elective,2021/22,34199,78002570.414762,2280.843604
RFFAA,non_elective,2022/23,29644,72717169.986769,2453.014774
RFFAA,non_elective,2023/24,20595,54267240.621518,2634.971625
RFR00,elective,2012/13,3,3158.649225,1052.883075
RFR00,elective,2013/14,23,40132.821210,1744.905270
RFR00,elective,2014/15,434,1096986.857567,2527.619487
RFR00,non_elective,2012/13,79,12354.170481,156.381904
RFR00,non_elective,2013/14,432,780527.389971,1806.776365
RFR00,non_elective,2014/15,2029,3556988.276370,1753.074557
RFR30,elective,2015/16,30,59713.413903,1990.447130
RFR30,elective,2016/17,24,48090.702807,2003.779283
RFR30,non_elective,2014/15,8,19000.233090,2375.029136
RFR30,non_elective,2015/16,491,1049125.283082,2136.711370
RFR30,non_elective,2016/17,524,1137355.382124,2170.525538
RFRAA,elective,2014/15,51,20783.398299,407.517613
RFRAA,elective,2015/16,223,166364.856612,746.030747
RFRAA,elective,2016/17,113,60068.711115,531.581514
RFRAA,non_elective,2015/16,4,7500.038274,1875.009568
RFRAA,non_elective,2016/17,3,2380.899708,793.633236
RFRDR,elective,2013/14,460,623517.357015,1355.472515
RFRDR,elective,2014/15,365,489010.260180,1339.754137
RFRDR,elective,2015/16,202,386673.631308,1914.225897
RFRDR,elective,2016/17,369,734846.521626,1991.453988
RFRDR,elective,2017/18,330,620774.676225,1881.135382
RFRDR,elective,2018/19,328,594907.405641,1813.742090
RFRDR,elective,2019/20,297,592319.249226,1994.340906
RFRDR,elective,2020/21,80,185928.664590,2324.108307
RFRDR,elective,2021/22,191,405026.570052,2120.557958
RFRDR,elective,2022/23,239,475102.819305,1987.877905
RFRDR,elective,2023/24,181,355899.583710,1966.296042
RFRDR,non_elective,2012/13,12,11415.306939,951.275578
RFRDR,non_elective,2013/14,263,315709.814847,1200.417546
RFRDR,non_elective,2014/15,324,401220.127962,1238.333728
RFRDR,non_elective,2015/16,387,788089.034007,2036.405772
RFRDR,non_elective,2016/17,158,227513.752929,1439.960461
RFRDR,non_elective,2017/18,170,242601.632811,1427.068428
RFRDR,non_elective,2018/19,263,400770.150291,1523.840875
RFRDR,non_elective,2019/20,342,424658.782953,1241.692347
RFRDR,non_elective,2020/21,122,223954.654995,1835.693893
RFRDR,non_elective,2021/22,230,386085.553164,1678.632839
RFRDR,non_elective,2022/23,288,452797.709562,1572.214269
RFRDR,non_elective,2023/24,138,227291.181687,1647.037548
RFRPA,elective,2012/13,859,164216.889204,191.172164
RFRPA,elective,2013/14,5565,13706723.472738,2463.023085
RFRPA,elective,2014/15,4745,12281808.048420,2588.368397
RFRPA,elective,2015/16,4663,17454020.462136,3743.088239
RFRPA,elective,2016/17,4261,15969292.792745,3747.780519
RFRPA,elective,2017/18,4932,16716437.212686,3389.383052
RFRPA,elective,2018/19,4730,16800500.696400,3551.902895
RFRPA,elective,2019/20,4392,15866187.226421,3612.519860
RFRPA,elective,2020/21,2541,7941642.569511,3125.400460
RFRPA,elective,2021/22,3731,15098080.322021,4046.657818
RFRPA,elective,2022/23,3648,13388091.055218,3669.981100
RFRPA,elective,2023/24,2585,9774794.757240,3781.351937
RFRPA,non_elective,2012/13,5109,1238254.182786,242.367230
RFRPA,non_elective,2013/14,22476,40925498.932289,1820.853307
RFRPA,non_elective,2014/15,21419,39194944.370898,1829.914765
RFRPA,non_elective,2015/16,23317,51899500.150299,2225.822367
RFRPA,non_elective,2016/17,23344,52870527.430695,2264.844389
RFRPA,non_elective,2017/18,23559,55067667.012261,2337.436521
RFRPA,non_elective,2018/19,24033,57933370.787004,2410.575907
RFRPA,non_elective,2019/20,23010,59211872.295084,2573.310399
RFRPA,non_elective,2020/21,22000,57239805.104955,2601.809322
RFRPA,non_elective,2021/22,22674,67870111.871637,2993.301220
RFRPA,non_elective,2022/23,22775,68356770.109971,3001.394955
RFRPA,non_elective,2023/24,16361,47803692.085596,2921.807474
RFRPB,elective,2014/15,32,69987.449202,2187.107787
RFRPB,non_elective,2014/15,401,687711.381297,1714.990975
RFS00,elective,2013/14,2,5529.249486,2764.624743
RFS00,non_elective,2021/22,1,1563.730784,1563.730784
RFSAC,non_elective,2021/22,1,586.909400,586.909400
RFSDA,elective,2012/13,349,108011.738331,309.489221
RFSDA,elective,2013/14,4022,12341762.216092,3068.563455
RFSDA,elective,2014/15,4070,12254068.058026,3010.827532
RFSDA,elective,2015/16,3870,14580779.994975,3767.643409
RFSDA,elective,2016/17,4109,15255120.716694,3712.611515
RFSDA,elective,2017/18,3935,15129581.122662,3844.874491
RFSDA,elective,2018/19,3869,14666844.389391,3790.861822
RFSDA,elective,2019/20,3664,14068238.466855,3839.584734
RFSDA,elective,2020/21,1839,6498298.724801,3533.604526
RFSDA,elective,2021/22,2816,10987475.758952,3901.802471
RFSDA,elective,2022/23,2874,11040683.434088,3841.573915
RFSDA,elective,2023/24,2280,8827265.379240,3871.607622
RFSDA,non_elective,2012/13,7213,1088983.319823,150.975089
RFSDA,non_elective,2013/14,32773,52486504.663644,1601.516634
RFSDA,non_elective,2014/15,33668,53184009.713091,1579.660499
RFSDA,non_elective,2015/16,33550,63766456.958512,1900.639551
RFSDA,non_elective,2016/17,35277,70363083.850752,1994.588084
RFSDA,non_elective,2017/18,36469,74835317.147360,2052.025477
RFSDA,non_elective,2018/19,37045,75918965.177532,2049.371444
RFSDA,non_elective,2019/20,37940,82814810.781472,2182.783626
RFSDA,non_elective,2020/21,32504,68541334.425256,2108.704603
RFSDA,non_elective,2021/22,35245,73844299.700864,2095.170937
RFSDA,non_elective,2022/23,29086,63088075.431920,2169.018614
RFSDA,non_elective,2023/24,16170,31939019.576464,1975.202200
RFW00,non_elective,2015/16,2150,1683591.085584,783.065621
RFW01,elective,2012/13,191,9650.014272,50.523634
RFW01,elective,2013/14,2363,6557505.483906,2775.076379
RFW01,elective,2014/15,2330,7353804.669570,3156.139343
RFW01,elective,2015/16,2260,8650060.377768,3827.460344
RFW01,non_elective,2012/13,2886,545707.586214,189.087867
RFW01,non_elective,2013/14,22867,39785081.724072,1739.847016
RFW01,non_elective,2014/15,25070,45545558.744592,1816.735490
RFW01,non_elective,2015/16,29114,58677532.928478,2015.440438
RGM21,elective,2012/13,1829,526857.725934,288.057805
RGM21,elective,2013/14,9937,28851368.490171,2903.428448
RGM21,elective,2014/15,8880,30745876.227799,3462.373449
RGM21,elective,2015/16,8388,37157955.303560,4429.894528
RGM21,elective,2016/17,8405,35694044.258390,4246.763147
RGM21,elective,2017/18,7605,32914021.974435,4327.945032
RGM21,elective,2018/19,7322,34379970.190895,4695.434333
RGM21,elective,2019/20,545,2258090.942380,4143.286132
RGM21,non_elective,2012/13,123,54712.821492,444.819686
RGM21,non_elective,2013/14,1396,5108322.009609,3659.256453
RGM21,non_elective,2014/15,1407,5431826.373306,3860.573115
RGM21,non_elective,2015/16,1352,6596023.332640,4878.715482
RGM21,non_elective,2016/17,1371,6070636.449850,4427.889460
RGM21,non_elective,2017/18,1383,7338301.383735,5306.074753
RGM21,non_elective,2018/19,1482,8059347.970205,5438.156525
RGM21,non_elective,2019/20,123,619883.540815,5039.703583
RGM22,elective,2018/19,1,9698.535000,9698.535000
RGM22,elective,2019/20,6008,29154254.729740,4852.572358
RGM22,elective,2020/21,4374,24125898.708555,5515.751876
RGM22,elective,2021/22,5010,26900982.609515,5369.457606
RGM22,elective,2022/23,4761,25397392.974555,5334.466073
RGM22,elective,2023/24,3105,17379440.419880,5597.243291
RGM22,non_elective,2019/20,1230,7155137.986605,5817.185354
RGM22,non_elective,2020/21,1263,7361365.272800,5828.476067
RGM22,non_elective,2021/22,1500,9415839.119330,6277.226079
RGM22,non_elective,2022/23,1472,9761509.503515,6631.460260
RGM22,non_elective,2023/24,988,6327423.363695,6404.274659
RGN00,non_elective,2017/18,5,3523.592336,704.718467
RGN00,non_elective,2019/20,3,1447.741328,482.580442
RGN49,elective,2013/14,12,19253.922080,1604.493506
RGN49,elective,2014/15,20,31631.140492,1581.557024
RGN49,elective,2015/16,12,5697.263704,474.771975
RGN49,elective,2016/17,2,1334.475648,667.237824
RGN49,elective,2017/18,15,5550.018320,370.001221
RGN49,elective,2018/19,6,3819.112792,636.518798
RGN49,elective,2019/20,7,3908.695648,558.385092
RGN49,elective,2020/21,5,3129.221832,625.844366
RGN49,elective,2021/22,9,4723.178856,524.797650
RGN49,elective,2022/23,5,5132.994680,1026.598936
RGN49,elective,2023/24,5,3437.098544,687.419708
RGN49,non_elective,2013/14,92,17585.107468,191.142472
RGN49,non_elective,2014/15,86,22810.237770,265.235322
RGN49,non_elective,2015/16,1,1015.272368,1015.272368
RGN49,non_elective,2016/17,41,6855.662704,167.211285
RGN49,non_elective,2017/18,296,64222.670248,216.968480
RGN49,non_elective,2018/19,87,9675.978136,111.218139
RGN49,non_elective,2019/20,239,39266.122192,164.293398
RGN49,non_elective,2020/21,95,11870.243264,124.949929
RGN49,non_elective,2021/22,401,38320.868608,95.563263
RGN49,non_elective,2022/23,198,65115.409744,328.865705
RGN49,non_elective,2023/24,47,29848.595744,635.076505
RGN80,elective,2012/13,472,95905.948766,203.190569
RGN80,elective,2013/14,7384,19357432.861483,2621.537494
RGN80,elective,2014/15,6687,18351002.717287,2744.280352
RGN80,elective,2015/16,6353,22915129.382248,3606.977708
RGN80,elective,2016/17,6154,22606629.873760,3673.485517
RGN80,elective,2017/18,5606,20293676.471329,3619.992235
RGN80,elective,2018/19,5864,21621408.404305,3687.143315
RGN80,elective,2019/20,5087,19018688.009950,3738.684491
RGN80,elective,2020/21,2478,9277968.992623,3744.135993
RGN80,elective,2021/22,3133,11403388.779365,3639.766606
RGN80,elective,2022/23,3245,11555940.670769,3561.152749
RGN80,elective,2023/24,2289,7970637.248599,3482.148208
RGN80,non_elective,2012/13,5182,776786.551414,149.900916
RGN80,non_elective,2013/14,33599,58946532.246586,1754.413293
RGN80,non_elective,2014/15,35310,62526531.803015,1770.788213
RGN80,non_elective,2015/16,37020,75076664.690876,2028.002827
RGN80,non_elective,2016/17,36126,77841034.764367,2154.709482
RGN80,non_elective,2017/18,37936,81594381.198457,2150.843030
RGN80,non_elective,2018/19,40913,87484997.645427,2138.317836
RGN80,non_elective,2019/20,39734,90950300.847091,2288.979233
RGN80,non_elective,2020/21,35427,81521640.794626,2301.116120
RGN80,non_elective,2021/22,37596,91703381.545824,2439.179209
RGN80,non_elective,2022/23,36176,96233899.537114,2660.158655
RGN80,non_elective,2023/24,23180,66491965.219031,2868.505833
RGN90,elective,2016/17,19,121550.549648,6397.397349
RGN90,elective,2017/18,2473,9428150.758488,3812.434597
RGN90,elective,2018/19,2132,8499026.464741,3986.410161
RGN90,elective,2019/20,2659,8965766.633413,3371.856575
RGN90,elective,2020/21,781,3582865.491673,4587.535840
RGN90,elective,2021/22,1792,9963145.227506,5559.790863
RGN90,elective,2022/23,1623,8783407.066066,5411.834298
RGN90,elective,2023/24,1364,7763255.294945,5691.536139
RGN90,non_elective,2016/17,164,376278.885840,2294.383450
RGN90,non_elective,2017/18,14607,30049194.844189,2057.177712
RGN90,non_elective,2018/19,15205,30329982.266863,1994.737406
RGN90,non_elective,2019/20,17332,33725507.497660,1945.852036
RGN90,non_elective,2020/21,15303,29776797.360527,1945.814373
RGN90,non_elective,2021/22,18933,34796958.613253,1837.899889
RGN90,non_elective,2022/23,20147,39633182.693052,1967.200213
RGN90,non_elective,2023/24,15536,28830648.431920,1855.731747
RGN95,elective,2017/18,1788,3551241.569659,1986.153003
RGN95,elective,2018/19,1759,3466746.587412,1970.862187
RGN95,non_elective,2016/17,3,8589.657296,2863.219098
RGN95,non_elective,2017/18,645,1200511.179824,1861.257643
RGN95,non_elective,2018/19,740,1356819.877600,1833.540375
RGP00,elective,2015/16,465,349114.183480,750.783190
RGP00,elective,2016/17,910,630405.894730,692.753730
RGP00,elective,2017/18,34,36050.121800,1060.297700
RGP00,elective,2018/19,49,46631.066640,951.654421
RGP00,non_elective,2015/16,1836,1253731.024430,682.860035
RGP00,non_elective,2016/17,3446,2285326.327990,663.182335
RGP00,non_elective,2017/18,3881,2563990.105460,660.651921
RGP00,non_elective,2018/19,3205,2088540.702650,651.650765
RGP75,elective,2012/13,579,140465.860994,242.600796
RGP75,elective,2013/14,4497,12129979.696565,2697.349276
RGP75,elective,2014/15,4563,10717898.691033,2348.871069
RGP75,elective,2015/16,4423,14525868.987506,3284.166626
RGP75,elective,2016/17,3743,10965688.594453,2929.652309
RGP75,elective,2017/18,3498,12029932.962569,3439.088897
RGP75,elective,2018/19,3705,12259829.871618,3308.995916
RGP75,elective,2019/20,3177,11818620.563048,3720.056834
RGP75,elective,2020/21,1612,5747425.779587,3565.400607
RGP75,elective,2021/22,2867,11234501.162155,3918.556387
RGP75,elective,2022/23,3509,11672079.912015,3326.326563
RGP75,elective,2023/24,2651,9044561.380156,3411.754575
RGP75,non_elective,2012/13,3008,643590.832357,213.959718
RGP75,non_elective,2013/14,19482,36097323.277749,1852.855111
RGP75,non_elective,2014/15,18911,36862739.804533,1949.275014
RGP75,non_elective,2015/16,17860,45657338.804679,2556.401948
RGP75,non_elective,2016/17,17650,43545845.125863,2467.186692
RGP75,non_elective,2017/18,19054,50208979.886447,2635.088689
RGP75,non_elective,2018/19,21876,53412910.400867,2441.621429
RGP75,non_elective,2019/20,25085,57423199.983942,2289.144906
RGP75,non_elective,2020/21,20057,49748937.391719,2480.377792
RGP75,non_elective,2021/22,23704,60836732.735878,2566.517580
RGP75,non_elective,2022/23,24361,64519383.097359,2648.470222
RGP75,non_elective,2023/24,16181,41448128.140531,2561.530692
RGQ02,elective,2012/13,989,148245.561340,149.894399
RGQ02,elective,2013/14,7464,22011172.302670,2948.978068
RGQ02,elective,2014/15,7589,21734817.159941,2863.989611
RGQ02,elective,2015/16,7356,26807176.666271,3644.260014
RGQ02,elective,2016/17,7123,26496166.999799,3719.804436
RGQ02,elective,2017/18,6850,26525281.577904,3872.303879
RGQ02,elective,2018/19,1609,6071232.986951,3773.295827
RGQ02,non_elective,2012/13,4473,661044.548030,147.785501
RGQ02,non_elective,2013/14,31088,52795631.740152,1698.264016
RGQ02,non_elective,2014/15,33348,57659928.359781,1729.037074
RGQ02,non_elective,2015/16,35572,75979577.809134,2135.937754
RGQ02,non_elective,2016/17,35190,78053843.017649,2218.068855
RGQ02,non_elective,2017/18,34457,77943621.355043,2262.054774
RGQ02,non_elective,2018/19,8576,19791429.018751,2307.769241
RGQ05,non_elective,2013/14,1,278.990970,278.990970
RGQ06,elective,2013/14,1,961.317200,961.317200
RGQ06,non_elective,2013/14,1,649.934020,649.934020
RGQ57,non_elective,2014/15,1,3126.370720,3126.370720
RGQ57,non_elective,2015/16,1,954.002830,954.002830
RGQ57,non_elective,2017/18,1,1524.523690,1524.523690
RGQ78,elective,2018/19,8,8694.696110,1086.837013
RGQ78,non_elective,2017/18,155,27308.722850,176.185308
RGQ78,non_elective,2018/19,126,30762.150400,244.144050
RGR00,elective,2012/13,12,59087.932920,4923.994410
RGR00,elective,2013/14,3934,12728233.815576,3235.443267
RGR00,elective,2014/15,955,2861726.392752,2996.572139
RGR00,elective,2022/23,40,262552.117014,6563.802925
RGR00,elective,2023/24,6,12749.422356,2124.903726
RGR00,non_elective,2012/13,334,848088.756756,2539.187894
RGR00,non_elective,2013/14,23156,40814029.916136,1762.568229
RGR00,non_elective,2014/15,6966,10954078.183488,1572.506199
RGR00,non_elective,2023/24,56,33336.098532,595.287473
RGR48,non_elective,2018/19,1,1253.754909,1253.754909
RGR50,elective,2014/15,3223,9674599.095489,3001.737230
RGR50,elective,2015/16,4359,16479543.615643,3780.578943
RGR50,elective,2016/17,3832,15363348.874795,4009.224654
RGR50,elective,2017/18,3625,15670310.955139,4322.844401
RGR50,elective,2018/19,3469,14927811.636680,4303.203123
RGR50,elective,2019/20,3393,14407337.574043,4246.194392
RGR50,elective,2020/21,1689,7270446.385891,4304.586374
RGR50,elective,2021/22,2382,10638585.245822,4466.240657
RGR50,elective,2022/23,3335,15256347.198082,4574.616850
RGR50,elective,2023/24,2198,9691223.023195,4409.109655
RGR50,non_elective,2013/14,1,18850.522320,18850.522320
RGR50,non_elective,2014/15,17887,35362773.304272,1977.009744
RGR50,non_elective,2015/16,26198,60074356.009368,2293.089396
RGR50,non_elective,2016/17,28612,64045743.970333,2238.422479
RGR50,non_elective,2017/18,28376,67083570.269266,2364.095371
RGR50,non_elective,2018/19,29144,69259780.721391,2376.467908
RGR50,non_elective,2019/20,28224,71310147.278138,2526.578347
RGR50,non_elective,2020/21,23444,63803725.941727,2721.537533
RGR50,non_elective,2021/22,26524,72144323.685679,2719.963945
RGR50,non_elective,2022/23,26332,74151235.035563,2816.012267
RGR50,non_elective,2023/24,19217,51256992.917027,2667.273399
RGR51,elective,2014/15,1,6338.827356,6338.827356
RGR56,elective,2015/16,3,37213.585002,12404.528334
RGR56,non_elective,2015/16,19,71624.477529,3769.709343
RGR56,non_elective,2016/17,4,4242.607875,1060.651968
RGR58,non_elective,2020/21,1,4131.528687,4131.528687
RGT00,elective,2014/15,3,17046.630360,5682.210120
RGT01,elective,2012/13,3570,529809.097422,148.405909
RGT01,elective,2013/14,16928,57603336.034380,3402.843574
RGT01,elective,2014/15,15297,50500486.452258,3301.332709
RGT01,elective,2015/16,14431,66323116.591692,4595.878081
RGT01,elective,2016/17,14628,71481452.322423,4886.618288
RGT01,elective,2017/18,13309,65757087.144440,4940.798493
RGT01,elective,2018/19,13037,65887049.276524,5053.850523
RGT01,elective,2019/20,12584,64785577.430558,5148.249954
RGT01,elective,2020/21,6896,36840542.490103,5342.306045
RGT01,elective,2021/22,10446,56164322.138865,5376.634323
RGT01,elective,2022/23,10713,58532216.602488,5463.662522
RGT01,elective,2023/24,7279,39676662.225992,5450.839706
RGT01,non_elective,2012/13,9569,1722789.460451,180.038610
RGT01,non_elective,2013/14,40113,91500507.514545,2281.068668
RGT01,non_elective,2014/15,40902,94547095.985227,2311.551904
RGT01,non_elective,2015/16,43427,133372088.063894,3071.178945
RGT01,non_elective,2016/17,44115,143967198.081694,3263.452296
RGT01,non_elective,2017/18,47714,150327470.581807,3150.594596
RGT01,non_elective,2018/19,48052,142885456.974161,2973.558998
RGT01,non_elective,2019/20,47677,153012687.701090,3209.360649
RGT01,non_elective,2020/21,38846,142168547.486279,3659.798884
RGT01,non_elective,2021/22,40051,152080336.278344,3797.167019
RGT01,non_elective,2022/23,39052,156952175.942478,4019.056026
RGT01,non_elective,2023/24,26742,107741902.441790,4028.939587
RGT03,elective,2014/15,2,4693.810352,2346.905176
RGT04,elective,2014/15,4,9589.001714,2397.250428
RGT04,elective,2020/21,2,1088.080818,544.040409
RGT04,elective,2021/22,7,3808.282863,544.040409
RGT04,elective,2022/23,2,1088.080818,544.040409
RGT04,elective,2023/24,2,1088.080818,544.040409
RGT1Q,elective,2014/15,24,29692.269242,1237.177885
RGT1Q,elective,2015/16,319,352675.281043,1105.565144
RGT1Q,elective,2016/17,8,19299.860657,2412.482582
RGT1Q,elective,2017/18,6,9800.328725,1633.388120
RGT1Q,elective,2018/19,14,16992.304032,1213.736002
RGT1Q,elective,2019/20,22,30939.719228,1406.350874
RGT1Q,elective,2020/21,2,4469.601444,2234.800722
RGT1Q,elective,2021/22,2,10322.650954,5161.325477
RGT1Q,elective,2022/23,10,22859.470359,2285.947035
RGT1Q,elective,2023/24,21,46237.657730,2201.793225
RGT1Y,elective,2016/17,1,544.040409,544.040409
RGT1Y,elective,2017/18,5,2720.202045,544.040409
RGT1Y,elective,2018/19,2,2057.797555,1028.898777
RGT1Y,elective,2020/21,4,2494.332973,623.583243
RGT1Y,elective,2021/22,4,2812.504310,703.126077
RGT1Y,elective,2022/23,4,2494.332973,623.583243
RGT1Y,elective,2023/24,2,5149.380478,2574.690239
RGT32,elective,2014/15,483,552455.676115,1143.800571
RGT32,elective,2015/16,180,360275.297516,2001.529430
RGT32,elective,2016/17,162,338738.442601,2090.978040
RGT32,elective,2017/18,206,381195.312683,1850.462682
RGT32,elective,2018/19,193,460492.036517,2385.969101
RGT32,elective,2019/20,171,321681.385815,1881.177694
RGT32,elective,2020/21,141,289983.191728,2056.618381
RGT32,elective,2021/22,140,317022.206378,2264.444331
RGT32,elective,2022/23,128,273007.122035,2132.868140
RGT32,elective,2023/24,82,204329.969253,2491.828893
RGT32,non_elective,2014/15,251,448166.034217,1785.522048
RGT32,non_elective,2015/16,749,1735367.152596,2316.912086
RGT32,non_elective,2016/17,762,2205072.518865,2893.795956
RGT32,non_elective,2017/18,474,910218.935879,1920.293113
RGT32,non_elective,2018/19,516,1129662.130520,2189.267694
RGT32,non_elective,2019/20,535,1298455.380255,2427.019402
RGT32,non_elective,2020/21,472,1053600.058118,2232.203512
RGT32,non_elective,2021/22,466,971047.138417,2083.792142
RGT32,non_elective,2022/23,422,966374.482848,2289.986926
RGT32,non_elective,2023/24,311,640491.443633,2059.458018
RGT3Q,elective,2019/20,1,544.040409,544.040409
RGT3Q,elective,2020/21,7,7551.411186,1078.773026
RGT3Q,elective,2021/22,9,11525.838126,1280.648680
RGT3Q,elective,2022/23,6,4233.959191,705.659865
RGT3Q,elective,2023/24,4,2494.332973,623.583243
RGT65,elective,2014/15,1,2346.905176,2346.905176
RGT65,elective,2016/17,1,2167.474364,2167.474364
RGT65,elective,2017/18,1,2374.882983,2374.882983
RGT65,elective,2021/22,2,1088.080818,544.040409
RGT65,elective,2022/23,7,4777.999600,682.571371
RGT65,elective,2023/24,1,544.040409,544.040409
RGT97,elective,2014/15,74,174799.587517,2362.156588
RGT97,elective,2015/16,204,2111123.939807,10348.646763
RGT97,elective,2016/17,392,3651152.797155,9314.165298
RGT97,elective,2017/18,447,3479335.616625,7783.748583
RGT97,elective,2018/19,579,4245756.093726,7332.912078
RGT97,elective,2019/20,317,3459739.172505,10914.003698
RGT97,elective,2020/21,486,2479651.895960,5102.164394
RGT97,elective,2021/22,36,1057816.534170,29383.792615
RGT97,elective,2022/23,57,1152855.289850,20225.531400
RGT97,elective,2023/24,44,531046.421906,12069.236861
RGT97,non_elective,2017/18,1,11660.566856,11660.566856
RGT98,elective,2014/15,152,1003412.123595,6601.395549
RGT98,elective,2015/16,124,1061647.186752,8561.670860
RGT98,elective,2016/17,332,2820327.165846,8494.961342
RGT98,elective,2017/18,333,2873287.751350,8628.491745
RGT98,elective,2018/19,421,3821990.487753,9078.362203
RGT98,elective,2019/20,222,2265764.038017,10206.144315
RGT98,elective,2020/21,584,3074379.778866,5264.348936
RGT98,elective,2021/22,55,1733246.535187,31513.573367
RGT98,elective,2022/23,64,1856457.788191,29007.152940
RGT98,elective,2023/24,60,1722202.742928,28703.379048
RGT98,non_elective,2020/21,32,65165.008163,2036.406505
RH500,elective,2019/20,7,18439.029872,2634.147124
RH500,elective,2020/21,8,45843.182736,5730.397842
RH500,non_elective,2019/20,84,286434.327653,3409.932472
RH508,non_elective,2015/16,1,2889.644800,2889.644800
RH563,non_elective,2016/17,2,15617.498128,7808.749064
RH563,non_elective,2019/20,1,9397.537696,9397.537696
RH563,non_elective,2022/23,2,4573.894912,2286.947456
RH5A8,elective,2020/21,2883,11365893.143849,3942.384024
RH5A8,elective,2021/22,3810,15898273.932550,4172.775310
RH5A8,elective,2022/23,4035,18179999.160551,4505.576000
RH5A8,elective,2023/24,2530,11395491.981948,4504.147028
RH5A8,non_elective,2019/20,53,128086.643089,2416.729114
RH5A8,non_elective,2020/21,32023,85749891.300455,2677.759463
RH5A8,non_elective,2021/22,34024,93094093.573952,2736.130189
RH5A8,non_elective,2022/23,36402,100892995.058723,2771.633290
RH5A8,non_elective,2023/24,27366,64230381.689091,2347.086957
RH5F1,elective,2013/14,61,188235.402498,3085.826270
RH5F1,elective,2014/15,41,101123.463906,2466.425948
RH5F1,non_elective,2012/13,13,12104.864208,931.143400
RH5F1,non_elective,2013/14,64,187769.352798,2933.896137
RH5F1,non_elective,2014/15,65,204817.507086,3151.038570
RH5F1,non_elective,2015/16,96,528474.753280,5504.945346
RH5F1,non_elective,2016/17,18,103645.366880,5758.075937
RH5F1,non_elective,2017/18,17,116037.815008,6825.753824
RH5F1,non_elective,2018/19,5,35570.495472,7114.099094
RH5F1,non_elective,2019/20,11,43633.636480,3966.694225
RH5F2,elective,2014/15,1,3073.856688,3073.856688
RH5F2,non_elective,2013/14,22,69421.727646,3155.533074
RH5F2,non_elective,2014/15,91,352836.011546,3877.318808
RH5F2,non_elective,2015/16,125,721811.598704,5774.492789
RH5F2,non_elective,2016/17,33,137569.796832,4168.781722
RH5F2,non_elective,2017/18,3,8093.069472,2697.689824
RH5F3,non_elective,2012/13,17,36188.241372,2128.720080
RH5F3,non_elective,2013/14,79,183231.064386,2319.380561
RH5F4,non_elective,2012/13,43,37241.513694,866.081713
RH5F4,non_elective,2013/14,317,916774.650198,2892.033596
RH5F4,non_elective,2014/15,268,822139.251270,3067.683773
RH5F4,non_elective,2015/16,162,696640.728464,4300.251410
RH5F4,non_elective,2016/17,70,270519.258032,3864.560829
RH5F4,non_elective,2017/18,44,130608.848912,2968.382929
RH5F4,non_elective,2018/19,34,100320.211328,2950.594450
RH5F4,non_elective,2019/20,29,105836.336848,3649.528856
RH5F4,non_elective,2020/21,52,95219.988256,1831.153620
RH5F4,non_elective,2021/22,61,59914.720896,982.208539
RH5F4,non_elective,2022/23,33,78260.869328,2371.541494
RH5F4,non_elective,2023/24,12,38129.895152,3177.491262
RH5F5,elective,2013/14,1,1767.881862,1767.881862
RH5F5,elective,2014/15,2,6022.397790,3011.198895
RH5F5,elective,2019/20,2,6504.796848,3252.398424
RH5F5,elective,2020/21,1,606.825408,606.825408
RH5F5,elective,2021/22,1,2722.458208,2722.458208
RH5F5,elective,2022/23,3,5998.076992,1999.358997
RH5F5,elective,2023/24,1,606.825408,606.825408
RH5F5,non_elective,2012/13,30,17026.349040,567.544968
RH5F5,non_elective,2013/14,211,513722.441646,2434.703514
RH5F5,non_elective,2014/15,126,334338.722770,2653.481926
RH5F5,non_elective,2015/16,203,743128.921200,3660.733601
RH5F5,non_elective,2016/17,45,175672.859568,3903.841323
RH5F5,non_elective,2017/18,25,160747.844176,6429.913767
RH5F5,non_elective,2018/19,43,165078.183312,3839.027518
RH5F5,non_elective,2019/20,44,165846.622426,3769.241418
RH5F5,non_elective,2020/21,147,238755.384536,1624.186289
RH5F5,non_elective,2021/22,93,202569.260560,2178.164092
RH5F5,non_elective,2022/23,32,133361.235584,4167.538612
RH5F5,non_elective,2023/24,11,27516.642608,2501.512964
RH5F6,non_elective,2012/13,25,28694.162196,1147.766487
RH5F6,non_elective,2013/14,147,517395.948948,3519.700332
RH5F6,non_elective,2014/15,178,662924.375968,3724.294247
RH5F6,non_elective,2015/16,149,898806.470768,6032.258193
RH5F6,non_elective,2016/17,36,182871.171168,5079.754754
RH5F6,non_elective,2017/18,30,100134.448448,3337.814948
RH5F6,non_elective,2018/19,22,67900.460704,3086.384577
RH5F6,non_elective,2019/20,21,101571.014720,4836.714986
RH5F6,non_elective,2020/21,60,76111.180000,1268.519666
RH5F6,non_elective,2021/22,67,83529.311008,1246.706134
RH5F6,non_elective,2022/23,60,133529.454192,2225.490903
RH5F6,non_elective,2023/24,47,52600.823504,1119.166457
RH5F7,elective,2014/15,3,15235.682526,5078.560842
RH5F7,non_elective,2012/13,9,42520.303296,4724.478144
RH5F7,non_elective,2013/14,111,398518.062804,3590.252818
RH5F7,non_elective,2014/15,84,316033.758210,3762.306645
RH5F7,non_elective,2015/16,23,104203.687536,4530.595110
RH5F8,elective,2014/15,1,2068.225002,2068.225002
RH5F8,non_elective,2012/13,21,67337.967654,3206.569888
RH5F8,non_elective,2013/14,142,406323.877446,2861.435756
RH5F8,non_elective,2014/15,133,418852.341842,3149.265728
RH5F8,non_elective,2015/16,90,425186.463936,4724.294043
RH5F8,non_elective,2016/17,2,30458.920224,15229.460112
RH5F8,non_elective,2017/18,50,236764.078704,4735.281574
RH5F8,non_elective,2018/19,52,232918.694207,4479.205657
RH5F8,non_elective,2019/20,29,129060.824912,4450.373272
RH5F8,non_elective,2020/21,64,200739.496192,3136.554628
RH5F8,non_elective,2021/22,42,173836.903104,4138.973883
RH5F8,non_elective,2022/23,34,172240.374352,5065.893363
RH5F8,non_elective,2023/24,10,17465.838784,1746.583878
RH5F9,non_elective,2012/13,10,31746.269898,3174.626989
RH5F9,non_elective,2013/14,30,127214.997444,4240.499914
RH5F9,non_elective,2014/15,101,405638.860350,4016.226340
RH5F9,non_elective,2015/16,171,852779.589184,4987.015141
RH5F9,non_elective,2016/17,32,154503.342404,4828.229450
RH5F9,non_elective,2017/18,17,64607.297648,3800.429273
RH5F9,non_elective,2018/19,24,116394.892544,4849.787189
RH5F9,non_elective,2019/20,22,78466.240512,3566.647296
RH5F9,non_elective,2020/21,28,65993.295136,2356.903397
RH5F9,non_elective,2021/22,8,38636.615008,4829.576876
RH5F9,non_elective,2022/23,25,116876.844016,4675.073760
RH5F9,non_elective,2023/24,11,45668.772032,4151.706548
RH5G1,elective,2013/14,1,3882.711834,3882.711834
RH5G1,non_elective,2012/13,2,9757.009386,4878.504693
RH5G1,non_elective,2013/14,5,19816.433244,3963.286648
RH5G1,non_elective,2014/15,38,224398.369588,5905.220252
RH5G1,non_elective,2015/16,96,597606.409072,6225.066761
RH5G1,non_elective,2016/17,26,101701.048736,3911.578797
RH5G1,non_elective,2017/18,11,61671.212128,5606.473829
RH5G1,non_elective,2018/19,6,32579.713104,5429.952184
RH5G1,non_elective,2019/20,5,21924.147904,4384.829580
RH5G1,non_elective,2020/21,16,43237.342336,2702.333896
RH5G1,non_elective,2021/22,32,83032.911312,2594.778478
RH5G1,non_elective,2022/23,8,36426.036736,4553.254592
RH5G1,non_elective,2023/24,127,120326.873504,947.455696
RH5G2,elective,2014/15,4,16061.108328,4015.277082
RH5G2,non_elective,2012/13,15,45371.491794,3024.766119
RH5G2,non_elective,2013/14,41,119616.316002,2917.471122
RH5G2,non_elective,2014/15,81,302528.391070,3734.918408
RH5G2,non_elective,2015/16,188,1025421.417760,5454.369243
RH5G2,non_elective,2016/17,31,142189.100448,4586.745175
RH5G2,non_elective,2017/18,35,150993.228944,4314.092255
RH5G2,non_elective,2018/19,30,158425.808176,5280.860272
RH5G2,non_elective,2019/20,25,212454.941824,8498.197672
RH5G2,non_elective,2020/21,38,131324.036000,3455.895684
RH5G2,non_elective,2021/22,32,71920.163024,2247.505094
RH5G2,non_elective,2022/23,18,68245.154048,3791.397447
RH5G2,non_elective,2023/24,24,41729.566960,1738.731956
RH5G3,non_elective,2012/13,10,33179.631642,3317.963164
RH5G3,non_elective,2013/14,130,472449.080214,3634.223693
RH5G3,non_elective,2014/15,115,442245.724698,3845.614997
RH5G3,non_elective,2015/16,96,720099.484160,7501.036293
RH5G3,non_elective,2016/17,19,116256.602400,6118.768547
RH5G3,non_elective,2017/18,2,5499.613264,2749.806632
RH5G3,non_elective,2020/21,21,189760.909984,9036.233808
RH5G3,non_elective,2021/22,24,161933.630560,6747.234606
RH5G3,non_elective,2022/23,19,86501.517088,4552.711425
RH5G3,non_elective,2023/24,7,68579.527232,9797.075318
RH5G5,non_elective,2012/13,24,127709.010126,5321.208755
RH5G5,non_elective,2013/14,213,1128781.694394,5299.444574
RH5G5,non_elective,2014/15,183,814911.741588,4453.069626
RH5G5,non_elective,2015/16,44,292082.200336,6638.231825
RH5G5,non_elective,2016/17,4,34204.106288,8551.026572
RH5G5,non_elective,2017/18,88,443245.711920,5036.883090
RH5G5,non_elective,2018/19,107,548634.153824,5127.421998
RH5G5,non_elective,2019/20,93,529428.336064,5692.777807
RH5G5,non_elective,2020/21,63,277060.175440,4397.780562
RH5G5,non_elective,2021/22,56,333053.122014,5947.377178
RH5G5,non_elective,2022/23,26,121943.010560,4690.115790
RH5G5,non_elective,2023/24,27,89352.977296,3309.369529
RH5K6,elective,2020/21,8,6597.678288,824.709786
RH5K6,elective,2021/22,9,10730.902368,1192.322485
RH5K6,elective,2022/23,47,27890.232400,593.409200
RH5K6,elective,2023/24,7,6379.922912,911.417558
RH5K6,non_elective,2013/14,1,1235.549538,1235.549538
RH5K6,non_elective,2014/15,119,462997.737538,3890.737290
RH5K6,non_elective,2015/16,81,449366.598816,5547.735787
RH5K6,non_elective,2016/17,31,197662.024480,6376.194338
RH5K6,non_elective,2017/18,25,114792.171696,4591.686867
RH5K6,non_elective,2018/19,25,100187.081264,4007.483250
RH5K6,non_elective,2019/20,26,120162.782960,4621.645498
RH5K6,non_elective,2020/21,107,56644.262192,529.385627
RH5K6,non_elective,2021/22,138,249897.514320,1810.851553
RH5K6,non_elective,2022/23,70,137183.822848,1959.768897
RH5K6,non_elective,2023/24,55,37132.967696,675.144867
RH5O4,elective,2021/22,6,23086.197920,3847.699653
RH5O4,elective,2022/23,39,161237.019760,4134.282557
RH5O4,elective,2023/24,1687,6608521.618192,3917.321646
RH5O4,non_elective,2021/22,1,1447.918448,1447.918448
RH5O4,non_elective,2022/23,194,988484.791108,5095.282428
RH5O4,non_elective,2023/24,11828,34585730.778651,2924.055696
RH5Q2,elective,2020/21,11,40773.383496,3706.671226
RH5Q2,elective,2021/22,16,108058.267296,6753.641706
RH5Q2,elective,2022/23,15,92637.884224,6175.858948
RH5Q3,elective,2020/21,361,1382949.150099,3830.884072
RH5Q3,elective,2021/22,48,298701.550960,6222.948978
RH5Q3,elective,2022/23,96,594174.955872,6189.322457
RH5Q3,elective,2023/24,20,95754.572544,4787.728627
RH5Q3,non_elective,2020/21,18,50535.759488,2807.542193
RH5Q7,elective,2023/24,3,2994.910432,998.303477
RH800,elective,2020/21,73,114169.244250,1563.962250
RH800,elective,2021/22,326,413081.662065,1267.121662
RH800,elective,2022/23,233,308280.022639,1323.090225
RH800,elective,2023/24,111,105226.125210,947.983110
RH800,non_elective,2020/21,109,290155.323398,2661.975444
RH800,non_elective,2021/22,83,109800.714375,1322.900173
RH800,non_elective,2022/23,229,269689.657328,1177.684093
RH800,non_elective,2023/24,237,78384.370500,330.735740
RH801,elective,2012/13,1688,217875.200724,129.072986
RH801,elective,2013/14,13465,40374498.243926,2998.477403
RH801,elective,2014/15,12833,38736017.537889,3018.469378
RH801,elective,2015/16,12760,48441822.923114,3796.381106
RH801,elective,2016/17,11794,44609369.914204,3782.378320
RH801,elective,2017/18,12444,46330407.814677,3723.112167
RH801,elective,2018/19,11774,45499346.713211,3864.391601
RH801,elective,2019/20,11099,43551334.393411,3923.897143
RH801,elective,2020/21,5924,22403999.184186,3781.903981
RH801,elective,2021/22,6833,30797133.855074,4507.117496
RH801,elective,2022/23,7068,33406251.986623,4726.408034
RH801,elective,2023/24,4643,22123282.620072,4764.868106
RH801,non_elective,2012/13,4351,628291.941440,144.401733
RH801,non_elective,2013/14,36288,64689243.777297,1782.662141
RH801,non_elective,2014/15,38965,68747520.650159,1764.340322
RH801,non_elective,2015/16,39230,84313714.354616,2149.215252
RH801,non_elective,2016/17,39674,89029764.528796,2244.032982
RH801,non_elective,2017/18,40815,93923144.401348,2301.191826
RH801,non_elective,2018/19,43724,98161074.457481,2245.015882
RH801,non_elective,2019/20,44716,101397048.589669,2267.578687
RH801,non_elective,2020/21,41247,94146148.543140,2282.496873
RH801,non_elective,2021/22,46882,115749638.693568,2468.956927
RH801,non_elective,2022/23,48776,119308988.980494,2446.059311
RH801,non_elective,2023/24,34149,76330481.313264,2235.218639
RH802,elective,2013/14,77,137503.705088,1785.762403
RH802,elective,2014/15,78,163306.516344,2093.673286
RH802,elective,2015/16,87,176956.352625,2033.981064
RH802,elective,2016/17,86,215063.748750,2500.741264
RH802,elective,2017/18,96,166407.259500,1733.408953
RH802,elective,2018/19,83,149346.555060,1799.356085
RH802,elective,2019/20,48,133510.092375,2781.460257
RH802,elective,2020/21,35,97783.965375,2793.827582
RH802,elective,2021/22,16,16320.454875,1020.028429
RH802,elective,2022/23,37,37922.040000,1024.920000
RH802,elective,2023/24,68,40648.699500,597.774992
RH802,non_elective,2016/17,181,129369.682208,714.749625
RH802,non_elective,2017/18,351,241862.213185,689.066134
RH802,non_elective,2018/19,5,7460.837250,1492.167450
RH802,non_elective,2019/20,3,6098.520375,2032.840125
RH833,elective,2015/16,2,2059.174875,1029.587437
RH833,elective,2019/20,1,2594.985750,2594.985750
RH833,non_elective,2013/14,2,1552.144960,776.072480
RH833,non_elective,2016/17,8,18811.114500,2351.389312
RH833,non_elective,2017/18,8,11331.032625,1416.379078
RH833,non_elective,2019/20,1,630.008250,630.008250
RH834,non_elective,2016/17,7,4950.933000,707.276142
RH837,elective,2014/15,1,450.326268,450.326268
RH837,elective,2022/23,3,1873.818750,624.606250
RH837,elective,2023/24,1,2924.170125,2924.170125
RH837,non_elective,2022/23,96,124709.221500,1299.054390
RH837,non_elective,2023/24,63,78758.121375,1250.128910
RH853,elective,2013/14,40,40494.645088,1012.366127
RH853,elective,2014/15,19,16769.292456,882.594339
RH853,elective,2015/16,40,62262.439125,1556.560978
RH853,elective,2016/17,23,64146.386625,2788.973331
RH853,elective,2017/18,26,38142.289669,1467.011141
RH853,elective,2018/19,22,28529.650125,1296.802278
RH853,elective,2019/20,33,38186.400375,1157.163647
RH853,elective,2020/21,9,32123.350883,3569.261209
RH853,non_elective,2013/14,1,942.519604,942.519604
RH853,non_elective,2014/15,5,3991.667532,798.333506
RH853,non_elective,2015/16,85,39743.189250,467.566932
RH853,non_elective,2016/17,243,443066.246355,1823.317886
RH853,non_elective,2017/18,251,202207.326375,805.606877
RH853,non_elective,2018/19,51,14369.657625,281.757992
RH853,non_elective,2019/20,165,46507.168500,281.861627
RH853,non_elective,2020/21,143,145504.558125,1017.514392
RH853,non_elective,2021/22,51,3139.912500,61.566911
RH853,non_elective,2022/23,33,5218.332000,158.131272
RH854,elective,2014/15,1,450.326268,450.326268
RH854,elective,2016/17,3,3177.388875,1059.129625
RH854,elective,2017/18,2,513.527625,256.763812
RH854,elective,2018/19,1,306.901125,306.901125
RH854,elective,2019/20,2,1630.728750,815.364375
RH854,elective,2020/21,4,2029.801500,507.450375
RH854,elective,2021/22,6,5320.632375,886.772062
RH854,elective,2022/23,19,9345.797625,491.884085
RH854,elective,2023/24,7,3552.152625,507.450375
RH854,non_elective,2014/15,2,1531.722000,765.861000
RH854,non_elective,2016/17,45,25396.827750,564.373950
RH854,non_elective,2017/18,35,92254.680750,2635.848021
RH854,non_elective,2018/19,1,1308.634500,1308.634500
RH854,non_elective,2019/20,2,1898.127750,949.063875
RH854,non_elective,2020/21,2,2697.205095,1348.602547
RH857,elective,2013/14,2,979.280932,489.640466
RH857,elective,2014/15,3,2356.809584,785.603194
RH857,elective,2015/16,3,4052.512875,1350.837625
RH857,elective,2016/17,2,7596.562500,3798.281250
RH857,elective,2017/18,4,6862.228125,1715.557031
RH857,elective,2018/19,2,1905.217875,952.608937
RH857,elective,2020/21,1,1034.145375,1034.145375
RH857,non_elective,2013/14,1,2477.305048,2477.305048
RH857,non_elective,2016/17,1,630.008250,630.008250
RH857,non_elective,2017/18,22,14519.289649,659.967711
RH858,elective,2013/14,40,200058.210420,5001.455260
RH858,elective,2014/15,41,189242.210804,4615.663678
RH858,elective,2015/16,33,149269.414500,4523.315590
RH858,elective,2016/17,15,62833.700625,4188.913375
RH858,elective,2017/18,13,35434.419000,2725.724538
RH858,elective,2018/19,5,9284.012250,1856.802450
RH858,elective,2019/20,6,18008.917500,3001.486250
RH858,elective,2020/21,4,18489.020250,4622.255062
RH858,elective,2021/22,2,2023.724250,1011.862125
RH858,non_elective,2016/17,19,37986.864000,1999.308631
RH858,non_elective,2017/18,18,33872.565750,1881.809208
RH858,non_elective,2018/19,17,24187.455000,1422.791470
RH858,non_elective,2019/20,15,14281.537500,952.102500
RH858,non_elective,2020/21,2,21831.507750,10915.753875
RH858,non_elective,2021/22,11,28632.963375,2602.996670
RH858,non_elective,2022/23,10,4761.525375,476.152537
RH859,elective,2013/14,9,16857.111184,1873.012353
RH859,elective,2014/15,8,8280.489132,1035.061141
RH859,elective,2015/16,9,17278.634625,1919.848291
RH859,elective,2016/17,36,114445.759125,3179.048864
RH859,elective,2017/18,64,191086.971750,2985.733933
RH859,elective,2018/19,29,23609.103375,814.107012
RH859,elective,2019/20,28,24026.407875,858.085995
RH859,elective,2020/21,18,88950.682500,4941.704583
RH859,non_elective,2016/17,19,50468.522625,2656.238032
RH859,non_elective,2017/18,33,22502.031000,681.879727
RH859,non_elective,2018/19,36,13283.855625,368.995989
RH859,non_elective,2019/20,36,9540.269625,265.007489
RH859,non_elective,2020/21,33,44723.495625,1355.257443
RH859,non_elective,2021/22,36,30338.644875,842.740135
RH859,non_elective,2023/24,13,1529.441250,117.649326
RH868,elective,2012/13,17,67750.106356,3985.300373
RH868,elective,2013/14,54,207034.693556,3833.975806
RH868,elective,2014/15,73,254246.069052,3482.822863
RH868,elective,2015/16,76,244264.935000,3214.012302
RH868,elective,2016/17,89,320631.658500,3602.602904
RH868,elective,2017/18,96,255619.263750,2662.700664
RH868,elective,2018/19,82,173847.839250,2120.095600
RH868,elective,2019/20,70,174779.684250,2496.852632
RH868,elective,2020/21,13,167990.383125,12922.337163
RH868,elective,2021/22,3,5685.267375,1895.089125
RH868,elective,2022/23,22,57793.634625,2626.983392
RH868,elective,2023/24,18,10550.106000,586.117000
RH868,non_elective,2018/19,1,2978.865375,2978.865375
RH875,elective,2015/16,1,306.901125,306.901125
RH875,elective,2020/21,26,16418.703750,631.488605
RH875,elective,2021/22,40,22092.829500,552.320737
RH875,elective,2022/23,38,19579.886625,515.260174
RH875,elective,2023/24,12,6089.404500,507.450375
RH879,elective,2013/14,1,4257.166012,4257.166012
RH879,elective,2015/16,1,329.184375,329.184375
RH879,elective,2019/20,1,329.184375,329.184375
RH879,elective,2020/21,8,4653.147750,581.643468
RH879,elective,2021/22,13,6596.854875,507.450375
RH879,elective,2022/23,25,12686.259375,507.450375
RH879,elective,2023/24,49,24865.068375,507.450375
RH880,elective,2018/19,1,869.046750,869.046750
RH880,elective,2019/20,3,4142.658750,1380.886250
RH880,elective,2022/23,2148,8017864.949302,3732.711801
RH880,elective,2023/24,1711,6573601.685772,3841.964749
RH880,non_elective,2022/23,16651,46101552.972550,2768.695752
RH880,non_elective,2023/24,12649,33051120.397630,2612.943347
RH884,elective,2017/18,13,36436.152375,2802.780951
RH884,elective,2018/19,15,31828.584000,2121.905600
RH884,elective,2019/20,43,154574.853750,3594.764040
RH884,elective,2020/21,385,1805290.737026,4689.066849
RH8A4,elective,2016/17,2,1140.497250,570.248625
RH8A4,non_elective,2016/17,77,107549.093250,1396.741470
RH8A4,non_elective,2017/18,29,83327.200500,2873.351741
RH8D6,elective,2016/17,1,773.836500,773.836500
RH8D6,non_elective,2017/18,10,14914.584375,1491.458437
RH8G3,elective,2020/21,5,2537.251875,507.450375
RH8G3,elective,2021/22,15,13506.688125,900.445875
RH8G3,elective,2022/23,21,10656.457875,507.450375
RH8G3,elective,2023/24,7,3552.152625,507.450375
RH8G3,non_elective,2022/23,1,5260.872750,5260.872750
RH8K6,elective,2021/22,13,88676.193375,6821.245644
RH8K6,elective,2022/23,274,1906888.105875,6959.445641
RH8K6,elective,2023/24,30,214002.255750,7133.408525
RHABL,elective,2018/19,14,307439.820100,21959.987150
RHABL,elective,2019/20,39,371559.280590,9527.161040
RHABL,elective,2020/21,1,6885.697680,6885.697680
RHAG4,elective,2012/13,10,21214.392188,2121.439218
RHAG4,elective,2013/14,147,440312.205311,2995.321124
RHAG4,elective,2014/15,184,149282.351057,811.317125
RHAG4,elective,2015/16,250,200346.448910,801.385795
RHAG4,elective,2016/17,251,204737.418010,815.686924
RHAG4,elective,2017/18,181,137669.735410,760.606272
RHAG4,elective,2018/19,149,247296.911720,1659.710816
RHAG4,elective,2019/20,111,445352.241390,4012.182354
RHAG4,elective,2020/21,117,430292.348540,3677.712380
RHAG4,elective,2021/22,218,1027186.497040,4711.864665
RHAG4,elective,2022/23,243,1118232.778580,4601.780981
RHAG4,elective,2023/24,151,730843.385970,4840.022423
RHAG4,non_elective,2012/13,1,7920.810632,7920.810632
RHAG4,non_elective,2013/14,14,44784.791918,3198.913708
RHAG4,non_elective,2014/15,21,15408.251460,733.726260
RHAG4,non_elective,2015/16,14,11941.996290,852.999735
RHAG4,non_elective,2016/17,8,6097.996900,762.249612
RHAG4,non_elective,2017/18,7,5550.925340,792.989334
RHANN,elective,2013/14,11,37127.251191,3375.204653
RHANN,elective,2014/15,261,1251350.613259,4794.446794
RHANN,elective,2015/16,338,1742084.598030,5154.096443
RHANN,elective,2016/17,327,1445393.911420,4420.164866
RHANN,elective,2017/18,474,1980886.475620,4179.085391
RHANN,elective,2018/19,640,2620886.161060,4095.134626
RHANN,elective,2019/20,593,3410519.173130,5751.297087
RHANN,elective,2020/21,350,1768277.191460,5052.220547
RHANN,elective,2021/22,648,4350877.598290,6714.317281
RHANN,elective,2022/23,656,4744295.061360,7232.157105
RHANN,elective,2023/24,398,2570150.415520,6457.664360
RHANN,non_elective,2012/13,3,3872.648681,1290.882893
RHANN,non_elective,2013/14,2,7864.026927,3932.013463
RHANN,non_elective,2014/15,31,121950.749720,3933.895152
RHANN,non_elective,2015/16,3,2994.496960,998.165653
RHANN,non_elective,2017/18,2,1528.098380,764.049190
RHANN,non_elective,2018/19,2,6948.425810,3474.212905
RHANN,non_elective,2019/20,2,11834.021640,5917.010820
RHM00,elective,2012/13,35,60340.214440,1724.006126
RHM00,elective,2013/14,628,4542956.014619,7234.006392
RHM00,elective,2014/15,1182,7731097.822911,6540.691897
RHM00,elective,2015/16,1060,7717627.257017,7280.780431
RHM00,elective,2016/17,1200,8730093.052397,7275.077543
RHM00,elective,2017/18,1144,9295368.844041,8125.322416
RHM00,elective,2018/19,995,8406429.542868,8448.672907
RHM00,elective,2019/20,946,8478047.817156,8961.995578
RHM00,elective,2020/21,2147,14437870.034345,6724.671650
RHM00,elective,2021/22,775,7017567.674474,9054.926031
RHM00,elective,2022/23,930,7792534.555067,8379.069414
RHM00,elective,2023/24,656,5218244.330083,7954.640747
RHM00,non_elective,2013/14,14,48273.259155,3448.089939
RHM00,non_elective,2014/15,4,28979.181935,7244.795483
RHM00,non_elective,2015/16,3,47099.525754,15699.841918
RHM00,non_elective,2016/17,1,3061.887400,3061.887400
RHM00,non_elective,2017/18,4,2555.498330,638.874582
RHM00,non_elective,2018/19,26,60508.440680,2327.247718
RHM00,non_elective,2019/20,18,39615.941065,2200.885614
RHM00,non_elective,2020/21,119,371822.630306,3124.559918
RHM00,non_elective,2021/22,2,42328.880361,21164.440180
RHM00,non_elective,2022/23,9,116918.984018,12990.998224
RHM00,non_elective,2023/24,89,305409.179185,3431.563811
RHM01,elective,2012/13,3055,588747.607562,192.716074
RHM01,elective,2013/14,16405,61709415.301951,3761.622389
RHM01,elective,2014/15,17337,69426996.074756,4004.556501
RHM01,elective,2015/16,17831,85670959.454393,4804.607675
RHM01,elective,2016/17,16820,83860794.341480,4985.778498
RHM01,elective,2017/18,16710,83630054.832203,5004.790833
RHM01,elective,2018/19,17419,84618769.609920,4857.843137
RHM01,elective,2019/20,16825,82160907.075255,4883.263422
RHM01,elective,2020/21,11270,55953424.789263,4964.811427
RHM01,elective,2021/22,14897,81396548.735188,5463.955745
RHM01,elective,2022/23,14682,85294420.040221,5809.455117
RHM01,elective,2023/24,10579,61701017.034745,5832.405429
RHM01,non_elective,2012/13,9521,1880532.496339,197.514178
RHM01,non_elective,2013/14,57434,112594694.797976,1960.418825
RHM01,non_elective,2014/15,57295,115418679.741097,2014.463386
RHM01,non_elective,2015/16,59068,152561888.628643,2582.817915
RHM01,non_elective,2016/17,62072,159165488.923222,2564.207515
RHM01,non_elective,2017/18,62770,163440021.004665,2603.791954
RHM01,non_elective,2018/19,63988,167660480.497189,2620.186292
RHM01,non_elective,2019/20,64904,176760476.686878,2723.414222
RHM01,non_elective,2020/21,58415,161062863.098491,2757.217548
RHM01,non_elective,2021/22,66757,193316557.823068,2895.824525
RHM01,non_elective,2022/23,65563,203236072.243582,3099.859253
RHM01,non_elective,2023/24,43517,136398809.155060,3134.379878
RHM02,elective,2013/14,1,505.735395,505.735395
RHM02,non_elective,2013/14,1,1501.979743,1501.979743
RHM02,non_elective,2014/15,1,1481.315286,1481.315286
RHM02,non_elective,2015/16,1,539.577360,539.577360
RHM03,elective,2018/19,1,2400.262780,2400.262780
RHM03,elective,2019/20,2,6828.223020,3414.111510
RHM03,non_elective,2013/14,1,1606.389631,1606.389631
RHM03,non_elective,2017/18,1,2400.262780,2400.262780
RHM03,non_elective,2019/20,5,8561.508230,1712.301646
RHM04,elective,2013/14,1,8663.845498,8663.845498
RHM04,elective,2015/16,1,4220.265780,4220.265780
RHM04,elective,2019/20,1,6273.657400,6273.657400
RHM04,elective,2020/21,1,19959.009370,19959.009370
RHM04,elective,2021/22,1,6695.469860,6695.469860
RHM04,non_elective,2012/13,21,4910.527545,233.834645
RHM04,non_elective,2013/14,89,96021.206061,1078.889955
RHM04,non_elective,2014/15,96,103214.465295,1075.150680
RHM04,non_elective,2015/16,104,128371.973837,1234.345902
RHM04,non_elective,2016/17,72,169646.376577,2356.199674
RHM04,non_elective,2017/18,92,142451.859634,1548.389778
RHM04,non_elective,2018/19,72,174080.128710,2417.779565
RHM04,non_elective,2019/20,2,15039.648320,7519.824160
RHM04,non_elective,2020/21,6,28480.905770,4746.817628
RHM04,non_elective,2021/22,12,121796.741940,10149.728495
RHM08,elective,2018/19,7,42096.241154,6013.748736
RHM08,elective,2019/20,41,228299.613260,5568.283250
RHM08,elective,2020/21,39,243998.937726,6256.383018
RHM08,elective,2021/22,24,104604.725956,4358.530248
RHM08,elective,2022/23,15,63578.646565,4238.576437
RHM08,elective,2023/24,23,148697.724519,6465.118457
RHM12,elective,2012/13,170,28868.246429,169.813214
RHM12,elective,2013/14,1694,3700233.921247,2184.317545
RHM12,elective,2014/15,2163,4048265.094426,1871.597362
RHM12,elective,2015/16,2389,5982868.883034,2504.340260
RHM12,elective,2016/17,1824,5383674.905233,2951.576154
RHM12,elective,2017/18,1438,4524496.528656,3146.381452
RHM12,elective,2018/19,1026,3712943.573051,3618.853385
RHM12,elective,2019/20,1178,4218387.536904,3580.974139
RHM12,elective,2020/21,777,2566080.630385,3302.549073
RHM12,elective,2021/22,1253,4183055.497488,3338.432160
RHM12,elective,2022/23,1294,4552144.922230,3517.886338
RHM12,elective,2023/24,812,2960100.798808,3645.444333
RHM12,non_elective,2012/13,90,16062.808707,178.475652
RHM12,non_elective,2013/14,871,1003463.073639,1152.081600
RHM12,non_elective,2014/15,892,899331.688522,1008.219381
RHM12,non_elective,2015/16,940,1393899.187044,1482.871475
RHM12,non_elective,2016/17,833,1297101.192664,1557.144288
RHM12,non_elective,2017/18,912,1322221.709130,1449.804505
RHM12,non_elective,2018/19,927,1290996.645661,1392.660890
RHM12,non_elective,2019/20,917,1472409.855517,1605.681412
RHM12,non_elective,2020/21,882,1241325.412844,1407.398427
RHM12,non_elective,2021/22,1545,1491064.383090,965.090215
RHM12,non_elective,2022/23,1575,1938337.036350,1230.690181
RHM12,non_elective,2023/24,1008,1351896.718868,1341.167379
RHM13,elective,2015/16,1,1778.249990,1778.249990
RHM14,elective,2022/23,12,47859.655360,3988.304613
RHM14,elective,2023/24,16,68344.324420,4271.520276
RHM18,elective,2018/19,1,3888.693351,3888.693351
RHM18,elective,2019/20,1,3983.643978,3983.643978
RHM18,elective,2021/22,1,2687.180900,2687.180900
RHM18,elective,2022/23,1,3983.643978,3983.643978
RHM18,elective,2023/24,1,3888.693351,3888.693351
RHM38,elective,2022/23,4,1192.637260,298.159315
RHM99,elective,2020/21,20,127167.356675,6358.367833
RHMH1,elective,2020/21,4,49582.191846,12395.547961
RHMH1,elective,2021/22,366,4563674.191597,12469.055168
RHMH1,elective,2022/23,462,5140222.075486,11126.021808
RHMH1,elective,2023/24,303,3361835.339014,11095.166135
RHQ00,elective,2014/15,1,11680.813934,11680.813934
RHQ00,elective,2015/16,11,130541.775389,11867.434126
RHQ00,elective,2018/19,141,834928.075722,5921.475714
RHQ00,elective,2019/20,1337,8207062.753789,6138.416420
RHQ00,elective,2020/21,706,4365434.430984,6183.334888
RHQ00,elective,2021/22,1453,9042332.028194,6223.215435
RHQ00,elective,2022/23,1576,9705885.919466,6158.557055
RHQ00,elective,2023/24,1001,6210801.427301,6204.596830
RHQ00,non_elective,2022/23,1,10300.859131,10300.859131
RHQ03,elective,2016/17,3,1805.695668,601.898556
RHQ03,elective,2022/23,1,392.052971,392.052971
RHQ8T,elective,2013/14,140,786613.262282,5618.666159
RHQ8T,elective,2014/15,529,2842940.463622,5374.178570
RHQ8T,elective,2015/16,258,1548306.126298,6001.186536
RHQ8T,elective,2016/17,198,1320084.322474,6667.092537
RHQ8T,elective,2017/18,179,1190216.519921,6649.254301
RHQ8T,elective,2018/19,149,1040233.226681,6981.431051
RHQ8T,elective,2019/20,162,1112865.103398,6869.537675
RHQ8T,elective,2020/21,40,282589.324768,7064.733119
RHQ8T,elective,2021/22,89,625884.018966,7032.404707
RHQ8T,elective,2022/23,214,1520988.643006,7107.423565
RHQ8T,elective,2023/24,223,1559325.691203,6992.491888
RHQ8T,non_elective,2014/15,4,6228.003100,1557.000775
RHQ8T,non_elective,2015/16,3,5687.327172,1895.775724
RHQ8T,non_elective,2017/18,1,880.327820,880.327820
RHQAA,elective,2013/14,274,1336998.964047,4879.558262
RHQAA,elective,2014/15,196,780730.650851,3983.319647
RHQAA,elective,2015/16,492,2135709.122513,4340.872200
RHQAA,elective,2016/17,859,4767965.831415,5550.600502
RHQAA,elective,2017/18,724,4466595.859091,6169.331297
RHQAA,elective,2018/19,664,3994343.119721,6015.576987
RHQAA,elective,2019/20,52,188577.100307,3626.482698
RHQAA,elective,2020/21,17,26402.669141,1553.098184
RHQAA,elective,2021/22,16,34203.806718,2137.737919
RHQAA,elective,2022/23,55,186090.532487,3383.464227
RHQAA,elective,2023/24,23,105206.749404,4574.206495
RHQAA,non_elective,2021/22,1,540.480336,540.480336
RHQAA,non_elective,2022/23,2,15104.787572,7552.393786
RHQAC,elective,2012/13,88,2697.085640,30.648700
RHQAC,elective,2013/14,870,2958435.956188,3400.501099
RHQAC,elective,2014/15,621,1590705.846954,2561.523102
RHQAC,elective,2015/16,562,2302469.713592,4096.921198
RHQAC,elective,2016/17,964,5783830.836782,5999.824519
RHQAC,elective,2017/18,856,5847862.954832,6831.615601
RHQAC,elective,2018/19,702,4807399.553136,6848.147511
RHQAC,elective,2019/20,319,2255700.332783,7071.160917
RHQAC,elective,2020/21,176,1303943.788291,7408.771524
RHQAC,elective,2021/22,249,1876147.433355,7534.728648
RHQAC,elective,2022/23,82,592967.128695,7231.306447
RHQAC,elective,2023/24,49,305303.819563,6230.690195
RHQAH,elective,2014/15,12,102720.874270,8560.072855
RHQBN,elective,2014/15,14,7816.401246,558.314374
RHQBN,elective,2015/16,3,2047.274000,682.424666
RHQBN,elective,2016/17,4,5174.485035,1293.621258
RHQBN,elective,2017/18,8,4608.413774,576.051721
RHQBN,elective,2018/19,3,1270.333517,423.444505
RHQBN,elective,2019/20,4,1650.102844,412.525711
RHQBN,elective,2022/23,1,518.983959,518.983959
RHQBN,non_elective,2018/19,1,763.633202,763.633202
RHQCC,elective,2013/14,5,2528.178078,505.635615
RHQCC,elective,2014/15,8,4361.661014,545.207626
RHQCC,elective,2015/16,12,8986.509223,748.875768
RHQCC,elective,2016/17,3,3044.296438,1014.765479
RHQCC,elective,2017/18,3,2068.770377,689.590125
RHQCC,elective,2018/19,6,3686.116837,614.352806
RHQCC,elective,2019/20,10,6334.265756,633.426575
RHQCC,elective,2020/21,2,583.473090,291.736545
RHQCC,elective,2021/22,8,3914.387888,489.298486
RHQCC,elective,2022/23,37,22458.595780,606.989075
RHQCC,elective,2023/24,58,35516.109352,612.346712
RHQCC,non_elective,2015/16,3,3598.084055,1199.361351
RHQCC,non_elective,2017/18,1,1387.028135,1387.028135
RHQCC,non_elective,2019/20,1,693.002249,693.002249
RHQCH,elective,2013/14,5,5071.962194,1014.392438
RHQCH,elective,2014/15,3,1102.510962,367.503654
RHQCR,elective,2014/15,21,45402.657310,2162.031300
RHQDR,elective,2013/14,5,2382.082508,476.416501
RHQDR,elective,2014/15,1,4056.952102,4056.952102
RHQDR,elective,2015/16,22,11028.480783,501.294581
RHQDR,elective,2016/17,2,897.729649,448.864824
RHQDR,elective,2022/23,3,1080.960672,360.320224
RHQDR,elective,2023/24,3,1080.960672,360.320224
RHQGL,elective,2014/15,48,127426.055202,2654.709483
RHQGL,elective,2015/16,4,2309.325072,577.331268
RHQHE,elective,2014/15,1,11680.813934,11680.813934
RHQHE,elective,2015/16,2,24050.402497,12025.201248
RHQHH,elective,2012/13,995,301387.337798,302.901847
RHQHH,elective,2013/14,12362,31937008.465445,2583.482322
RHQHH,elective,2014/15,11542,29658591.291530,2569.623227
RHQHH,elective,2015/16,11752,45112911.793840,3838.743345
RHQHH,elective,2016/17,12366,49933845.373827,4037.994935
RHQHH,elective,2017/18,11476,48278509.380235,4206.910890
RHQHH,elective,2018/19,10496,47538531.098557,4529.204563
RHQHH,elective,2019/20,10571,47942773.283027,4535.311066
RHQHH,elective,2020/21,6019,28425889.217286,4722.693008
RHQHH,elective,2021/22,8246,35302824.080652,4281.205927
RHQHH,elective,2022/23,9554,39442784.579412,4128.405335
RHQHH,elective,2023/24,5851,23012816.528614,3933.142459
RHQHH,non_elective,2012/13,2556,402794.381358,157.587786
RHQHH,non_elective,2013/14,14857,20231859.501663,1361.772868
RHQHH,non_elective,2014/15,15267,19842932.809366,1299.727045
RHQHH,non_elective,2015/16,14929,23171591.809392,1552.119486
RHQHH,non_elective,2016/17,14495,22164743.623126,1529.130294
RHQHH,non_elective,2017/18,15401,24212437.181188,1572.134093
RHQHH,non_elective,2018/19,15905,23015771.461529,1447.077740
RHQHH,non_elective,2019/20,17046,23061374.305641,1352.890666
RHQHH,non_elective,2020/21,14262,19712749.021344,1382.186861
RHQHH,non_elective,2021/22,16012,22244651.327377,1389.248771
RHQHH,non_elective,2022/23,17034,22787118.215220,1337.743232
RHQHH,non_elective,2023/24,11631,15692804.126107,1349.222261
RHQNG,elective,2012/13,1205,376394.318868,312.360430
RHQNG,elective,2013/14,8348,32539063.245694,3897.827413
RHQNG,elective,2014/15,9416,38277897.715878,4065.197293
RHQNG,elective,2015/16,8288,40310084.161678,4863.668455
RHQNG,elective,2016/17,8315,40731475.541576,4898.553883
RHQNG,elective,2017/18,8354,42182401.278470,5049.365726
RHQNG,elective,2018/19,8085,42527021.664513,5259.990311
RHQNG,elective,2019/20,7897,41771592.370545,5289.552028
RHQNG,elective,2020/21,4327,23230896.802293,5368.822926
RHQNG,elective,2021/22,5446,27430219.259544,5036.764461
RHQNG,elective,2022/23,5625,26534721.610092,4717.283841
RHQNG,elective,2023/24,4235,20195712.238363,4768.763220
RHQNG,non_elective,2012/13,9220,1445158.810041,156.741736
RHQNG,non_elective,2013/14,38073,49611316.896854,1303.057728
RHQNG,non_elective,2014/15,38742,50539544.772660,1304.515636
RHQNG,non_elective,2015/16,39238,55787582.500178,1421.774364
RHQNG,non_elective,2016/17,41607,54141098.141307,1301.249745
RHQNG,non_elective,2017/18,43009,54370461.320801,1264.164740
RHQNG,non_elective,2018/19,42658,52863716.279509,1239.245071
RHQNG,non_elective,2019/20,42176,49198663.353352,1166.508520
RHQNG,non_elective,2020/21,35730,43971200.875991,1230.652137
RHQNG,non_elective,2021/22,39742,47658765.524732,1199.204003
RHQNG,non_elective,2022/23,42422,48200205.796803,1136.207764
RHQNG,non_elective,2023/24,31742,32717050.154517,1030.717981
RHQP1,elective,2022/23,3,15753.773430,5251.257810
RHQP1,elective,2023/24,13,68266.351530,5251.257810
RHQRT,elective,2013/14,5,4051.804992,810.360998
RHQRT,elective,2018/19,17,83241.137203,4896.537482
RHQRT,elective,2019/20,14,79449.585755,5674.970411
RHQRT,elective,2020/21,16,87574.192624,5473.387039
RHQRT,elective,2021/22,8,50649.558760,6331.194845
RHQRT,elective,2022/23,5,17187.888867,3437.577773
RHQRT,elective,2023/24,4,15339.200445,3834.800111
RHQRT,non_elective,2021/22,1,6249.303885,6249.303885
RHQSH,elective,2018/19,23,171327.148327,7449.006449
RHQSH,elective,2019/20,6,44694.038694,7449.006449
RHQWP,elective,2012/13,141,33774.306398,239.534087
RHQWP,elective,2013/14,1177,2078041.773229,1765.541013
RHQWP,elective,2014/15,1200,2090145.403277,1741.787836
RHQWP,elective,2015/16,1536,2083509.214431,1356.451311
RHQWP,elective,2016/17,1250,1698276.716274,1358.621373
RHQWP,elective,2017/18,1259,1732305.603881,1375.937731
RHQWP,elective,2018/19,1405,1821271.113700,1296.278372
RHQWP,elective,2019/20,1412,1832132.055816,1297.543948
RHQWP,elective,2020/21,1014,1123646.293999,1108.132439
RHQWP,elective,2021/22,1087,1244840.461993,1145.207416
RHQWP,elective,2022/23,1430,1612276.130097,1127.465825
RHQWP,elective,2023/24,1055,1149246.493143,1089.333168
RHQWP,non_elective,2012/13,255,82461.849310,323.379801
RHQWP,non_elective,2013/14,2871,4931222.459366,1717.597512
RHQWP,non_elective,2014/15,3143,5078702.034311,1615.877198
RHQWP,non_elective,2015/16,3287,6647556.585156,2022.378030
RHQWP,non_elective,2016/17,3217,6480437.956581,2014.435174
RHQWP,non_elective,2017/18,3211,6379456.995671,1986.750855
RHQWP,non_elective,2018/19,3349,6758773.752291,2018.146835
RHQWP,non_elective,2019/20,3366,6647021.519870,1974.753868
RHQWP,non_elective,2020/21,2440,5128674.351662,2101.915717
RHQWP,non_elective,2021/22,2820,5184217.949634,1838.375159
RHQWP,non_elective,2022/23,3057,5843918.850785,1911.651570
RHQWP,non_elective,2023/24,2442,4300821.358040,1761.188107
RHU00,elective,2012/13,3,7518.297208,2506.099069
RHU00,elective,2013/14,3,3738.458041,1246.152680
RHU00,elective,2014/15,2,454.103409,227.051704
RHU00,elective,2015/16,1,4787.565488,4787.565488
RHU00,non_elective,2013/14,159,46415.466671,291.921174
RHU00,non_elective,2014/15,97,20953.006457,216.010375
RHU00,non_elective,2015/16,73,60103.440902,823.334806
RHU00,non_elective,2016/17,1,1618.213904,1618.213904
RHU00,non_elective,2017/18,3,9148.568114,3049.522704
RHU00,non_elective,2018/19,1,857.317988,857.317988
RHU00,non_elective,2019/20,3,2007.046390,669.015463
RHU03,elective,2012/13,2243,411670.331218,183.535591
RHU03,elective,2013/14,13403,41015561.193019,3060.177661
RHU03,elective,2014/15,13289,41565669.656921,3127.825243
RHU03,elective,2015/16,13008,53528024.838191,4115.008059
RHU03,elective,2016/17,12300,51243988.774231,4166.177949
RHU03,elective,2017/18,10220,41788770.676564,4088.920809
RHU03,elective,2018/19,10122,43717017.700317,4319.009849
RHU03,elective,2019/20,9494,41053141.797699,4324.114366
RHU03,elective,2020/21,6234,25534347.593565,4095.981327
RHU03,elective,2021/22,9742,42615087.008538,4374.367379
RHU03,elective,2022/23,9202,36362282.994497,3951.563029
RHU03,elective,2023/24,5474,24185814.067380,4418.307283
RHU03,non_elective,2012/13,9501,1188965.779163,125.141119
RHU03,non_elective,2013/14,55513,101843016.893957,1834.579592
RHU03,non_elective,2014/15,52324,101790448.445302,1945.387364
RHU03,non_elective,2015/16,52934,126517610.791002,2390.101084
RHU03,non_elective,2016/17,54322,136390922.811421,2510.786105
RHU03,non_elective,2017/18,54884,146532284.670468,2669.854323
RHU03,non_elective,2018/19,58357,155409131.822134,2663.076097
RHU03,non_elective,2019/20,59463,165533401.579785,2783.805081
RHU03,non_elective,2020/21,56665,152819949.738641,2696.901963
RHU03,non_elective,2021/22,64013,171520433.548491,2679.462508
RHU03,non_elective,2022/23,67450,175622167.148040,2603.738578
RHU03,non_elective,2023/24,38193,109697189.505948,2872.180491
RHU08,elective,2013/14,3,6078.669614,2026.223204
RHU08,elective,2014/15,2,2467.621882,1233.810941
RHU08,elective,2016/17,1,2417.888262,2417.888262
RHU08,elective,2017/18,1,1085.796376,1085.796376
RHW01,elective,2012/13,591,145047.846645,245.427828
RHW01,elective,2013/14,7842,24228373.699325,3089.565633
RHW01,elective,2014/15,7212,24185487.658214,3353.506330
RHW01,elective,2015/16,6803,27385208.365169,4025.460585
RHW01,elective,2016/17,6966,27870656.198646,4000.955526
RHW01,elective,2017/18,6507,26376135.876606,4053.501748
RHW01,elective,2018/19,6900,26429269.550813,3830.328920
RHW01,elective,2019/20,6473,26033633.635306,4021.880679
RHW01,elective,2020/21,4027,18307849.310806,4546.274971
RHW01,elective,2021/22,6797,29387917.926477,4323.660133
RHW01,elective,2022/23,6944,30161809.532711,4343.578561
RHW01,elective,2023/24,4316,19651735.708262,4553.228848
RHW01,non_elective,2012/13,7261,1065742.660593,146.776292
RHW01,non_elective,2013/14,32737,65753692.360818,2008.543616
RHW01,non_elective,2014/15,34589,68895862.065524,1991.843131
RHW01,non_elective,2015/16,40799,89732015.708314,2199.368016
RHW01,non_elective,2016/17,41416,93773910.942444,2264.195261
RHW01,non_elective,2017/18,45138,99349590.517373,2201.018886
RHW01,non_elective,2018/19,47796,104224571.918801,2180.612852
RHW01,non_elective,2019/20,47408,110109699.639092,2322.597444
RHW01,non_elective,2020/21,40320,95825071.533938,2376.613877
RHW01,non_elective,2021/22,46050,109243906.024813,2372.288947
RHW01,non_elective,2022/23,43721,112369654.581576,2570.152891
RHW01,non_elective,2023/24,27267,74543615.870664,2733.840021
RHW03,elective,2012/13,2,27437.848776,13718.924388
RHW03,elective,2013/14,34,36469.205721,1072.623697
RHW03,elective,2014/15,7,20351.884059,2907.412008
RHW03,elective,2017/18,1,785.819994,785.819994
RHW03,elective,2018/19,5,5888.591028,1177.718205
RHW03,elective,2019/20,8,7370.294536,921.286817
RHW03,elective,2020/21,1,966.817160,966.817160
RHW03,elective,2021/22,5,8080.792728,1616.158545
RHW03,elective,2022/23,9,13304.978010,1478.330890
RHW03,non_elective,2014/15,6,13229.127054,2204.854509
RHW05,elective,2013/14,13,31663.213101,2435.631777
RHW05,elective,2014/15,15,16818.674652,1121.244976
RHW05,elective,2017/18,5,5957.167594,1191.433518
RHW05,elective,2018/19,9,9200.501904,1022.277989
RHW05,elective,2019/20,2,1066.871494,533.435747
RHW05,elective,2020/21,1,586.835532,586.835532
RHW05,elective,2021/22,3,4520.432326,1506.810775
RHW05,elective,2022/23,5,3281.557314,656.311462
RHW05,elective,2023/24,1,377.733216,377.733216
RHW05,non_elective,2012/13,1,5593.577535,5593.577535
RHW05,non_elective,2013/14,2,7307.868204,3653.934102
RHW05,non_elective,2020/21,6,16546.063908,2757.677318
RHW05,non_elective,2021/22,7,56972.511668,8138.930238
RHW05,non_elective,2022/23,19,69641.189082,3665.325741
RHW05,non_elective,2023/24,24,74295.401922,3095.641746
RHW0F,non_elective,2020/21,1,3335.519202,3335.519202
RHW24,elective,2021/22,3,5726.705364,1908.901788
RHW24,elective,2022/23,45,197418.443042,4387.076512
RHW24,elective,2023/24,20,95867.790856,4793.389542
RHW25,elective,2020/21,1,806.055702,806.055702
RHW25,elective,2021/22,16,51391.953084,3211.997067
RHW25,elective,2022/23,15,42367.951522,2824.530101
RHW25,elective,2023/24,3,8765.434182,2921.811394
RHW25,non_elective,2020/21,12,50032.788030,4169.399002
RHW37,elective,2017/18,11,5250.042020,477.276547
RHW37,elective,2018/19,18,39204.435838,2178.024213
RHW37,elective,2019/20,11,9582.731944,871.157449
RHW37,elective,2020/21,11,5813.269226,528.479020
RHW37,elective,2021/22,29,12095.332354,417.080426
RHW37,elective,2022/23,1,717.243428,717.243428
RHW37,elective,2023/24,4,1818.965308,454.741327
RJ100,elective,2022/23,5,9060.101496,1812.020299
RJ100,non_elective,2021/22,1,3110.603616,3110.603616
RJ100,non_elective,2022/23,26,34126.460379,1312.556168
RJ121,elective,2012/13,1701,418094.033241,245.793082
RJ121,elective,2013/14,12253,43501505.059913,3550.273815
RJ121,elective,2014/15,11751,42280994.978331,3598.076332
RJ121,elective,2015/16,13225,54895945.872457,4150.922183
RJ121,elective,2016/17,11855,49452109.109997,4171.413674
RJ121,elective,2017/18,12864,57443165.147954,4465.420176
RJ121,elective,2018/19,12815,61274834.169362,4781.493107
RJ121,elective,2019/20,12592,61538910.280371,4887.143446
RJ121,elective,2020/21,6864,37107300.082160,5406.075186
RJ121,elective,2021/22,9800,54752795.402147,5587.019938
RJ121,elective,2022/23,10050,54531917.224907,5426.061415
RJ121,elective,2023/24,4971,25812131.850206,5192.543120
RJ121,non_elective,2012/13,605,358698.290665,592.889736
RJ121,non_elective,2013/14,4155,9617850.179571,2314.765386
RJ121,non_elective,2014/15,4607,10607289.181051,2302.428734
RJ121,non_elective,2015/16,4447,13238476.147724,2976.945389
RJ121,non_elective,2016/17,4129,12683788.743393,3071.879085
RJ121,non_elective,2017/18,4281,14222765.995858,3322.299928
RJ121,non_elective,2018/19,4828,17695746.336797,3665.233292
RJ121,non_elective,2019/20,4590,17967203.877470,3914.423502
RJ121,non_elective,2020/21,3320,14022138.539160,4223.535704
RJ121,non_elective,2021/22,3683,15273624.084799,4147.060571
RJ121,non_elective,2022/23,3992,17518688.366390,4388.448989
RJ121,non_elective,2023/24,2194,8882801.200641,4048.678760
RJ122,elective,2012/13,2782,785642.901093,282.402193
RJ122,elective,2013/14,12236,50173864.098408,4100.511940
RJ122,elective,2014/15,11941,52515202.391921,4397.889824
RJ122,elective,2015/16,13502,69312052.900141,5133.465627
RJ122,elective,2016/17,12126,62334054.265872,5140.528967
RJ122,elective,2017/18,13189,73580595.565280,5578.936656
RJ122,elective,2018/19,13542,78890982.279499,5825.652213
RJ122,elective,2019/20,13515,79705160.043778,5897.533114
RJ122,elective,2020/21,9778,59569886.679066,6092.236314
RJ122,elective,2021/22,11665,67555851.844270,5791.328919
RJ122,elective,2022/23,12004,69328319.061705,5775.434776
RJ122,elective,2023/24,5989,34313767.249589,5729.465227
RJ122,non_elective,2012/13,4527,1175000.512639,259.553901
RJ122,non_elective,2013/14,34869,76857694.707197,2204.184080
RJ122,non_elective,2014/15,33125,73716984.188774,2225.418390
RJ122,non_elective,2015/16,34746,92969035.534999,2675.675920
RJ122,non_elective,2016/17,35566,89844233.465746,2526.127016
RJ122,non_elective,2017/18,38055,100457386.348733,2639.794674
RJ122,non_elective,2018/19,41472,111464975.938601,2687.716433
RJ122,non_elective,2019/20,43061,115903454.919706,2691.610852
RJ122,non_elective,2020/21,32728,88614655.575763,2707.609862
RJ122,non_elective,2021/22,41245,106854847.092359,2590.734564
RJ122,non_elective,2022/23,40477,112937506.013208,2790.164933
RJ122,non_elective,2023/24,20232,49977570.215186,2470.223913
RJ133,elective,2021/22,1,586.751661,586.751661
RJ133,elective,2022/23,15,49061.491934,3270.766128
RJ133,elective,2023/24,9,14490.775053,1610.086117
RJ133,non_elective,2021/22,1,779.231971,779.231971
RJ133,non_elective,2022/23,3,7362.538761,2454.179587
RJ133,non_elective,2023/24,1,806.929929,806.929929
RJ137,elective,2015/16,2,12422.000000,6211.000000
RJ137,elective,2016/17,6,20646.000000,3441.000000
RJ137,elective,2017/18,1,4063.000000,4063.000000
RJ137,elective,2019/20,3,6413.000000,2137.666666
RJ137,elective,2020/21,3,22900.000000,7633.333333
RJ137,elective,2021/22,3,2746.000000,915.333333
RJ137,elective,2022/23,4,9889.000000,2472.250000
RJ137,elective,2023/24,2,11588.000000,5794.000000
RJ144,elective,2017/18,1,8823.526974,8823.526974
RJ144,elective,2018/19,2,12392.054541,6196.027270
RJ144,non_elective,2017/18,60,752168.782962,12536.146382
RJ144,non_elective,2018/19,1,12363.946677,12363.946677
RJ181,elective,2020/21,52,504672.001763,9705.230803
RJ181,elective,2021/22,3232,21966437.777753,6796.546342
RJ181,elective,2022/23,3278,22890841.619841,6983.173160
RJ181,elective,2023/24,1754,12351788.456403,7042.068675
RJ181,non_elective,2020/21,46,406424.640599,8835.318273
RJ181,non_elective,2021/22,2174,13079075.596025,6016.134128
RJ181,non_elective,2022/23,2296,15852645.521034,6904.462334
RJ181,non_elective,2023/24,1022,6431459.781682,6293.013485
RJ182,elective,2020/21,66,514312.835147,7792.618714
RJ182,elective,2021/22,6674,39585863.053922,5931.354967
RJ182,elective,2022/23,7377,42424569.018679,5750.924362
RJ182,elective,2023/24,4015,22061904.018036,5494.870241
RJ182,non_elective,2020/21,26,230713.950373,8873.613475
RJ182,non_elective,2021/22,880,8147055.994890,9258.018176
RJ182,non_elective,2022/23,846,7477016.668938,8838.081168
RJ182,non_elective,2023/24,295,2425832.630595,8223.161459
RJ1A0,elective,2014/15,2,27510.571890,13755.285945
RJ1A0,elective,2015/16,35,124285.303503,3551.008671
RJ1A0,elective,2016/17,18,61390.795669,3410.599759
RJ1A0,elective,2017/18,23,76545.911799,3328.083121
RJ1A0,elective,2018/19,21,61971.984315,2951.046872
RJ1A0,elective,2019/20,14,86523.922440,6180.280174
RJ1A0,elective,2020/21,14,42455.757411,3032.554100
RJ1A0,elective,2021/22,17,107003.124765,6294.301456
RJ1A0,elective,2022/23,8,25321.671981,3165.208997
RJ1A0,elective,2023/24,8,42447.559284,5305.944910
RJ1A0,non_elective,2017/18,3,13380.514425,4460.171475
RJ1A0,non_elective,2019/20,1,2597.635098,2597.635098
RJ1A0,non_elective,2021/22,1,4387.169106,4387.169106
RJ1A0,non_elective,2022/23,1,9843.608205,9843.608205
RJ1A0,non_elective,2023/24,1,6874.715070,6874.715070
RJ1A1,elective,2015/16,13,50498.119998,3884.470769
RJ1A1,elective,2016/17,7,16615.261107,2373.608729
RJ1A1,elective,2017/18,2,46030.140783,23015.070391
RJ1A1,elective,2018/19,4,15326.984007,3831.746001
RJ1A1,elective,2019/20,12,57989.521604,4832.460133
RJ1A1,elective,2020/21,10,59382.547344,5938.254734
RJ1A1,elective,2021/22,8,27655.795854,3456.974481
RJ1A1,elective,2022/23,3,6850.120689,2283.373563
RJ1A1,elective,2023/24,2,2262.683052,1131.341526
RJ1A1,non_elective,2016/17,1,3719.607336,3719.607336
RJ1A1,non_elective,2017/18,1,885.397716,885.397716
RJ1A1,non_elective,2019/20,6,6674.446539,1112.407756
RJ1A1,non_elective,2020/21,2,1863.317151,931.658575
RJ1A1,non_elective,2022/23,1,3508.798356,3508.798356
RJ1A1,non_elective,2023/24,1,1322.240769,1322.240769
RJ1A2,elective,2015/16,12,12744.574002,1062.047833
RJ1A2,elective,2016/17,40,26676.705258,666.917631
RJ1A2,elective,2017/18,20,28511.914545,1425.595727
RJ1A2,elective,2018/19,33,37656.339633,1141.101201
RJ1A2,elective,2019/20,26,20202.527250,777.020278
RJ1A2,elective,2020/21,133,109915.368842,826.431344
RJ1A2,elective,2021/22,201,140130.971293,697.169011
RJ1A2,elective,2022/23,147,118917.134809,808.960100
RJ1A2,elective,2023/24,80,66521.874530,831.523431
RJ1A2,non_elective,2015/16,1,634.769262,634.769262
RJ1A2,non_elective,2016/17,1,434.500731,434.500731
RJ1A2,non_elective,2018/19,1,1800.074457,1800.074457
RJ1A2,non_elective,2020/21,3,6495.258906,2165.086302
RJ1A2,non_elective,2021/22,2,2171.332494,1085.666247
RJ1A2,non_elective,2022/23,2,3073.126464,1536.563232
RJ1A3,elective,2015/16,3,10268.739648,3422.913216
RJ1A3,elective,2016/17,3,6830.210952,2276.736984
RJ1A3,elective,2017/18,3,7634.798559,2544.932853
RJ1A3,elective,2018/19,4,30155.311083,7538.827770
RJ1A3,elective,2019/20,2,6840.751401,3420.375700
RJ1A3,elective,2020/21,5,10985.490180,2197.098036
RJ1A3,elective,2021/22,2,24656.651630,12328.325815
RJ1A3,elective,2022/23,1,4930.587810,4930.587810
RJ1A3,elective,2023/24,1,5942.470914,5942.470914
RJ1A4,elective,2015/16,7,6939.128925,991.304132
RJ1A4,elective,2016/17,1,748.371879,748.371879
RJ1A4,elective,2017/18,7,17965.609740,2566.515677
RJ1A4,elective,2018/19,7,19920.277449,2845.753921
RJ1A4,elective,2019/20,8,39976.409574,4997.051196
RJ1A4,elective,2020/21,5,24466.326256,4893.265251
RJ1A4,elective,2021/22,4,13836.096054,3459.024013
RJ1A4,elective,2022/23,3,5451.754455,1817.251485
RJ1A4,elective,2023/24,3,27100.665540,9033.555180
RJ1A4,non_elective,2018/19,1,729.633303,729.633303
RJ1AB,elective,2020/21,10,95503.190405,9550.319040
RJ1AB,elective,2021/22,200,1849579.818962,9247.899094
RJ1AB,elective,2022/23,66,678302.581223,10277.311836
RJ1AB,elective,2023/24,20,168171.692634,8408.584631
RJ224,elective,2012/13,206,59081.926043,286.805466
RJ224,elective,2013/14,2342,7597462.060342,3244.006003
RJ224,elective,2014/15,2132,7752622.768785,3636.314619
RJ224,elective,2015/16,2634,11898461.664266,4517.259553
RJ224,elective,2016/17,3308,13000800.852920,3930.109084
RJ224,elective,2017/18,2415,11110471.938338,4600.609498
RJ224,elective,2018/19,2823,13524735.529061,4790.908795
RJ224,elective,2019/20,2643,12592636.098110,4764.523684
RJ224,elective,2020/21,1315,5983444.547451,4550.147944
RJ224,elective,2021/22,2370,11219880.164244,4734.126651
RJ224,elective,2022/23,2410,11302039.571848,4689.642975
RJ224,elective,2023/24,1539,7653450.654548,4973.002374
RJ224,non_elective,2012/13,5377,1360844.926042,253.086279
RJ224,non_elective,2013/14,19468,41022158.020239,2107.158312
RJ224,non_elective,2014/15,20237,43640802.557289,2156.485771
RJ224,non_elective,2015/16,21576,54378438.121284,2520.320639
RJ224,non_elective,2016/17,20694,50303181.020719,2430.809945
RJ224,non_elective,2017/18,24406,60369847.875621,2473.565839
RJ224,non_elective,2018/19,23886,60103148.041226,2516.250022
RJ224,non_elective,2019/20,23544,62556734.023338,2657.013847
RJ224,non_elective,2020/21,20890,49515285.850470,2370.286541
RJ224,non_elective,2021/22,26370,59305930.234194,2248.992424
RJ224,non_elective,2022/23,26331,63970655.441326,2429.480666
RJ224,non_elective,2023/24,18564,44792047.605952,2412.844624
RJ230,elective,2012/13,1,96130.138538,96130.138538
RJ230,elective,2013/14,150,471013.671158,3140.091141
RJ230,elective,2014/15,476,1558027.742095,3273.167525
RJ230,elective,2015/16,58,153585.063268,2648.018332
RJ230,elective,2016/17,62,146940.861580,2370.013896
RJ230,elective,2021/22,6,28835.649604,4805.941600
RJ230,elective,2022/23,30,99065.232890,3302.174429
RJ230,elective,2023/24,79,233254.160468,2952.584309
RJ230,non_elective,2014/15,3,24335.593517,8111.864505
RJ230,non_elective,2015/16,144,297553.213366,2066.341759
RJ231,elective,2012/13,1,105691.984512,105691.984512
RJ231,elective,2013/14,1887,4716274.816972,2499.350724
RJ231,elective,2014/15,2117,5974660.348670,2822.229734
RJ231,elective,2015/16,1960,7014996.035229,3579.079609
RJ231,elective,2016/17,1690,6213839.356454,3676.828021
RJ231,elective,2017/18,1537,5350443.164794,3481.095097
RJ231,elective,2018/19,1690,6082691.671745,3599.225841
RJ231,elective,2019/20,1396,6087325.143459,4360.548097
RJ231,elective,2020/21,1080,4214980.727078,3902.759932
RJ231,elective,2021/22,1520,6365302.361065,4187.698921
RJ231,elective,2022/23,1690,6888575.205539,4076.080003
RJ231,elective,2023/24,1034,4450263.319144,4303.929709
RJ231,non_elective,2013/14,11987,25241930.577794,2105.775471
RJ231,non_elective,2014/15,23179,51451358.469008,2219.740216
RJ231,non_elective,2015/16,27248,68980235.598167,2531.570595
RJ231,non_elective,2016/17,28878,68409624.813168,2368.918374
RJ231,non_elective,2017/18,37638,84349159.938025,2241.063816
RJ231,non_elective,2018/19,37882,85429098.869294,2255.136974
RJ231,non_elective,2019/20,38174,94135946.482811,2465.970201
RJ231,non_elective,2020/21,39397,81375108.774186,2065.515363
RJ231,non_elective,2021/22,36254,87512888.109479,2413.882278
RJ231,non_elective,2022/23,30998,86862114.682887,2802.184485
RJ231,non_elective,2023/24,19931,59769377.637327,2998.814792
RJ600,elective,2013/14,1430,3321714.910968,2322.877560
RJ600,elective,2014/15,2074,4872961.710033,2349.547594
RJ600,non_elective,2012/13,2654,803096.826426,302.598653
RJ600,non_elective,2013/14,26065,44433542.551539,1704.720604
RJ600,non_elective,2014/15,28052,47598404.966082,1696.791849
RJ611,elective,2012/13,554,131170.723119,236.770258
RJ611,elective,2013/14,1470,3603775.989162,2451.548291
RJ611,elective,2014/15,445,1227251.068988,2757.867570
RJ611,elective,2015/16,3046,9693346.315323,3182.319867
RJ611,elective,2016/17,2926,9845834.420114,3364.946828
RJ611,elective,2017/18,2799,10171531.462538,3633.987660
RJ611,elective,2018/19,3055,10954221.032304,3585.669732
RJ611,elective,2019/20,2955,10941976.585537,3702.868556
RJ611,elective,2020/21,2297,8703427.063051,3789.040950
RJ611,elective,2021/22,3234,12178804.330489,3765.864047
RJ611,elective,2022/23,1212,4483750.789203,3699.464347
RJ611,elective,2023/24,352,918256.045226,2608.681946
RJ611,non_elective,2012/13,2487,393264.047919,158.127884
RJ611,non_elective,2013/14,7661,8575390.060260,1119.356488
RJ611,non_elective,2014/15,5525,9292325.199539,1681.868814
RJ611,non_elective,2015/16,33825,72814340.895586,2152.678223
RJ611,non_elective,2016/17,32708,76750800.618265,2346.545206
RJ611,non_elective,2017/18,32151,81417553.601056,2532.349028
RJ611,non_elective,2018/19,27268,76496466.478773,2805.356699
RJ611,non_elective,2019/20,25058,76359429.846194,3047.307440
RJ611,non_elective,2020/21,19715,60381924.887957,3062.740293
RJ611,non_elective,2021/22,20994,69127206.996416,3292.712536
RJ611,non_elective,2022/23,19294,70511515.319783,3654.582529
RJ611,non_elective,2023/24,13812,49440167.846533,3579.508242
RJ700,elective,2012/13,4,89329.973358,22332.493339
RJ700,elective,2013/14,61,633759.162941,10389.494474
RJ700,elective,2014/15,6806,23549582.696633,3460.120878
RJ700,non_elective,2012/13,2,131479.724214,65739.862107
RJ700,non_elective,2013/14,3911,5432892.548803,1389.131308
RJ700,non_elective,2014/15,19286,47116010.501665,2443.016203
RJ701,elective,2012/13,4064,963370.069140,237.049721
RJ701,elective,2013/14,15268,56837979.979292,3722.686663
RJ701,elective,2014/15,8936,33877803.169352,3791.159710
RJ701,elective,2015/16,15884,76757492.564516,4832.378025
RJ701,elective,2016/17,15903,80203950.160201,5043.322024
RJ701,elective,2017/18,15063,76873740.589671,5103.481417
RJ701,elective,2018/19,13613,75986881.291258,5581.935010
RJ701,elective,2019/20,12551,70990641.438293,5656.174124
RJ701,elective,2020/21,7597,47361408.044766,6234.225094
RJ701,elective,2021/22,10421,63155424.187207,6060.399595
RJ701,elective,2022/23,11085,65770201.097323,5933.261262
RJ701,elective,2023/24,8301,48896945.382939,5890.488541
RJ701,non_elective,2012/13,9764,2584315.195660,264.677918
RJ701,non_elective,2013/14,40019,96442946.994805,2409.928958
RJ701,non_elective,2014/15,20843,50246081.097381,2410.693330
RJ701,non_elective,2015/16,51409,130528027.943561,2539.011222
RJ701,non_elective,2016/17,55971,137197381.445948,2451.222623
RJ701,non_elective,2017/18,57275,159436716.833359,2783.705226
RJ701,non_elective,2018/19,58498,157271826.917148,2688.499212
RJ701,non_elective,2019/20,56500,158638990.166499,2807.769737
RJ701,non_elective,2020/21,42215,141610775.106704,3354.513208
RJ701,non_elective,2021/22,42223,154145673.501290,3650.751332
RJ701,non_elective,2022/23,37680,152069068.869732,4035.803313
RJ701,non_elective,2023/24,25000,99165434.116438,3966.617364
RJ731,elective,2017/18,1,8896.281530,8896.281530
RJ731,elective,2018/19,8,192008.626373,24001.078296
RJ731,elective,2019/20,111,1026107.078524,9244.207914
RJ731,elective,2020/21,150,1103790.887004,7358.605913
RJ731,elective,2021/22,75,1248671.918933,16648.958919
RJ731,elective,2022/23,71,910977.719916,12830.672111
RJ731,elective,2023/24,47,698134.377271,14853.922920
RJ731,non_elective,2018/19,1,14338.471123,14338.471123
RJ731,non_elective,2019/20,37,284486.978079,7688.837245
RJ731,non_elective,2020/21,45,380344.531182,8452.100692
RJ731,non_elective,2021/22,38,400196.985768,10531.499625
RJ731,non_elective,2022/23,88,468882.543768,5328.210724
RJ731,non_elective,2023/24,254,2612993.402264,10287.375599
RJ758,elective,2020/21,3,6802.198566,2267.399522
RJ763,elective,2013/14,157,1104242.480500,7033.391595
RJ763,elective,2014/15,475,3051248.067586,6423.680142
RJ763,elective,2015/16,513,4440915.975618,8656.756287
RJ763,elective,2016/17,473,3954540.733638,8360.551233
RJ763,elective,2017/18,480,4077416.868576,8494.618476
RJ763,elective,2018/19,564,4176180.880170,7404.576028
RJ763,elective,2019/20,193,1214048.681666,6290.407677
RJ763,non_elective,2014/15,1,1446.457622,1446.457622
RJ763,non_elective,2015/16,2,16794.201012,8397.100506
RJ763,non_elective,2018/19,2,30005.111388,15002.555694
RJ765,elective,2015/16,3,7560.068028,2520.022676
RJ765,elective,2017/18,1,3633.349602,3633.349602
RJ765,elective,2018/19,2,1087.327308,543.663654
RJ765,elective,2019/20,9,32672.206530,3630.245170
RJ765,elective,2020/21,5,26797.845078,5359.569015
RJ765,elective,2021/22,6,1711.318140,285.219690
RJ765,elective,2022/23,3,8856.944496,2952.314832
RJ765,elective,2023/24,1,461.008152,461.008152
RJ801,elective,2016/17,14,47953.997936,3425.285566
RJ801,elective,2017/18,39,163243.671045,4185.735155
RJ801,elective,2018/19,26,101716.126486,3912.158711
RJ801,elective,2019/20,66,332680.860681,5040.619101
RJ801,elective,2020/21,91,467200.483477,5134.071247
RJ801,elective,2021/22,130,821188.949763,6316.838075
RJ801,elective,2022/23,188,1162774.194595,6184.969120
RJ801,elective,2023/24,125,712017.942987,5696.143543
RJ801,non_elective,2015/16,4,33453.901741,8363.475435
RJ801,non_elective,2016/17,46,257445.237738,5596.635603
RJ801,non_elective,2017/18,32,136356.537668,4261.141802
RJ801,non_elective,2018/19,43,191301.129591,4448.863478
RJ801,non_elective,2019/20,17,84665.995934,4980.352702
RJ801,non_elective,2020/21,98,450266.677380,4594.557932
RJ801,non_elective,2021/22,110,664575.772653,6041.597933
RJ801,non_elective,2022/23,43,387448.437129,9010.428770
RJ801,non_elective,2023/24,11,79748.000280,7249.818207
RJ805,elective,2016/17,14,73110.425726,5222.173266
RJ805,elective,2017/18,92,616316.296583,6699.090180
RJ805,elective,2018/19,34,154819.757469,4553.522278
RJ805,elective,2019/20,26,93092.944061,3580.497848
RJ805,elective,2020/21,18,75658.437049,4203.246502
RJ805,elective,2021/22,24,77455.902758,3227.329281
RJ805,elective,2022/23,35,177038.739891,5058.249711
RJ805,elective,2023/24,37,177971.358565,4810.036717
RJ805,non_elective,2015/16,1,4448.651766,4448.651766
RJ805,non_elective,2016/17,12,60048.706705,5004.058892
RJ805,non_elective,2017/18,14,79918.946653,5708.496189
RJ805,non_elective,2018/19,5,29486.732067,5897.346413
RJ805,non_elective,2019/20,3,18244.732129,6081.577376
RJ805,non_elective,2020/21,13,35978.648173,2767.588321
RJ805,non_elective,2021/22,13,116148.451042,8934.496234
RJ805,non_elective,2022/23,3,28618.850481,9539.616827
RJ805,non_elective,2023/24,2,5677.644921,2838.822460
RJ807,elective,2016/17,4,26883.087309,6720.771827
RJ807,elective,2017/18,3,5571.435636,1857.145212
RJ807,elective,2018/19,4,8494.719766,2123.679941
RJ807,elective,2019/20,2,17797.641615,8898.820807
RJ807,elective,2020/21,15,85757.422777,5717.161518
RJ807,elective,2021/22,12,33717.907678,2809.825639
RJ807,elective,2022/23,5,71403.996547,14280.799309
RJ807,elective,2023/24,5,23794.925908,4758.985181
RJ807,non_elective,2015/16,1,7626.838180,7626.838180
RJ807,non_elective,2016/17,35,151931.876434,4340.910755
RJ807,non_elective,2017/18,31,158825.364789,5123.398864
RJ807,non_elective,2018/19,17,73821.522177,4342.442481
RJ807,non_elective,2019/20,9,46782.661250,5198.073472
RJ807,non_elective,2020/21,8,33358.819143,4169.852392
RJ807,non_elective,2021/22,26,113352.618054,4359.716079
RJ807,non_elective,2022/23,12,55830.680815,4652.556734
RJ807,non_elective,2023/24,3,10547.087759,3515.695919
RJ809,elective,2016/17,28,58775.206802,2099.114528
RJ809,elective,2017/18,16,63390.758873,3961.922429
RJ809,elective,2018/19,9,9829.922206,1092.213578
RJ809,elective,2019/20,20,23878.881819,1193.944090
RJ809,elective,2020/21,9,30445.650183,3382.850020
RJ809,elective,2021/22,9,24248.085524,2694.231724
RJ809,elective,2022/23,14,24074.104600,1719.578900
RJ809,elective,2023/24,9,25998.009934,2888.667770
RJ809,non_elective,2015/16,2,5394.420161,2697.210080
RJ809,non_elective,2016/17,110,142816.085230,1298.328047
RJ809,non_elective,2017/18,109,161861.938823,1484.971915
RJ809,non_elective,2018/19,101,137398.400178,1360.380199
RJ809,non_elective,2019/20,90,148180.159881,1646.446220
RJ809,non_elective,2020/21,62,98589.527439,1590.153668
RJ809,non_elective,2021/22,76,118210.934205,1555.407029
RJ809,non_elective,2022/23,122,197401.588618,1618.045808
RJ809,non_elective,2023/24,81,138419.020831,1708.876800
RJ817,elective,2016/17,14,70073.851692,5005.275120
RJ817,elective,2017/18,69,390699.452767,5662.310909
RJ817,elective,2018/19,125,715370.110325,5722.960882
RJ817,elective,2019/20,179,979426.623175,5471.657112
RJ817,elective,2020/21,173,924879.557433,5346.124609
RJ817,elective,2021/22,112,631080.398715,5634.646417
RJ817,elective,2022/23,88,405539.418674,4608.402484
RJ817,elective,2023/24,69,342122.360359,4958.295077
RJ817,non_elective,2016/17,3,25330.408714,8443.469571
RJ817,non_elective,2017/18,2,7706.748023,3853.374011
RJ817,non_elective,2018/19,9,39353.068885,4372.563209
RJ817,non_elective,2019/20,11,58879.393053,5352.672095
RJ817,non_elective,2020/21,271,1018443.868416,3758.095455
RJ817,non_elective,2021/22,183,1053750.869301,5758.201471
RJ817,non_elective,2022/23,178,907181.044484,5096.522721
RJ817,non_elective,2023/24,192,854855.270074,4452.371198
RJ842,elective,2016/17,2,8260.047822,4130.023911
RJ842,elective,2017/18,1,2804.936641,2804.936641
RJ842,elective,2018/19,7,56093.675235,8013.382176
RJ842,elective,2019/20,2,3080.069265,1540.034632
RJ842,elective,2020/21,12,36886.990439,3073.915869
RJ842,elective,2021/22,18,85606.706744,4755.928152
RJ842,elective,2022/23,24,167673.103988,6986.379332
RJ842,elective,2023/24,4,18865.803567,4716.450891
RJ842,non_elective,2016/17,2,21592.853399,10796.426699
RJ842,non_elective,2017/18,16,64703.707939,4043.981746
RJ842,non_elective,2018/19,4,25757.268888,6439.317222
RJ842,non_elective,2019/20,10,61163.398439,6116.339843
RJ842,non_elective,2020/21,30,119377.213306,3979.240443
RJ842,non_elective,2021/22,49,265195.480992,5412.152673
RJ842,non_elective,2022/23,45,354659.102057,7881.313379
RJ842,non_elective,2023/24,6,21779.984044,3629.997340
RJ863,elective,2016/17,1,1729.694070,1729.694070
RJ866,elective,2015/16,11,56099.744337,5099.976757
RJ866,elective,2016/17,109,554657.254814,5088.598668
RJ866,elective,2017/18,85,518261.861637,6097.198372
RJ866,elective,2018/19,97,455074.417681,4691.488842
RJ866,elective,2019/20,83,337721.249892,4068.930721
RJ866,elective,2020/21,209,652459.822027,3121.817330
RJ866,elective,2021/22,298,1176066.539492,3946.532011
RJ866,elective,2022/23,459,1682975.134321,3666.612493
RJ866,elective,2023/24,432,1361207.530553,3150.943357
RJ866,non_elective,2015/16,3,23856.628445,7952.209481
RJ866,non_elective,2016/17,14,63744.789823,4553.199273
RJ866,non_elective,2017/18,45,214750.116685,4772.224815
RJ866,non_elective,2018/19,21,95389.087651,4542.337507
RJ866,non_elective,2019/20,15,75808.141565,5053.876104
RJ866,non_elective,2020/21,250,759856.627985,3039.426511
RJ866,non_elective,2021/22,262,1056642.796404,4032.987772
RJ866,non_elective,2022/23,249,844635.913823,3392.112103
RJ866,non_elective,2023/24,64,223436.013164,3491.187705
RJ867,elective,2015/16,4,21011.231124,5252.807781
RJ867,elective,2016/17,112,458965.723580,4097.908246
RJ867,elective,2017/18,60,201446.645101,3357.444085
RJ867,elective,2018/19,78,353783.128335,4535.681132
RJ867,elective,2019/20,7,22326.203224,3189.457603
RJ867,elective,2020/21,28,134964.690276,4820.167509
RJ867,elective,2021/22,34,186473.158950,5484.504675
RJ867,elective,2022/23,64,431283.537841,6738.805278
RJ867,elective,2023/24,70,391978.010255,5599.685860
RJ867,non_elective,2016/17,9,31810.186616,3534.465179
RJ867,non_elective,2017/18,21,113324.295578,5396.395027
RJ867,non_elective,2018/19,29,139944.388467,4825.668567
RJ867,non_elective,2019/20,13,53837.992325,4141.384025
RJ867,non_elective,2020/21,23,73672.829178,3203.166486
RJ867,non_elective,2021/22,48,279017.860797,5812.872099
RJ867,non_elective,2022/23,14,90136.279870,6438.305705
RJ867,non_elective,2023/24,2,6751.875975,3375.937987
RJ870,elective,2017/18,45,235150.391541,5225.564256
RJ870,elective,2018/19,13,31880.992806,2452.384062
RJ870,elective,2019/20,79,335479.728220,4246.578838
RJ870,elective,2020/21,21,95902.938287,4566.806585
RJ870,elective,2021/22,47,243002.798012,5170.272298
RJ870,elective,2022/23,131,629610.664514,4806.188278
RJ870,elective,2023/24,86,439002.424068,5104.679349
RJ870,non_elective,2016/17,3,5432.857807,1810.952602
RJ870,non_elective,2017/18,12,55406.855192,4617.237932
RJ870,non_elective,2018/19,7,26024.309376,3717.758482
RJ870,non_elective,2019/20,7,32714.482814,4673.497544
RJ870,non_elective,2020/21,27,99017.399130,3667.311078
RJ870,non_elective,2021/22,5,10509.661630,2101.932326
RJ870,non_elective,2022/23,9,90245.523706,10027.280411
RJ870,non_elective,2023/24,10,61317.149023,6131.714902
RJ8A3,elective,2016/17,1,5494.560344,5494.560344
RJ8A3,elective,2017/18,210,730689.535290,3479.473977
RJ8A3,elective,2018/19,483,1482283.080902,3068.909070
RJ8A3,elective,2019/20,581,1800595.342598,3099.131398
RJ8A3,elective,2020/21,395,1190052.785051,3012.791860
RJ8A3,elective,2021/22,323,1012147.175091,3133.582585
RJ8A3,elective,2022/23,217,944125.691392,4350.809637
RJ8A3,elective,2023/24,198,704519.567466,3558.179633
RJ8A3,non_elective,2016/17,16,70936.675693,4433.542230
RJ8A3,non_elective,2017/18,17,56321.266560,3313.015680
RJ8A3,non_elective,2018/19,14,44052.576867,3146.612633
RJ8A3,non_elective,2019/20,23,94910.640110,4126.549570
RJ8A3,non_elective,2020/21,144,436836.766171,3033.588653
RJ8A3,non_elective,2021/22,278,1013178.922431,3644.528497
RJ8A3,non_elective,2022/23,117,384745.663705,3288.424476
RJ8A3,non_elective,2023/24,92,427834.264871,4650.372444
RJ8A4,non_elective,2016/17,6,13443.060930,2240.510155
RJ8A5,elective,2015/16,1,10391.314141,10391.314141
RJ8A5,non_elective,2016/17,4,18126.384640,4531.596160
RJC00,non_elective,2014/15,1,3103.072665,3103.072665
RJC02,elective,2012/13,82,113109.481520,1379.383920
RJC02,elective,2013/14,4804,14174252.044691,2950.510417
RJC02,elective,2014/15,4621,13868855.247414,3001.267095
RJC02,elective,2015/16,4227,17228628.156055,4075.852414
RJC02,elective,2016/17,4071,16358701.355418,4018.349632
RJC02,elective,2017/18,4105,17142598.157546,4176.028783
RJC02,elective,2018/19,3946,17973076.519205,4554.758367
RJC02,elective,2019/20,3530,16607989.492629,4704.812887
RJC02,elective,2020/21,2065,8656906.364426,4192.206471
RJC02,elective,2021/22,3332,16562522.995964,4970.745196
RJC02,elective,2022/23,3423,16276998.499073,4755.185071
RJC02,elective,2023/24,2534,12681134.345759,5004.393980
RJC02,non_elective,2012/13,2641,813034.621490,307.851049
RJC02,non_elective,2013/14,20889,38777601.716669,1856.364675
RJC02,non_elective,2014/15,20746,38157688.994798,1839.279330
RJC02,non_elective,2015/16,20924,49023064.622123,2342.910754
RJC02,non_elective,2016/17,23186,52343820.872418,2257.561497
RJC02,non_elective,2017/18,24347,60138466.955458,2470.056555
RJC02,non_elective,2018/19,26002,63326090.844190,2435.431537
RJC02,non_elective,2019/20,25089,64735507.009290,2580.234645
RJC02,non_elective,2020/21,23928,56078981.053320,2343.655176
RJC02,non_elective,2021/22,30641,68146799.328652,2224.039663
RJC02,non_elective,2022/23,30246,70255739.390739,2322.810930
RJC02,non_elective,2023/24,21748,47039355.132180,2162.927861
RJC03,elective,2013/14,10,9011.272305,901.127230
RJC03,elective,2014/15,3,3874.289979,1291.429993
RJC03,elective,2015/16,17,21021.869654,1236.580567
RJC03,elective,2016/17,25,32339.365696,1293.574627
RJC03,elective,2017/18,34,64762.058246,1904.766419
RJC03,elective,2018/19,11,27729.681401,2520.880127
RJC03,elective,2019/20,8,14705.053145,1838.131643
RJC03,elective,2020/21,11,26386.837100,2398.803372
RJC03,elective,2021/22,22,55789.465339,2535.884788
RJC03,elective,2022/23,18,49532.473238,2751.804068
RJC03,elective,2023/24,3,11455.305839,3818.435279
RJC03,non_elective,2013/14,38,40647.399240,1069.668401
RJC03,non_elective,2014/15,28,47581.845296,1699.351617
RJC03,non_elective,2015/16,135,102625.567045,760.189385
RJC03,non_elective,2016/17,113,96074.794369,850.219419
RJC03,non_elective,2017/18,136,80088.857917,588.888661
RJC03,non_elective,2018/19,106,58360.846590,550.574024
RJC03,non_elective,2019/20,92,45389.632984,493.365575
RJC03,non_elective,2020/21,82,9202.275902,112.222876
RJC03,non_elective,2021/22,84,28269.169366,336.537730
RJC03,non_elective,2022/23,108,91603.988164,848.185075
RJC03,non_elective,2023/24,76,66355.951402,873.104623
RJC04,elective,2013/14,1,357.112210,357.112210
RJC04,elective,2014/15,5,30261.862442,6052.372488
RJC04,elective,2015/16,32,60118.188575,1878.693392
RJC04,elective,2016/17,14,24766.236619,1769.016901
RJC04,elective,2017/18,7,26993.627524,3856.232503
RJC04,elective,2018/19,6,16507.263436,2751.210572
RJC04,elective,2019/20,8,26184.929723,3273.116215
RJC04,elective,2020/21,2,7250.504591,3625.252295
RJC04,elective,2021/22,4,6556.114141,1639.028535
RJC04,non_elective,2013/14,16,23259.838175,1453.739885
RJC04,non_elective,2014/15,49,64446.072302,1315.225965
RJC04,non_elective,2015/16,117,95517.145423,816.385858
RJC04,non_elective,2016/17,90,44735.837668,497.064862
RJC04,non_elective,2017/18,98,41176.285392,420.166177
RJC04,non_elective,2018/19,70,44168.574085,630.979629
RJC04,non_elective,2019/20,39,13565.184514,347.825243
RJC04,non_elective,2020/21,41,22824.079945,556.684876
RJC46,elective,2012/13,1,1354.490690,1354.490690
RJC46,elective,2013/14,18,67307.199225,3739.288845
RJC46,elective,2014/15,66,644506.380509,9765.248189
RJC46,elective,2015/16,113,306445.188515,2711.904323
RJC46,elective,2016/17,62,217382.669398,3506.172087
RJC46,elective,2018/19,1,549.102602,549.102602
RJC46,non_elective,2014/15,18,77835.977554,4324.220975
RJC46,non_elective,2015/16,15,26125.105315,1741.673687
RJC46,non_elective,2016/17,6,4659.894066,776.649011
RJC46,non_elective,2017/18,19,16140.838937,849.517838
RJC46,non_elective,2018/19,9,1050.132019,116.681335
RJC46,non_elective,2019/20,10,4659.894066,465.989406
RJC46,non_elective,2020/21,13,12652.862292,973.297099
RJC46,non_elective,2021/22,53,11671.101025,220.209453
RJC46,non_elective,2022/23,161,136521.435642,847.959227
RJC46,non_elective,2023/24,71,166891.937339,2350.590666
RJC51,non_elective,2013/14,11,21750.035370,1977.275942
RJD01,elective,2012/13,298,81607.541886,273.850811
RJD01,elective,2013/14,2559,5530228.865901,2161.089826
RJD01,elective,2014/15,1194,3061526.730859,2564.092739
RJD01,non_elective,2012/13,3000,575098.358974,191.699452
RJD01,non_elective,2013/14,18904,29828751.416771,1577.906867
RJD01,non_elective,2014/15,9569,14674394.397527,1533.534789
RJD13,elective,2013/14,696,3078851.439306,4423.637125
RJD13,elective,2014/15,649,3048811.733978,4697.706832
RJD13,non_elective,2012/13,6,2847.953984,474.658997
RJD13,non_elective,2013/14,92,256414.170925,2787.110553
RJD13,non_elective,2014/15,23,65635.404608,2853.713243
RJDTC,elective,2012/13,79,41954.543047,531.070165
RJDTC,elective,2013/14,287,1374117.017151,4787.864171
RJE01,elective,2012/13,2290,456980.553855,199.554827
RJE01,elective,2013/14,12631,42763609.221010,3385.607570
RJE01,elective,2014/15,12562,44362090.907939,3531.451274
RJE01,elective,2015/16,12980,59732759.991963,4601.907549
RJE01,elective,2016/17,13004,60397995.853663,4644.570582
RJE01,elective,2017/18,11557,52628045.356543,4553.780856
RJE01,elective,2018/19,11979,59001361.864193,4925.399604
RJE01,elective,2019/20,11020,56313998.232470,5110.163178
RJE01,elective,2020/21,6374,32269177.112624,5062.625841
RJE01,elective,2021/22,8903,46620178.561745,5236.457212
RJE01,elective,2022/23,10206,55494782.597297,5437.466450
RJE01,elective,2023/24,7274,38736778.697777,5325.375130
RJE01,non_elective,2012/13,12291,1320862.250170,107.465808
RJE01,non_elective,2013/14,65877,109675808.103906,1664.857356
RJE01,non_elective,2014/15,66431,119408570.822054,1797.482663
RJE01,non_elective,2015/16,75878,163341798.464640,2152.689823
RJE01,non_elective,2016/17,74155,168513020.495303,2272.443132
RJE01,non_elective,2017/18,68228,172094739.728234,2522.347712
RJE01,non_elective,2018/19,78882,183728535.774603,2329.156661
RJE01,non_elective,2019/20,78951,191727361.258385,2428.434867
RJE01,non_elective,2020/21,59719,162739522.700247,2725.087873
RJE01,non_elective,2021/22,64681,183030137.073149,2829.735734
RJE01,non_elective,2022/23,65874,182668673.735833,2773.001088
RJE01,non_elective,2023/24,48241,130380731.268040,2702.695451
RJE08,non_elective,2017/18,247,30424.361709,123.175553
RJE08,non_elective,2018/19,182,39258.753794,215.707438
RJE09,elective,2014/15,593,1280907.975926,2160.047176
RJE09,elective,2015/16,727,3172889.045750,4364.359072
RJE09,elective,2016/17,1103,6177865.589607,5600.966083
RJE09,elective,2017/18,1857,10181185.788703,5482.598701
RJE09,elective,2018/19,2117,12702468.721813,6000.221408
RJE09,elective,2019/20,1911,11076351.289047,5796.102192
RJE09,elective,2020/21,1187,5524022.239819,4653.767683
RJE09,elective,2021/22,1541,7758698.264997,5034.846375
RJE09,elective,2022/23,1966,10618070.202210,5400.849543
RJE09,elective,2023/24,773,3994264.085688,5167.223914
RJE09,non_elective,2014/15,6239,9215710.069448,1477.113330
RJE09,non_elective,2015/16,9018,17730842.731054,1966.161314
RJE09,non_elective,2016/17,7852,16756052.829350,2133.985332
RJE09,non_elective,2017/18,8347,20396684.244113,2443.594614
RJE09,non_elective,2018/19,12604,22625203.508555,1795.081205
RJE09,non_elective,2019/20,12585,24957099.250553,1983.082975
RJE09,non_elective,2020/21,11111,20650928.179088,1858.602122
RJE09,non_elective,2021/22,13225,25094552.175514,1897.508671
RJE09,non_elective,2022/23,10664,24929997.904903,2337.771746
RJE09,non_elective,2023/24,8676,18580637.719748,2141.613384
RJE82,elective,2015/16,151,1065782.488503,7058.162175
RJE82,elective,2016/17,62,461677.275925,7446.407676
RJE82,non_elective,2015/16,4,23635.184918,5908.796229
RJF02,elective,2012/13,449,43592.901870,97.088868
RJF02,elective,2013/14,4532,11286236.270199,2490.343395
RJF02,elective,2014/15,4036,10911882.428124,2703.637866
RJF02,elective,2015/16,3535,12208741.555701,3453.675121
RJF02,elective,2016/17,3815,13510852.946972,3541.507980
RJF02,elective,2017/18,3875,13496507.212262,3482.969603
RJF02,elective,2018/19,1006,3784443.970452,3761.872734
RJF02,non_elective,2012/13,3471,594264.925764,171.208564
RJF02,non_elective,2013/14,24708,38678469.125406,1565.422904
RJF02,non_elective,2014/15,25886,41839463.943891,1616.296992
RJF02,non_elective,2015/16,26469,50783711.743944,1918.610893
RJF02,non_elective,2016/17,29760,52882746.013959,1776.973992
RJF02,non_elective,2017/18,30902,57415059.609836,1857.972286
RJF02,non_elective,2018/19,7192,12788795.736076,1778.197404
RJF04,elective,2014/15,1,2241.504804,2241.504804
RJF04,elective,2015/16,1,5187.898410,5187.898410
RJF04,elective,2016/17,4,36571.044984,9142.761246
RJF04,elective,2017/18,1,10936.173021,10936.173021
RJF04,elective,2018/19,1,2830.991457,2830.991457
RJF04,non_elective,2012/13,1,3775.001829,3775.001829
RJF04,non_elective,2013/14,5,17998.576608,3599.715321
RJF04,non_elective,2014/15,1,4251.165651,4251.165651
RJF04,non_elective,2015/16,2,14009.405025,7004.702512
RJF04,non_elective,2016/17,155,296294.497728,1911.577404
RJF04,non_elective,2017/18,229,341372.032650,1490.707566
RJF04,non_elective,2018/19,15,35404.547586,2360.303172
RJF05,elective,2013/14,11,8763.285711,796.662337
RJF05,elective,2014/15,19,24322.822305,1280.148542
RJF05,elective,2015/16,3,11809.486581,3936.495527
RJF05,elective,2016/17,3,3451.667880,1150.555960
RJF05,elective,2017/18,5,12153.613710,2430.722742
RJF05,non_elective,2013/14,13,13321.150767,1024.703905
RJF05,non_elective,2014/15,2,9264.401349,4632.200674
RJF05,non_elective,2015/16,4,9669.868359,2417.467089
RJF05,non_elective,2016/17,13,68518.726395,5270.671261
RJF05,non_elective,2017/18,53,118821.587451,2241.916744
RJF05,non_elective,2018/19,2,8882.846496,4441.423248
RJL30,elective,2012/13,605,136543.412693,225.691591
RJL30,elective,2013/14,4410,9999495.188960,2267.459226
RJL30,elective,2014/15,3665,8634731.647661,2355.997721
RJL30,elective,2015/16,3298,10454303.900595,3169.892025
RJL30,elective,2016/17,2984,9808602.699648,3287.065247
RJL30,elective,2017/18,2813,9115529.401471,3240.501031
RJL30,elective,2018/19,3514,11350786.674316,3230.161261
RJL30,elective,2019/20,3209,10359902.188917,3228.389588
RJL30,elective,2020/21,2097,7398787.286618,3528.272430
RJL30,elective,2021/22,2355,9367096.977117,3977.535871
RJL30,elective,2022/23,2390,9433538.423300,3947.087206
RJL30,elective,2023/24,1735,6970892.954935,4017.805737
RJL30,non_elective,2012/13,2476,545335.124698,220.248434
RJL30,non_elective,2013/14,17064,32291989.855561,1892.404468
RJL30,non_elective,2014/15,17026,32381671.636842,1901.895432
RJL30,non_elective,2015/16,17781,42520331.412402,2391.335212
RJL30,non_elective,2016/17,16620,42491328.851804,2556.638318
RJL30,non_elective,2017/18,18004,45806022.049064,2544.213621
RJL30,non_elective,2018/19,20239,50031116.420210,2472.015238
RJL30,non_elective,2019/20,20676,52258734.096422,2527.506969
RJL30,non_elective,2020/21,17948,47351040.074866,2638.234904
RJL30,non_elective,2021/22,23600,54455882.853318,2307.452663
RJL30,non_elective,2022/23,27288,59436642.487174,2178.123808
RJL30,non_elective,2023/24,20024,41744117.833982,2084.704246
RJL31,elective,2012/13,71,17795.614480,250.642457
RJL31,elective,2013/14,715,2580342.572647,3608.870730
RJL31,elective,2014/15,689,2510973.504244,3644.373736
RJL31,elective,2015/16,683,3028594.064395,4434.251924
RJL31,elective,2016/17,699,3295379.187220,4714.419438
RJL31,elective,2017/18,734,3357135.174644,4573.753643
RJL31,elective,2018/19,819,3975640.397426,4854.261779
RJL31,elective,2019/20,803,3637017.363760,4529.286878
RJL31,elective,2020/21,517,2151732.340558,4161.958105
RJL31,elective,2021/22,769,3417017.764150,4443.456130
RJL31,elective,2022/23,670,3363272.308182,5019.809415
RJL31,elective,2023/24,478,2504675.013280,5239.905885
RJL31,non_elective,2012/13,1,533.048360,533.048360
RJL31,non_elective,2013/14,233,65141.584871,279.577617
RJL31,non_elective,2014/15,217,33466.211171,154.222171
RJL31,non_elective,2015/16,67,38255.579212,570.978794
RJL31,non_elective,2016/17,24,52141.721520,2172.571730
RJL31,non_elective,2017/18,31,79128.420480,2552.529692
RJL31,non_elective,2018/19,54,252720.463300,4680.008579
RJL31,non_elective,2019/20,184,700747.493142,3808.410288
RJL31,non_elective,2020/21,133,696813.459274,5239.198941
RJL31,non_elective,2021/22,149,261583.741880,1755.595583
RJL31,non_elective,2022/23,280,498046.041934,1778.735864
RJL31,non_elective,2023/24,200,146339.750782,731.698753
RJL32,elective,2012/13,253,103384.729422,408.635294
RJL32,elective,2013/14,3035,7142253.470060,2353.296036
RJL32,elective,2014/15,2749,6949302.561056,2527.938363
RJL32,elective,2015/16,2560,8038989.754308,3140.230372
RJL32,elective,2016/17,3166,7674756.261920,2424.117581
RJL32,elective,2017/18,2203,6089796.568253,2764.319822
RJL32,elective,2018/19,2342,6020793.034177,2570.791218
RJL32,elective,2019/20,2029,5129672.472765,2528.177660
RJL32,elective,2020/21,964,2366020.610337,2454.378226
RJL32,elective,2021/22,1579,4262146.101396,2699.269221
RJL32,elective,2022/23,1623,4767018.628281,2937.164897
RJL32,elective,2023/24,1058,2927193.303497,2766.723349
RJL32,non_elective,2012/13,1954,436628.112420,223.453486
RJL32,non_elective,2013/14,18979,32439110.710877,1709.210744
RJL32,non_elective,2014/15,19322,33906765.615863,1754.826913
RJL32,non_elective,2015/16,19980,41960378.778540,2100.119057
RJL32,non_elective,2016/17,19788,41123895.923374,2078.223970
RJL32,non_elective,2017/18,19975,42116227.982632,2108.446957
RJL32,non_elective,2018/19,21556,46525566.612462,2158.358072
RJL32,non_elective,2019/20,21598,49398362.790232,2287.173015
RJL32,non_elective,2020/21,19745,44982612.275404,2278.177375
RJL32,non_elective,2021/22,24221,51691768.177144,2134.171511
RJL32,non_elective,2022/23,27200,53848757.428970,1979.733729
RJL32,non_elective,2023/24,19288,37617802.718294,1950.321584
RJN03,elective,2012/13,21,22951.164480,1092.912594
RJN03,elective,2013/14,71,291919.042620,4111.535811
RJN03,elective,2014/15,101,578419.293480,5726.923697
RJN03,elective,2015/16,44,258135.621135,5866.718662
RJN03,elective,2018/19,35,252066.933664,7201.912390
RJN03,elective,2019/20,8,49176.288077,6147.036009
RJN03,elective,2020/21,2,4410.462161,2205.231080
RJN03,non_elective,2013/14,1,547.755480,547.755480
RJN71,elective,2012/13,99,94573.866180,955.291577
RJN71,elective,2013/14,2096,6867525.254760,3276.491056
RJN71,elective,2014/15,1661,5420522.206715,3263.408914
RJN71,elective,2015/16,1851,7854144.112251,4243.189687
RJN71,elective,2016/17,1661,7250994.670660,4365.439296
RJN71,elective,2017/18,1471,6477512.220934,4403.475337
RJN71,elective,2018/19,1447,6490008.095844,4485.147267
RJN71,elective,2019/20,1422,6249022.424894,4394.530537
RJN71,elective,2020/21,696,2916668.683706,4190.615924
RJN71,elective,2021/22,901,3997519.589170,4436.758700
RJN71,elective,2022/23,1129,5478620.676208,4852.631245
RJN71,elective,2023/24,858,4139269.705062,4824.323665
RJN71,non_elective,2012/13,2640,435845.467680,165.092980
RJN71,non_elective,2013/14,16959,27861165.902220,1642.854289
RJN71,non_elective,2014/15,16146,27197518.536361,1684.474082
RJN71,non_elective,2015/16,15058,29887035.200776,1984.794474
RJN71,non_elective,2016/17,15210,32789120.741926,2155.760732
RJN71,non_elective,2017/18,15033,34285634.344903,2280.691435
RJN71,non_elective,2018/19,15722,37235628.090650,2368.377311
RJN71,non_elective,2019/20,15587,37897841.192096,2431.374940
RJN71,non_elective,2020/21,12515,31218381.052735,2494.477111
RJN71,non_elective,2021/22,13775,36693765.405025,2663.794221
RJN71,non_elective,2022/23,12669,35915842.634655,2834.939035
RJN71,non_elective,2023/24,8769,24622314.868450,2807.881727
RJR00,elective,2018/19,34,88073.685456,2590.402513
RJR00,elective,2019/20,25,36945.614019,1477.824560
RJR00,elective,2020/21,13,22045.356480,1695.796652
RJR00,elective,2021/22,3,4692.925980,1564.308660
RJR00,elective,2022/23,1,486.904020,486.904020
RJR00,elective,2023/24,7,7918.924104,1131.274872
RJR00,non_elective,2018/19,1,853.635984,853.635984
RJR00,non_elective,2019/20,2,1403.733930,701.866965
RJR00,non_elective,2020/21,1,2267.729574,2267.729574
RJR00,non_elective,2021/22,185,1113910.009908,6021.135188
RJR00,non_elective,2022/23,42,85637.093424,2038.978414
RJR00,non_elective,2023/24,20,51580.747140,2579.037357
RJR05,elective,2012/13,771,211324.555233,274.091511
RJR05,elective,2013/14,3985,10782366.335907,2705.738101
RJR05,elective,2014/15,4931,14708233.597737,2982.809490
RJR05,elective,2015/16,4648,17428262.838235,3749.626256
RJR05,elective,2016/17,4592,16714346.511242,3639.883822
RJR05,elective,2017/18,3992,14002032.853523,3507.523259
RJR05,elective,2018/19,4046,14840074.824634,3667.838562
RJR05,elective,2019/20,3945,13825529.483261,3504.570211
RJR05,elective,2020/21,2703,9052654.868065,3349.113898
RJR05,elective,2021/22,2759,11087507.427960,4018.668875
RJR05,elective,2022/23,2722,11077326.627487,4069.554234
RJR05,elective,2023/24,1848,7722898.835022,4179.057811
RJR05,non_elective,2012/13,2980,362181.888717,121.537546
RJR05,non_elective,2013/14,21971,35990196.769175,1638.077318
RJR05,non_elective,2014/15,28533,47553297.062634,1666.606983
RJR05,non_elective,2015/16,29143,62026889.695646,2128.363232
RJR05,non_elective,2016/17,29488,60271819.644608,2043.943965
RJR05,non_elective,2017/18,29884,62974858.008651,2107.310199
RJR05,non_elective,2018/19,31277,66499779.211476,2126.155936
RJR05,non_elective,2019/20,31690,69034279.115903,2178.424711
RJR05,non_elective,2020/21,24908,59140889.272735,2374.373264
RJR05,non_elective,2021/22,28774,61105568.054616,2123.638286
RJR05,non_elective,2022/23,26901,50548705.016617,1879.064161
RJR05,non_elective,2023/24,21053,51662216.293575,2453.912330
RJR0A,elective,2018/19,62,86130.213240,1389.196987
RJR0A,elective,2019/20,16,25268.246706,1579.265419
RJR60,elective,2013/14,5,8402.475752,1680.495150
RJR60,elective,2014/15,2,412.212636,206.106318
RJR60,elective,2015/16,2,1623.358722,811.679361
RJR60,elective,2016/17,1,3241.537614,3241.537614
RJR60,elective,2018/19,2,3241.537614,1620.768807
RJR60,elective,2023/24,1,7941.715356,7941.715356
RJR60,non_elective,2012/13,35,3779.656771,107.990193
RJR60,non_elective,2020/21,1,6805.260654,6805.260654
RJR60,non_elective,2021/22,1,4602.796938,4602.796938
RJR60,non_elective,2022/23,104,46580.139258,447.885954
RJR60,non_elective,2023/24,277,1552885.062918,5606.083259
RJZ01,elective,2012/13,2297,637314.998365,277.455375
RJZ01,elective,2013/14,12316,52551126.482137,4266.898869
RJZ01,elective,2014/15,12166,47883591.735389,3935.853340
RJZ01,elective,2015/16,12131,60957177.216018,5024.909505
RJZ01,elective,2016/17,12522,62066200.646696,4956.572484
RJZ01,elective,2017/18,12730,62628058.843690,4919.721825
RJZ01,elective,2018/19,13519,66177474.993870,4895.145720
RJZ01,elective,2019/20,13577,66776358.498244,4918.344148
RJZ01,elective,2020/21,7602,43111403.478723,5671.060704
RJZ01,elective,2021/22,9596,58526371.914029,6099.038340
RJZ01,elective,2022/23,9824,58390957.239016,5943.704930
RJZ01,elective,2023/24,4853,27362510.030715,5638.267057
RJZ01,non_elective,2012/13,6641,1383451.961814,208.319825
RJZ01,non_elective,2013/14,29679,73131840.291498,2464.093813
RJZ01,non_elective,2014/15,29969,72878268.514114,2431.788465
RJZ01,non_elective,2015/16,29619,98063535.921213,3310.832098
RJZ01,non_elective,2016/17,31802,116646395.131928,3667.894947
RJZ01,non_elective,2017/18,30961,117808002.500389,3805.045137
RJZ01,non_elective,2018/19,33044,125554184.695702,3799.606122
RJZ01,non_elective,2019/20,31073,126650761.231373,4075.910315
RJZ01,non_elective,2020/21,24000,104916572.036109,4371.523834
RJZ01,non_elective,2021/22,25098,121318538.463870,4833.793069
RJZ01,non_elective,2022/23,23503,123961970.006084,5274.304131
RJZ01,non_elective,2023/24,12202,61078696.913706,5005.629971
RJZ10,elective,2013/14,551,552248.082564,1002.265122
RJZ10,elective,2014/15,143,149018.123128,1042.084777
RJZ10,elective,2015/16,11,16947.057280,1540.641570
RJZ10,elective,2016/17,56,58939.084260,1052.483647
RJZ10,elective,2017/18,54,58092.198000,1075.781444
RJZ10,elective,2018/19,147,148439.132401,1009.790016
RJZ10,elective,2019/20,65,73199.669010,1126.148754
RJZ10,elective,2020/21,25,28634.320970,1145.372838
RJZ10,elective,2021/22,183,239608.153060,1309.334169
RJZ10,elective,2022/23,42,106298.223750,2530.910089
RJZ10,elective,2023/24,17,22154.357920,1303.197524
RJZ10,non_elective,2022/23,4,7653.472110,1913.368027
RJZ10,non_elective,2023/24,1,1875.748080,1875.748080
RJZ12,elective,2012/13,3,17568.068426,5856.022808
RJZ12,elective,2013/14,1,16962.654073,16962.654073
RJZ12,elective,2014/15,19,211466.132742,11129.796460
RJZ12,elective,2015/16,9,80460.027250,8940.003027
RJZ12,non_elective,2013/14,3,29331.543180,9777.181060
RJZ12,non_elective,2014/15,5,33241.179174,6648.235834
RJZ30,elective,2013/14,1831,3470733.755687,1895.540008
RJZ30,elective,2014/15,4025,8662365.582751,2152.140517
RJZ30,elective,2015/16,3315,11050856.580203,3333.591728
RJZ30,elective,2016/17,4453,12431461.608101,2791.704830
RJZ30,elective,2017/18,5140,13838252.650797,2692.267052
RJZ30,elective,2018/19,5422,13597316.052827,2507.804509
RJZ30,elective,2019/20,4900,13248826.684584,2703.842180
RJZ30,elective,2020/21,2335,7427528.105135,3180.954220
RJZ30,elective,2021/22,3011,11429431.361191,3795.892182
RJZ30,elective,2022/23,2836,10383965.029571,3661.482732
RJZ30,elective,2023/24,1633,6300409.608038,3858.181021
RJZ30,non_elective,2013/14,10334,19437054.454201,1880.883922
RJZ30,non_elective,2014/15,22897,46596569.953789,2035.051314
RJZ30,non_elective,2015/16,21897,62775318.762741,2866.845630
RJZ30,non_elective,2016/17,23493,73438653.733542,3125.980238
RJZ30,non_elective,2017/18,23912,71807647.313823,3002.996291
RJZ30,non_elective,2018/19,23278,79328595.745560,3407.878500
RJZ30,non_elective,2019/20,23451,83236245.098574,3549.368687
RJZ30,non_elective,2020/21,25735,86510556.779554,3361.591481
RJZ30,non_elective,2021/22,28352,95066381.685174,3353.074974
RJZ30,non_elective,2022/23,26568,91455026.945325,3442.300020
RJZ30,non_elective,2023/24,13006,44122661.892745,3392.485152
RJZ31,elective,2017/18,3,11749.088720,3916.362906
RJZ31,elective,2018/19,17,17448.656580,1026.391563
RJZ31,elective,2019/20,71,63041.699930,887.911266
RJZ31,elective,2020/21,119,126951.283300,1066.817506
RJZ31,elective,2021/22,17,49837.973240,2931.645484
RJZ31,elective,2022/23,6,11143.670030,1857.278338
RJZ31,elective,2023/24,1,685.907880,685.907880
RJZ31,non_elective,2014/15,1,2152.262924,2152.262924
RJZ33,elective,2013/14,388,285199.084622,735.049187
RJZ33,elective,2014/15,106,77900.464995,734.910047
RJZ33,elective,2015/16,201,212122.622803,1055.336431
RJZ33,elective,2016/17,368,286330.378090,778.071679
RJZ33,elective,2017/18,72,74285.689820,1031.745691
RJZ33,elective,2018/19,109,115134.537000,1056.280155
RJZ33,elective,2019/20,80,91502.210910,1143.777636
RJZ33,elective,2020/21,26,35009.298120,1346.511466
RJZ33,elective,2021/22,79,106431.205890,1347.230454
RJZ33,elective,2022/23,78,95666.651610,1226.495533
RJZ33,elective,2023/24,20,18720.152480,936.007624
RJZ33,non_elective,2019/20,1,10317.197695,10317.197695
RJZ67,elective,2013/14,28,21595.977306,771.284903
RJZ68,elective,2013/14,450,233633.254808,519.185010
RJZ68,non_elective,2013/14,2564,528075.358773,205.957628
RJZ70,elective,2013/14,629,1115678.184411,1773.733202
RJZ70,elective,2014/15,1815,6177820.377745,3403.757783
RJZ70,elective,2015/16,2513,15791417.380113,6283.890720
RJZ70,elective,2016/17,2844,17466330.956276,6141.466580
RJZ70,elective,2017/18,2497,15661307.596008,6272.049497
RJZ70,elective,2018/19,2734,16200752.714839,5925.659368
RJZ70,elective,2019/20,2250,14249137.169131,6332.949852
RJZ70,elective,2020/21,1207,8137967.492122,6742.309438
RJZ70,elective,2021/22,1618,11041496.993889,6824.163778
RJZ70,elective,2022/23,1638,11340390.859653,6923.315543
RJZ70,elective,2023/24,790,5510943.636273,6975.878020
RJZ70,non_elective,2014/15,23,204728.995148,8901.260658
RJZ70,non_elective,2015/16,169,1399062.295689,8278.475122
RJZ70,non_elective,2016/17,305,2253352.336332,7388.040446
RJZ70,non_elective,2017/18,999,5506881.160211,5512.393553
RJZ70,non_elective,2018/19,1105,6110346.365907,5529.725218
RJZ70,non_elective,2019/20,1531,8876690.687162,5797.969096
RJZ70,non_elective,2020/21,1254,7409764.420858,5908.903046
RJZ70,non_elective,2021/22,1324,8262648.175373,6240.670827
RJZ70,non_elective,2022/23,1034,7255047.493255,7016.486937
RJZ70,non_elective,2023/24,551,3202758.949133,5812.629671
RK5BC,elective,2012/13,487,97618.197348,200.448043
RK5BC,elective,2013/14,5545,13828725.468180,2493.909011
RK5BC,elective,2014/15,5350,13500843.900355,2523.522224
RK5BC,elective,2015/16,5739,19074725.726896,3323.701991
RK5BC,elective,2016/17,5427,18805830.307994,3465.234993
RK5BC,elective,2017/18,5193,17639302.820473,3396.746162
RK5BC,elective,2018/19,4870,17129187.670686,3517.286996
RK5BC,elective,2019/20,4586,16463348.432611,3589.914616
RK5BC,elective,2020/21,2762,9741646.446684,3527.026229
RK5BC,elective,2021/22,3389,12316435.835366,3634.238959
RK5BC,elective,2022/23,3524,12955871.108573,3676.467397
RK5BC,elective,2023/24,2454,8899275.546089,3626.436652
RK5BC,non_elective,2012/13,5314,1026930.687552,193.250035
RK5BC,non_elective,2013/14,31675,57076382.084904,1801.937871
RK5BC,non_elective,2014/15,32603,55078987.045747,1689.384015
RK5BC,non_elective,2015/16,34626,69360875.016871,2003.144314
RK5BC,non_elective,2016/17,38079,79045735.030414,2075.835369
RK5BC,non_elective,2017/18,35216,78319383.287476,2223.971583
RK5BC,non_elective,2018/19,38236,83137916.217803,2174.336128
RK5BC,non_elective,2019/20,42342,95393277.286324,2252.923274
RK5BC,non_elective,2020/21,37245,81817815.251547,2196.746281
RK5BC,non_elective,2021/22,44226,93493817.464840,2114.001208
RK5BC,non_elective,2022/23,43272,93377938.956714,2157.929815
RK5BC,non_elective,2023/24,29434,71111550.156299,2415.966234
RK5BL,elective,2013/14,106,240140.992392,2265.481060
RK5BL,elective,2014/15,109,118772.949708,1089.660089
RK5BL,elective,2015/16,40,71218.085453,1780.452136
RK5BL,elective,2016/17,56,70114.931906,1252.052355
RK5BL,elective,2017/18,39,58041.359429,1488.239985
RK5BL,elective,2018/19,8,14289.047052,1786.130881
RK5BL,elective,2019/20,7,16462.758658,2351.822665
RK5BL,elective,2023/24,3,5732.731452,1910.910484
RK5BL,non_elective,2013/14,146,26684.280756,182.769046
RK5BL,non_elective,2014/15,74,13881.065688,187.581968
RK5BL,non_elective,2015/16,16,10370.458229,648.153639
RK5BL,non_elective,2016/17,238,32612.804353,137.028589
RK5BL,non_elective,2017/18,160,16991.416729,106.196354
RK5BL,non_elective,2018/19,75,8258.881772,110.118423
RK5BL,non_elective,2019/20,41,15573.513001,379.841780
RK5FJ,elective,2012/13,20,23309.422164,1165.471108
RK5FJ,elective,2013/14,30,104987.807568,3499.593585
RK5HP,elective,2012/13,24,5886.405252,245.266885
RK5HP,elective,2013/14,588,1191454.012476,2026.282334
RK5HP,elective,2014/15,451,480023.095074,1064.352760
RK5HP,elective,2015/16,281,216026.596720,768.777924
RK5HP,elective,2016/17,388,203886.814658,525.481481
RK5HP,elective,2017/18,536,266258.280946,496.750524
RK5HP,elective,2018/19,321,92208.561116,287.254084
RK5HP,elective,2019/20,252,183856.887282,729.590822
RK5HP,elective,2020/21,278,1146540.178746,4124.245247
RK5HP,elective,2021/22,363,1953754.197149,5382.242967
RK5HP,elective,2022/23,334,1566427.106290,4689.901515
RK5HP,elective,2023/24,217,1068026.815635,4921.782560
RK5HP,non_elective,2012/13,52,43481.216016,836.177231
RK5HP,non_elective,2013/14,675,786348.240552,1164.960356
RK5HP,non_elective,2014/15,402,641077.087400,1594.719122
RK5HP,non_elective,2015/16,406,893469.828523,2200.664602
RK5HP,non_elective,2016/17,692,521349.551425,753.395305
RK5HP,non_elective,2017/18,764,355909.114863,465.849626
RK5HP,non_elective,2018/19,278,26359.563702,94.818574
RK5HP,non_elective,2019/20,909,247151.213324,271.893524
RK5HP,non_elective,2020/21,598,167238.281447,279.662678
RK5HP,non_elective,2021/22,922,161677.694916,175.355417
RK5HP,non_elective,2022/23,91,6040.351370,66.377487
RK5HP,non_elective,2023/24,156,16240.701896,104.107063
RK900,elective,2020/21,2,6093.698280,3046.849140
RK900,elective,2021/22,2,8146.746990,4073.373495
RK900,non_elective,2018/19,1,8753.901660,8753.901660
RK900,non_elective,2019/20,2,1787.199543,893.599771
RK900,non_elective,2020/21,9,29701.935974,3300.215108
RK900,non_elective,2021/22,6,5423.411608,903.901934
RK900,non_elective,2022/23,1,653.471610,653.471610
RK901,elective,2021/22,1,7075.416030,7075.416030
RK901,non_elective,2023/24,106,10156.267845,95.813847
RK903,elective,2020/21,4,42756.576960,10689.144240
RK920,elective,2014/15,1,945.728420,945.728420
RK920,elective,2018/19,1,271.860300,271.860300
RK922,elective,2013/14,2,1663.913160,831.956580
RK922,elective,2014/15,7,10905.843520,1557.977645
RK922,elective,2015/16,1,3080.076510,3080.076510
RK922,elective,2016/17,2,1600.955100,800.477550
RK922,elective,2017/18,4,8280.663360,2070.165840
RK922,elective,2018/19,3,4907.581860,1635.860620
RK922,elective,2021/22,8,10882.467120,1360.308390
RK922,elective,2022/23,3,2958.242820,986.080940
RK922,elective,2023/24,4,3467.729160,866.932290
RK922,non_elective,2014/15,1,694.820880,694.820880
RK922,non_elective,2021/22,41,24816.123076,605.271294
RK922,non_elective,2022/23,13,7173.084360,551.775720
RK922,non_elective,2023/24,16,7571.812800,473.238300
RK935,elective,2013/14,1,879.700120,879.700120
RK935,elective,2014/15,1,1324.629280,1324.629280
RK935,elective,2016/17,2,541.706820,270.853410
RK935,elective,2021/22,5,9264.394890,1852.878978
RK935,elective,2022/23,11,23119.201290,2101.745571
RK935,elective,2023/24,14,27812.315580,1986.593970
RK935,non_elective,2021/22,42,8795.184150,209.409146
RK935,non_elective,2022/23,64,35657.347982,557.146062
RK935,non_elective,2023/24,3,11754.433860,3918.144620
RK950,elective,2012/13,2703,460741.170323,170.455482
RK950,elective,2013/14,13145,45864142.121764,3489.094113
RK950,elective,2014/15,11885,42658713.145575,3589.290125
RK950,elective,2015/16,10800,51703097.794808,4787.323869
RK950,elective,2016/17,10980,55280902.284022,5034.690554
RK950,elective,2017/18,9194,50312935.760607,5472.366299
RK950,elective,2018/19,9472,50855640.227362,5369.049855
RK950,elective,2019/20,9575,49957682.625780,5217.512545
RK950,elective,2020/21,5835,32062912.005516,5494.929221
RK950,elective,2021/22,6930,36616675.679755,5283.791584
RK950,elective,2022/23,9110,47664824.303900,5232.143172
RK950,elective,2023/24,5565,31356959.425951,5634.673751
RK950,non_elective,2012/13,8181,1375250.069202,168.102929
RK950,non_elective,2013/14,45238,86414058.564206,1910.209526
RK950,non_elective,2014/15,47423,93430798.865741,1970.157916
RK950,non_elective,2015/16,49256,125249914.682887,2542.835688
RK950,non_elective,2016/17,52021,133387902.354073,2564.116459
RK950,non_elective,2017/18,54031,136570938.310427,2527.640397
RK950,non_elective,2018/19,53740,136887184.365544,2547.212213
RK950,non_elective,2019/20,54744,142062086.780800,2595.025697
RK950,non_elective,2020/21,46295,120602948.980761,2605.096640
RK950,non_elective,2021/22,51011,138097259.934511,2707.205503
RK950,non_elective,2022/23,50149,138707797.704562,2765.913531
RK950,non_elective,2023/24,36460,69461529.961113,1905.143443
RK954,elective,2019/20,1,1331.763059,1331.763059
RK954,elective,2021/22,1,4573.183622,4573.183622
RK959,elective,2014/15,1,2033.671640,2033.671640
RK959,elective,2015/16,1,1218.336900,1218.336900
RK959,elective,2021/22,3,404.769780,134.923260
RK959,elective,2022/23,51,21938.119320,430.159202
RK959,elective,2023/24,1,2199.047760,2199.047760
RK959,non_elective,2021/22,37,3462.694710,93.586343
RK959,non_elective,2022/23,154,48501.891300,314.947346
RK960,elective,2022/23,74,195020.043440,2635.405992
RK960,elective,2023/24,40,151455.447323,3786.386183
RK967,elective,2013/14,13,18407.674220,1415.974940
RK967,elective,2014/15,67,200923.101080,2998.852254
RK967,elective,2015/16,104,454620.793142,4371.353780
RK967,elective,2016/17,64,319711.740360,4995.495943
RK967,elective,2017/18,209,1325733.801180,6343.223929
RK967,elective,2018/19,827,5249136.991469,6347.203133
RK967,elective,2019/20,1480,9406281.197107,6355.595403
RK967,elective,2020/21,528,1428122.159640,2704.776817
RK967,elective,2021/22,1,2825.333340,2825.333340
RK967,non_elective,2020/21,1,2020.828230,2020.828230
RK968,elective,2013/14,2,2605.578300,1302.789150
RK968,elective,2014/15,10,19032.403520,1903.240352
RK968,elective,2015/16,6,7040.174880,1173.362480
RK968,elective,2016/17,19,87509.857066,4605.781950
RK968,elective,2018/19,5,6640.439550,1328.087910
RK968,elective,2020/21,680,2789484.159336,4102.182587
RK968,elective,2021/22,19,64408.739520,3389.933658
RK968,non_elective,2020/21,178,383470.119560,2154.326514
RK973,elective,2014/15,4,44580.910607,11145.227651
RK973,elective,2015/16,94,1049306.459596,11162.834676
RK976,elective,2017/18,3,4290.358290,1430.119430
RK976,elective,2018/19,4,5589.246390,1397.311597
RK976,elective,2019/20,9,19579.982940,2175.553660
RK976,elective,2020/21,34,73878.539970,2172.898234
RK976,elective,2021/22,58,120117.949440,2070.999128
RK976,elective,2022/23,5,10915.694490,2183.138898
RK976,elective,2023/24,18,37510.680060,2083.926670
RK982,elective,2019/20,138,2324264.600406,16842.497104
RK982,elective,2021/22,187,2994739.702805,16014.650817
RK982,elective,2022/23,213,3590592.546062,16857.242000
RK982,elective,2023/24,138,2323753.966204,16838.796856
RK984,elective,2020/21,4,1470.059400,367.514850
RK984,non_elective,2020/21,1,653.471610,653.471610
RKB00,elective,2015/16,6,16159.987440,2693.331240
RKB00,elective,2019/20,3,1952.874910,650.958303
RKB00,non_elective,2015/16,1,864.215320,864.215320
RKB00,non_elective,2018/19,1,790.798970,790.798970
RKB00,non_elective,2020/21,1,1037.268145,1037.268145
RKB00,non_elective,2023/24,1,6821.427720,6821.427720
RKB01,elective,2012/13,796,383512.783807,481.799979
RKB01,elective,2013/14,11698,34311363.558252,2933.096559
RKB01,elective,2014/15,11222,35210649.288746,3137.644741
RKB01,elective,2015/16,11549,47583862.226824,4120.171636
RKB01,elective,2016/17,11654,47781535.738697,4100.011647
RKB01,elective,2017/18,10928,45053835.788117,4122.788780
RKB01,elective,2018/19,10922,46293657.524153,4238.569632
RKB01,elective,2019/20,9959,43172300.164205,4335.003530
RKB01,elective,2020/21,6074,26300494.476146,4330.012261
RKB01,elective,2021/22,8831,38446286.456208,4353.559784
RKB01,elective,2022/23,7468,37167461.508101,4976.896291
RKB01,elective,2023/24,3012,14288033.667068,4743.703076
RKB01,non_elective,2012/13,8172,1376311.252002,168.417921
RKB01,non_elective,2013/14,53834,102059521.205501,1895.819021
RKB01,non_elective,2014/15,53739,105819659.523849,1969.140838
RKB01,non_elective,2015/16,59412,133564276.492853,2248.102681
RKB01,non_elective,2016/17,60520,136133636.275939,2249.399145
RKB01,non_elective,2017/18,62596,143545956.034345,2293.212921
RKB01,non_elective,2018/19,64242,147780304.085610,2300.368981
RKB01,non_elective,2019/20,64096,147928791.474830,2307.925478
RKB01,non_elective,2020/21,64242,138113437.230148,2149.893173
RKB01,non_elective,2021/22,69609,152400725.322745,2189.382483
RKB01,non_elective,2022/23,67267,157871969.090992,2346.945293
RKB01,non_elective,2023/24,42417,107790267.086822,2541.204401
RKB03,elective,2012/13,184,11439.426108,62.170794
RKB03,elective,2013/14,2350,11075747.209939,4713.083919
RKB03,elective,2014/15,2445,12614377.950692,5159.254785
RKB03,elective,2015/16,2327,13707623.637635,5890.684846
RKB03,elective,2016/17,2207,13763309.729347,6236.207398
RKB03,elective,2017/18,2106,13722475.387670,6515.895245
RKB03,elective,2018/19,2221,13992290.206826,6299.995590
RKB03,elective,2019/20,2029,12547128.026522,6183.897499
RKB03,elective,2020/21,1183,6416632.641264,5424.034354
RKB03,elective,2021/22,1876,11316283.767591,6032.134204
RKB03,elective,2022/23,1652,10320661.928127,6247.374048
RKB03,elective,2023/24,136,71057.839268,522.484112
RKB03,non_elective,2012/13,88,12999.829040,147.725330
RKB03,non_elective,2013/14,1040,356102.157312,342.405920
RKB03,non_elective,2014/15,781,170907.149029,218.831176
RKB03,non_elective,2015/16,566,69572.479675,122.919575
RKB03,non_elective,2016/17,555,113240.524655,204.036981
RKB03,non_elective,2017/18,641,105247.120276,164.192075
RKB03,non_elective,2018/19,286,55574.079340,194.314962
RKB03,non_elective,2019/20,542,46304.740750,85.433101
RKB03,non_elective,2020/21,798,555541.625331,696.167450
RKB03,non_elective,2021/22,621,66316.988955,106.790642
RKB03,non_elective,2022/23,510,31197.753530,61.172065
RKB03,non_elective,2023/24,211,14254.308755,67.555965
RKB13,elective,2013/14,88,204993.245514,2329.468699
RKB13,elective,2014/15,111,403969.941486,3639.368842
RKB13,elective,2015/16,54,309392.230975,5729.485758
RKB13,elective,2016/17,1,2086.073145,2086.073145
RKB13,elective,2020/21,71,223807.645365,3152.220357
RKB15,elective,2016/17,57,148476.177435,2604.845218
RKB15,elective,2017/18,5,7008.115010,1401.623002
RKB15,elective,2018/19,8,69320.766475,8665.095809
RKB15,elective,2019/20,3,23420.864455,7806.954818
RKB18,elective,2013/14,478,2032782.208367,4252.682444
RKB18,elective,2014/15,699,2858454.668008,4089.348595
RKB18,elective,2015/16,334,1641221.916921,4913.838074
RKB18,elective,2016/17,168,860751.651977,5123.521737
RKB18,elective,2017/18,259,1370404.010169,5291.135174
RKB18,elective,2018/19,141,773144.844469,5483.296769
RKB18,elective,2019/20,37,232039.390681,6271.334883
RKB18,elective,2020/21,550,2983113.334606,5423.842426
RKB18,elective,2021/22,19,59503.951675,3131.786930
RKB18,elective,2022/23,24,85925.447235,3580.226968
RKB18,elective,2023/24,17,69654.286465,4097.310968
RKB18,non_elective,2015/16,5,6996.578155,1399.315631
RKB18,non_elective,2020/21,2,19755.290980,9877.645490
RKB18,non_elective,2022/23,1,5171.657455,5171.657455
RKB19,elective,2017/18,8,28850.423060,3606.302882
RKB32,elective,2014/15,3,19184.825877,6394.941959
RKB32,elective,2015/16,2,14427.927935,7213.963967
RKB33,elective,2017/18,4,11028.184575,2757.046143
RKB33,elective,2018/19,11,58669.711202,5333.610109
RKB33,elective,2019/20,4,14933.934395,3733.483598
RKB33,elective,2021/22,13,30034.628785,2310.356060
RKB33,elective,2022/23,1,2711.160925,2711.160925
RKB33,elective,2023/24,1,1161.027135,1161.027135
RKB33,non_elective,2021/22,1,4248.709055,4248.709055
RKB34,elective,2015/16,1,2660.818285,2660.818285
RKB36,elective,2021/22,1,3290.101285,3290.101285
RKB36,elective,2022/23,7,16936.103140,2419.443305
RKB36,elective,2023/24,7,16105.449580,2300.778511
RKEHC,elective,2014/15,1,1071.406593,1071.406593
RKEQ4,elective,2012/13,203,51280.698573,252.614278
RKEQ4,elective,2013/14,2567,8751847.486201,3409.367933
RKEQ4,elective,2014/15,2736,9356904.672194,3419.921298
RKEQ4,elective,2015/16,2378,11495425.680246,4834.073036
RKEQ4,elective,2016/17,2247,11346332.620141,5049.547227
RKEQ4,elective,2017/18,2149,10554758.494041,4911.474403
RKEQ4,elective,2018/19,2129,10372953.204756,4872.218508
RKEQ4,elective,2019/20,2130,10407862.056669,4886.320214
RKEQ4,elective,2020/21,952,4047084.468356,4251.139147
RKEQ4,elective,2021/22,1285,5146858.681599,4005.337495
RKEQ4,elective,2022/23,2066,6070788.558637,2938.426214
RKEQ4,elective,2023/24,1760,4561848.500537,2591.959375
RKEQ4,non_elective,2012/13,3111,459476.903538,147.694279
RKEQ4,non_elective,2013/14,19601,31936933.031301,1629.352228
RKEQ4,non_elective,2014/15,19778,33318373.761652,1684.617947
RKEQ4,non_elective,2015/16,17222,40953778.149891,2377.991995
RKEQ4,non_elective,2016/17,16662,41552538.534624,2493.850590
RKEQ4,non_elective,2017/18,17623,42017709.887680,2384.254093
RKEQ4,non_elective,2018/19,18293,43960935.012304,2403.156125
RKEQ4,non_elective,2019/20,16555,42523779.998856,2568.636665
RKEQ4,non_elective,2020/21,15649,34111123.042499,2179.763757
RKEQ4,non_elective,2021/22,16024,41762965.561481,2606.275933
RKEQ4,non_elective,2022/23,12973,38445163.727008,2963.475196
RKEQ4,non_elective,2023/24,8188,28072643.771234,3428.510475
RL100,elective,2013/14,71,408678.408710,5756.033925
RL100,elective,2014/15,28,159997.285874,5714.188781
RL100,elective,2015/16,127,783774.693256,6171.454277
RL100,elective,2016/17,130,863375.471920,6641.349784
RL130,elective,2016/17,87,579826.515929,6664.672596
RL130,elective,2017/18,5,26917.319880,5383.463976
RL131,elective,2012/13,743,305922.787316,411.739956
RL131,elective,2013/14,4498,21459545.012258,4770.908184
RL131,elective,2014/15,6564,31685983.026940,4827.236902
RL131,elective,2015/16,6541,36633234.549821,5600.555656
RL131,elective,2016/17,6533,37407293.532107,5725.898290
RL131,elective,2017/18,6947,41323106.693566,5948.338375
RL131,elective,2018/19,6821,41619018.286730,6101.600687
RL131,elective,2019/20,6501,39451753.065288,6068.566845
RL131,elective,2020/21,2171,13386071.279611,6165.855034
RL131,elective,2021/22,4826,29745374.021454,6163.566933
RL131,elective,2022/23,5266,32388226.824164,6150.441857
RL131,elective,2023/24,3750,23226667.816472,6193.778084
RL131,non_elective,2012/13,28,133247.519860,4758.839995
RL131,non_elective,2013/14,205,833972.916430,4068.160567
RL131,non_elective,2014/15,189,871536.396873,4611.303687
RL131,non_elective,2015/16,165,822069.538969,4982.239630
RL131,non_elective,2016/17,162,699728.529729,4319.311911
RL131,non_elective,2017/18,170,795846.354542,4681.449144
RL131,non_elective,2018/19,230,1284298.362723,5583.905924
RL131,non_elective,2019/20,277,1713284.722224,6185.143401
RL131,non_elective,2020/21,1052,6059477.028491,5759.959152
RL131,non_elective,2021/22,212,1297693.174189,6121.194217
RL131,non_elective,2022/23,225,1808098.613986,8035.993839
RL131,non_elective,2023/24,188,1040927.356751,5536.847642
RL132,elective,2016/17,9,57142.192010,6349.132445
RL403,elective,2012/13,1112,246377.422250,221.562430
RL403,elective,2013/14,7485,25856370.642560,3454.424935
RL403,elective,2014/15,6637,23761704.731276,3580.187544
RL403,elective,2015/16,6507,31938449.056491,4908.321662
RL403,elective,2016/17,6056,30371420.037123,5015.095778
RL403,elective,2017/18,5472,27328633.872513,4994.267886
RL403,elective,2018/19,5480,29231691.674298,5334.250305
RL403,elective,2019/20,5147,27773724.533277,5396.099579
RL403,elective,2020/21,3180,18514712.770925,5822.236720
RL403,elective,2021/22,4764,27046558.660574,5677.279315
RL403,elective,2022/23,4838,27472139.921650,5678.408417
RL403,elective,2023/24,3497,20378738.229599,5827.491629
RL403,non_elective,2012/13,5525,974324.722792,176.348366
RL403,non_elective,2013/14,38128,68867871.001562,1806.228257
RL403,non_elective,2014/15,38896,72672138.635621,1868.370491
RL403,non_elective,2015/16,41598,103626109.038358,2491.132002
RL403,non_elective,2016/17,39997,105474873.285084,2637.069612
RL403,non_elective,2017/18,38993,105148819.429514,2696.607581
RL403,non_elective,2018/19,41335,106633788.848723,2579.745708
RL403,non_elective,2019/20,40103,120294664.407894,2999.642530
RL403,non_elective,2020/21,31622,109056017.847077,3448.738784
RL403,non_elective,2021/22,38165,126300048.570316,3309.316089
RL403,non_elective,2022/23,40159,131862239.100466,3283.504048
RL403,non_elective,2023/24,29009,93545234.394324,3224.696969
RL408,elective,2019/20,1,3818.834592,3818.834592
RL408,elective,2020/21,209,671892.402234,3214.796182
RL408,elective,2021/22,34,136439.518560,4012.927016
RL408,elective,2022/23,17,85155.104976,5009.123822
RL4CD,elective,2016/17,3,12500.141388,4166.713796
RL4CD,elective,2017/18,1,10269.762084,10269.762084
RL4CD,elective,2019/20,21,61596.084720,2933.146891
RL4CD,elective,2020/21,7,26012.233056,3716.033293
RL4CD,elective,2021/22,7,17743.883748,2534.840535
RL4CD,elective,2022/23,4,24170.279112,6042.569778
RL4CD,elective,2023/24,4,24424.799940,6106.199985
RL4CD,non_elective,2016/17,29,21909.234648,755.490849
RL4CD,non_elective,2018/19,39,12388.724640,317.659606
RL4CD,non_elective,2019/20,140,29087.948604,207.771061
RL4CD,non_elective,2020/21,173,6536.789940,37.784912
RL4CD,non_elective,2021/22,164,8842.809972,53.919573
RL4CD,non_elective,2022/23,159,18987.867072,119.420547
RL4CD,non_elective,2023/24,225,6209.694900,27.598644
RL4TA,elective,2014/15,49,206810.190644,4220.616135
RL4TA,elective,2015/16,20,51063.624432,2553.181221
RL4TA,non_elective,2014/15,3,1590.465794,530.155264
RL4TC,elective,2014/15,489,2425615.080520,4960.358037
RL4TC,elective,2015/16,654,4049288.380260,6191.572446
RL4TC,elective,2016/17,1212,7974226.470204,6579.394777
RL4TC,elective,2017/18,1393,9674694.432480,6945.222133
RL4TC,elective,2018/19,1595,11106249.384996,6963.165758
RL4TC,elective,2019/20,1504,10849661.725212,7213.870827
RL4TC,elective,2020/21,601,4389903.689304,7304.332261
RL4TC,elective,2021/22,1546,11106984.888859,7184.336926
RL4TC,elective,2022/23,1692,12230474.884151,7228.413052
RL4TC,elective,2023/24,1142,8022682.666746,7025.116170
RL4TC,non_elective,2014/15,16,14929.489381,933.093086
RL4TC,non_elective,2015/16,74,548847.078024,7416.852405
RL4TC,non_elective,2016/17,180,472907.436266,2627.263534
RL4TC,non_elective,2017/18,246,318309.471660,1293.940941
RL4TC,non_elective,2018/19,230,290826.333096,1264.462317
RL4TC,non_elective,2019/20,164,99700.612536,607.930564
RL4TC,non_elective,2020/21,77,58264.039100,756.675832
RL4TC,non_elective,2021/22,109,49920.836136,457.989322
RL4TC,non_elective,2022/23,106,46519.047720,438.858940
RL4TC,non_elective,2023/24,77,20509.881180,266.362093
RLNDU,elective,2013/14,44,63524.695350,1443.743076
RLNDU,elective,2014/15,33,18701.785260,566.720765
RLNDU,elective,2015/16,42,35691.507684,849.797802
RLNDU,elective,2016/17,47,43988.894068,935.933916
RLNDU,elective,2017/18,20,20823.643876,1041.182193
RLNDU,elective,2018/19,8,7867.714988,983.464373
RLNDU,elective,2020/21,1,1296.209642,1296.209642
RLNDU,elective,2022/23,4,3412.701040,853.175260
RLNDU,elective,2023/24,2,1652.898576,826.449288
RLNDU,non_elective,2013/14,5,7436.787180,1487.357436
RLNDU,non_elective,2014/15,3,3263.729400,1087.909800
RLNDU,non_elective,2016/17,2,2671.569278,1335.784639
RLNDU,non_elective,2017/18,3,4593.783418,1531.261139
RLNDU,non_elective,2018/19,2,1716.629740,858.314870
RLNDU,non_elective,2022/23,11,13971.515824,1270.137802
RLNDU,non_elective,2023/24,3,4496.130828,1498.710276
RLNGL,elective,2012/13,2485,220482.368580,88.725299
RLNGL,elective,2013/14,13798,31768997.964974,2302.434988
RLNGL,elective,2014/15,12997,32214406.235598,2478.603234
RLNGL,elective,2015/16,11249,39064956.576749,3472.749273
RLNGL,elective,2016/17,10320,35811913.892837,3470.146695
RLNGL,elective,2017/18,9499,32275907.061090,3397.821566
RLNGL,elective,2018/19,9193,32715567.761966,3558.747716
RLNGL,non_elective,2012/13,6737,908620.212300,134.870151
RLNGL,non_elective,2013/14,32522,58304842.098215,1792.781566
RLNGL,non_elective,2014/15,32603,62084377.028559,1904.253505
RLNGL,non_elective,2015/16,38732,80371122.574444,2075.057383
RLNGL,non_elective,2016/17,43869,85709029.994275,1953.749344
RLNGL,non_elective,2017/18,44758,90647007.902968,2025.269402
RLNGL,non_elective,2018/19,46532,95942066.198926,2061.851332
RLNGM,elective,2013/14,1983,2015904.043710,1016.593062
RLNGM,elective,2014/15,3008,2470777.180738,821.401988
RLNGM,elective,2015/16,1679,2489124.923544,1482.504421
RLNGM,elective,2016/17,1177,1975520.119076,1678.436804
RLNGM,elective,2017/18,1217,1953802.203618,1605.424982
RLNGM,elective,2018/19,1302,2051574.063408,1575.709726
RLNGM,non_elective,2012/13,85,3629.102880,42.695328
RLNGM,non_elective,2013/14,674,922893.383610,1369.278017
RLNGM,non_elective,2014/15,900,1160049.818666,1288.944242
RLNGM,non_elective,2015/16,595,875127.562232,1470.802625
RLNGM,non_elective,2016/17,563,847254.429280,1504.892414
RLNGM,non_elective,2017/18,558,804080.677358,1441.004798
RLNGM,non_elective,2018/19,397,772871.937516,1946.780699
RLNGT,elective,2013/14,19,17743.193040,933.852265
RLNGT,elective,2014/15,18,13206.814440,733.711913
RLNGT,elective,2015/16,22,23343.080698,1061.049122
RLNGT,elective,2016/17,13,21234.812676,1633.447128
RLNGT,elective,2017/18,16,11849.884816,740.617801
RLNGT,elective,2018/19,7,9924.586910,1417.798130
RLNGT,non_elective,2014/15,1,1712.944770,1712.944770
RLQ00,elective,2017/18,1,558.414272,558.414272
RLQ00,non_elective,2017/18,3,4736.441632,1578.813877
RLQ00,non_elective,2018/19,1,1530.095424,1530.095424
RLQ01,elective,2012/13,312,94754.781240,303.701221
RLQ01,elective,2013/14,3580,9122500.248400,2548.184426
RLQ01,elective,2014/15,3645,9417864.605038,2583.776297
RLQ01,elective,2015/16,3657,11702438.748774,3200.010595
RLQ01,elective,2016/17,4129,12606820.780363,3053.238261
RLQ01,elective,2017/18,3149,10576914.091892,3358.816796
RLQ01,elective,2018/19,3659,13369114.139164,3653.761721
RLQ01,elective,2019/20,3327,12218865.690386,3672.637718
RLQ01,elective,2020/21,1287,4637703.132896,3603.498937
RLQ01,elective,2021/22,2560,9801071.334922,3828.543490
RLQ01,elective,2022/23,2861,11794974.968783,4122.675626
RLQ01,elective,2023/24,1979,8375982.983177,4232.432027
RLQ01,non_elective,2012/13,1191,445609.851400,374.147650
RLQ01,non_elective,2013/14,14286,23300300.802520,1630.988436
RLQ01,non_elective,2014/15,18277,29313724.709704,1603.858658
RLQ01,non_elective,2015/16,18707,39066801.639262,2088.352041
RLQ01,non_elective,2016/17,18441,39572284.215527,2145.886026
RLQ01,non_elective,2017/18,21090,45725280.399473,2168.102437
RLQ01,non_elective,2018/19,22043,49705233.580542,2254.921452
RLQ01,non_elective,2019/20,24824,53141141.506885,2140.716303
RLQ01,non_elective,2020/21,19330,42642873.614207,2206.046229
RLQ01,non_elective,2021/22,22422,49717275.663367,2217.343486
RLQ01,non_elective,2022/23,23891,54924914.515446,2298.979302
RLQ01,non_elective,2023/24,17809,38960980.491731,2187.712981
RLQ03,elective,2013/14,10,28766.472560,2876.647256
RLQ03,elective,2014/15,24,71394.086568,2974.753607
RLQ03,elective,2015/16,50,187318.757184,3746.375143
RLQ03,elective,2016/17,22,80026.611392,3637.573245
RLQ03,elective,2017/18,5,4065.134944,813.026988
RLQ03,non_elective,2012/13,18,5552.898400,308.494355
RLQ03,non_elective,2013/14,139,105457.941680,758.690227
RLQ03,non_elective,2014/15,207,157643.160848,761.561163
RLQ03,non_elective,2015/16,150,189522.175232,1263.481168
RLQ03,non_elective,2016/17,163,261300.584480,1603.071070
RLQ03,non_elective,2017/18,177,253870.852352,1434.298600
RLQ03,non_elective,2018/19,198,190378.948032,961.509838
RLQ03,non_elective,2019/20,199,221850.732896,1114.827803
RLQ03,non_elective,2020/21,174,124588.876672,716.028026
RLQ03,non_elective,2021/22,146,112201.957920,768.506561
RLQ03,non_elective,2022/23,41,21397.144704,521.881578
RLQ03,non_elective,2023/24,5,23874.730048,4774.946009
RLQ06,elective,2012/13,14,6659.380000,475.670000
RLQ06,elective,2013/14,124,278806.725680,2248.441336
RLQ06,elective,2014/15,101,240240.649384,2378.620290
RLQ06,elective,2015/16,64,204065.137536,3188.517774
RLQ06,elective,2016/17,51,163038.824000,3196.839686
RLQ06,elective,2017/18,11,16551.842528,1504.712957
RLQ06,non_elective,2012/13,21,6563.075120,312.527386
RLQ06,non_elective,2013/14,172,76876.907240,446.958763
RLQ06,non_elective,2014/15,240,123403.713400,514.182139
RLQ06,non_elective,2015/16,176,106454.524384,604.855252
RLQ06,non_elective,2016/17,114,46494.539936,407.846841
RLQ06,non_elective,2017/18,190,152992.406944,805.223194
RLQ06,non_elective,2018/19,264,137571.504512,521.104183
RLQ06,non_elective,2019/20,327,214403.865312,655.669312
RLQ06,non_elective,2020/21,366,200083.663936,546.676677
RLQ06,non_elective,2021/22,248,107990.667616,435.446240
RLQ06,non_elective,2022/23,110,21385.049088,194.409537
RLQ06,non_elective,2023/24,86,24814.156224,288.536700
RLQ08,elective,2013/14,28,24426.605840,872.378780
RLQ08,elective,2014/15,6,1196.639360,199.439893
RLQ08,elective,2015/16,6,4029.856064,671.642677
RLQ08,elective,2016/17,6,1022.079552,170.346592
RLQ08,elective,2017/18,2,3040.031488,1520.015744
RLQ08,elective,2018/19,8,10629.022560,1328.627820
RLQ08,elective,2019/20,5,7213.019008,1442.603801
RLQ08,elective,2021/22,1,2936.210784,2936.210784
RLQ08,elective,2023/24,2,600.748928,300.374464
RLQ08,non_elective,2012/13,40,38212.546960,955.313674
RLQ08,non_elective,2013/14,338,228111.427040,674.885878
RLQ08,non_elective,2014/15,359,388322.918768,1081.679439
RLQ08,non_elective,2015/16,413,484430.428768,1172.955033
RLQ08,non_elective,2016/17,320,402399.976992,1257.499928
RLQ08,non_elective,2017/18,377,548841.599904,1455.813262
RLQ08,non_elective,2018/19,400,279180.928832,697.952322
RLQ08,non_elective,2019/20,421,382590.381888,908.765752
RLQ08,non_elective,2020/21,337,234999.675456,697.328413
RLQ08,non_elective,2021/22,257,179124.985312,696.984378
RLQ08,non_elective,2022/23,218,64743.800576,296.989910
RLQ08,non_elective,2023/24,89,39722.002944,446.314639
RLQ14,elective,2012/13,4,4486.373080,1121.593270
RLQ14,elective,2013/14,14,29317.664320,2094.118880
RLQ14,elective,2014/15,8,19588.980848,2448.622606
RLQ14,elective,2015/16,13,29266.350880,2251.257760
RLQ14,elective,2016/17,10,27098.211712,2709.821171
RLQ14,elective,2017/18,7,12520.978496,1788.711213
RLQ14,non_elective,2012/13,1,350.385840,350.385840
RLQ14,non_elective,2013/14,109,31673.035800,290.578310
RLQ14,non_elective,2014/15,218,51984.144800,238.459379
RLQ14,non_elective,2015/16,343,194709.178560,567.665243
RLQ14,non_elective,2016/17,231,131470.274208,569.135386
RLQ14,non_elective,2017/18,202,177614.041280,879.277432
RLQ14,non_elective,2018/19,1,745.896320,745.896320
RLQ15,elective,2013/14,15,13450.923080,896.728205
RLQ15,elective,2014/15,49,44186.523080,901.765777
RLQ15,elective,2015/16,28,41294.433024,1474.801179
RLQ15,elective,2016/17,82,119682.088448,1459.537664
RLQ16,elective,2013/14,1,556.314360,556.314360
RLQ16,elective,2014/15,2,1643.330080,821.665040
RLQ16,elective,2015/16,3,7011.425408,2337.141802
RLQ16,elective,2016/17,3,6201.019136,2067.006378
RLQ16,elective,2017/18,8,21665.264192,2708.158024
RLQ16,elective,2018/19,4,7815.783872,1953.945968
RLQ16,elective,2019/20,9,27256.462688,3028.495854
RLQ16,elective,2020/21,36,95677.330528,2657.703625
RLQ16,elective,2021/22,38,99620.501344,2621.592140
RLQ16,elective,2022/23,13,41667.381184,3205.183168
RLQ16,elective,2023/24,2,3093.453792,1546.726896
RLQ16,non_elective,2017/18,1,591.677216,591.677216
RLQ16,non_elective,2020/21,2,1730.681056,865.340528
RLQ16,non_elective,2021/22,1,9319.672128,9319.672128
RLQ20,elective,2015/16,2,4060.095104,2030.047552
RLQ20,elective,2016/17,1,1219.641280,1219.641280
RLQ21,elective,2021/22,4,8443.747936,2110.936984
RLQ21,elective,2022/23,21,50528.427872,2406.115612
RLQ21,elective,2023/24,6,10219.787552,1703.297925
RLQ21,non_elective,2018/19,1,803.350496,803.350496
RLQ23,elective,2017/18,1,2030.047552,2030.047552
RLQ23,elective,2019/20,1,2030.047552,2030.047552
RLQ23,non_elective,2017/18,3,14245.611744,4748.537248
RLQ96,elective,2016/17,158,1022924.229184,6474.203982
RLQ96,elective,2017/18,269,1595765.547168,5932.213929
RLQ96,elective,2018/19,237,1374575.033312,5799.894655
RLQ96,elective,2019/20,151,760644.907776,5037.383495
RLQ99,elective,2013/14,2,6487.260640,3243.630320
RLQ99,elective,2014/15,1,606.515840,606.515840
RLQ99,non_elective,2014/15,2,5205.586120,2602.793060
RLQW1,elective,2012/13,12,5846.935640,487.244636
RLQW1,elective,2013/14,94,329053.284560,3500.566857
RLQW1,elective,2014/15,73,242211.149000,3317.960945
RLQW1,elective,2015/16,70,366357.057248,5233.672246
RLQW1,elective,2016/17,114,629791.509984,5524.486929
RLQW1,elective,2017/18,129,757492.991840,5872.038696
RLQW1,elective,2018/19,143,839861.112896,5873.154635
RLQW1,elective,2019/20,134,858260.560768,6404.929557
RLQW1,elective,2020/21,407,1654546.209056,4065.224100
RLQW1,elective,2021/22,199,1027328.041376,5162.452469
RLQW1,elective,2022/23,118,587271.387872,4976.876168
RLQW1,elective,2023/24,157,849927.689312,5413.552161
RLQW1,non_elective,2017/18,1,2521.935936,2521.935936
RLQW1,non_elective,2020/21,11,32219.697120,2929.063374
RLQW5,elective,2016/17,1,866.852480,866.852480
RLT01,elective,2012/13,163,8262.987904,50.693177
RLT01,elective,2013/14,2647,7751756.506144,2928.506424
RLT01,elective,2014/15,2664,8245873.123485,3095.297719
RLT01,elective,2015/16,2294,9365971.993220,4082.812551
RLT01,elective,2016/17,2280,9757866.566490,4279.766037
RLT01,elective,2017/18,1875,8386600.176124,4472.853427
RLT01,elective,2018/19,2072,9120392.210514,4401.733692
RLT01,elective,2019/20,1724,7297112.964764,4232.664132
RLT01,elective,2020/21,869,3535570.265370,4068.550362
RLT01,elective,2021/22,1538,6440590.967242,4187.640420
RLT01,elective,2022/23,1837,7484262.946510,4074.176889
RLT01,elective,2023/24,1724,5957676.822141,3455.729015
RLT01,non_elective,2012/13,1409,589875.835248,418.648570
RLT01,non_elective,2013/14,15154,26952883.053952,1778.598591
RLT01,non_elective,2014/15,15321,29684173.851115,1937.482791
RLT01,non_elective,2015/16,14757,35751146.385504,2422.656799
RLT01,non_elective,2016/17,14296,36554922.992685,2557.003566
RLT01,non_elective,2017/18,14656,39147441.394489,2671.086339
RLT01,non_elective,2018/19,16825,43113925.346619,2562.491848
RLT01,non_elective,2019/20,16423,44461687.009095,2707.281678
RLT01,non_elective,2020/21,16462,38414029.283790,2333.497101
RLT01,non_elective,2021/22,19075,44424293.995767,2328.927601
RLT01,non_elective,2022/23,21765,51116304.303431,2348.555217
RLT01,non_elective,2023/24,16338,36066087.255301,2207.497077
RLU01,elective,2012/13,98,1920.794400,19.599942
RLU01,elective,2013/14,1216,2583297.266760,2124.422094
RLU01,elective,2014/15,1166,2547866.961360,2185.134615
RLU01,elective,2015/16,1136,3607423.084440,3175.548489
RLU01,elective,2016/17,1121,3548876.436000,3165.813056
RLU01,non_elective,2012/13,123,6853.269150,55.717635
RLU01,non_elective,2013/14,1399,1446977.221830,1034.293939
RLU01,non_elective,2014/15,1391,1435761.452790,1032.179333
RLU01,non_elective,2015/16,1434,2263075.786440,1578.156057
RLU01,non_elective,2016/17,1350,2219657.481720,1644.190727
RLY36,elective,2016/17,1,1476.370664,1476.370664
RM100,elective,2017/18,255,1878983.230164,7368.561686
RM100,elective,2018/19,1038,7078706.225857,6819.562838
RM100,elective,2019/20,941,6083522.771537,6464.955123
RM100,elective,2020/21,535,1782230.743252,3331.272417
RM100,elective,2021/22,478,1026544.502256,2147.582640
RM100,elective,2022/23,365,818509.425452,2242.491576
RM100,non_elective,2019/20,44,57191.181632,1299.799582
RM100,non_elective,2020/21,58,97803.553328,1686.268160
RM100,non_elective,2021/22,747,1256228.509994,1681.698139
RM100,non_elective,2022/23,658,1060372.230811,1611.507949
RM102,elective,2012/13,1302,166955.252925,128.229840
RM102,elective,2013/14,15932,43108127.452413,2705.757434
RM102,elective,2014/15,14592,39852389.738206,2731.112235
RM102,elective,2015/16,14019,49486349.657889,3529.948616
RM102,elective,2016/17,13901,51494055.057426,3704.341778
RM102,elective,2017/18,13409,51299613.472331,3825.759823
RM102,elective,2018/19,12495,51257944.705788,4102.276487
RM102,elective,2019/20,10800,45303172.302879,4194.738176
RM102,elective,2020/21,5540,24725530.943935,4463.092228
RM102,elective,2021/22,9015,42632119.770338,4729.020495
RM102,elective,2022/23,9757,46431326.508213,4758.770780
RM102,elective,2023/24,6345,31653597.544737,4988.746657
RM102,non_elective,2012/13,8686,770387.061839,88.692961
RM102,non_elective,2013/14,55045,99632296.048055,1810.015370
RM102,non_elective,2014/15,57121,105333175.170908,1844.035909
RM102,non_elective,2015/16,58942,134864129.113157,2288.081997
RM102,non_elective,2016/17,57809,136746518.830232,2365.488398
RM102,non_elective,2017/18,57856,140977084.696843,2436.689102
RM102,non_elective,2018/19,60322,147046925.496314,2437.699769
RM102,non_elective,2019/20,60187,148007512.127889,2459.127587
RM102,non_elective,2020/21,51016,131014471.480309,2568.105525
RM102,non_elective,2021/22,49085,139189296.649896,2835.678856
RM102,non_elective,2022/23,47035,140925063.612543,2996.174415
RM102,non_elective,2023/24,32730,98500434.559392,3009.484710
RM114,elective,2019/20,1,1274.981968,1274.981968
RM114,elective,2020/21,339,688702.945081,2031.572109
RM114,elective,2021/22,28,61401.352064,2192.905430
RM114,non_elective,2019/20,5,13598.122512,2719.624502
RM114,non_elective,2020/21,563,887017.067972,1575.518770
RM114,non_elective,2021/22,30,45517.159584,1517.238652
RM12K,elective,2019/20,3,4354.756016,1451.585338
RM12K,elective,2020/21,13,25659.391264,1973.799328
RM12K,elective,2021/22,4,12723.531392,3180.882848
RM12K,elective,2022/23,6,13891.338032,2315.223005
RM12N,elective,2020/21,24,52557.365328,2189.890222
RM12N,elective,2021/22,530,3315480.914846,6255.624367
RM12N,elective,2022/23,527,3582480.520526,6797.875750
RM12N,elective,2023/24,474,3178338.950592,6705.356435
RM131,elective,2013/14,10,10831.862285,1083.186228
RM131,elective,2014/15,12,16444.247205,1370.353933
RM131,elective,2015/16,13,9692.289568,745.560736
RM131,elective,2016/17,10,5795.556416,579.555641
RM131,elective,2017/18,13,12023.858496,924.912192
RM131,elective,2018/19,12,12937.882048,1078.156837
RM131,elective,2019/20,17,16284.583328,957.916666
RM131,elective,2020/21,25,22518.951936,900.758077
RM131,elective,2021/22,34,23225.389011,683.099676
RM131,elective,2022/23,6,4743.013808,790.502301
RM131,non_elective,2022/23,84,73843.891990,879.093952
RM201,elective,2014/15,20,12530.027284,626.501364
RM201,elective,2015/16,22,24580.167659,1117.280348
RM201,elective,2016/17,7,4004.354340,572.050620
RM201,elective,2017/18,8,4513.903133,564.237891
RM202,elective,2012/13,2423,589827.622693,243.428651
RM202,elective,2013/14,14072,41493381.670265,2948.648498
RM202,elective,2014/15,13050,39856997.756381,3054.176073
RM202,elective,2015/16,12232,50867753.024367,4158.580201
RM202,elective,2016/17,12378,53306091.439574,4306.518940
RM202,elective,2017/18,5880,25553005.418145,4345.749220
RM202,non_elective,2012/13,7627,1041608.837250,136.568616
RM202,non_elective,2013/14,34689,59685569.169087,1720.590653
RM202,non_elective,2014/15,38038,70407842.360354,1850.986969
RM202,non_elective,2015/16,39090,92929400.055658,2377.319008
RM202,non_elective,2016/17,41118,99240296.299422,2413.548720
RM202,non_elective,2017/18,20135,48674726.705721,2417.418758
RM300,elective,2020/21,108,648482.130198,6004.464168
RM300,elective,2021/22,201,1404049.295466,6985.319877
RM300,elective,2022/23,19,92926.864764,4890.887619
RM300,elective,2023/24,323,1600697.923873,4955.721126
RM301,elective,2012/13,2387,666102.145043,279.054103
RM301,elective,2013/14,10915,38260221.829429,3505.288303
RM301,elective,2014/15,10257,34224712.247296,3336.717582
RM301,elective,2015/16,6318,24432281.057458,3867.091018
RM301,elective,2016/17,8069,36222440.661630,4489.086709
RM301,elective,2017/18,7493,36007705.723505,4805.512574
RM301,elective,2018/19,7306,35881768.543361,4911.274095
RM301,elective,2019/20,7147,37260485.728317,5213.444204
RM301,elective,2020/21,4791,27811564.618954,5804.960262
RM301,elective,2021/22,5798,33417194.316311,5763.572665
RM301,elective,2022/23,6173,35473252.853062,5746.517552
RM301,elective,2023/24,4182,24511880.516797,5861.281806
RM301,non_elective,2012/13,5873,1258266.398951,214.245938
RM301,non_elective,2013/14,30711,63788131.707594,2077.045088
RM301,non_elective,2014/15,37098,71925839.918652,1938.806402
RM301,non_elective,2015/16,34158,79030399.602797,2313.671749
RM301,non_elective,2016/17,40104,103309344.445586,2576.035917
RM301,non_elective,2017/18,40383,113092904.929747,2800.507761
RM301,non_elective,2018/19,40843,116589568.194826,2854.578953
RM301,non_elective,2019/20,39462,118402175.320631,3000.409896
RM301,non_elective,2020/21,33090,107805852.279048,3257.958666
RM301,non_elective,2021/22,35312,117195266.808124,3318.851008
RM301,non_elective,2022/23,32840,125212237.033489,3812.796499
RM301,non_elective,2023/24,23752,84103808.402092,3540.914803
RM309,elective,2012/13,3,5518.525350,1839.508450
RM309,elective,2013/14,26,92217.240775,3546.816952
RM309,elective,2014/15,27,103187.295685,3821.751692
RM309,elective,2015/16,29,128430.141462,4428.625567
RM309,elective,2016/17,36,141708.831696,3936.356436
RM309,elective,2017/18,30,144020.071980,4800.669066
RM309,elective,2018/19,35,173098.142370,4945.661210
RM309,elective,2019/20,45,173819.232666,3862.649614
RM309,elective,2020/21,1,5629.089276,5629.089276
RM309,elective,2021/22,10,145922.833368,14592.283336
RM309,elective,2022/23,4,24646.282776,6161.570694
RM309,elective,2023/24,6,21926.563596,3654.427266
RM309,non_elective,2017/18,1,6646.118364,6646.118364
RM315,elective,2021/22,1183,6121113.443607,5174.229453
RM315,elective,2022/23,2819,14092463.547455,4999.100229
RM315,elective,2023/24,1726,8255377.797129,4782.953532
RM315,non_elective,2021/22,9359,19438350.997393,2076.968799
RM315,non_elective,2022/23,19888,43525711.078800,2188.541385
RM315,non_elective,2023/24,15223,32248934.649391,2118.434910
RM316,elective,2021/22,168,794520.233810,4729.287106
RM316,elective,2022/23,520,1036906.984047,1994.051892
RM316,elective,2023/24,407,680548.765572,1672.109989
RM316,non_elective,2021/22,2958,3630440.072259,1227.329300
RM316,non_elective,2022/23,7065,8443318.885071,1195.091137
RM316,non_elective,2023/24,6153,6937811.267964,1127.549369
RM317,elective,2021/22,1609,5900359.808640,3667.097457
RM317,elective,2022/23,2961,11078707.805395,3741.542656
RM317,elective,2023/24,1658,6079771.846821,3666.931150
RM317,non_elective,2021/22,18220,36250673.357949,1989.608856
RM317,non_elective,2022/23,37671,80400130.575121,2134.271205
RM317,non_elective,2023/24,26730,57885954.612952,2165.580045
RM318,elective,2021/22,124,274020.606389,2209.843599
RM318,elective,2022/23,133,313409.882458,2356.465281
RM318,elective,2023/24,347,965415.903822,2782.178397
RM318,non_elective,2021/22,18,12605.533686,700.307427
RM318,non_elective,2022/23,445,895354.478892,2012.032536
RM318,non_elective,2023/24,1,1801.683702,1801.683702
RM319,elective,2013/14,3,6931.419900,2310.473300
RM319,elective,2014/15,3,6830.046300,2276.682100
RM319,elective,2017/18,1,522.061038,522.061038
RM319,elective,2018/19,1,315.737514,315.737514
RM319,elective,2019/20,3,10290.125250,3430.041750
RM319,elective,2020/21,2,854.471160,427.235580
RM319,elective,2022/23,29,500208.459102,17248.567555
RM319,elective,2023/24,28,244274.547960,8724.090998
RM319,non_elective,2022/23,8,55498.943880,6937.367985
RM319,non_elective,2023/24,9,32869.004634,3652.111626
RM320,elective,2014/15,1,1165.796400,1165.796400
RM321,elective,2014/15,194,981021.971425,5056.814285
RM321,elective,2015/16,641,3582967.426074,5589.652770
RM321,elective,2016/17,662,3749337.816823,5663.652291
RM321,elective,2017/18,552,3242434.617864,5873.975757
RM321,elective,2018/19,614,3735349.384087,6083.630918
RM321,elective,2019/20,559,3348957.056618,5990.978634
RM325,elective,2016/17,9,44523.157626,4947.017514
RM346,elective,2013/14,3,4989.481875,1663.160625
RM346,elective,2014/15,1,2276.682100,2276.682100
RM346,elective,2016/17,2,1044.122076,522.061038
RM346,elective,2017/18,3,2176.817382,725.605794
RM346,elective,2018/19,3,2176.817382,725.605794
RM346,elective,2019/20,2,1044.122076,522.061038
RM346,elective,2020/21,6,4048.317630,674.719605
RM346,elective,2021/22,7,7361.998470,1051.714067
RM346,elective,2022/23,13,12483.615240,960.278095
RM346,elective,2023/24,7,7824.663342,1117.809048
RM347,elective,2014/15,26,156329.706925,6012.681035
RM347,elective,2015/16,11,56946.334662,5176.939514
RM352,elective,2018/19,73,587710.474038,8050.828411
RM352,elective,2019/20,115,921932.700120,8016.806088
RM352,elective,2020/21,30,142362.752223,4745.425074
RM352,elective,2021/22,5,33933.967470,6786.793494
RM353,elective,2014/15,3,11723.434450,3907.811483
RM353,elective,2015/16,15,56979.679878,3798.645325
RM353,elective,2016/17,18,74806.865982,4155.936999
RM353,elective,2017/18,46,316484.655246,6880.101201
RM353,elective,2018/19,48,249543.092088,5198.814418
RM353,elective,2019/20,45,254651.162364,5658.914719
RM353,elective,2020/21,18,60644.246174,3369.124787
RM353,elective,2021/22,45,324813.664980,7218.081444
RM353,elective,2022/23,55,378343.157040,6878.966491
RM356,elective,2014/15,4,1765.590200,441.397550
RM359,elective,2016/17,162,1320459.091182,8150.982044
RM359,elective,2017/18,156,1216081.270836,7795.392761
RM359,elective,2018/19,95,726091.036362,7643.063540
RM359,elective,2019/20,124,1007596.560024,8125.778709
RM359,elective,2020/21,72,332618.383714,4619.699773
RM359,elective,2021/22,11,42848.998534,3895.363503
RM359,elective,2022/23,2,7550.607348,3775.303674
RM362,elective,2017/18,3,2802.040182,934.013394
RM362,elective,2018/19,5,6780.541266,1356.108253
RM362,elective,2020/21,12,9268.928010,772.410667
RM362,elective,2021/22,4,2408.149818,602.037454
RM362,elective,2022/23,7,3959.744400,565.677771
RM363,elective,2018/19,1,7106.699160,7106.699160
RM363,elective,2019/20,3,21003.317928,7001.105976
RM363,elective,2020/21,11,29536.567110,2685.142464
RM363,elective,2021/22,5,16936.243614,3387.248722
RM363,non_elective,2020/21,3,2439.410958,813.136986
RM364,elective,2018/19,1,5782.268862,5782.268862
RM364,elective,2020/21,4,20074.862070,5018.715517
RM364,elective,2021/22,1,8137.274742,8137.274742
RM364,non_elective,2017/18,1,2569.665708,2569.665708
RM364,non_elective,2019/20,2,12340.856034,6170.428017
RM364,non_elective,2020/21,1,679.408776,679.408776
RM364,non_elective,2021/22,2,13151.561598,6575.780799
RMC01,elective,2012/13,1388,158512.571250,114.202140
RMC01,elective,2013/14,6413,15887814.053994,2477.438648
RMC01,elective,2014/15,5444,14149354.683367,2599.073233
RMC01,elective,2015/16,5365,16519405.441849,3079.106326
RMC01,elective,2016/17,6462,16372563.835800,2533.668188
RMC01,elective,2017/18,4347,13950125.419168,3209.138582
RMC01,elective,2018/19,4467,14435972.476354,3231.692965
RMC01,elective,2019/20,3930,13209332.309539,3361.153259
RMC01,elective,2020/21,2471,6889212.487010,2788.026097
RMC01,elective,2021/22,4116,13700321.631924,3328.552388
RMC01,elective,2022/23,4354,14893990.162805,3420.760257
RMC01,elective,2023/24,2582,8618573.472316,3337.944799
RMC01,non_elective,2012/13,3664,810243.951057,221.136449
RMC01,non_elective,2013/14,35100,49184965.776865,1401.281076
RMC01,non_elective,2014/15,36818,53050034.299161,1440.872244
RMC01,non_elective,2015/16,36572,63900125.708999,1747.241761
RMC01,non_elective,2016/17,36685,64646187.169316,1762.196733
RMC01,non_elective,2017/18,34245,65697046.207738,1918.441997
RMC01,non_elective,2018/19,34529,65865981.761902,1907.555439
RMC01,non_elective,2019/20,33626,62194067.887623,1849.582700
RMC01,non_elective,2020/21,29381,55940033.685167,1903.952679
RMC01,non_elective,2021/22,33307,69796030.149014,2095.536378
RMC01,non_elective,2022/23,31991,70742727.581385,2211.332174
RMC01,non_elective,2023/24,21604,47167225.323396,2183.263530
RMCD6,elective,2020/21,1,7096.080420,7096.080420
RMP01,elective,2012/13,241,50308.166626,208.747579
RMP01,elective,2013/14,3367,9667539.308160,2871.262045
RMP01,elective,2014/15,3584,9432755.261909,2631.907160
RMP01,elective,2015/16,3269,11994235.516119,3669.083975
RMP01,elective,2016/17,2952,11536369.709955,3907.984319
RMP01,elective,2017/18,2301,9306094.088978,4044.369443
RMP01,elective,2018/19,2492,11037207.207674,4429.055861
RMP01,elective,2019/20,2411,10374013.828307,4302.784665
RMP01,elective,2020/21,1160,4655966.489810,4013.764215
RMP01,elective,2021/22,1907,7949465.305346,4168.571214
RMP01,elective,2022/23,2132,9446188.062032,4430.669822
RMP01,elective,2023/24,1563,6810618.207324,4357.401284
RMP01,non_elective,2012/13,4168,587470.203634,140.947745
RMP01,non_elective,2013/14,24623,41599327.025566,1689.449986
RMP01,non_elective,2014/15,24338,41713502.239486,1713.924818
RMP01,non_elective,2015/16,26196,56945255.500016,2173.814914
RMP01,non_elective,2016/17,25930,60707514.066670,2341.207638
RMP01,non_elective,2017/18,24449,54329440.257751,2222.153881
RMP01,non_elective,2018/19,27863,60051937.938691,2155.257435
RMP01,non_elective,2019/20,27127,62798109.898235,2314.967003
RMP01,non_elective,2020/21,26131,52033539.452022,1991.257106
RMP01,non_elective,2021/22,29695,62139269.981481,2092.583599
RMP01,non_elective,2022/23,29586,68930814.705915,2329.845694
RMP01,non_elective,2023/24,22018,48534625.293954,2204.315800
RN300,elective,2014/15,8,46297.178235,5787.147279
RN300,non_elective,2014/15,54,91058.893080,1686.275797
RN313,elective,2015/16,1,776.168120,776.168120
RN313,non_elective,2013/14,5,16038.035580,3207.607116
RN313,non_elective,2014/15,156,780886.082145,5005.680013
RN313,non_elective,2015/16,9,95211.732995,10579.081443
RN325,elective,2012/13,528,122728.646895,232.440619
RN325,elective,2013/14,6161,18480050.223489,2999.521217
RN325,elective,2014/15,5757,17719970.340484,3077.986857
RN325,elective,2015/16,5673,21885518.817046,3857.838677
RN325,elective,2016/17,5652,22476416.011940,3976.719039
RN325,elective,2017/18,5013,20715195.061923,4132.295045
RN325,elective,2018/19,5442,21929742.680222,4029.721183
RN325,elective,2019/20,4923,19706094.379236,4002.862965
RN325,elective,2020/21,2903,11772446.884523,4055.269336
RN325,elective,2021/22,1997,6051874.127348,3030.482787
RN325,elective,2022/23,4440,18161217.466704,4090.364294
RN325,elective,2023/24,2847,11862694.244087,4166.734894
RN325,non_elective,2012/13,5236,609950.236935,116.491641
RN325,non_elective,2013/14,32690,57027663.816153,1744.498740
RN325,non_elective,2014/15,36013,61406541.959337,1705.121538
RN325,non_elective,2015/16,39167,80908061.649113,2065.720163
RN325,non_elective,2016/17,40749,83130900.442984,2040.072159
RN325,non_elective,2017/18,44205,89196984.172255,2017.803057
RN325,non_elective,2018/19,46697,90575545.763123,1939.643783
RN325,non_elective,2019/20,44369,89773395.564545,2023.336013
RN325,non_elective,2020/21,35383,76657766.175468,2166.514037
RN325,non_elective,2021/22,16462,34046468.647146,2068.185435
RN325,non_elective,2022/23,38999,72861980.050466,1868.303803
RN325,non_elective,2023/24,28719,57722084.768235,2009.891875
RN333,elective,2012/13,75,148469.014980,1979.586866
RN333,elective,2013/14,275,1190479.155390,4329.015110
RN333,non_elective,2013/14,4,6665.356770,1666.339192
RN333,non_elective,2014/15,5,17471.645835,3494.329167
RN333,non_elective,2016/17,1,3307.243830,3307.243830
RN334,non_elective,2013/14,1,1617.603015,1617.603015
RN334,non_elective,2014/15,2,2285.671965,1142.835982
RN3C1,elective,2013/14,2,1469.751690,734.875845
RN3C1,non_elective,2013/14,70,122474.561655,1749.636595
RN3C1,non_elective,2014/15,49,81410.225130,1661.433165
RN3C3,elective,2013/14,13,21777.952575,1675.227121
RN3C3,non_elective,2013/14,2,2271.434430,1135.717215
RN3C3,non_elective,2014/15,9,17019.330300,1891.036700
RN3C5,elective,2015/16,1,2679.272645,2679.272645
RN3C5,non_elective,2013/14,2,7103.434770,3551.717385
RN3C5,non_elective,2014/15,51,175291.435725,3437.086975
RN3C5,non_elective,2015/16,3,26763.939995,8921.313331
RN3G2,elective,2017/18,387,1973472.481165,5099.412096
RN3G2,elective,2018/19,7,1898.839865,271.262837
RN3G2,elective,2022/23,60,302028.552025,5033.809200
RN3G2,elective,2023/24,536,2376893.324690,4434.502471
RN3G2,non_elective,2017/18,97,605559.330535,6242.879696
RN3G2,non_elective,2018/19,4,2628.096725,657.024181
RN3G2,non_elective,2022/23,12,46118.033240,3843.169436
RN3G2,non_elective,2023/24,89,422111.782140,4742.829012
RN500,elective,2013/14,7,28559.039228,4079.862746
RN500,elective,2014/15,2,3962.403026,1981.201513
RN500,non_elective,2013/14,205,177828.786378,867.457494
RN500,non_elective,2014/15,57,42278.207812,741.722944
RN500,non_elective,2015/16,1,2415.862616,2415.862616
RN500,non_elective,2019/20,6,11417.698608,1902.949768
RN500,non_elective,2020/21,1,3706.765120,3706.765120
RN500,non_elective,2021/22,114,218014.899100,1912.411395
RN500,non_elective,2022/23,16,20511.126180,1281.945386
RN506,elective,2012/13,1146,264151.694754,230.498861
RN506,elective,2013/14,5858,19181510.015181,3274.412771
RN506,elective,2014/15,5481,17799535.495546,3247.497809
RN506,elective,2015/16,4729,20522227.930763,4339.654880
RN506,elective,2016/17,4068,19682318.530610,4838.328055
RN506,elective,2017/18,3514,19019514.715005,5412.497073
RN506,elective,2018/19,3532,18423081.692629,5216.048044
RN506,elective,2019/20,2821,15301743.864547,5424.226821
RN506,elective,2020/21,1578,8465465.624445,5364.680370
RN506,elective,2021/22,2045,12070447.435300,5902.419283
RN506,elective,2022/23,1750,11053596.916755,6316.341095
RN506,elective,2023/24,1483,9529442.640121,6425.787350
RN506,non_elective,2012/13,3471,412780.089636,118.922526
RN506,non_elective,2013/14,19984,34560088.202773,1729.387920
RN506,non_elective,2014/15,19342,35641063.240125,1842.677243
RN506,non_elective,2015/16,19350,45320734.085531,2342.156800
RN506,non_elective,2016/17,22405,50867558.865082,2270.366385
RN506,non_elective,2017/18,23888,54705350.524582,2290.076629
RN506,non_elective,2018/19,25576,56467521.857481,2207.832415
RN506,non_elective,2019/20,29909,63338340.122873,2117.701699
RN506,non_elective,2020/21,26159,59370354.879248,2269.595736
RN506,non_elective,2021/22,32610,75789217.345041,2324.109700
RN506,non_elective,2022/23,32681,75341821.042547,2305.370736
RN506,non_elective,2023/24,22543,50349316.831055,2233.478988
RN525,elective,2019/20,4,6241.158016,1560.289504
RN525,elective,2020/21,10,15602.895040,1560.289504
RN525,elective,2021/22,65,100069.727664,1539.534271
RN525,elective,2022/23,5,7801.447520,1560.289504
RN525,elective,2023/24,3,4680.868512,1560.289504
RN525,non_elective,2022/23,1,3286.521400,3286.521400
RN541,elective,2012/13,291,164314.894904,564.655996
RN541,elective,2013/14,2136,7954112.965672,3723.835658
RN541,elective,2014/15,2967,9684647.108923,3264.121034
RN541,elective,2015/16,3539,13251717.177869,3744.480694
RN541,elective,2016/17,1709,8736661.687457,5112.148442
RN541,elective,2017/18,1471,8058297.292121,5478.108288
RN541,elective,2018/19,1386,7225574.792315,5213.257425
RN541,elective,2019/20,1488,8063227.990138,5418.836014
RN541,elective,2020/21,797,3742528.560978,4695.769838
RN541,elective,2021/22,1384,7544682.119887,5451.359913
RN541,elective,2022/23,1155,5849290.789847,5064.321030
RN541,elective,2023/24,621,2058310.056764,3314.508948
RN541,non_elective,2012/13,3383,453026.608862,133.912683
RN541,non_elective,2013/14,17673,32398960.082291,1833.246199
RN541,non_elective,2014/15,16478,33945228.961428,2060.033314
RN541,non_elective,2015/16,15613,41846214.750151,2680.216150
RN541,non_elective,2016/17,16511,42377474.673908,2566.620717
RN541,non_elective,2017/18,18156,46842220.439543,2579.985703
RN541,non_elective,2018/19,19162,48183900.313377,2514.554864
RN541,non_elective,2019/20,19891,50423563.390287,2534.993886
RN541,non_elective,2020/21,19781,44764014.461083,2262.980357
RN541,non_elective,2021/22,22645,53207887.392094,2349.652788
RN541,non_elective,2022/23,22682,55258822.602597,2436.241186
RN541,non_elective,2023/24,16692,39468364.105319,2364.507794
RN542,elective,2013/14,19,11613.136396,611.217705
RN542,elective,2014/15,19,35902.411736,1889.600617
RN542,elective,2015/16,56,95325.283820,1702.237211
RN542,elective,2016/17,42,30574.346952,727.960641
RN542,elective,2017/18,13,12262.496240,943.268941
RN542,elective,2018/19,13,17765.533876,1366.579528
RN542,elective,2019/20,13,14161.135816,1089.318139
RN542,elective,2020/21,21,20578.645338,979.935492
RN542,elective,2021/22,21,45744.067696,2178.288937
RN542,elective,2022/23,5,14786.113656,2957.222731
RN542,non_elective,2012/13,20,28519.093412,1425.954670
RN542,non_elective,2013/14,254,497717.100118,1959.516142
RN542,non_elective,2014/15,177,232246.083830,1312.124767
RN542,non_elective,2015/16,116,59003.295836,508.649102
RN542,non_elective,2016/17,163,74580.329724,457.548035
RN542,non_elective,2017/18,157,159470.638712,1015.736552
RN542,non_elective,2018/19,125,94558.069644,756.464557
RN542,non_elective,2019/20,195,192483.476788,987.094752
RN542,non_elective,2020/21,266,139361.437936,523.915180
RN542,non_elective,2021/22,185,56161.801760,303.577306
RN542,non_elective,2022/23,130,48085.579500,369.889073
RN542,non_elective,2023/24,67,96114.048956,1434.538044
RN543,elective,2012/13,27,2388.981718,88.480804
RN543,elective,2013/14,1520,2834738.188350,1864.959334
RN543,elective,2014/15,910,1566205.540182,1721.104989
RN543,elective,2015/16,7,32273.640148,4610.520021
RN543,elective,2016/17,1363,3245072.675693,2380.831016
RN543,elective,2017/18,1076,2810642.799212,2612.121560
RN543,elective,2018/19,1062,2844053.769723,2678.016732
RN543,elective,2019/20,900,2298337.634407,2553.708482
RN543,elective,2020/21,1103,3386511.324459,3070.273186
RN543,elective,2021/22,1491,5603036.816596,3757.905309
RN543,elective,2022/23,1163,5232500.806080,4499.140847
RN543,elective,2023/24,775,5828193.262045,7520.249370
RN543,non_elective,2013/14,420,596563.021810,1420.388147
RN543,non_elective,2014/15,335,483153.521368,1442.249317
RN543,non_elective,2015/16,12,38845.605400,3237.133783
RN543,non_elective,2016/17,1193,2117626.423396,1775.043104
RN543,non_elective,2017/18,1011,1860470.422908,1840.227915
RN543,non_elective,2018/19,1021,1797666.378215,1760.691849
RN543,non_elective,2019/20,1099,2215766.262592,2016.165844
RN543,non_elective,2020/21,120,249731.446932,2081.095391
RN543,non_elective,2021/22,17,52055.266332,3062.074490
RN543,non_elective,2022/23,42,113771.828032,2708.853048
RN543,non_elective,2023/24,12,19843.046420,1653.587201
RN5T1,elective,2013/14,1133,1720170.030318,1518.243627
RN5T1,elective,2014/15,1101,1692267.537090,1537.027735
RN5T1,elective,2015/16,981,2057264.000000,2097.109072
RN5T1,elective,2016/17,897,2075204.000000,2313.493868
RN5T1,elective,2017/18,864,1847234.000000,2138.002314
RN5T1,elective,2018/19,906,1907065.000000,2104.928256
RN5T1,elective,2019/20,754,1697467.350000,2251.282957
RN5T1,elective,2020/21,698,2157121.090000,3090.431361
RN5T1,elective,2021/22,1073,2655290.660000,2474.641808
RN5T1,elective,2022/23,870,2700160.160000,3103.632367
RN5T1,elective,2023/24,83,193239.000000,2328.180722
RN5T1,non_elective,2013/14,87,15723.117020,180.725482
RN5T1,non_elective,2014/15,24,5823.212288,242.633845
RN5T1,non_elective,2015/16,72,42950.000000,596.527777
RN5T1,non_elective,2016/17,191,100877.000000,528.151832
RN5T1,non_elective,2017/18,142,52480.000000,369.577464
RN5T1,non_elective,2018/19,104,56971.000000,547.798076
RN5T1,non_elective,2019/20,179,107398.000000,599.988826
RN5T1,non_elective,2020/21,156,187286.000000,1200.551282
RN5T1,non_elective,2021/22,91,195983.000000,2153.659340
RN5T1,non_elective,2022/23,358,913963.000000,2552.969273
RN5T1,non_elective,2023/24,213,378666.000000,1777.774647
RN700,elective,2021/22,23,166738.926880,7249.518560
RN707,elective,2012/13,742,190098.090948,256.196888
RN707,elective,2013/14,5306,14972979.163764,2821.895809
RN707,elective,2014/15,5689,15807643.498576,2778.633063
RN707,elective,2015/16,7676,22972934.453457,2992.826270
RN707,elective,2016/17,6862,20706627.384757,3017.579041
RN707,elective,2017/18,6387,18117603.088717,2836.637402
RN707,elective,2018/19,6948,18929244.494250,2724.416306
RN707,elective,2019/20,6552,17753788.888395,2709.674738
RN707,elective,2020/21,3593,8609337.404502,2396.141776
RN707,elective,2021/22,4976,14160247.306705,2845.708863
RN707,elective,2022/23,5028,16806996.582448,3342.680306
RN707,elective,2023/24,3236,10282695.733777,3177.594478
RN707,non_elective,2012/13,5778,868050.499692,150.233731
RN707,non_elective,2013/14,23645,48053323.471428,2032.282658
RN707,non_elective,2014/15,30250,54867289.371490,1813.794689
RN707,non_elective,2015/16,28637,66447472.137025,2320.336352
RN707,non_elective,2016/17,30074,69446843.460902,2309.198758
RN707,non_elective,2017/18,32820,75171828.791273,2290.427446
RN707,non_elective,2018/19,34675,79263181.335952,2285.888430
RN707,non_elective,2019/20,34475,78174570.239213,2267.572740
RN707,non_elective,2020/21,31898,67178843.485188,2106.051899
RN707,non_elective,2021/22,36707,86874963.603866,2366.713804
RN707,non_elective,2022/23,33531,90941331.114620,2712.156843
RN707,non_elective,2023/24,23099,61509649.889424,2662.870682
RN7C8,elective,2020/21,251,726635.047680,2894.960349
RN7C8,elective,2021/22,90,611307.481496,6792.305349
RN7C8,non_elective,2020/21,1,2140.272176,2140.272176
RN7C8,non_elective,2021/22,1,3847.202456,3847.202456
RN7FM,elective,2013/14,91,317183.379480,3485.531642
RN7FM,elective,2014/15,1,3275.209683,3275.209683
RN7FM,elective,2016/17,12,29592.538760,2466.044896
RN7FM,non_elective,2023/24,1,655.185360,655.185360
RN7QM,elective,2013/14,532,1824324.513171,3429.181415
RN7QM,elective,2014/15,611,2277435.403047,3727.390185
RN7QM,elective,2015/16,115,520760.864744,4528.355345
RN7QM,elective,2016/17,699,3909603.689024,5593.138324
RN7QM,elective,2017/18,887,4368613.908312,4925.156604
RN7QM,elective,2018/19,1041,5319051.079384,5109.559154
RN7QM,elective,2019/20,1052,5570322.711080,5294.983565
RN7QM,elective,2020/21,756,3638524.769392,4812.863451
RN7QM,elective,2021/22,1522,7541737.527536,4955.149492
RN7QM,elective,2022/23,1685,8213451.949776,4874.452195
RN7QM,elective,2023/24,1034,5403919.423016,5226.227681
RN7QM,non_elective,2013/14,1,793.903572,793.903572
RN7QM,non_elective,2016/17,2,14471.550320,7235.775160
RN7QM,non_elective,2017/18,3,17304.939640,5768.313213
RN7QM,non_elective,2018/19,1,8216.254304,8216.254304
RNA00,elective,2013/14,15,12444.358384,829.623892
RNA00,elective,2014/15,5,5185.494543,1037.098908
RNA00,elective,2015/16,6,5932.424940,988.737490
RNA00,elective,2016/17,1,1056.012412,1056.012412
RNA00,elective,2017/18,5,10789.470445,2157.894089
RNA00,elective,2020/21,1,2969.270421,2969.270421
RNA00,elective,2021/22,4,4694.974102,1173.743525
RNA00,elective,2022/23,1,1233.373570,1233.373570
RNA00,non_elective,2013/14,36,31726.071466,881.279762
RNA00,non_elective,2014/15,13,22183.601580,1706.430890
RNA00,non_elective,2015/16,19,6004.796447,316.041918
RNA00,non_elective,2016/17,21,19719.706682,939.033651
RNA00,non_elective,2017/18,11,15780.046477,1434.549679
RNA01,elective,2012/13,586,204067.385907,348.237859
RNA01,elective,2013/14,7070,19787122.594621,2798.744355
RNA01,elective,2014/15,6769,19755648.599942,2918.547584
RNA01,elective,2015/16,6212,23163095.270817,3728.766141
RNA01,elective,2016/17,5812,21970898.886576,3780.264777
RNA01,elective,2017/18,5546,22154806.699741,3994.736152
RNA01,elective,2018/19,5233,20197372.368579,3859.616351
RNA01,elective,2019/20,5409,20976217.382007,3878.021331
RNA01,elective,2020/21,3179,10452796.471785,3288.076902
RNA01,elective,2021/22,4916,16276657.291277,3310.955510
RNA01,elective,2022/23,5068,18096587.634693,3570.755255
RNA01,elective,2023/24,4043,14710489.686493,3638.508455
RNA01,non_elective,2012/13,5691,673796.346347,118.396827
RNA01,non_elective,2013/14,41262,65951881.922313,1598.368521
RNA01,non_elective,2014/15,46413,74230302.888880,1599.342918
RNA01,non_elective,2015/16,51854,95022559.588367,1832.502016
RNA01,non_elective,2016/17,53209,98276378.639104,1846.987890
RNA01,non_elective,2017/18,43095,88955951.952158,2064.182665
RNA01,non_elective,2018/19,37038,94551728.320328,2552.830291
RNA01,non_elective,2019/20,38339,92068952.807842,2401.443772
RNA01,non_elective,2020/21,31332,80174097.323893,2558.856674
RNA01,non_elective,2021/22,33425,89923408.182606,2690.303909
RNA01,non_elective,2022/23,43125,97672024.692806,2264.858543
RNA01,non_elective,2023/24,35836,70415121.933367,1964.926943
RNH00,elective,2015/16,1,2029.885986,2029.885986
RNH00,non_elective,2015/16,1,2239.090961,2239.090961
RNH00,non_elective,2016/17,4,2714.882847,678.720711
RNH00,non_elective,2017/18,1,1953.376738,1953.376738
RNLAY,elective,2012/13,570,90030.709835,157.948613
RNLAY,elective,2013/14,5001,11949018.044800,2389.325743
RNLAY,elective,2014/15,3794,9060775.452561,2388.185411
RNLAY,elective,2015/16,3862,11916331.021889,3085.533666
RNLAY,elective,2016/17,3742,11653091.315206,3114.134504
RNLAY,elective,2017/18,3228,9934658.168526,3077.651229
RNLAY,elective,2018/19,2446,8702915.890581,3558.019579
RNLAY,elective,2019/20,1121,4107606.791542,3664.234425
RNLAY,non_elective,2012/13,1869,438952.040725,234.859304
RNLAY,non_elective,2013/14,20887,38361401.335508,1836.616140
RNLAY,non_elective,2014/15,23451,42639819.023453,1818.251632
RNLAY,non_elective,2015/16,22824,52983650.455546,2321.400738
RNLAY,non_elective,2016/17,23455,57970612.313483,2471.567355
RNLAY,non_elective,2017/18,24470,58499756.541047,2390.672519
RNLAY,non_elective,2018/19,25483,61278426.732204,2404.678677
RNLAY,non_elective,2019/20,11832,28523534.167979,2410.711136
RNLBE,elective,2018/19,1,2817.257524,2817.257524
RNLBX,elective,2012/13,109,22604.623480,207.381866
RNLBX,elective,2013/14,1672,5058683.504420,3025.528411
RNLBX,elective,2014/15,1585,5033328.587867,3175.601632
RNLBX,elective,2015/16,1756,7194283.561102,4096.972415
RNLBX,elective,2016/17,1845,7690521.581432,4168.304380
RNLBX,elective,2017/18,1671,6856008.087379,4102.937215
RNLBX,elective,2018/19,1663,6902308.198910,4150.516054
RNLBX,elective,2019/20,884,3738317.261999,4228.865680
RNLBX,non_elective,2012/13,1835,273411.437840,148.998058
RNLBX,non_elective,2013/14,11498,17961392.506475,1562.131893
RNLBX,non_elective,2014/15,11057,17132665.300419,1549.485873
RNLBX,non_elective,2015/16,10072,19911909.960639,1976.956906
RNLBX,non_elective,2016/17,9959,20082182.870790,2016.485879
RNLBX,non_elective,2017/18,10400,21649075.250591,2081.641851
RNLBX,non_elective,2018/19,10871,22604856.841987,2079.372352
RNLBX,non_elective,2019/20,4962,10591660.215511,2134.554658
RNN00,elective,2019/20,130,481554.238171,3704.263370
RNN00,non_elective,2019/20,2386,4908070.882201,2057.028869
RNN42,elective,2013/14,43,58462.818318,1359.600426
RNN42,elective,2014/15,3,8448.769860,2816.256620
RNN42,elective,2015/16,10,23431.569840,2343.156984
RNN42,elective,2016/17,7,15133.405424,2161.915060
RNN42,elective,2017/18,86,247425.186482,2877.037052
RNN42,elective,2018/19,75,310420.776032,4138.943680
RNN42,elective,2019/20,6,24020.458500,4003.409750
RNN42,elective,2020/21,5,17744.145150,3548.829030
RNN42,elective,2021/22,14,67807.946354,4843.424739
RNN42,non_elective,2012/13,8,3600.223074,450.027884
RNN42,non_elective,2013/14,89,260337.088872,2925.135830
RNN42,non_elective,2014/15,166,369735.273924,2227.320927
RNN42,non_elective,2015/16,33,144931.698054,4391.869638
RNN42,non_elective,2016/17,143,216831.904026,1516.307021
RNN42,non_elective,2017/18,75,222131.901966,2961.758692
RNN42,non_elective,2018/19,68,231407.414930,3403.050219
RNN42,non_elective,2019/20,69,105257.132578,1525.465689
RNN42,non_elective,2020/21,79,81998.096784,1037.950592
RNN42,non_elective,2021/22,69,124854.727300,1809.488801
RNN42,non_elective,2022/23,51,151753.508268,2975.558985
RNN42,non_elective,2023/24,39,45286.571092,1161.194130
RNN62,elective,2019/20,1010,3867583.190126,3829.290287
RNN62,elective,2020/21,1075,4389195.287969,4082.972360
RNN62,elective,2021/22,1896,7925362.137313,4180.043321
RNN62,elective,2022/23,1903,8209717.544139,4314.092246
RNN62,elective,2023/24,1345,6197264.986180,4607.631959
RNN62,non_elective,2012/13,4,9010.310214,2252.577553
RNN62,non_elective,2013/14,37,131536.978242,3555.053466
RNN62,non_elective,2014/15,5,13921.478502,2784.295700
RNN62,non_elective,2018/19,1,181253.730720,181253.730720
RNN62,non_elective,2019/20,10351,28209218.445228,2725.265041
RNN62,non_elective,2020/21,20283,52809771.018016,2603.646946
RNN62,non_elective,2021/22,24671,63827527.478515,2587.147966
RNN62,non_elective,2022/23,23307,65282096.250794,2800.965214
RNN62,non_elective,2023/24,16056,44935185.629772,2798.653813
RNNBD,elective,2013/14,3,6678.942492,2226.314164
RNNBD,elective,2014/15,1,4453.857918,4453.857918
RNNBD,elective,2015/16,6,12332.568306,2055.428051
RNNBD,elective,2016/17,14,14848.259336,1060.589952
RNNBD,elective,2017/18,6,11475.063766,1912.510627
RNNBD,elective,2020/21,1,10334.479414,10334.479414
RNNBD,elective,2021/22,3,32613.067246,10871.022415
RNNBD,elective,2023/24,1,7341.478628,7341.478628
RNNBD,non_elective,2012/13,3,5962.388256,1987.462752
RNNBD,non_elective,2013/14,27,103002.104970,3814.892776
RNNBD,non_elective,2014/15,58,150676.264576,2597.866630
RNNBD,non_elective,2015/16,36,182796.205754,5077.672382
RNNBD,non_elective,2016/17,44,182297.200100,4143.118184
RNNBD,non_elective,2017/18,2,7243.330518,3621.665259
RNNBD,non_elective,2019/20,18,57433.174558,3190.731919
RNNBD,non_elective,2020/21,88,212680.755542,2416.826767
RNNBD,non_elective,2021/22,91,143829.339808,1580.542195
RNNBD,non_elective,2022/23,57,139779.438848,2452.270856
RNNBD,non_elective,2023/24,53,65323.249464,1232.514140
RNNBE,elective,2013/14,5,16661.425860,3332.285172
RNNBE,elective,2014/15,1,1385.885700,1385.885700
RNNBE,elective,2020/21,4,10387.169452,2596.792363
RNNBE,elective,2021/22,3,21363.227564,7121.075854
RNNBE,non_elective,2012/13,22,37843.918848,1720.178129
RNNBE,non_elective,2013/14,107,313812.771834,2932.829643
RNNBE,non_elective,2014/15,108,318299.217014,2947.214972
RNNBE,non_elective,2015/16,96,494479.476422,5150.827879
RNNBE,non_elective,2016/17,14,100810.506626,7200.750473
RNNBE,non_elective,2017/18,1,2677.893696,2677.893696
RNNBE,non_elective,2019/20,42,60324.927820,1436.307805
RNNBE,non_elective,2020/21,75,125342.368436,1671.231579
RNNBE,non_elective,2021/22,20,27727.357644,1386.367882
RNNBE,non_elective,2022/23,76,102029.609466,1342.494861
RNNBE,non_elective,2023/24,39,43500.275490,1115.391679
RNNBF,elective,2016/17,1,17714.184148,17714.184148
RNNBF,elective,2017/18,138,688390.180780,4988.334643
RNNBF,elective,2018/19,111,464321.145064,4183.073378
RNNBF,elective,2019/20,5,6169.900136,1233.980027
RNNBF,elective,2020/21,3,13043.367250,4347.789083
RNNBF,elective,2021/22,5,21787.847282,4357.569456
RNNBF,elective,2022/23,1,1560.038380,1560.038380
RNNBF,elective,2023/24,6,9853.037106,1642.172851
RNNBF,non_elective,2012/13,2,8098.705398,4049.352699
RNNBF,non_elective,2013/14,30,118448.057742,3948.268591
RNNBF,non_elective,2014/15,16,53066.076744,3316.629796
RNNBF,non_elective,2015/16,6,44824.758406,7470.793067
RNNBF,non_elective,2016/17,7,33238.115736,4748.302248
RNNBF,non_elective,2018/19,10,66374.983948,6637.498394
RNNBF,non_elective,2020/21,39,43613.920670,1118.305658
RNNBF,non_elective,2021/22,46,46261.853364,1005.692464
RNNBF,non_elective,2022/23,30,50643.391622,1688.113054
RNNBF,non_elective,2023/24,35,74895.273034,2139.864943
RNNBG,elective,2012/13,3,14130.901230,4710.300410
RNNBG,elective,2013/14,52,207684.724674,3993.937012
RNNBG,elective,2014/15,6,27750.967346,4625.161224
RNNBG,elective,2015/16,12,55334.871280,4611.239273
RNNBG,elective,2016/17,50,313293.932810,6265.878656
RNNBG,elective,2017/18,2,11381.048208,5690.524104
RNNBG,non_elective,2012/13,3,2923.705536,974.568512
RNNBG,non_elective,2013/14,27,69062.277468,2557.862128
RNNBG,non_elective,2014/15,38,91525.292354,2408.560325
RNNBG,non_elective,2015/16,22,84923.943600,3860.179254
RNNBG,non_elective,2016/17,15,97504.465026,6500.297668
RNNBH,elective,2013/14,1,2762.532162,2762.532162
RNNBH,elective,2016/17,1,2256.373392,2256.373392
RNNBH,elective,2017/18,70,453391.578162,6477.022545
RNNBH,elective,2018/19,22,105479.257248,4794.511693
RNNBH,non_elective,2013/14,44,152952.505344,3476.193303
RNNBH,non_elective,2014/15,23,103163.822780,4485.383599
RNNBH,non_elective,2015/16,12,142124.662108,11843.721842
RNNBH,non_elective,2016/17,5,40293.415138,8058.683027
RNNBH,non_elective,2017/18,33,243339.125692,7373.912899
RNNBH,non_elective,2018/19,6,22947.028118,3824.504686
RNNBX,elective,2013/14,9,8596.597668,955.177518
RNNBX,elective,2014/15,1,1314.024960,1314.024960
RNNBX,elective,2016/17,3,81192.249144,27064.083048
RNNBX,elective,2017/18,159,633949.748724,3987.105337
RNNBX,elective,2018/19,79,241342.069938,3054.962910
RNNBX,elective,2019/20,740,3152195.780654,4259.724027
RNNBX,elective,2020/21,1020,3909761.989128,3833.099989
RNNBX,elective,2021/22,1847,8161869.421022,4418.987233
RNNBX,elective,2022/23,1659,6994707.191048,4216.218921
RNNBX,elective,2023/24,1030,3836893.350589,3725.139175
RNNBX,non_elective,2012/13,13,24313.568088,1870.274468
RNNBX,non_elective,2013/14,103,256484.326626,2490.139093
RNNBX,non_elective,2014/15,167,253646.556002,1518.841652
RNNBX,non_elective,2015/16,53,177562.555936,3350.236904
RNNBX,non_elective,2016/17,148,283024.022548,1912.324476
RNNBX,non_elective,2017/18,26,46563.529660,1790.904986
RNNBX,non_elective,2018/19,20,111491.087270,5574.554363
RNNBX,non_elective,2019/20,4703,11220588.652433,2385.836413
RNNBX,non_elective,2020/21,9204,20536162.988786,2231.221532
RNNBX,non_elective,2021/22,11203,24226774.908507,2162.525654
RNNBX,non_elective,2022/23,11561,26054205.540521,2253.629058
RNNBX,non_elective,2023/24,8185,18535737.665523,2264.598370
RNNCA,elective,2012/13,18,21563.354910,1197.964161
RNNCA,elective,2013/14,170,503559.002640,2962.111780
RNNCA,elective,2014/15,53,106777.873566,2014.676859
RNNCA,elective,2015/16,2,9934.655008,4967.327504
RNNCA,elective,2016/17,2,5826.898320,2913.449160
RNNCA,elective,2017/18,119,345783.023496,2905.739693
RNNCA,elective,2018/19,46,158422.414058,3443.965523
RNNCA,non_elective,2012/13,9,15148.243992,1683.138221
RNNCA,non_elective,2013/14,91,236847.866130,2602.723803
RNNCA,non_elective,2014/15,109,241903.471474,2219.297903
RNNCA,non_elective,2015/16,57,228271.841100,4004.769142
RNNCA,non_elective,2016/17,107,347330.891510,3246.083098
RNNCA,non_elective,2017/18,123,326234.905753,2652.316306
RNNCA,non_elective,2018/19,152,162388.630840,1068.346255
RNNCB,elective,2017/18,178,386339.888824,2170.448813
RNNCB,elective,2018/19,71,176777.143766,2489.818926
RNNCB,elective,2019/20,3,6363.096942,2121.032314
RNNCB,elective,2020/21,1,3780.251942,3780.251942
RNNCB,elective,2021/22,1,16109.720834,16109.720834
RNNCB,non_elective,2012/13,8,3058.187778,382.273472
RNNCB,non_elective,2013/14,104,262888.145142,2527.770626
RNNCB,non_elective,2014/15,129,256536.754260,1988.657009
RNNCB,non_elective,2015/16,57,205240.095666,3600.703432
RNNCB,non_elective,2016/17,87,203087.036074,2334.333747
RNNCB,non_elective,2017/18,27,70904.260940,2626.083738
RNNCB,non_elective,2018/19,29,79829.540122,2752.742762
RNNCB,non_elective,2019/20,45,73087.281534,1624.161811
RNNCB,non_elective,2020/21,50,72092.596930,1441.851938
RNNCB,non_elective,2021/22,61,66498.960508,1090.146893
RNNCB,non_elective,2022/23,32,53858.517078,1683.078658
RNNCB,non_elective,2023/24,32,56555.007258,1767.343976
RNNCC,elective,2013/14,15,23346.527844,1556.435189
RNNCC,elective,2014/15,2,7084.442382,3542.221191
RNNCC,elective,2015/16,3,15839.038678,5279.679559
RNNCC,elective,2016/17,2,20376.580774,10188.290387
RNNCC,elective,2017/18,14,71440.459562,5102.889968
RNNCC,non_elective,2012/13,6,11666.077848,1944.346308
RNNCC,non_elective,2013/14,18,57575.851470,3198.658415
RNNCC,non_elective,2014/15,30,88987.715562,2966.257185
RNNCC,non_elective,2015/16,36,137478.640522,3818.851125
RNNCC,non_elective,2016/17,37,183078.252428,4948.060876
RNNCC,non_elective,2017/18,52,203332.922918,3910.248517
RNNCJ,elective,2017/18,42,268020.792512,6381.447440
RNNCJ,elective,2018/19,72,280132.269286,3890.725962
RNNCJ,elective,2019/20,1,755.223878,755.223878
RNNCJ,non_elective,2017/18,28,290438.853974,10372.816213
RNNCJ,non_elective,2018/19,38,128596.143585,3384.109041
RNNCJ,non_elective,2019/20,10,92152.810186,9215.281018
RNNFH,elective,2016/17,1,31784.490570,31784.490570
RNNFH,elective,2017/18,138,596663.023450,4323.645097
RNNFH,non_elective,2012/13,25,40025.405598,1601.016223
RNNFH,non_elective,2013/14,108,340401.245634,3151.863385
RNNFH,non_elective,2014/15,33,137964.594026,4180.745273
RNNFH,non_elective,2015/16,37,316559.682028,8555.667081
RNNFH,non_elective,2016/17,37,229893.867760,6213.347777
RNNFH,non_elective,2017/18,10,37324.176526,3732.417652
RNNKV,elective,2017/18,225,1209946.137906,5377.538390
RNNKV,elective,2018/19,117,602643.859332,5150.802216
RNNKV,elective,2019/20,7,17724.515528,2532.073646
RNNKV,non_elective,2017/18,31,252865.691190,8156.957780
RNNKV,non_elective,2018/19,22,96918.675780,4405.394353
RNNKV,non_elective,2019/20,12,30262.905586,2521.908798
RNNWG,elective,2012/13,5,15703.624854,3140.724970
RNNWG,elective,2013/14,136,555642.640410,4085.607650
RNNWG,elective,2014/15,24,98628.175656,4109.507319
RNNWG,elective,2015/16,50,289418.113630,5788.362272
RNNWG,elective,2016/17,90,604091.285670,6712.125396
RNNWG,elective,2017/18,182,915192.899644,5028.532415
RNNWG,non_elective,2012/13,136,154125.888570,1133.278592
RNNWG,non_elective,2013/14,575,1864843.691592,3243.206420
RNNWG,non_elective,2014/15,551,1924945.399278,3493.548819
RNNWG,non_elective,2015/16,339,2003001.463190,5908.558888
RNNWG,non_elective,2016/17,307,1847312.732280,6017.305316
RNNWG,non_elective,2017/18,164,711135.406052,4336.191500
RNQ27,elective,2019/20,2,8733.141747,4366.570873
RNQ27,elective,2020/21,405,2231329.566334,5509.455719
RNQ27,non_elective,2020/21,1,968.507595,968.507595
RNQ51,elective,2012/13,1139,108027.679156,94.844318
RNQ51,elective,2013/14,5235,14935871.644301,2853.079588
RNQ51,elective,2014/15,4470,12319106.936871,2755.952334
RNQ51,elective,2015/16,4713,16377629.486480,3474.990342
RNQ51,elective,2016/17,4519,15288880.471990,3383.244184
RNQ51,elective,2017/18,4430,15337620.373284,3462.216788
RNQ51,elective,2018/19,4266,15953322.818340,3739.644354
RNQ51,elective,2019/20,4070,15921022.137075,3911.799050
RNQ51,elective,2020/21,2221,7652216.885856,3445.392564
RNQ51,elective,2021/22,3479,12959598.647446,3725.093028
RNQ51,elective,2022/23,3698,14303995.879684,3868.035662
RNQ51,elective,2023/24,2477,9878585.507689,3988.124952
RNQ51,non_elective,2012/13,4938,957232.119012,193.850165
RNQ51,non_elective,2013/14,27579,51483461.431696,1866.763168
RNQ51,non_elective,2014/15,30102,54389912.482790,1806.853779
RNQ51,non_elective,2015/16,31200,70192954.810007,2249.774192
RNQ51,non_elective,2016/17,34997,77707872.278378,2220.415243
RNQ51,non_elective,2017/18,34991,83472467.177918,2385.541058
RNQ51,non_elective,2018/19,37097,86082870.668688,2320.480649
RNQ51,non_elective,2019/20,34616,85983626.556005,2483.927275
RNQ51,non_elective,2020/21,25253,64850027.048333,2568.012792
RNQ51,non_elective,2021/22,32566,78087046.399326,2397.808954
RNQ51,non_elective,2022/23,33483,86900363.162787,2595.357738
RNQ51,non_elective,2023/24,22028,58642101.319088,2662.161853
RNS01,elective,2012/13,860,192467.940780,223.799931
RNS01,elective,2013/14,6964,20017299.888115,2874.396882
RNS01,elective,2014/15,5772,16544059.717790,2866.261212
RNS01,elective,2015/16,5343,20136637.928814,3768.788682
RNS01,elective,2016/17,5256,20118813.654391,3827.780375
RNS01,elective,2017/18,4775,19478830.137755,4079.336154
RNS01,elective,2018/19,4519,19952920.932296,4415.339883
RNS01,elective,2019/20,3784,16552488.642817,4374.336322
RNS01,elective,2020/21,2489,11476457.204515,4610.870712
RNS01,elective,2021/22,3482,16385642.165548,4705.813373
RNS01,elective,2022/23,3904,19023925.093405,4872.931632
RNS01,elective,2023/24,2746,12939859.620979,4712.257691
RNS01,non_elective,2012/13,5552,1622161.571010,292.176075
RNS01,non_elective,2013/14,34348,59167148.585808,1722.579148
RNS01,non_elective,2014/15,39249,63144332.916082,1608.813802
RNS01,non_elective,2015/16,41759,81473069.249618,1951.030179
RNS01,non_elective,2016/17,44226,85971112.684312,1943.904325
RNS01,non_elective,2017/18,42375,85164367.129279,2009.778575
RNS01,non_elective,2018/19,47664,96535295.287141,2025.329290
RNS01,non_elective,2019/20,49299,109007236.065072,2211.144973
RNS01,non_elective,2020/21,37965,75245651.458299,1981.974225
RNS01,non_elective,2021/22,45418,83736394.476287,1843.682999
RNS01,non_elective,2022/23,47233,89438119.834107,1893.551538
RNS01,non_elective,2023/24,34140,65239593.498729,1910.942984
RNS30,elective,2013/14,1,1454.810601,1454.810601
RNU75,elective,2014/15,6,126909.438488,21151.573081
RNU75,elective,2015/16,46,466544.064090,10142.262262
RNU75,elective,2016/17,52,338164.632106,6503.166002
RNU75,elective,2017/18,111,782414.878906,7048.782692
RNU75,elective,2018/19,74,413950.602100,5593.927055
RNU75,elective,2019/20,53,326383.002818,6158.169864
RNU75,elective,2020/21,105,619363.764044,5898.702514
RNU75,elective,2021/22,84,402397.710738,4790.448937
RNU75,elective,2022/23,10,51788.000952,5178.800095
RNU75,non_elective,2014/15,2,25195.861972,12597.930986
RNU75,non_elective,2015/16,27,204273.808578,7565.696614
RNU75,non_elective,2016/17,22,193085.163392,8776.598336
RNU75,non_elective,2017/18,19,144891.925296,7625.890805
RNU75,non_elective,2018/19,1,13726.443692,13726.443692
RNU75,non_elective,2019/20,3,2018.530892,672.843630
RNU75,non_elective,2020/21,1,2018.530892,2018.530892
RNU75,non_elective,2021/22,1,3927.571118,3927.571118
RNUCE,elective,2013/14,2,10561.047233,5280.523616
RNUCE,elective,2015/16,5,57266.870516,11453.374103
RNUCE,elective,2016/17,5,28157.530284,5631.506056
RNUCE,elective,2017/18,16,82399.856660,5149.991041
RNUCE,elective,2018/19,1,28115.251710,28115.251710
RNUCE,elective,2019/20,3,36069.043952,12023.014650
RNUCE,elective,2021/22,9,52351.715272,5816.857252
RNUCE,elective,2022/23,3,28401.445134,9467.148378
RNUCE,non_elective,2015/16,51,543630.913284,10659.429672
RNUCE,non_elective,2016/17,76,714226.043440,9397.711097
RNUCE,non_elective,2017/18,70,590079.889186,8429.712702
RNUCE,non_elective,2018/19,79,668811.266502,8465.965398
RNUCE,non_elective,2019/20,63,555743.182702,8821.320360
RNUCE,non_elective,2020/21,42,285939.752556,6808.089346
RNUCE,non_elective,2021/22,54,358432.330042,6637.635741
RNUCE,non_elective,2022/23,14,113821.509670,8130.107833
RNUCJ,elective,2014/15,1,26415.436222,26415.436222
RNUCJ,elective,2015/16,2,4546.572804,2273.286402
RNUCJ,non_elective,2014/15,12,212901.889872,17741.824156
RNUCJ,non_elective,2015/16,58,512782.731188,8841.081572
RNUCK,elective,2014/15,10,190825.969848,19082.596984
RNUCK,elective,2015/16,43,431130.880068,10026.299536
RNUCK,elective,2016/17,11,119737.257832,10885.205257
RNUCK,elective,2017/18,72,675183.406450,9377.547311
RNUCK,elective,2018/19,86,769388.741850,8946.380719
RNUCK,elective,2019/20,76,577749.722502,7601.970032
RNUCK,elective,2020/21,100,606784.262180,6067.842621
RNUCK,elective,2021/22,41,226590.391254,5526.594908
RNUCK,elective,2022/23,4,26790.523058,6697.630764
RNUCK,non_elective,2014/15,3,33376.224008,11125.408002
RNUCK,non_elective,2015/16,39,402261.118422,10314.387651
RNUCK,non_elective,2016/17,67,773256.689338,11541.144616
RNUCK,non_elective,2017/18,46,423218.282334,9200.397442
RNUCK,non_elective,2019/20,2,10144.689628,5072.344814
RNUCK,non_elective,2020/21,1,2231.007828,2231.007828
RNUDJ,elective,2014/15,3,21950.168368,7316.722789
RNUDJ,elective,2015/16,23,123378.635526,5364.288501
RNUDJ,elective,2016/17,17,92222.578686,5424.857569
RNUDJ,elective,2017/18,49,465316.901378,9496.263293
RNUDJ,elective,2018/19,68,608036.358410,8941.711153
RNUDJ,elective,2019/20,56,732876.314904,13087.077051
RNUDJ,elective,2020/21,64,679290.932524,10613.920820
RNUDJ,elective,2021/22,61,433767.328580,7110.939812
RNUDJ,elective,2022/23,8,36531.940134,4566.492516
RNUDJ,non_elective,2014/15,5,66895.544728,13379.108945
RNUDJ,non_elective,2015/16,88,837388.949832,9515.783520
RNUDJ,non_elective,2016/17,85,1171034.110784,13776.871891
RNUDJ,non_elective,2017/18,75,990851.500924,13211.353345
RNUDJ,non_elective,2018/19,24,249334.095934,10388.920663
RNUDJ,non_elective,2019/20,31,346301.631502,11171.020371
RNUDJ,non_elective,2020/21,31,340617.873464,10987.673337
RNUDJ,non_elective,2021/22,13,129021.199056,9924.707619
RNUDJ,non_elective,2022/23,1,6077.273996,6077.273996
RNUDK,elective,2014/15,6,106624.395496,17770.732582
RNUDK,elective,2015/16,30,356916.805774,11897.226859
RNUDK,elective,2016/17,15,97942.110902,6529.474060
RNUDK,non_elective,2014/15,1,68387.219544,68387.219544
RNUDK,non_elective,2015/16,15,147863.350202,9857.556680
RNUDK,non_elective,2016/17,4,11302.472116,2825.618029
RNUDM,elective,2014/15,26,383366.932108,14744.882004
RNUDM,elective,2015/16,85,776068.756542,9130.220665
RNUDM,elective,2016/17,112,775176.570224,6921.219377
RNUDM,elective,2017/18,174,1173679.231824,6745.282941
RNUDM,elective,2018/19,221,1174793.651672,5315.808378
RNUDM,elective,2019/20,191,1448784.828776,7585.260883
RNUDM,elective,2020/21,152,949766.483590,6248.463707
RNUDM,elective,2021/22,185,971487.914032,5251.286021
RNUDM,elective,2022/23,45,235735.572030,5238.568267
RNUDM,non_elective,2014/15,9,173255.428120,19250.603124
RNUDM,non_elective,2015/16,95,534440.201736,5625.686334
RNUDM,non_elective,2016/17,88,785597.696682,8927.246553
RNUDM,non_elective,2017/18,91,831340.945618,9135.614787
RNUDM,non_elective,2018/19,69,394317.082774,5714.740330
RNUDM,non_elective,2019/20,125,998200.384338,7985.603074
RNUDM,non_elective,2020/21,86,542501.316512,6308.154843
RNUDM,non_elective,2021/22,55,420927.650876,7653.230015
RNUDQ,elective,2015/16,42,222685.585522,5302.037750
RNUDQ,elective,2016/17,87,353328.547314,4061.247670
RNUDQ,elective,2017/18,229,1205951.876644,5266.165400
RNUDQ,elective,2018/19,157,802579.590572,5111.971914
RNUDQ,elective,2019/20,262,1356547.073166,5177.660584
RNUDQ,elective,2020/21,359,1334435.378964,3717.090192
RNUDQ,elective,2021/22,234,984438.166468,4207.000711
RNUDQ,elective,2022/23,52,225559.444488,4337.681624
RNUDQ,non_elective,2015/16,156,1150066.106212,7372.218629
RNUDQ,non_elective,2016/17,175,1052425.365658,6013.859232
RNUDQ,non_elective,2017/18,89,585871.544974,6582.826348
RNUDQ,non_elective,2018/19,20,145837.230848,7291.861542
RNUDQ,non_elective,2019/20,7,87797.421274,12542.488753
RNUDQ,non_elective,2020/21,8,39453.498004,4931.687250
RNUDQ,non_elective,2021/22,38,375234.268976,9874.586025
RNUDQ,non_elective,2022/23,11,118841.819316,10803.801756
RNUDR,elective,2014/15,3,32100.278326,10700.092775
RNUDR,elective,2015/16,16,110905.372130,6931.585758
RNUDR,non_elective,2014/15,4,80018.163658,20004.540914
RNUDR,non_elective,2015/16,10,98878.743926,9887.874392
RNZ00,elective,2014/15,21,99239.320530,4725.681930
RNZ00,elective,2015/16,1,468.473850,468.473850
RNZ00,elective,2016/17,5,24185.743296,4837.148659
RNZ00,elective,2019/20,1,4212.100438,4212.100438
RNZ00,non_elective,2018/19,1,5361.422950,5361.422950
RNZ00,non_elective,2019/20,2,10974.780726,5487.390363
RNZ02,elective,2012/13,955,111805.053430,117.073354
RNZ02,elective,2013/14,6308,18560740.672264,2942.412915
RNZ02,elective,2014/15,6007,17625131.304798,2934.098768
RNZ02,elective,2015/16,5668,20336396.568232,3587.931645
RNZ02,elective,2016/17,5088,19082654.420683,3750.521702
RNZ02,elective,2017/18,4908,18934371.432818,3857.858890
RNZ02,elective,2018/19,5219,21199846.374080,4062.051422
RNZ02,elective,2019/20,4815,19461850.199271,4041.921121
RNZ02,elective,2020/21,2160,7025479.824194,3252.536955
RNZ02,elective,2021/22,2916,11441394.203879,3923.660563
RNZ02,elective,2022/23,3340,14337452.530624,4292.650458
RNZ02,elective,2023/24,2153,9296326.859196,4317.848053
RNZ02,non_elective,2012/13,2994,560973.062783,187.365752
RNZ02,non_elective,2013/14,19626,37903637.465263,1931.297129
RNZ02,non_elective,2014/15,19645,39264173.300098,1998.685329
RNZ02,non_elective,2015/16,21202,49180161.227719,2319.600095
RNZ02,non_elective,2016/17,21580,49789673.731711,2307.213796
RNZ02,non_elective,2017/18,22540,54165342.720153,2403.076429
RNZ02,non_elective,2018/19,23374,56719872.814533,2426.622435
RNZ02,non_elective,2019/20,24350,57756863.438331,2371.945110
RNZ02,non_elective,2020/21,21302,50726794.642097,2381.316056
RNZ02,non_elective,2021/22,23731,55841293.895540,2353.094850
RNZ02,non_elective,2022/23,22684,56721694.636450,2500.515545
RNZ02,non_elective,2023/24,15972,35973003.581484,2252.254168
RNZ52,non_elective,2013/14,1,614.372290,614.372290
RNZ78,elective,2013/14,2,424.922995,212.461497
RNZ78,elective,2014/15,4,7405.647865,1851.411966
RNZ78,elective,2015/16,3,5139.678661,1713.226220
RNZ78,elective,2016/17,1,341.465384,341.465384
RNZ78,elective,2017/18,4,2644.274620,661.068655
RNZ78,elective,2018/19,3,2043.587039,681.195679
RNZ78,elective,2020/21,1,662.109708,662.109708
RNZ78,elective,2021/22,1,1040.011947,1040.011947
RNZ78,elective,2023/24,7,5943.371577,849.053082
RNZ78,non_elective,2012/13,17,3759.016520,221.118618
RNZ78,non_elective,2013/14,216,138201.655200,639.822477
RNZ78,non_elective,2014/15,191,135018.667002,706.904015
RNZ78,non_elective,2015/16,210,151733.474750,722.540355
RNZ78,non_elective,2016/17,136,96521.228895,709.714918
RNZ78,non_elective,2017/18,241,148188.689285,614.890826
RNZ78,non_elective,2018/19,208,136866.196857,658.010561
RNZ78,non_elective,2019/20,190,117986.700702,620.982635
RNZ78,non_elective,2020/21,187,112539.911406,601.817708
RNZ78,non_elective,2021/22,185,76493.451281,413.478115
RNZ78,non_elective,2022/23,226,107737.533917,476.714751
RNZ78,non_elective,2023/24,123,76441.398631,621.474785
RP400,elective,2019/20,40,84365.427826,2109.135695
RP400,elective,2020/21,44,72330.023933,1643.864180
RP400,elective,2021/22,45,134139.296255,2980.873250
RP400,elective,2022/23,37,99474.231965,2688.492755
RP400,elective,2023/24,44,108522.675717,2466.424448
RP401,elective,2012/13,1614,558066.752604,345.766265
RP401,elective,2013/14,12596,51817875.204187,4113.835757
RP401,elective,2014/15,12291,48832184.910142,3973.003409
RP401,elective,2015/16,12510,53895628.483783,4308.203715
RP401,elective,2016/17,12934,57613046.496946,4454.387389
RP401,elective,2017/18,12473,59958035.240387,4807.025995
RP401,elective,2018/19,11598,58194628.912688,5017.643465
RP401,elective,2019/20,10985,52479882.301317,4777.413045
RP401,elective,2020/21,9287,49781225.131073,5360.312816
RP401,elective,2021/22,10769,58435032.862043,5426.226470
RP401,elective,2022/23,9759,54179644.633285,5551.761925
RP401,elective,2023/24,6459,35772218.796844,5538.352499
RP401,non_elective,2012/13,134,298479.898599,2227.461929
RP401,non_elective,2013/14,743,3768597.948179,5072.137211
RP401,non_elective,2014/15,586,2746971.758050,4687.665116
RP401,non_elective,2015/16,534,4231671.394183,7924.478266
RP401,non_elective,2016/17,602,4249316.563640,7058.665388
RP401,non_elective,2017/18,598,4515336.807401,7550.730447
RP401,non_elective,2018/19,522,4326914.373042,8289.107994
RP401,non_elective,2019/20,1845,18094040.754270,9807.068159
RP401,non_elective,2020/21,2600,25022471.199404,9624.027384
RP401,non_elective,2021/22,2172,23783960.095299,10950.257870
RP401,non_elective,2022/23,2212,23615080.901344,10675.895525
RP401,non_elective,2023/24,1290,15605708.408071,12097.448378
RP435,elective,2020/21,30,182020.383763,6067.346125
RP435,elective,2023/24,1,7515.300514,7515.300514
RP5BA,elective,2012/13,156,22050.777560,141.351138
RP5BA,elective,2013/14,1788,5081908.153800,2842.230511
RP5BA,elective,2014/15,1646,4860252.404686,2952.765737
RP5BA,elective,2015/16,1718,6111435.136919,3557.296354
RP5BA,elective,2016/17,1561,5633969.315365,3609.205198
RP5BA,elective,2017/18,1548,5753313.750780,3716.610950
RP5BA,elective,2018/19,1678,5920455.003469,3528.280693
RP5BA,elective,2019/20,1607,6315056.214077,3929.717619
RP5BA,elective,2020/21,577,2431887.304585,4214.709366
RP5BA,elective,2021/22,1457,6920051.985352,4749.520923
RP5BA,elective,2022/23,1309,5205060.380177,3976.363926
RP5BA,elective,2023/24,797,3294817.588346,4134.024577
RP5BA,non_elective,2012/13,1830,341264.450720,186.483306
RP5BA,non_elective,2013/14,11103,18944897.520120,1706.286365
RP5BA,non_elective,2014/15,11127,18930010.299696,1701.268113
RP5BA,non_elective,2015/16,11302,23225915.053424,2055.026991
RP5BA,non_elective,2016/17,9913,21768546.517790,2195.959499
RP5BA,non_elective,2017/18,8830,20712952.784531,2345.747767
RP5BA,non_elective,2018/19,13354,26076656.659046,1952.722529
RP5BA,non_elective,2019/20,13287,25271299.547241,1901.956765
RP5BA,non_elective,2020/21,7635,15539660.611819,2035.319006
RP5BA,non_elective,2021/22,8723,18498580.164105,2120.667220
RP5BA,non_elective,2022/23,8167,19466534.916598,2383.560048
RP5BA,non_elective,2023/24,5604,13380692.041907,2387.703790
RP5DR,elective,2012/13,652,239050.027600,366.641146
RP5DR,elective,2013/14,8332,21834762.064479,2620.590742
RP5DR,elective,2014/15,7819,21186970.566433,2709.677780
RP5DR,elective,2015/16,8974,28111441.267606,3132.543042
RP5DR,elective,2016/17,8237,27728401.857674,3366.322915
RP5DR,elective,2017/18,7402,25547148.499495,3451.384558
RP5DR,elective,2018/19,7094,25224238.899582,3555.714533
RP5DR,elective,2019/20,6958,25421235.179404,3653.526182
RP5DR,elective,2020/21,3956,11461091.408407,2897.141407
RP5DR,elective,2021/22,5560,18340771.651958,3298.699937
RP5DR,elective,2022/23,6706,22817649.884419,3402.572306
RP5DR,elective,2023/24,4662,17318879.333992,3714.903332
RP5DR,non_elective,2012/13,7230,1009065.210320,139.566419
RP5DR,non_elective,2013/14,35841,61031914.651320,1702.851891
RP5DR,non_elective,2014/15,35896,61182550.705205,1704.439232
RP5DR,non_elective,2015/16,34709,75423535.351655,2173.025306
RP5DR,non_elective,2016/17,36994,82774779.201160,2237.519035
RP5DR,non_elective,2017/18,37600,87700353.358773,2332.456206
RP5DR,non_elective,2018/19,42160,91602298.598967,2172.730042
RP5DR,non_elective,2019/20,40613,93290328.821308,2297.055839
RP5DR,non_elective,2020/21,35583,79817416.791706,2243.133428
RP5DR,non_elective,2021/22,34909,86415057.183901,2475.437772
RP5DR,non_elective,2022/23,36328,90301279.351687,2485.721188
RP5DR,non_elective,2023/24,37075,68774955.848842,1855.022409
RP5MM,elective,2012/13,2,26696.699360,13348.349680
RP5MM,elective,2013/14,86,191075.317160,2221.806013
RP5MM,elective,2014/15,65,148174.346960,2279.605337
RP5MM,elective,2015/16,75,101992.326606,1359.897688
RP5MM,elective,2016/17,136,330954.860138,2433.491618
RP5MM,elective,2017/18,82,170910.529859,2084.274754
RP5MM,elective,2018/19,62,119113.266776,1921.181722
RP5MM,elective,2019/20,66,116452.177635,1764.426933
RP5MM,elective,2020/21,14,44428.172158,3173.440868
RP5MM,elective,2021/22,44,110629.825516,2514.314216
RP5MM,elective,2022/23,49,69319.780194,1414.689391
RP5MM,elective,2023/24,29,72890.836521,2513.477121
RP5MM,non_elective,2012/13,20,17602.708840,880.135442
RP5MM,non_elective,2013/14,33,30769.779520,932.417561
RP5MM,non_elective,2014/15,80,50905.214960,636.315187
RP5MM,non_elective,2015/16,32,58392.984605,1824.780768
RP5MM,non_elective,2016/17,45,55814.059544,1240.312434
RP5MM,non_elective,2017/18,3,11422.861222,3807.620407
RP5MM,non_elective,2018/19,29,13469.773865,464.474960
RP5MM,non_elective,2019/20,126,76327.349167,605.772612
RP5MM,non_elective,2022/23,147,88041.892873,598.924441
RP5MM,non_elective,2023/24,1,2256.431047,2256.431047
RP5RH,elective,2013/14,247,231944.926680,939.048286
RP5RH,elective,2014/15,332,260593.223960,784.919349
RP5RH,elective,2015/16,286,349432.534679,1221.792079
RP5RH,elective,2016/17,193,264502.606336,1370.479825
RP5RH,elective,2017/18,187,266250.647138,1423.800252
RP5RH,elective,2018/19,186,298831.786011,1606.622505
RP5RH,elective,2019/20,152,231711.949059,1524.420717
RP5RH,elective,2020/21,44,55153.665751,1253.492403
RP5RH,elective,2021/22,79,105431.920405,1334.581270
RP5RH,elective,2022/23,61,125638.121779,2059.641340
RP5RH,elective,2023/24,63,121577.162125,1929.796224
RP5RH,non_elective,2013/14,40,59771.311880,1494.282797
RP5RH,non_elective,2014/15,39,69540.696160,1783.094773
RP5RH,non_elective,2015/16,115,285869.375340,2485.820655
RP5RH,non_elective,2016/17,160,397346.517931,2483.415737
RP5RH,non_elective,2017/18,168,368820.176406,2195.358192
RP5RH,non_elective,2018/19,125,328063.711573,2624.509692
RP5RH,non_elective,2019/20,91,221073.754801,2429.381920
RP5RH,non_elective,2020/21,84,201192.101543,2395.144065
RP5RH,non_elective,2021/22,117,286879.993524,2451.965756
RP5RH,non_elective,2022/23,123,296606.166494,2411.432247
RP5RH,non_elective,2023/24,67,175706.858029,2622.490418
RP601,elective,2013/14,586,940274.848650,1604.564588
RP601,elective,2014/15,669,1056011.187906,1578.492059
RP601,elective,2015/16,707,1637440.376082,2316.040135
RP601,elective,2016/17,747,1714241.686457,2294.834921
RP601,elective,2017/18,593,1387301.304068,2339.462570
RP601,elective,2018/19,507,1214229.209035,2394.929406
RP601,elective,2019/20,483,1066649.289578,2208.383622
RP601,elective,2020/21,289,597066.093638,2065.972642
RP601,elective,2021/22,277,688150.883357,2484.299217
RP601,elective,2022/23,370,919115.027326,2484.094668
RP601,elective,2023/24,299,710501.980189,2376.260803
RP601,non_elective,2013/14,2101,5078508.855556,2417.186509
RP601,non_elective,2014/15,2086,5026869.699537,2409.812895
RP601,non_elective,2015/16,2234,4889961.317927,2188.881521
RP601,non_elective,2016/17,2543,5758415.089374,2264.418045
RP601,non_elective,2017/18,2627,6005468.350652,2286.055710
RP601,non_elective,2018/19,2483,5808990.391162,2339.504789
RP601,non_elective,2019/20,2589,6159371.728058,2379.054356
RP601,non_elective,2020/21,1227,2935855.425935,2392.710208
RP601,non_elective,2021/22,2031,5352295.679887,2635.300679
RP601,non_elective,2022/23,2348,6142097.046507,2615.884602
RP601,non_elective,2023/24,1662,4306893.909875,2591.392244
RP603,elective,2013/14,16,15046.698618,940.418663
RP603,elective,2014/15,9,8062.086375,895.787375
RP603,elective,2015/16,5,5267.049168,1053.409833
RP603,elective,2016/17,29,38724.205024,1335.317414
RP603,elective,2017/18,37,52015.209840,1405.816482
RP603,elective,2018/19,107,163964.503936,1532.378541
RP603,elective,2019/20,148,207233.177072,1400.224169
RP603,elective,2020/21,19,33792.471248,1778.551118
RP603,elective,2021/22,53,91237.665200,1721.465381
RP603,elective,2022/23,69,124270.954064,1801.028319
RP603,non_elective,2014/15,2,5802.172908,2901.086454
RP603,non_elective,2016/17,1,864.263616,864.263616
RP604,elective,2013/14,84,143096.152576,1703.525625
RP604,elective,2014/15,75,132288.439612,1763.845861
RP604,elective,2015/16,72,184346.720880,2560.371123
RP604,elective,2016/17,61,145000.293280,2377.053988
RP604,elective,2017/18,37,87373.273376,2361.439820
RP604,elective,2018/19,6,16449.959174,2741.659862
RP604,elective,2019/20,36,91020.241505,2528.340041
RP604,elective,2020/21,25,56394.381632,2255.775265
RP604,elective,2021/22,18,46796.568880,2599.809382
RP604,elective,2022/23,20,44208.500784,2210.425039
RP604,elective,2023/24,3,4093.445296,1364.481765
RP604,non_elective,2012/13,5,489.416067,97.883213
RP604,non_elective,2013/14,63,149287.076127,2369.636129
RP604,non_elective,2014/15,53,116252.123925,2193.436300
RP604,non_elective,2015/16,62,167572.686464,2702.785265
RP604,non_elective,2016/17,42,117287.196351,2792.552294
RP604,non_elective,2017/18,35,87165.342412,2490.438354
RP604,non_elective,2018/19,16,57465.265648,3591.579103
RP604,non_elective,2019/20,17,40792.770400,2399.574729
RP604,non_elective,2020/21,2,12318.117904,6159.058952
RP604,non_elective,2021/22,1,6934.180624,6934.180624
RP604,non_elective,2022/23,2,10488.051504,5244.025752
RP604,non_elective,2023/24,2,13916.769456,6958.384728
RP605,elective,2013/14,5,4476.829140,895.365828
RP605,elective,2014/15,3,3007.316298,1002.438766
RP605,elective,2015/16,3,3426.356576,1142.118858
RP605,elective,2018/19,2,2220.874128,1110.437064
RP605,elective,2019/20,1,1205.482448,1205.482448
RP605,elective,2020/21,1,1205.482448,1205.482448
RP605,elective,2021/22,3,3577.484640,1192.494880
RP605,elective,2022/23,1,1281.046480,1281.046480
RP605,non_elective,2013/14,2,5057.299359,2528.649679
RP606,elective,2014/15,1,883.984059,883.984059
RP606,elective,2015/16,1,1015.391680,1015.391680
RP606,elective,2016/17,2,2602.236352,1301.118176
RP606,elective,2017/18,1,1269.239600,1269.239600
RP606,elective,2018/19,13,20128.369024,1548.336078
RP606,elective,2019/20,3,3426.356576,1142.118858
RP606,elective,2020/21,1,1205.482448,1205.482448
RP606,elective,2021/22,1,1205.482448,1205.482448
RP606,non_elective,2013/14,2,4125.258942,2062.629471
RP606,non_elective,2014/15,2,4992.802668,2496.401334
RP606,non_elective,2015/16,4,6348.559376,1587.139844
RP606,non_elective,2016/17,1,1760.405808,1760.405808
RP606,non_elective,2019/20,2,5205.653392,2602.826696
RP606,non_elective,2021/22,1,1760.405808,1760.405808
RP607,elective,2014/15,1,883.984059,883.984059
RP607,elective,2016/17,1,1015.391680,1015.391680
RP607,elective,2018/19,2,1670.673520,835.336760
RP607,elective,2019/20,3,3426.356576,1142.118858
RP607,non_elective,2015/16,1,491.166208,491.166208
RP608,elective,2013/14,1,59462.155179,59462.155179
RP608,elective,2014/15,38,55156.052574,1451.475067
RP608,elective,2015/16,3,6628.382432,2209.460810
RP608,elective,2016/17,1,1606.916368,1606.916368
RP608,elective,2017/18,1,1015.391680,1015.391680
RP608,elective,2018/19,1,1205.482448,1205.482448
RP608,elective,2020/21,1,864.263616,864.263616
RP608,elective,2021/22,1,1586.844672,1586.844672
RP608,elective,2022/23,1,635.210144,635.210144
RP608,non_elective,2014/15,3,8608.411287,2869.470429
RP610,elective,2013/14,1,895.365828,895.365828
RP610,elective,2014/15,1,883.984059,883.984059
RP610,elective,2015/16,1,1015.391680,1015.391680
RP610,elective,2016/17,8,10700.575344,1337.571918
RP610,elective,2017/18,2,15082.108512,7541.054256
RP610,elective,2018/19,1,1015.391680,1015.391680
RP610,elective,2019/20,1,1205.482448,1205.482448
RP610,elective,2020/21,1,1467.595184,1467.595184
RP610,elective,2022/23,1,1467.595184,1467.595184
RP610,non_elective,2013/14,4,9752.911392,2438.227848
RP610,non_elective,2014/15,1,3930.504228,3930.504228
RP620,elective,2018/19,1,1015.391680,1015.391680
RP620,elective,2022/23,1,3008.393024,3008.393024
RP627,elective,2017/18,3,3501.920608,1167.306869
RP627,elective,2019/20,27,34398.164192,1274.006081
RP630,elective,2015/16,2,2296.438160,1148.219080
RP640,elective,2017/18,1,1015.391680,1015.391680
RP640,elective,2018/19,6,15847.194336,2641.199056
RP640,elective,2019/20,1,3349.611856,3349.611856
RPA00,elective,2014/15,109,208743.818724,1915.080905
RPA00,elective,2019/20,1,545.735200,545.735200
RPA00,elective,2023/24,1,851.982720,851.982720
RPA00,non_elective,2014/15,4,4287.415524,1071.853881
RPA00,non_elective,2015/16,1,522.422240,522.422240
RPA00,non_elective,2016/17,35,26993.228640,771.235104
RPA00,non_elective,2019/20,973,857119.243283,880.903641
RPA02,elective,2012/13,727,211635.510849,291.107992
RPA02,elective,2013/14,7541,21943550.456489,2909.899278
RPA02,elective,2014/15,6899,20037926.718874,2904.468287
RPA02,elective,2015/16,6568,22903264.420245,3487.098724
RPA02,elective,2016/17,5931,20466700.540226,3450.800967
RPA02,elective,2017/18,5944,20818612.023909,3502.458281
RPA02,elective,2018/19,5505,20718041.133095,3763.495210
RPA02,elective,2019/20,4819,20244012.412320,4200.874125
RPA02,elective,2020/21,2452,9944675.852722,4055.740559
RPA02,elective,2021/22,3951,17702080.258204,4480.405026
RPA02,elective,2022/23,4291,18604880.473038,4335.791301
RPA02,elective,2023/24,2861,13896629.595803,4857.263053
RPA02,non_elective,2012/13,6041,972690.322254,161.014786
RPA02,non_elective,2013/14,32227,58877217.895356,1826.953110
RPA02,non_elective,2014/15,30120,58129072.236355,1929.916076
RPA02,non_elective,2015/16,36888,82522659.899861,2237.113963
RPA02,non_elective,2016/17,36151,86315606.974062,2387.640922
RPA02,non_elective,2017/18,40774,92430460.541675,2266.897055
RPA02,non_elective,2018/19,40029,93475614.787321,2335.197351
RPA02,non_elective,2019/20,40546,96227800.423938,2373.299472
RPA02,non_elective,2020/21,37260,80740456.865478,2166.947312
RPA02,non_elective,2021/22,43907,99253796.129329,2260.546066
RPA02,non_elective,2022/23,40334,99337028.472376,2462.860823
RPA02,non_elective,2023/24,24490,67527636.707276,2757.355520
RPA17,non_elective,2022/23,120,67725.208480,564.376737
RPA17,non_elective,2023/24,347,148059.549280,426.684580
RPA27,elective,2023/24,1,677.135520,677.135520
RPA28,elective,2013/14,5,4461.467850,892.293570
RPA28,elective,2014/15,6,5492.562642,915.427107
RPA28,elective,2015/16,4,4130.632640,1032.658160
RPA28,elective,2016/17,8,10045.766400,1255.720800
RPA28,elective,2017/18,9,8685.084296,965.009366
RPA28,elective,2018/19,6,3646.358880,607.726480
RPA28,elective,2019/20,8,9147.157760,1143.394720
RPA28,elective,2021/22,1,2177.642400,2177.642400
RPA28,elective,2023/24,3,5406.487360,1802.162453
RPA28,non_elective,2014/15,1,427.419636,427.419636
RPA28,non_elective,2018/19,4,2980.879840,745.219960
RPA28,non_elective,2019/20,2,1898.946560,949.473280
RPA28,non_elective,2020/21,2,1702.905760,851.452880
RPA28,non_elective,2022/23,1,990.800800,990.800800
RPA44,elective,2015/16,2,9265.841920,4632.920960
RPA44,elective,2016/17,62,290018.012154,4677.709873
RPA44,elective,2017/18,46,196498.581760,4271.708299
RPA44,elective,2020/21,113,459923.627603,4070.120598
RPA44,elective,2022/23,4,11183.862720,2795.965680
RPA44,elective,2023/24,74,249522.849600,3371.930400
RPA44,non_elective,2022/23,1,647.464480,647.464480
RPA81,elective,2014/15,129,640025.553128,4961.438396
RPA81,elective,2015/16,131,696805.300160,5319.124428
RPA81,elective,2016/17,123,627677.848926,5103.071942
RPA81,elective,2017/18,160,921526.339360,5759.539621
RPA81,elective,2018/19,19,135512.938080,7132.259898
RPA81,elective,2019/20,1,2696.885600,2696.885600
RPA81,elective,2020/21,46,94404.771840,2052.277648
RPA81,elective,2021/22,24,130823.854080,5450.993920
RPA81,elective,2022/23,15,94252.177920,6283.478528
RPA82,elective,2015/16,7,2950.149120,421.449874
RPA82,elective,2016/17,5,14025.924480,2805.184896
RPA82,elective,2017/18,10,13643.380000,1364.338000
RPA82,elective,2018/19,7,15134.349760,2162.049965
RPA82,elective,2019/20,11,17655.328480,1605.029861
RPA82,elective,2020/21,6,18546.519360,3091.086560
RPA82,elective,2021/22,4,4344.688000,1086.172000
RPA82,elective,2022/23,4,12484.090080,3121.022520
RPA82,elective,2023/24,4,10133.719840,2533.429960
RPA82,non_elective,2021/22,1,922.981280,922.981280
RPA83,elective,2015/16,10,41718.541920,4171.854192
RPA86,elective,2016/17,1,3086.847840,3086.847840
RPA88,elective,2016/17,147,889155.043978,6048.673768
RPA88,elective,2017/18,186,1138896.791675,6123.101030
RPA88,elective,2018/19,9,59220.216800,6580.024088
RPA89,elective,2015/16,1,4326.673440,4326.673440
RPA90,elective,2016/17,66,474360.453600,7187.279600
RPA90,elective,2017/18,53,381583.350240,7199.685853
RPAPH,elective,2013/14,39,161035.855848,4129.124508
RPC00,elective,2013/14,8,4767.110978,595.888872
RPC00,elective,2014/15,5,4378.518858,875.703771
RPC00,elective,2021/22,5,21971.457816,4394.291563
RPC00,elective,2022/23,1,581.495686,581.495686
RPC00,non_elective,2013/14,3,3685.910550,1228.636850
RPC00,non_elective,2014/15,4,4128.219816,1032.054954
RPC04,elective,2012/13,543,78737.906856,145.005353
RPC04,elective,2013/14,4122,9428214.254246,2287.291182
RPC04,elective,2014/15,3925,8823556.605364,2248.039899
RPC04,elective,2015/16,3870,10948679.191392,2829.116070
RPC04,elective,2016/17,3976,11384876.042324,2863.399407
RPC04,elective,2017/18,3493,10739249.315580,3074.505959
RPC04,elective,2018/19,3678,11840832.603051,3219.367211
RPC04,elective,2019/20,3491,10872551.959489,3114.452007
RPC04,elective,2020/21,1814,6785733.049597,3740.756918
RPC04,elective,2021/22,2552,10750900.586837,4212.735339
RPC04,elective,2022/23,2595,9477709.156745,3652.296399
RPC04,elective,2023/24,1963,6521720.162500,3322.323057
RPC04,non_elective,2012/13,309,32337.721892,104.652821
RPC04,non_elective,2013/14,4221,9320033.956753,2208.015625
RPC04,non_elective,2014/15,3942,9160808.634969,2323.898689
RPC04,non_elective,2015/16,4058,11041134.562749,2720.831582
RPC04,non_elective,2016/17,4233,11794283.905823,2786.270707
RPC04,non_elective,2017/18,4219,11702384.813988,2773.734253
RPC04,non_elective,2018/19,4082,10924248.428350,2676.200006
RPC04,non_elective,2019/20,3949,10726905.761821,2716.360030
RPC04,non_elective,2020/21,5680,12317807.249705,2168.628036
RPC04,non_elective,2021/22,6022,13106312.341124,2176.405237
RPC04,non_elective,2022/23,6478,13279600.908987,2049.953829
RPC04,non_elective,2023/24,4206,8924526.203868,2121.855968
RPC11,elective,2015/16,19,26379.151882,1388.376414
RPC11,elective,2016/17,23,16593.163144,721.441875
RPC11,elective,2017/18,30,27868.559048,928.951968
RPC11,elective,2018/19,47,56372.656132,1199.418215
RPC11,elective,2019/20,29,39149.359187,1349.977903
RPC11,elective,2020/21,12,10988.971449,915.747620
RPC11,elective,2021/22,62,56599.634002,912.897322
RPC11,elective,2022/23,98,101048.386030,1031.105979
RPC11,elective,2023/24,8,17178.982218,2147.372777
RPC11,non_elective,2015/16,6,9226.109992,1537.684998
RPC11,non_elective,2016/17,1,678.771916,678.771916
RPC11,non_elective,2017/18,1,1575.874926,1575.874926
RPC11,non_elective,2018/19,7,10501.509452,1500.215636
RPC11,non_elective,2019/20,15,23295.495391,1553.033026
RPC11,non_elective,2020/21,7,9844.354476,1406.336353
RPC11,non_elective,2021/22,36,53709.449124,1491.929142
RPC11,non_elective,2022/23,29,43797.001287,1510.241423
RPC12,elective,2013/14,8,6513.489682,814.186210
RPC12,elective,2014/15,5,5005.980840,1001.196168
RPC12,elective,2016/17,3,2505.403346,835.134448
RPC12,elective,2017/18,2,1271.076072,635.538036
RPC12,elective,2018/19,3,2479.463018,826.487672
RPC12,elective,2019/20,3,2625.377363,875.125787
RPC12,elective,2023/24,1,635.538036,635.538036
RPC12,non_elective,2013/14,1,937.192760,937.192760
RPC12,non_elective,2014/15,1,2136.113742,2136.113742
RPC12,non_elective,2015/16,1,3748.377396,3748.377396
RPC12,non_elective,2016/17,1,2479.463018,2479.463018
RPC12,non_elective,2019/20,5,17151.636789,3430.327357
RPC12,non_elective,2020/21,2,4669.259040,2334.629520
RPC12,non_elective,2022/23,1,810.635250,810.635250
RPY00,elective,2020/21,567,3463031.356811,6107.639077
RPY00,elective,2021/22,26,212153.781217,8159.760816
RPY00,elective,2022/23,68,824029.879722,12118.086466
RPY00,elective,2023/24,3493,17042222.729732,4878.964423
RPY00,non_elective,2020/21,1,9460.928630,9460.928630
RPY00,non_elective,2022/23,29,590735.537214,20370.190938
RPY00,non_elective,2023/24,453,3595961.540698,7938.104946
RPY01,elective,2012/13,688,131786.349723,191.549926
RPY01,elective,2013/14,2722,8997187.303225,3305.359038
RPY01,elective,2014/15,2602,9397101.693379,3611.491811
RPY01,elective,2015/16,2652,13472888.861068,5080.274834
RPY01,elective,2016/17,2611,13695556.369225,5245.329900
RPY01,elective,2017/18,2326,13199034.748694,5674.563520
RPY01,elective,2018/19,2516,14973669.078532,5951.378807
RPY01,elective,2019/20,2470,14433150.021839,5843.380575
RPY01,elective,2020/21,2389,16004042.017529,6699.054841
RPY01,elective,2021/22,2479,15608520.442814,6296.297072
RPY01,elective,2022/23,2449,15547079.726817,6348.337985
RPY01,non_elective,2012/13,120,134032.976910,1116.941474
RPY01,non_elective,2013/14,805,3097729.914825,3848.111695
RPY01,non_elective,2014/15,698,2719874.358619,3896.668135
RPY01,non_elective,2015/16,681,3513530.576718,5159.369422
RPY01,non_elective,2016/17,691,3352991.820559,4852.376006
RPY01,non_elective,2017/18,807,4089029.015879,5066.950453
RPY01,non_elective,2018/19,728,3710553.535905,5096.914197
RPY01,non_elective,2019/20,768,3815532.985747,4968.141908
RPY01,non_elective,2020/21,766,4452752.250158,5812.992493
RPY01,non_elective,2021/22,574,3635687.185751,6333.949800
RPY01,non_elective,2022/23,408,2516562.536000,6168.045431
RPY02,elective,2012/13,502,127799.223678,254.580126
RPY02,elective,2013/14,2624,6647205.847024,2533.233935
RPY02,elective,2014/15,2377,6516887.695433,2741.643961
RPY02,elective,2015/16,2276,7770462.758237,3414.087327
RPY02,elective,2016/17,2165,7531861.550622,3478.919884
RPY02,elective,2017/18,2078,8346344.591749,4016.527714
RPY02,elective,2018/19,1888,8005817.042415,4240.369196
RPY02,elective,2019/20,2090,8816371.501677,4218.359570
RPY02,elective,2020/21,1904,7357882.240670,3864.433949
RPY02,elective,2021/22,2041,7316977.283214,3584.996219
RPY02,elective,2022/23,1881,6851307.457546,3642.375043
RPY02,non_elective,2012/13,185,184002.529200,994.608265
RPY02,non_elective,2013/14,1107,4091182.145484,3695.738162
RPY02,non_elective,2014/15,1152,4215271.543204,3659.089881
RPY02,non_elective,2015/16,1087,5531310.659452,5088.602262
RPY02,non_elective,2016/17,972,5135357.870823,5283.289990
RPY02,non_elective,2017/18,1029,5743804.251626,5581.928330
RPY02,non_elective,2018/19,1025,5418352.349717,5286.197414
RPY02,non_elective,2019/20,1164,5898033.968609,5067.039491
RPY02,non_elective,2020/21,1217,6967368.836303,5725.036019
RPY02,non_elective,2021/22,974,6264831.619769,6432.065318
RPY02,non_elective,2022/23,791,5672785.019063,7171.662476
RQ301,elective,2012/13,1151,293284.385667,254.808328
RQ301,elective,2013/14,5111,18162517.394116,3553.613264
RQ301,elective,2014/15,5016,20240664.853364,4035.220265
RQ301,elective,2015/16,4690,24032642.510598,5124.230812
RQ301,elective,2016/17,5054,24395894.645804,4827.046823
RQ301,elective,2017/18,5265,27804088.044990,5280.928403
RQ301,elective,2018/19,4666,26334705.060058,5643.957363
RQ301,elective,2019/20,4865,28639087.548148,5886.760030
RQ301,elective,2020/21,4025,22958647.715348,5704.011854
RQ301,elective,2021/22,5403,32250711.772426,5969.037899
RQ301,elective,2022/23,5083,30258215.488604,5952.826183
RQ301,elective,2023/24,3693,21712321.799552,5879.318115
RQ301,non_elective,2012/13,2671,449827.616862,168.411687
RQ301,non_elective,2013/14,13190,17931131.950073,1359.448972
RQ301,non_elective,2014/15,14159,23448553.068759,1656.088217
RQ301,non_elective,2015/16,14660,32033403.117288,2185.088889
RQ301,non_elective,2016/17,14917,32061583.152438,2149.331846
RQ301,non_elective,2017/18,14406,31345437.144326,2175.859860
RQ301,non_elective,2018/19,16054,33113482.489566,2062.631275
RQ301,non_elective,2019/20,14701,33408870.803162,2272.557703
RQ301,non_elective,2020/21,9983,28164001.697436,2821.196203
RQ301,non_elective,2021/22,13222,32761093.830050,2477.771428
RQ301,non_elective,2022/23,12077,35519872.625276,2941.117216
RQ301,non_elective,2023/24,8312,21600995.140860,2598.772273
RQ370,elective,2016/17,6,22799.803200,3799.967200
RQ370,elective,2017/18,1146,3456918.248180,3016.508069
RQ370,elective,2018/19,1487,3722168.443748,2503.139504
RQ370,elective,2019/20,1458,3777971.161086,2591.201070
RQ370,elective,2020/21,1052,2838180.628600,2697.890331
RQ370,elective,2021/22,1298,3663739.318540,2822.603481
RQ370,elective,2022/23,1161,3491455.854694,3007.283251
RQ370,elective,2023/24,742,2226060.419376,3000.081427
RQ370,non_elective,2016/17,6,18337.879200,3056.313200
RQ370,non_elective,2017/18,1374,2166850.499364,1577.038209
RQ370,non_elective,2018/19,1324,2276175.890876,1719.166080
RQ370,non_elective,2019/20,1186,2181494.450140,1839.371374
RQ370,non_elective,2020/21,761,1258110.527416,1653.233281
RQ370,non_elective,2021/22,727,1167965.847410,1606.555498
RQ370,non_elective,2022/23,800,1357817.948474,1697.272435
RQ370,non_elective,2023/24,523,942408.414520,1801.928134
RQ600,elective,2014/15,3,3623.878911,1207.959637
RQ600,elective,2016/17,4,9379.485468,2344.871367
RQ600,elective,2017/18,5,13261.654088,2652.330817
RQ600,elective,2020/21,7,30282.544916,4326.077845
RQ600,non_elective,2013/14,1,711.851969,711.851969
RQ601,elective,2012/13,292,49836.933531,170.674429
RQ601,elective,2013/14,3677,12785589.098992,3477.179521
RQ601,elective,2014/15,3281,10854182.408024,3308.193358
RQ601,elective,2015/16,3224,14526931.211241,4505.871963
RQ601,elective,2016/17,3453,14889482.994215,4312.042570
RQ601,elective,2017/18,3059,13365620.909558,4369.277839
RQ601,elective,2018/19,2838,13746056.898765,4843.571845
RQ601,elective,2019/20,1322,6274977.659067,4746.579167
RQ601,non_elective,2012/13,10,10915.410939,1091.541093
RQ601,non_elective,2013/14,273,141517.839026,518.380362
RQ601,non_elective,2014/15,266,130590.293590,490.940953
RQ601,non_elective,2015/16,141,104621.330270,741.995250
RQ601,non_elective,2016/17,342,205497.509636,600.869911
RQ601,non_elective,2017/18,605,294212.318314,486.301352
RQ601,non_elective,2018/19,197,353372.187667,1793.767450
RQ601,non_elective,2019/20,151,142407.079496,943.093241
RQ608,elective,2016/17,1,1636.946501,1636.946501
RQ614,elective,2013/14,3,2092.823944,697.607981
RQ617,elective,2012/13,1035,260675.396730,251.860286
RQ617,elective,2013/14,6387,18349223.519453,2872.901756
RQ617,elective,2014/15,6480,18800736.601455,2901.348240
RQ617,elective,2015/16,6228,24299130.348541,3901.594468
RQ617,elective,2016/17,6009,24335320.806725,4049.812082
RQ617,elective,2017/18,5220,21612291.816407,4140.285788
RQ617,elective,2018/19,5149,22391363.754224,4348.682026
RQ617,elective,2019/20,2459,10803799.147646,4393.574277
RQ617,non_elective,2012/13,8036,921523.120039,114.674355
RQ617,non_elective,2013/14,39549,65262721.549817,1650.173747
RQ617,non_elective,2014/15,42851,67574104.285686,1576.955130
RQ617,non_elective,2015/16,41320,86812541.642519,2100.981162
RQ617,non_elective,2016/17,37149,81300359.223505,2188.493882
RQ617,non_elective,2017/18,40738,87089506.367961,2137.795335
RQ617,non_elective,2018/19,43436,94660282.240958,2179.304775
RQ617,non_elective,2019/20,22739,44548253.180758,1959.112238
RQ800,elective,2013/14,96,360738.607248,3757.693825
RQ800,elective,2014/15,442,1501286.895933,3396.576687
RQ800,elective,2015/16,30,52834.218188,1761.140606
RQ800,elective,2016/17,24,46375.716968,1932.321540
RQ800,elective,2017/18,15,31710.483712,2114.032247
RQ800,elective,2018/19,4,11325.636394,2831.409098
RQ800,elective,2019/20,2,2241.543472,1120.771736
RQ800,non_elective,2013/14,2,2523.816008,1261.908004
RQ800,non_elective,2014/15,1,1256.411889,1256.411889
RQ800,non_elective,2015/16,2,1510.229096,755.114548
RQ800,non_elective,2016/17,2,2189.615824,1094.807912
RQ800,non_elective,2017/18,10,11362.418478,1136.241847
RQ800,non_elective,2018/19,1,577.695084,577.695084
RQ800,non_elective,2019/20,4,6757.085196,1689.271299
RQ8DD,elective,2015/16,9,22088.723268,2454.302585
RQ8DD,elective,2016/17,53,153892.993978,2903.641395
RQ8L0,elective,2012/13,1443,222913.630616,154.479300
RQ8L0,elective,2013/14,10113,28234966.116889,2791.947603
RQ8L0,elective,2014/15,9484,25746522.467197,2714.732440
RQ8L0,elective,2015/16,9715,36594828.346816,3766.837709
RQ8L0,elective,2016/17,9507,34439514.012254,3622.542759
RQ8L0,elective,2017/18,8106,32035100.262030,3952.023225
RQ8L0,elective,2018/19,6385,25873489.354533,4052.230126
RQ8L0,elective,2019/20,5577,23191001.220990,4158.329069
RQ8L0,non_elective,2012/13,3774,924712.247184,245.021793
RQ8L0,non_elective,2013/14,32674,60194715.366613,1842.281794
RQ8L0,non_elective,2014/15,33784,63775362.458975,1887.738647
RQ8L0,non_elective,2015/16,34437,80421595.121426,2335.325235
RQ8L0,non_elective,2016/17,35625,82781806.921751,2323.699843
RQ8L0,non_elective,2017/18,38295,84225497.963434,2199.386289
RQ8L0,non_elective,2018/19,38692,89154710.314695,2304.215608
RQ8L0,non_elective,2019/20,38599,86974667.266057,2253.288097
RQ8LJ,elective,2013/14,119,162373.923891,1364.486755
RQ8LJ,elective,2014/15,82,109561.754856,1336.118961
RQ8LJ,elective,2015/16,78,167300.063596,2144.872610
RQ8LJ,elective,2016/17,58,150875.781264,2601.306573
RQ8LJ,elective,2017/18,12,34695.241646,2891.270137
RQ8LJ,non_elective,2013/14,3,2327.055091,775.685030
RQ8LJ,non_elective,2014/15,1,999.193707,999.193707
RQ8LJ,non_elective,2016/17,2,1895.359152,947.679576
RQ8LJ,non_elective,2018/19,1,2971.776022,2971.776022
RQ8LJ,non_elective,2019/20,5,4716.761360,943.352272
RQ8LK,elective,2013/14,35,43946.935540,1255.626729
RQ8LK,elective,2014/15,17,11517.658594,677.509329
RQ8LK,elective,2015/16,9,9923.589898,1102.621099
RQ8LK,elective,2016/17,2,2799.765688,1399.882844
RQ8LK,non_elective,2014/15,1,999.193707,999.193707
RQ8LK,non_elective,2015/16,3,2720.792390,906.930796
RQ8LK,non_elective,2016/17,3,2112.806178,704.268726
RQ8LK,non_elective,2017/18,3,2821.402208,940.467402
RQ8LK,non_elective,2018/19,1,1191.090426,1191.090426
RQ8LK,non_elective,2019/20,9,9591.469316,1065.718812
RQ8LM,elective,2015/16,1,1795.831160,1795.831160
RQ8MM,elective,2016/17,2,1860.740720,930.370360
RQ8NF,elective,2013/14,2,7574.745693,3787.372846
RQ8NF,elective,2014/15,1,3619.741339,3619.741339
RQ8NH,elective,2018/19,6,80559.254916,13426.542486
RQ8NH,elective,2019/20,3,33077.911776,11025.970592
RQ8PH,elective,2013/14,6,28113.727448,4685.621241
RQ8PH,elective,2014/15,7,26862.811674,3837.544524
RQ8PH,elective,2015/16,22,93624.467518,4255.657614
RQ8PH,elective,2016/17,54,329690.800804,6105.385200
RQ8PH,elective,2017/18,112,821557.055442,7335.330852
RQ8PH,elective,2018/19,14,96947.836990,6924.845499
RQ8PH,elective,2019/20,1,4238.594268,4238.594268
RQ8PH,non_elective,2019/20,1,2478.463366,2478.463366
RQ8RR,elective,2013/14,2,3995.675605,1997.837802
RQ8RR,elective,2014/15,8,8760.807310,1095.100913
RQ8RR,elective,2015/16,21,36427.158526,1734.626596
RQ8RR,elective,2016/17,30,53033.274172,1767.775805
RQ8RR,elective,2017/18,46,86053.849170,1870.735851
RQ8RR,elective,2018/19,366,2234946.497052,6106.411194
RQ8RR,elective,2019/20,435,2908033.752254,6685.135062
RQ8RR,non_elective,2018/19,2,6413.064528,3206.532264
RQM01,elective,2012/13,712,227438.354429,319.435891
RQM01,elective,2013/14,5120,17568473.057846,3431.342394
RQM01,elective,2014/15,5674,19022031.435063,3352.490559
RQM01,elective,2015/16,5385,20249528.796508,3760.358179
RQM01,elective,2016/17,5571,21119604.752717,3790.989903
RQM01,elective,2017/18,5442,21595565.140279,3968.314064
RQM01,elective,2018/19,5113,20766118.759444,4061.435313
RQM01,elective,2019/20,4675,19686923.154559,4211.106557
RQM01,elective,2020/21,2610,11593869.346711,4442.095535
RQM01,elective,2021/22,4584,20268877.927724,4421.657488
RQM01,elective,2022/23,6997,22998549.355716,3286.915728
RQM01,elective,2023/24,3496,15064418.636780,4309.044232
RQM01,non_elective,2012/13,3751,560983.815888,149.555802
RQM01,non_elective,2013/14,18008,36674896.384808,2036.589092
RQM01,non_elective,2014/15,17285,37738803.724587,2183.326799
RQM01,non_elective,2015/16,16937,43605483.053075,2574.569466
RQM01,non_elective,2016/17,20829,48955585.679247,2350.356986
RQM01,non_elective,2017/18,20697,54003225.951476,2609.229644
RQM01,non_elective,2018/19,21900,57693552.220028,2634.408777
RQM01,non_elective,2019/20,23037,60561876.492701,2628.895971
RQM01,non_elective,2020/21,16376,51665559.818058,3154.956022
RQM01,non_elective,2021/22,24305,66556542.330850,2738.388904
RQM01,non_elective,2022/23,26418,74655807.512417,2825.944716
RQM01,non_elective,2023/24,17904,47960511.814604,2678.759596
RQM91,elective,2015/16,19,544614.516290,28663.921910
RQM91,elective,2016/17,2302,9074035.174103,3941.805027
RQM91,elective,2017/18,1985,8299417.472835,4181.066736
RQM91,elective,2018/19,1637,7563480.526734,4620.330193
RQM91,elective,2019/20,1557,7365139.865108,4730.340311
RQM91,elective,2020/21,228,1009962.141041,4429.658513
RQM91,elective,2021/22,1349,6515588.218857,4829.939376
RQM91,elective,2022/23,2191,7613226.611390,3474.772529
RQM91,elective,2023/24,1251,4783097.099081,3823.418944
RQM91,non_elective,2015/16,187,914179.768176,4888.661861
RQM91,non_elective,2016/17,32905,61160542.392946,1858.700574
RQM91,non_elective,2017/18,35597,69110445.113542,1941.468244
RQM91,non_elective,2018/19,39730,74220965.855743,1868.134051
RQM91,non_elective,2019/20,39397,81677693.912157,2073.195774
RQM91,non_elective,2020/21,29261,66577664.846070,2275.303812
RQM91,non_elective,2021/22,36653,81088526.177896,2212.329855
RQM91,non_elective,2022/23,35554,85263069.552439,2398.128749
RQM91,non_elective,2023/24,25681,55678253.219291,2168.071851
RQQ00,elective,2013/14,7,36548.755445,5221.250777
RQQ00,non_elective,2013/14,102,361219.520115,3541.367844
RQQ00,non_elective,2014/15,7,5018.422360,716.917480
RQQ00,non_elective,2015/16,13,29215.467005,2247.343615
RQQ00,non_elective,2016/17,8,14326.472955,1790.809119
RQQ00,non_elective,2017/18,1,324.988195,324.988195
RQQ12,elective,2013/14,5,13327.755080,2665.551016
RQQ31,elective,2012/13,180,96213.780840,534.521004
RQQ31,elective,2013/14,1868,7863532.873543,4209.600039
RQQ31,elective,2014/15,1911,8214617.555820,4298.596313
RQQ31,elective,2015/16,1817,8686756.335065,4780.823519
RQQ31,elective,2016/17,2401,9991565.334846,4161.418298
RQQ31,non_elective,2012/13,1432,416451.317840,290.817959
RQQ31,non_elective,2013/14,11376,21589331.292201,1897.796351
RQQ31,non_elective,2014/15,12256,23289797.580269,1900.277217
RQQ31,non_elective,2015/16,13897,28592800.733442,2057.480084
RQQ31,non_elective,2016/17,12535,28104208.017822,2242.058876
RQQTC,elective,2013/14,1746,3008124.203465,1722.866095
RQQTC,elective,2014/15,1926,3378146.300349,1753.970041
RQQTC,elective,2015/16,2056,4284965.050000,2084.126969
RQQTC,elective,2016/17,2108,4156007.840000,1971.540721
RQQTC,non_elective,2013/14,496,752813.019970,1517.768185
RQQTC,non_elective,2014/15,559,785491.988977,1405.173504
RQQTC,non_elective,2015/16,482,813976.000000,1688.746887
RQQTC,non_elective,2016/17,751,1358178.000000,1808.492676
RQWG0,elective,2012/13,300,152311.021684,507.703405
RQWG0,elective,2013/14,4786,15027452.233090,3139.877190
RQWG0,elective,2014/15,4960,15686526.477884,3162.606144
RQWG0,elective,2015/16,5079,18582987.762638,3658.788691
RQWG0,elective,2016/17,5198,18078303.777120,3477.934547
RQWG0,elective,2017/18,3871,13932359.724178,3599.162935
RQWG0,elective,2018/19,3853,14563911.778182,3779.888860
RQWG0,elective,2019/20,3791,13966858.873091,3684.214949
RQWG0,elective,2020/21,2001,6172713.343388,3084.814264
RQWG0,elective,2021/22,2916,9407423.160322,3226.139629
RQWG0,elective,2022/23,2712,10703704.631242,3946.793743
RQWG0,elective,2023/24,1920,7936363.052031,4133.522422
RQWG0,non_elective,2012/13,3957,630428.896775,159.319913
RQWG0,non_elective,2013/14,26848,51056432.576124,1901.684765
RQWG0,non_elective,2014/15,29173,54618030.827086,1872.211662
RQWG0,non_elective,2015/16,27364,65920000.154073,2409.004537
RQWG0,non_elective,2016/17,24251,62205683.522913,2565.077049
RQWG0,non_elective,2017/18,27118,67604355.193031,2492.969805
RQWG0,non_elective,2018/19,33851,73298591.485964,2165.330167
RQWG0,non_elective,2019/20,35842,81294916.473617,2268.146768
RQWG0,non_elective,2020/21,29865,63148764.297284,2114.473942
RQWG0,non_elective,2021/22,31979,77251244.308256,2415.686679
RQWG0,non_elective,2022/23,27578,75902749.994798,2752.293494
RQWG0,non_elective,2023/24,19208,53660329.960933,2793.644833
RQWG1,non_elective,2018/19,1,7289.476590,7289.476590
RQWG4,elective,2013/14,14,72500.332369,5178.595169
RQWG4,elective,2014/15,25,107596.504845,4303.860193
RQX00,elective,2012/13,77,71368.073945,926.858103
RQX00,elective,2013/14,579,1943156.972505,3356.056947
RQX00,elective,2014/15,4,17227.690725,4306.922681
RQX00,elective,2015/16,2,8461.953038,4230.976519
RQX00,elective,2016/17,63,420973.395383,6682.117387
RQX00,elective,2017/18,34,244633.215149,7195.094563
RQX00,elective,2018/19,8,112100.418486,14012.552310
RQX00,elective,2020/21,1,687.431388,687.431388
RQX00,non_elective,2012/13,315,69245.795990,219.827923
RQX00,non_elective,2013/14,3991,6147041.311565,1540.225836
RQX00,non_elective,2014/15,138,133119.010990,964.630514
RQX00,non_elective,2015/16,1052,1643540.891416,1562.301227
RQX00,non_elective,2016/17,2192,4578347.991827,2088.662405
RQX00,non_elective,2017/18,606,1737292.269707,2866.818926
RQX00,non_elective,2018/19,138,280359.772608,2031.592555
RQX00,non_elective,2019/20,2,3791.394543,1895.697271
RQX00,non_elective,2020/21,5,19646.742305,3929.348461
RQX00,non_elective,2021/22,490,962824.819560,1964.948611
RQX00,non_elective,2022/23,877,1581141.294642,1802.897713
RQX00,non_elective,2023/24,666,1125999.753433,1690.690320
RQXM1,elective,2012/13,321,303934.065225,946.835094
RQXM1,elective,2013/14,2529,9144769.166820,3615.962501
RQXM1,elective,2014/15,2705,10393736.193816,3842.416337
RQXM1,elective,2015/16,2677,12507474.293763,4672.198092
RQXM1,elective,2016/17,2829,12090767.579244,4273.866235
RQXM1,elective,2017/18,3080,13518065.259937,4388.982227
RQXM1,elective,2018/19,3171,13490897.106348,4254.461402
RQXM1,elective,2019/20,3247,11990913.575570,3692.920719
RQXM1,elective,2020/21,1257,4806895.546317,3824.101468
RQXM1,elective,2021/22,2115,9348725.627909,4420.201242
RQXM1,elective,2022/23,1975,8815098.700666,4463.341114
RQXM1,elective,2023/24,1478,6627605.510576,4484.171522
RQXM1,non_elective,2012/13,2300,413446.500075,179.759347
RQXM1,non_elective,2013/14,15057,25002299.889840,1660.510054
RQXM1,non_elective,2014/15,19103,32401459.170432,1696.145064
RQXM1,non_elective,2015/16,20432,40574914.003181,1985.851311
RQXM1,non_elective,2016/17,20587,38268774.598106,1858.880584
RQXM1,non_elective,2017/18,22652,47873902.652330,2113.451467
RQXM1,non_elective,2018/19,24242,53309818.962485,2199.068515
RQXM1,non_elective,2019/20,23870,52194204.333235,2186.602611
RQXM1,non_elective,2020/21,17411,39971304.818679,2295.750090
RQXM1,non_elective,2021/22,21056,46910440.672725,2227.889469
RQXM1,non_elective,2022/23,22490,51497623.560809,2289.800958
RQXM1,non_elective,2023/24,15197,33683759.223276,2216.474253
RR101,elective,2012/13,1106,321602.578515,290.779908
RR101,elective,2013/14,7831,19983586.346276,2551.856256
RR101,elective,2014/15,6915,18868197.799745,2728.589703
RR101,elective,2015/16,6273,23475014.044390,3742.230837
RR101,elective,2016/17,6282,24650811.721411,3924.038796
RR101,elective,2017/18,5780,21874473.625265,3784.511007
RR101,elective,2018/19,5896,23327013.359573,3956.413392
RR101,elective,2019/20,5101,20923137.736062,4101.771757
RR101,non_elective,2012/13,7336,856030.161405,116.688953
RR101,non_elective,2013/14,48126,71971791.500335,1495.486670
RR101,non_elective,2014/15,51729,80558648.010090,1557.320806
RR101,non_elective,2015/16,55354,105912415.208142,1913.365162
RR101,non_elective,2016/17,57255,110977126.786342,1938.295813
RR101,non_elective,2017/18,61172,117023273.683649,1913.020232
RR101,non_elective,2018/19,65193,122323901.393693,1876.334903
RR101,non_elective,2019/20,64340,128332644.769850,1994.601255
RR105,elective,2012/13,557,118669.019445,213.050304
RR105,elective,2013/14,5056,13639247.736325,2697.636023
RR105,elective,2014/15,4202,12896215.582980,3069.066059
RR105,elective,2015/16,3577,16489270.407099,4609.804419
RR105,elective,2016/17,3274,14366423.815803,4388.034152
RR105,elective,2017/18,2638,11454559.826914,4342.137917
RR105,elective,2018/19,3101,14170633.686697,4569.698060
RR105,elective,2019/20,2596,11305252.986655,4354.874031
RR105,non_elective,2012/13,4362,766621.105100,175.749909
RR105,non_elective,2013/14,29589,51212132.992745,1730.782824
RR105,non_elective,2014/15,32341,55545766.327355,1717.503055
RR105,non_elective,2015/16,34497,68979932.910198,1999.592222
RR105,non_elective,2016/17,37330,75489546.115628,2022.221969
RR105,non_elective,2017/18,38979,79438312.482064,2037.977179
RR105,non_elective,2018/19,44971,84656752.184612,1882.474309
RR105,non_elective,2019/20,42423,85393487.948876,2012.905451
RR109,elective,2012/13,488,122044.846255,250.091898
RR109,elective,2013/14,3828,13193714.128645,3446.633784
RR109,elective,2014/15,3694,13684715.486677,3704.579178
RR109,elective,2015/16,3377,15536790.104222,4600.766983
RR109,elective,2016/17,3315,15414329.983014,4649.873298
RR109,elective,2017/18,2763,11994352.016098,4341.061171
RR109,elective,2018/19,3010,13823230.517770,4592.435387
RR109,elective,2019/20,2866,13343428.806120,4655.767203
RR109,non_elective,2012/13,3398,222867.512160,65.587849
RR109,non_elective,2013/14,13586,20028696.540130,1474.215850
RR109,non_elective,2014/15,16272,22506541.396614,1383.145366
RR109,non_elective,2015/16,14426,23865311.939414,1654.326350
RR109,non_elective,2016/17,15854,24628059.896935,1553.428781
RR109,non_elective,2017/18,16096,26106678.124177,1621.935768
RR109,non_elective,2018/19,16773,25569313.131364,1524.432905
RR109,non_elective,2019/20,16166,25792425.962698,1595.473584
RR700,non_elective,2013/14,1,465.782754,465.782754
RR738,elective,2017/18,1,1247.309140,1247.309140
RR738,elective,2018/19,2,5288.178420,2644.089210
RR738,elective,2019/20,3,6535.487560,2178.495853
RR738,elective,2020/21,5,8839.401550,1767.880310
RR738,non_elective,2016/17,1,1377.194224,1377.194224
RR738,non_elective,2017/18,5,4521.237924,904.247584
RR739,elective,2020/21,65,417403.241612,6421.588332
RR739,non_elective,2020/21,1,890.640576,890.640576
RR7DH,elective,2013/14,12,23507.119916,1958.926659
RR7DH,elective,2014/15,2,4416.196310,2208.098155
RR7DH,non_elective,2015/16,1,6401.479140,6401.479140
RR7DH,non_elective,2018/19,1,1359.670046,1359.670046
RR7EN,elective,2012/13,411,87399.558218,212.650993
RR7EN,elective,2013/14,5498,16883922.148319,3070.920725
RR7EN,elective,2014/15,5323,16374628.801512,3076.203043
RR7EN,elective,2015/16,5512,21951763.923207,3982.540624
RR7EN,elective,2016/17,5295,22343795.360971,4219.791380
RR7EN,elective,2017/18,4819,21304667.404614,4420.972692
RR7EN,elective,2018/19,4363,18762796.797047,4300.434746
RR7EN,elective,2019/20,3769,16106047.141566,4273.294545
RR7EN,elective,2020/21,1924,8519538.326394,4428.034473
RR7EN,elective,2021/22,3017,12930230.014260,4285.790525
RR7EN,elective,2022/23,3022,13762304.034873,4554.038396
RR7EN,elective,2023/24,1955,8777688.662463,4489.866323
RR7EN,non_elective,2012/13,2173,575871.998824,265.012424
RR7EN,non_elective,2013/14,24347,42213967.083152,1733.846760
RR7EN,non_elective,2014/15,23401,42255900.050248,1805.730526
RR7EN,non_elective,2015/16,25256,52964440.397598,2097.103278
RR7EN,non_elective,2016/17,25535,57593611.125525,2255.477232
RR7EN,non_elective,2017/18,24716,63838847.488038,2582.895593
RR7EN,non_elective,2018/19,24996,62310535.659190,2492.820277
RR7EN,non_elective,2019/20,24938,61310477.342267,2458.516213
RR7EN,non_elective,2020/21,22235,48459174.308369,2179.409683
RR7EN,non_elective,2021/22,26834,56437422.443564,2103.205725
RR7EN,non_elective,2022/23,29203,60303274.912776,2064.968493
RR7EN,non_elective,2023/24,19353,40490282.280266,2092.196676
RR801,elective,2012/13,2136,486274.721971,227.656705
RR801,elective,2013/14,10754,45268922.639764,4209.496246
RR801,elective,2014/15,10314,43307890.040583,4198.942218
RR801,elective,2015/16,10534,56724408.727172,5384.887860
RR801,elective,2016/17,10190,55999555.755378,5495.540309
RR801,elective,2017/18,10078,55959997.924518,5552.688819
RR801,elective,2018/19,9247,55651795.619557,6018.362238
RR801,elective,2019/20,8895,55606477.122256,6251.430817
RR801,elective,2020/21,6499,42540903.515500,6545.761427
RR801,elective,2021/22,8259,50888109.077982,6161.533972
RR801,elective,2022/23,8337,54836058.643916,6577.432966
RR801,elective,2023/24,5929,39237868.154912,6617.957185
RR801,non_elective,2012/13,7170,2025331.968316,282.473077
RR801,non_elective,2013/14,29459,67925465.059137,2305.762757
RR801,non_elective,2014/15,28966,72393982.498083,2499.274407
RR801,non_elective,2015/16,32293,96089980.278865,2975.566849
RR801,non_elective,2016/17,33798,100552568.340261,2975.104099
RR801,non_elective,2017/18,32115,103754898.790857,3230.730150
RR801,non_elective,2018/19,32210,103270759.314128,3206.170733
RR801,non_elective,2019/20,31720,102876100.989530,3243.256651
RR801,non_elective,2020/21,21658,95028595.026197,4387.690231
RR801,non_elective,2021/22,23066,100114343.931507,4340.342665
RR801,non_elective,2022/23,21556,101328626.656498,4700.715654
RR801,non_elective,2023/24,14359,66877643.523839,4657.541856
RR802,elective,2013/14,5,3620.168583,724.033716
RR802,elective,2014/15,6,4324.945727,720.824287
RR802,elective,2015/16,5,4187.354028,837.470805
RR802,elective,2016/17,14,10854.758460,775.339890
RR802,elective,2017/18,8,6862.406304,857.800788
RR802,elective,2018/19,24,25057.740552,1044.072523
RR802,elective,2019/20,50,43401.400692,868.028013
RR802,elective,2020/21,14,11120.292924,794.306637
RR802,elective,2021/22,22,20992.781316,954.217332
RR802,elective,2022/23,15,13188.557460,879.237164
RR802,elective,2023/24,7,6904.933308,986.419044
RR807,elective,2013/14,91,113673.360448,1249.157807
RR807,elective,2014/15,106,125012.769860,1179.365753
RR807,elective,2015/16,101,165237.118176,1636.011071
RR807,elective,2016/17,245,425482.197888,1736.662032
RR807,elective,2017/18,244,469945.176324,1926.004821
RR807,elective,2018/19,156,346526.354812,2221.322787
RR807,elective,2019/20,67,87241.763046,1302.115866
RR807,elective,2020/21,95,83758.490244,881.668318
RR807,elective,2021/22,111,179746.107993,1619.334306
RR807,elective,2022/23,226,453205.738499,2005.335126
RR807,non_elective,2013/14,1,985.424316,985.424316
RR807,non_elective,2014/15,3,5672.989454,1890.996484
RR807,non_elective,2016/17,1,311.173200,311.173200
RR807,non_elective,2017/18,38,18629.939484,490.261565
RR807,non_elective,2018/19,36,42189.899700,1171.941658
RR807,non_elective,2019/20,25,78699.851256,3147.994050
RR807,non_elective,2020/21,26,51432.137893,1978.159149
RR808,elective,2020/21,544,3655832.747521,6720.280785
RR808,elective,2021/22,685,4808710.492682,7020.015317
RR808,elective,2022/23,599,5167375.776274,8626.670745
RR808,elective,2023/24,295,2558448.251286,8672.705936
RR808,non_elective,2020/21,4,12860.819473,3215.204868
RR808,non_elective,2021/22,1,15629.483020,15629.483020
RR809,elective,2020/21,246,747241.157485,3037.565680
RR809,elective,2021/22,18,107035.282848,5946.404602
RR809,elective,2022/23,19,119363.965032,6282.313949
RR809,elective,2023/24,13,51461.823816,3958.601832
RR809,non_elective,2020/21,1,311.173200,311.173200
RR813,elective,2012/13,2881,551843.265889,191.545736
RR813,elective,2013/14,12801,36749739.038166,2870.849077
RR813,elective,2014/15,12220,34803391.195764,2848.068019
RR813,elective,2015/16,12485,48938261.586297,3919.764644
RR813,elective,2016/17,11694,46546255.990020,3980.353684
RR813,elective,2017/18,10573,44023542.485232,4163.770215
RR813,elective,2018/19,11041,46367222.344172,4199.549166
RR813,elective,2019/20,10524,44333488.148435,4212.608147
RR813,elective,2020/21,6350,27725652.087588,4366.244423
RR813,elective,2021/22,8909,38932876.441591,4370.061335
RR813,elective,2022/23,9750,42110016.322168,4318.976033
RR813,elective,2023/24,6701,29147960.423828,4349.792631
RR813,non_elective,2012/13,10144,1353956.230772,133.473603
RR813,non_elective,2013/14,42665,85495890.927902,2003.888220
RR813,non_elective,2014/15,41066,85699880.132818,2086.881608
RR813,non_elective,2015/16,45076,118443576.505401,2627.641683
RR813,non_elective,2016/17,49138,124883407.280368,2541.483318
RR813,non_elective,2017/18,47255,127557773.668403,2699.349776
RR813,non_elective,2018/19,47583,126250092.141645,2653.260453
RR813,non_elective,2019/20,43887,128125196.619080,2919.433923
RR813,non_elective,2020/21,35940,111767426.892892,3109.833803
RR813,non_elective,2021/22,37679,121414923.380067,3222.349939
RR813,non_elective,2022/23,35043,121485926.092508,3466.767288
RR813,non_elective,2023/24,24620,83460992.763837,3389.967212
RR814,elective,2016/17,19,30264.705432,1592.879233
RR814,elective,2017/18,6,3559.821408,593.303568
RR814,elective,2018/19,4,2373.214272,593.303568
RR814,elective,2019/20,6,3559.821408,593.303568
RR814,elective,2022/23,2,1186.607136,593.303568
RR819,elective,2012/13,220,103192.755649,469.057980
RR819,elective,2013/14,2650,10133269.632729,3823.875333
RR819,elective,2014/15,2599,9922311.739439,3817.742108
RR819,elective,2015/16,2581,12259533.265129,4749.916026
RR819,elective,2016/17,2682,13398224.873055,4995.609572
RR819,elective,2017/18,2262,11598495.921355,5127.540195
RR819,elective,2018/19,2014,11146903.335842,5534.708706
RR819,elective,2019/20,2140,12094896.742344,5651.820907
RR819,elective,2020/21,726,3913403.594379,5390.363077
RR819,elective,2021/22,1758,11103359.998681,6315.904436
RR819,elective,2022/23,1186,7121098.587956,6004.298978
RR819,non_elective,2012/13,21,11991.421374,571.020065
RR819,non_elective,2013/14,252,367729.599450,1459.244442
RR819,non_elective,2014/15,218,472086.912731,2165.536296
RR819,non_elective,2015/16,277,568180.180275,2051.191986
RR819,non_elective,2016/17,199,347407.524708,1745.766455
RR819,non_elective,2017/18,266,597932.373074,2247.866064
RR819,non_elective,2018/19,294,611185.996850,2078.863934
RR819,non_elective,2019/20,328,667023.538204,2033.608348
RR819,non_elective,2020/21,151,95902.854169,635.118239
RR819,non_elective,2021/22,236,244181.759016,1034.668470
RR819,non_elective,2022/23,131,147111.528215,1122.988765
RRE00,elective,2022/23,1,4433.499081,4433.499081
RRE2I,elective,2018/19,37,266075.338716,7191.225370
RRE2I,elective,2019/20,336,1844485.819209,5489.541128
RRE2I,elective,2020/21,266,1340647.616088,5040.028631
RRE2I,elective,2021/22,197,963871.718733,4892.749841
RRE2I,elective,2022/23,100,385424.234811,3854.242348
RRE2I,elective,2023/24,53,195857.664057,3695.427623
RRE2I,non_elective,2018/19,7,74986.317252,10712.331036
RRE2I,non_elective,2019/20,511,1229784.594588,2406.623472
RRE2I,non_elective,2020/21,182,813576.202065,4470.198912
RRE2I,non_elective,2021/22,32,174428.914869,5450.903589
RRE2I,non_elective,2022/23,159,1201038.885981,7553.703685
RRE2I,non_elective,2023/24,485,1667691.485955,3438.539146
RRECO,elective,2020/21,2,5497.171020,2748.585510
RRECO,elective,2021/22,1,6841.832184,6841.832184
RRF01,elective,2012/13,12,104081.214367,8673.434530
RRF01,elective,2013/14,181,870629.924853,4810.110082
RRF01,elective,2014/15,140,636953.187592,4549.665625
RRF01,elective,2015/16,126,497861.339300,3951.280470
RRF01,elective,2016/17,76,363827.436600,4787.203113
RRF01,elective,2017/18,82,338882.189200,4132.709624
RRF01,elective,2018/19,33,61205.736800,1854.719296
RRF01,elective,2019/20,24,54472.288655,2269.678693
RRF01,elective,2020/21,14,16200.240900,1157.160064
RRF01,elective,2021/22,45,44890.688600,997.570857
RRF01,elective,2022/23,57,67028.845800,1175.944663
RRF01,elective,2023/24,40,41013.097900,1025.327447
RRF01,non_elective,2013/14,8,6578.847015,822.355876
RRF01,non_elective,2014/15,2,121427.286838,60713.643419
RRF01,non_elective,2015/16,2,7115.984000,3557.992000
RRF01,non_elective,2016/17,7,66126.936200,9446.705171
RRF01,non_elective,2017/18,7,16384.346300,2340.620900
RRF01,non_elective,2018/19,4,15204.210000,3801.052500
RRF01,non_elective,2019/20,7,4479.553300,639.936185
RRF01,non_elective,2021/22,35,39796.761100,1137.050317
RRF01,non_elective,2022/23,142,85008.082700,598.648469
RRF01,non_elective,2023/24,27,55198.522400,2044.389718
RRF02,elective,2012/13,258,70961.954596,275.046335
RRF02,elective,2013/14,3433,6810212.448550,1983.749620
RRF02,elective,2014/15,3442,6899534.682203,2004.513271
RRF02,elective,2015/16,2949,8100122.446199,2746.735315
RRF02,elective,2016/17,2848,7792002.717889,2735.956010
RRF02,elective,2017/18,2623,7822280.205852,2982.188412
RRF02,elective,2018/19,2759,8387083.106375,3039.899639
RRF02,elective,2019/20,2547,8123046.743800,3189.260598
RRF02,elective,2020/21,1133,3549944.194444,3133.225237
RRF02,elective,2021/22,1900,6671368.910821,3511.246795
RRF02,elective,2022/23,2049,6976602.652527,3404.881724
RRF02,elective,2023/24,1330,4729985.111298,3556.379782
RRF02,non_elective,2012/13,4050,578494.738614,142.838207
RRF02,non_elective,2013/14,27357,45891841.160676,1677.517314
RRF02,non_elective,2014/15,26393,45574472.407729,1726.763627
RRF02,non_elective,2015/16,26408,58066389.588421,2198.818145
RRF02,non_elective,2016/17,26901,58669078.815200,2180.925572
RRF02,non_elective,2017/18,32743,68244756.385656,2084.254844
RRF02,non_elective,2018/19,35480,74509682.000354,2100.047406
RRF02,non_elective,2019/20,33896,74069569.032901,2185.200880
RRF02,non_elective,2020/21,32492,70656529.316691,2174.582337
RRF02,non_elective,2021/22,34008,79895772.617129,2349.322883
RRF02,non_elective,2022/23,32534,82145307.267049,2524.906475
RRF02,non_elective,2023/24,25113,58596082.823782,2333.296811
RRF53,elective,2012/13,316,216085.173239,683.813839
RRF53,elective,2013/14,3726,20661229.819369,5545.150246
RRF53,elective,2014/15,3953,22058605.975287,5580.219067
RRF53,elective,2015/16,3892,26050654.966478,6693.385140
RRF53,elective,2016/17,4225,27989430.726836,6624.717331
RRF53,elective,2017/18,4391,29701857.182637,6764.258069
RRF53,elective,2018/19,4287,29497483.277832,6880.681893
RRF53,elective,2019/20,4129,28659396.990043,6941.001935
RRF53,elective,2020/21,1398,9277357.079607,6636.163862
RRF53,elective,2021/22,3323,22696994.102978,6830.272074
RRF53,elective,2022/23,3557,24375973.799785,6852.958616
RRF53,elective,2023/24,2503,17452533.588050,6972.646259
RRF53,non_elective,2013/14,40,152012.349711,3800.308742
RRF53,non_elective,2014/15,45,113252.012510,2516.711389
RRF53,non_elective,2015/16,22,80277.194500,3648.963386
RRF53,non_elective,2016/17,22,122466.291500,5566.649613
RRF53,non_elective,2017/18,35,174631.212000,4989.463200
RRF53,non_elective,2018/19,49,287084.445200,5858.866228
RRF53,non_elective,2019/20,51,344452.929000,6753.979000
RRF53,non_elective,2020/21,171,672224.667600,3931.138407
RRF53,non_elective,2021/22,28,164966.712800,5891.668314
RRF53,non_elective,2022/23,58,371551.589000,6406.061879
RRF53,non_elective,2023/24,48,363491.289100,7572.735189
RRF65,elective,2022/23,4,13902.026300,3475.506575
RRF70,elective,2013/14,2,793.837122,396.918561
RRF70,elective,2014/15,12,6700.735392,558.394616
RRF70,elective,2015/16,8,3264.250800,408.031350
RRF70,elective,2016/17,8,3960.334700,495.041837
RRF70,elective,2017/18,1,757.107600,757.107600
RRF70,elective,2018/19,1,3342.857600,3342.857600
RRF70,elective,2022/23,2,1313.561000,656.780500
RRF70,elective,2023/24,17,10663.633000,627.272529
RRF70,non_elective,2014/15,1,939.686462,939.686462
RRF71,elective,2020/21,10,35940.890700,3594.089070
RRF78,elective,2016/17,1,650.574700,650.574700
RRJ00,elective,2012/13,1,25879.206298,25879.206298
RRJ00,elective,2013/14,71,1825616.887006,25712.913901
RRJ00,elective,2014/15,54,1495187.032465,27688.648749
RRJ00,elective,2015/16,152,3136322.915276,20633.703389
RRJ00,elective,2016/17,6163,39077378.443543,6340.642291
RRJ00,elective,2017/18,5640,38247179.127367,6781.414738
RRJ00,elective,2018/19,5841,38198900.165127,6539.787735
RRJ00,elective,2019/20,5445,35434634.937733,6507.738280
RRJ00,elective,2020/21,3316,19598129.215215,5910.171657
RRJ00,elective,2021/22,2159,11740812.472479,5438.078958
RRJ00,elective,2023/24,1,25978.141379,25978.141379
RRJ00,non_elective,2013/14,2,57391.919923,28695.959961
RRJ00,non_elective,2015/16,11,132238.612547,12021.692049
RRJ00,non_elective,2016/17,236,1544181.899115,6543.143640
RRJ00,non_elective,2017/18,220,1684107.851480,7655.035688
RRJ00,non_elective,2018/19,303,2290262.698719,7558.622768
RRJ00,non_elective,2019/20,348,2404430.987659,6909.284447
RRJ00,non_elective,2020/21,588,4119569.179417,7006.070033
RRJ00,non_elective,2021/22,79,665719.925655,8426.834501
RRJ05,elective,2012/13,1668,516919.794893,309.903953
RRJ05,elective,2013/14,6149,34769716.445237,5654.531866
RRJ05,elective,2014/15,6227,34144515.308001,5483.300996
RRJ05,elective,2015/16,6059,36167187.065119,5969.167695
RRJ05,elective,2021/22,4065,25423494.987312,6254.242309
RRJ05,elective,2022/23,5589,36117953.137615,6462.328348
RRJ05,elective,2023/24,3781,24863430.408111,6575.887439
RRJ05,non_elective,2012/13,40,62287.773696,1557.194342
RRJ05,non_elective,2013/14,308,1537265.998233,4991.123370
RRJ05,non_elective,2014/15,295,1943547.488095,6588.296569
RRJ05,non_elective,2015/16,261,1624265.013301,6223.237598
RRJ05,non_elective,2021/22,240,1699376.407597,7080.735031
RRJ05,non_elective,2022/23,266,2063845.265318,7758.816786
RRJ05,non_elective,2023/24,161,1344221.538216,8349.202100
RRK02,elective,2012/13,385,90878.933930,236.049179
RRK02,elective,2013/14,2116,7808781.768299,3690.350552
RRK02,elective,2014/15,1894,5566076.424883,2938.794310
RRK02,elective,2015/16,1988,6783517.016341,3412.231899
RRK02,elective,2016/17,1887,6585701.009702,3490.037631
RRK02,elective,2017/18,1833,5979826.484239,3262.316685
RRK02,elective,2018/19,1707,5848990.842876,3426.473838
RRK02,elective,2019/20,1551,5578941.238293,3596.996285
RRK02,elective,2020/21,191,285772.283001,1496.189963
RRK02,elective,2021/22,1042,2872061.442069,2756.296969
RRK02,elective,2022/23,1139,4716938.728571,4141.298269
RRK02,elective,2023/24,805,3228780.510519,4010.907466
RRK02,non_elective,2012/13,94,14910.237820,158.619551
RRK02,non_elective,2013/14,853,698653.454212,819.054459
RRK02,non_elective,2014/15,1462,889829.304835,608.638375
RRK02,non_elective,2015/16,2265,999779.007074,441.403535
RRK02,non_elective,2016/17,2181,1146692.472760,525.764545
RRK02,non_elective,2017/18,2082,762525.144709,366.246467
RRK02,non_elective,2018/19,1955,762078.763217,389.810109
RRK02,non_elective,2019/20,2218,709306.640631,319.795599
RRK02,non_elective,2020/21,1384,825285.708678,596.304702
RRK02,non_elective,2021/22,3389,3181365.415904,938.732787
RRK02,non_elective,2022/23,3932,2705425.688799,688.053328
RRK02,non_elective,2023/24,3274,2508726.635433,766.257371
RRK04,elective,2013/14,1,4011.240574,4011.240574
RRK04,elective,2016/17,2,3272.843280,1636.421640
RRK07,elective,2013/14,3,1702.086714,567.362238
RRK07,elective,2014/15,4,3094.893092,773.723273
RRK07,elective,2015/16,2,3645.447120,1822.723560
RRK15,elective,2012/13,2734,697193.651025,255.008650
RRK15,elective,2013/14,13032,37370917.173580,2867.627161
RRK15,elective,2014/15,13940,41632992.700375,2986.584842
RRK15,elective,2015/16,13899,55776938.663315,4013.018106
RRK15,elective,2016/17,13335,55894832.109183,4191.588459
RRK15,elective,2017/18,12094,54202972.910355,4481.806921
RRK15,elective,2018/19,11331,55277771.032666,4878.454772
RRK15,elective,2019/20,10240,53836278.619734,5257.449083
RRK15,elective,2020/21,4921,29004050.100848,5893.934180
RRK15,elective,2021/22,7163,42223237.097442,5894.630336
RRK15,elective,2022/23,8396,48658795.307009,5795.473476
RRK15,elective,2023/24,6173,37011654.682554,5995.732169
RRK15,non_elective,2012/13,8289,1440848.397198,173.826564
RRK15,non_elective,2013/14,33000,46951217.712176,1422.764173
RRK15,non_elective,2014/15,33740,54594095.625256,1618.082265
RRK15,non_elective,2015/16,35752,69592574.658390,1946.536547
RRK15,non_elective,2016/17,34943,66970321.870891,1916.559021
RRK15,non_elective,2017/18,37998,76961770.548719,2025.416352
RRK15,non_elective,2018/19,39766,74832168.854275,1881.812826
RRK15,non_elective,2019/20,38494,75288908.755563,1955.860881
RRK15,non_elective,2020/21,38399,89651239.288469,2334.728490
RRK15,non_elective,2021/22,43196,91139167.758566,2109.898318
RRK15,non_elective,2022/23,48865,95254590.673033,1949.341874
RRK15,non_elective,2023/24,24733,56578827.289555,2287.584493
RRK64,elective,2013/14,8,46062.917610,5757.864701
RRK64,elective,2014/15,323,1114157.586176,3449.404291
RRK64,elective,2015/16,180,574736.346994,3192.979705
RRK64,elective,2016/17,91,244134.013200,2682.791353
RRK64,elective,2017/18,77,206527.191360,2682.171316
RRK64,elective,2018/19,44,114479.389920,2601.804316
RRK64,elective,2019/20,43,117357.649920,2729.247672
RRK64,elective,2020/21,473,2460793.925019,5202.524154
RRK64,elective,2021/22,116,1129866.436932,9740.227904
RRK64,elective,2022/23,110,1434175.687699,13037.960797
RRK64,elective,2023/24,62,667589.872840,10767.578594
RRK72,elective,2015/16,1,711.715200,711.715200
RRK94,non_elective,2017/18,1,6875.378160,6875.378160
RRK94,non_elective,2018/19,1,9611.295120,9611.295120
RRK94,non_elective,2019/20,3,46936.570800,15645.523600
RRK94,non_elective,2020/21,1,16772.406000,16772.406000
RRK94,non_elective,2021/22,48,7105.638960,148.034145
RRK94,non_elective,2022/23,96,94939.667760,988.954872
RRK94,non_elective,2023/24,43,10442.327280,242.844820
RRK97,elective,2019/20,2,23337.842657,11668.921328
RRK97,elective,2020/21,1611,6149343.449039,3817.097112
RRK97,elective,2021/22,4176,16785953.101097,4019.624784
RRK97,elective,2022/23,4509,17247061.730074,3825.030323
RRK97,elective,2023/24,2821,10356604.072879,3671.252773
RRK97,non_elective,2019/20,240,881896.980049,3674.570750
RRK97,non_elective,2020/21,53612,87779945.101460,1637.318978
RRK97,non_elective,2021/22,55234,60722537.544453,1099.368822
RRK97,non_elective,2022/23,53696,67336557.900809,1254.033035
RRK97,non_elective,2023/24,41039,49227475.752981,1199.529124
RRK98,elective,2019/20,8,81305.088480,10163.136060
RRK98,elective,2020/21,1053,2997106.265060,2846.254762
RRK98,elective,2021/22,3063,11387502.670080,3717.761237
RRK98,elective,2022/23,3159,14202877.074500,4496.004138
RRK98,elective,2023/24,2115,10718626.235953,5067.908385
RRK98,non_elective,2019/20,164,259013.047440,1579.347850
RRK98,non_elective,2020/21,31220,56388130.067670,1806.154070
RRK98,non_elective,2021/22,33522,35541421.168761,1060.241667
RRK98,non_elective,2022/23,34348,37970259.259226,1105.457647
RRK98,non_elective,2023/24,24479,27519345.826113,1124.202207
RRK99,elective,2020/21,2056,7768668.161851,3778.535098
RRK99,elective,2021/22,4240,18009044.809494,4247.416228
RRK99,elective,2022/23,4267,17209018.333782,4033.048590
RRK99,elective,2023/24,2953,11793073.995464,3993.590922
RRK99,non_elective,2019/20,34,29416.863840,865.201877
RRK99,non_elective,2020/21,852,1082647.252394,1270.712737
RRK99,non_elective,2021/22,186,57206.202480,307.560228
RRK99,non_elective,2022/23,373,69622.492800,186.655476
RRK99,non_elective,2023/24,601,64111.933200,106.675429
RRKED,elective,2021/22,18,119686.580916,6649.254495
RRKED,elective,2022/23,6,30063.687360,5010.614560
RRKED,elective,2023/24,2,5368.216560,2684.108280
RRP00,elective,2013/14,1,1088.689333,1088.689333
RRP00,non_elective,2013/14,3,1982.926988,660.975662
RRP47,elective,2014/15,13,50933.136127,3917.933548
RRP47,elective,2015/16,12,66271.046016,5522.587168
RRP47,elective,2016/17,6,36106.581504,6017.763584
RRP47,non_elective,2013/14,5,31328.325900,6265.665180
RRP47,non_elective,2014/15,81,469656.143323,5798.223991
RRP47,non_elective,2015/16,61,485033.983392,7951.376776
RRP47,non_elective,2016/17,25,211647.971808,8465.918872
RRP47,non_elective,2017/18,3,26010.077184,8670.025728
RRV03,elective,2012/13,2659,815551.397546,306.713575
RRV03,elective,2013/14,12517,42737292.527452,3414.339899
RRV03,elective,2014/15,12416,43424858.971358,3497.491863
RRV03,elective,2015/16,10508,48113937.197427,4578.791130
RRV03,elective,2016/17,9380,45183376.853584,4816.991135
RRV03,elective,2017/18,8846,42292877.590409,4781.017136
RRV03,elective,2018/19,8942,44969942.639313,5029.069854
RRV03,elective,2019/20,18293,106569741.437465,5825.711552
RRV03,elective,2020/21,12592,78673423.715426,6247.889431
RRV03,elective,2021/22,9972,60338673.224392,6050.809589
RRV03,elective,2022/23,12467,69264810.518149,5555.852291
RRV03,elective,2023/24,8599,48664632.704954,5659.336283
RRV03,non_elective,2012/13,5071,939672.905140,185.303274
RRV03,non_elective,2013/14,20430,50066791.825380,2450.650603
RRV03,non_elective,2014/15,19295,48774343.087141,2527.822912
RRV03,non_elective,2015/16,19038,56555119.495553,2970.643948
RRV03,non_elective,2016/17,20010,61690590.092403,3082.988010
RRV03,non_elective,2017/18,21271,65300174.468439,3069.915587
RRV03,non_elective,2018/19,20273,71435900.986276,3523.696590
RRV03,non_elective,2019/20,23003,94788966.360748,4120.721921
RRV03,non_elective,2020/21,16587,79928195.471665,4818.725234
RRV03,non_elective,2021/22,16721,67751215.022335,4051.863825
RRV03,non_elective,2022/23,17054,71804649.755236,4210.428624
RRV03,non_elective,2023/24,11633,45223639.815218,3887.530285
RRV13,elective,2013/14,32,36200.640086,1131.270002
RRV13,elective,2014/15,2,878.479939,439.239969
RRV13,non_elective,2013/14,28,40434.731727,1444.097561
RRV30,elective,2012/13,357,195599.981573,547.899108
RRV30,elective,2013/14,2731,15722621.880143,5757.093328
RRV30,elective,2014/15,2550,15123829.031905,5930.913345
RRV30,elective,2015/16,3148,17159948.268064,5451.063617
RRV30,elective,2016/17,4539,23240228.615871,5120.120867
RRV30,elective,2017/18,4484,24002854.389118,5353.000532
RRV30,elective,2018/19,4373,25313310.169202,5788.545659
RRV30,elective,2020/21,51,517701.106589,10151.002089
RRV30,elective,2021/22,3823,24038339.487713,6287.820948
RRV30,elective,2022/23,3472,22881772.188334,6590.372174
RRV30,elective,2023/24,2243,14715676.465174,6560.711754
RRV30,non_elective,2012/13,106,62987.141387,594.218314
RRV30,non_elective,2013/14,753,1998759.859201,2654.395563
RRV30,non_elective,2014/15,757,1891984.892574,2499.319541
RRV30,non_elective,2015/16,334,1117016.886605,3344.361935
RRV30,non_elective,2016/17,598,1709965.894178,2859.474739
RRV30,non_elective,2017/18,596,1756035.345801,2946.368029
RRV30,non_elective,2018/19,748,2004954.405580,2680.420328
RRV30,non_elective,2020/21,6,42630.074663,7105.012443
RRV30,non_elective,2021/22,267,2339748.055110,8763.101330
RRV30,non_elective,2022/23,393,3120579.817027,7940.406659
RRV30,non_elective,2023/24,235,1810765.568419,7705.385397
RRV90,elective,2014/15,4,35226.137229,8806.534307
RRV90,elective,2015/16,4,52805.772888,13201.443222
RRV92,elective,2014/15,98,645569.731721,6587.446242
RRV92,elective,2015/16,81,702450.065240,8672.223027
RRV92,elective,2016/17,74,628622.248848,8494.895254
RRV92,elective,2017/18,95,814240.240748,8570.949902
RRV92,elective,2018/19,62,524648.937762,8462.079641
RRV92,non_elective,2014/15,1,3109.066372,3109.066372
RRV99,elective,2013/14,41,79481.335390,1938.569155
RRV99,elective,2014/15,7,21062.756824,3008.965260
RRVCC,elective,2012/13,34,37407.414596,1100.218076
RRVCC,elective,2013/14,688,2084893.714254,3030.368770
RRVCC,elective,2014/15,816,2724812.623083,3339.231155
RRVCC,elective,2015/16,624,2924904.722392,4687.347311
RRVCC,elective,2016/17,772,3688805.689141,4778.245711
RRVCC,elective,2017/18,638,2897948.639526,4542.239246
RRVCC,elective,2018/19,547,2614783.292227,4780.225397
RRVCC,elective,2020/21,15,299014.587036,19934.305802
RRVCC,elective,2021/22,965,4907150.825910,5085.130389
RRVCC,elective,2022/23,954,4600106.611211,4821.914686
RRVCC,elective,2023/24,567,2578146.620940,4546.995804
RRVCC,non_elective,2013/14,3,4083.569229,1361.189743
RRVCC,non_elective,2014/15,4,3197.303648,799.325912
RRVCC,non_elective,2015/16,23,88526.037788,3848.958164
RRVCC,non_elective,2016/17,13,31252.827581,2404.063660
RRVCC,non_elective,2017/18,188,537132.517484,2857.087858
RRVCC,non_elective,2018/19,80,169679.886907,2120.998586
RRVCC,non_elective,2020/21,1,28746.837064,28746.837064
RRVCC,non_elective,2021/22,67,412546.878233,6157.416093
RRVCC,non_elective,2022/23,65,486001.072512,7476.939577
RRVCC,non_elective,2023/24,48,316727.261492,6598.484614
RRVCL,elective,2016/17,149,164167.867086,1101.797765
RRVCL,elective,2017/18,68,71476.357897,1051.122910
RRVCL,elective,2018/19,29,37343.303078,1287.700106
RRVCL,elective,2021/22,115,281011.829107,2443.581122
RRVCL,elective,2022/23,66,73325.283020,1110.989136
RRVCL,elective,2023/24,44,84355.709768,1917.175222
RRVCL,non_elective,2016/17,1,2757.305408,2757.305408
RRVE1,elective,2013/14,20,18631.041306,931.552065
RRVE1,elective,2014/15,12,9564.661197,797.055099
RRVE1,elective,2015/16,19,16960.802584,892.673820
RRVE1,elective,2016/17,10,8837.115628,883.711562
RRVE1,elective,2017/18,18,17206.646248,955.924791
RRVE1,elective,2018/19,26,26504.116188,1019.389084
RRVE1,elective,2022/23,1,5528.662469,5528.662469
RRVNC,elective,2012/13,39,35580.383940,912.317536
RRVNC,elective,2013/14,458,1581719.350257,3453.535699
RRVNC,elective,2014/15,449,1500340.217436,3341.514960
RRVNC,elective,2015/16,461,1815965.041380,3939.186640
RRVNC,elective,2016/17,528,2261592.896116,4283.319879
RRVNC,elective,2017/18,555,2393460.424697,4312.541305
RRVNC,elective,2018/19,444,1959607.686091,4413.530824
RRVNC,elective,2020/21,8,45858.484016,5732.310502
RRVNC,elective,2021/22,339,1306090.644994,3852.774763
RRVNC,elective,2022/23,350,1539072.636163,4397.350389
RRVNC,elective,2023/24,241,1113150.247773,4618.880696
RRVNC,non_elective,2021/22,2,7359.884435,3679.942217
RRVNQ,elective,2012/13,1148,349668.909217,304.589642
RRVNQ,elective,2013/14,4940,18465806.153418,3738.017439
RRVNQ,elective,2014/15,5355,19587204.447941,3657.741260
RRVNQ,elective,2015/16,5396,26775029.856211,4962.014428
RRVNQ,elective,2016/17,5217,28623579.655554,5486.597595
RRVNQ,elective,2017/18,4966,27603723.209787,5558.542732
RRVNQ,elective,2018/19,4806,28136170.802596,5854.384270
RRVNQ,elective,2020/21,43,561113.783582,13049.157757
RRVNQ,elective,2021/22,2825,21455570.017806,7594.892041
RRVNQ,elective,2022/23,3093,20924963.287829,6765.264561
RRVNQ,elective,2023/24,2035,16325456.390471,8022.337292
RRVNQ,non_elective,2012/13,70,57934.726867,827.638955
RRVNQ,non_elective,2013/14,740,3135793.390998,4237.558636
RRVNQ,non_elective,2014/15,719,3322725.579661,4621.315131
RRVNQ,non_elective,2015/16,806,5161012.427958,6403.241225
RRVNQ,non_elective,2016/17,811,6048455.656560,7458.021771
RRVNQ,non_elective,2017/18,959,8661647.279752,9031.957538
RRVNQ,non_elective,2018/19,1185,11187911.933614,9441.275893
RRVNQ,non_elective,2020/21,74,796935.413699,10769.397482
RRVNQ,non_elective,2021/22,3026,26530519.665008,8767.521369
RRVNQ,non_elective,2022/23,3414,26872829.815877,7871.361984
RRVNQ,non_elective,2023/24,2027,16135058.583119,7960.068368
RRVP5,elective,2021/22,84,209797.439324,2497.588563
RRVP5,elective,2022/23,60,97025.347350,1617.089122
RRVP5,elective,2023/24,49,60149.749792,1227.545914
RRVP5,non_elective,2021/22,2,5619.455908,2809.727954
RRVP5,non_elective,2022/23,1,442.277572,442.277572
RRVPH,elective,2014/15,1,378.901244,378.901244
RRVPH,elective,2018/19,2,16727.010080,8363.505040
RRVPH,non_elective,2014/15,19,32964.859447,1734.992602
RRVPH,non_elective,2015/16,38,41128.620639,1082.332122
RRVPH,non_elective,2016/17,8,4679.465428,584.933178
RRVPH,non_elective,2017/18,6,24595.212444,4099.202074
RRVRH,elective,2013/14,1,473.626555,473.626555
RRVRH,elective,2014/15,9,17785.001542,1976.111282
RRVRH,elective,2015/16,13,25638.963412,1972.227954
RRVRH,elective,2016/17,22,71227.176064,3237.598912
RRVRH,elective,2017/18,15,42333.314848,2822.220989
RRVRH,elective,2018/19,11,24631.365924,2239.215084
RRVRH,elective,2020/21,3,207066.646468,69022.215489
RRVRH,elective,2021/22,86,957774.352710,11136.911078
RRVRH,elective,2022/23,41,374676.589980,9138.453414
RRVRH,elective,2023/24,20,94476.273936,4723.813696
RRVRH,non_elective,2016/17,1,14242.060888,14242.060888
RRVRN,elective,2013/14,785,1502933.428411,1914.564876
RRVRN,elective,2014/15,966,1880835.398950,1947.034574
RRVRN,elective,2015/16,924,3787206.170229,4098.707976
RRVRN,elective,2016/17,972,3571546.576686,3674.430634
RRVRN,elective,2017/18,924,3474194.727257,3759.951003
RRVRN,elective,2018/19,833,3484624.524192,4183.222718
RRVRN,elective,2021/22,18,9645.748464,535.874914
RRVRN,elective,2022/23,4,3332.145740,833.036435
RRVRN,elective,2023/24,1,342.252944,342.252944
RRVRN,non_elective,2012/13,37,7578.024880,204.811483
RRVRN,non_elective,2013/14,316,458883.144266,1452.161848
RRVRN,non_elective,2014/15,422,605381.396369,1434.553071
RRVRN,non_elective,2015/16,352,415280.695931,1179.774704
RRVRN,non_elective,2016/17,245,330756.077104,1350.024804
RRVRN,non_elective,2017/18,218,250272.465300,1148.038831
RRVRN,non_elective,2018/19,273,349781.954414,1281.252580
RRVWH,elective,2017/18,30,251070.252092,8369.008403
RT182,non_elective,2014/15,1,15484.622162,15484.622162
RT182,non_elective,2015/16,25,137825.497894,5513.019915
RT301,elective,2012/13,630,468219.969095,743.206300
RT301,elective,2013/14,3168,16102442.511815,5082.841701
RT301,elective,2014/15,4121,18035253.159428,4376.426391
RT301,elective,2015/16,3770,22902584.114145,6074.955998
RT301,elective,2016/17,4175,26976584.538612,6461.457374
RT301,elective,2017/18,2912,20631274.512748,7084.915698
RT301,elective,2018/19,3994,26552945.307642,6648.208639
RT301,elective,2019/20,3978,25784337.162671,6481.733826
RT301,elective,2020/21,2750,20914345.038391,7605.216377
RT301,non_elective,2012/13,233,157537.890255,676.128284
RT301,non_elective,2013/14,2463,10122526.715042,4109.836262
RT301,non_elective,2014/15,2627,10774933.850507,4101.611667
RT301,non_elective,2015/16,2655,14608008.694387,5502.074837
RT301,non_elective,2016/17,2359,15356280.471757,6509.656834
RT301,non_elective,2017/18,2013,13273296.199339,6593.788474
RT301,non_elective,2018/19,2405,12926057.302343,5374.660000
RT301,non_elective,2019/20,2324,14324149.444435,6163.575492
RT301,non_elective,2020/21,1944,12739726.249143,6553.357124
RT302,elective,2012/13,2484,306227.772659,123.280101
RT302,elective,2013/14,9363,29695126.585686,3171.539740
RT302,elective,2014/15,9561,29963888.792931,3133.970169
RT302,elective,2015/16,9893,37102650.242047,3750.394242
RT302,elective,2016/17,9777,42778980.531013,4375.471057
RT302,elective,2017/18,7913,32882636.143778,4155.520806
RT302,elective,2018/19,9204,42862194.563982,4656.909448
RT302,elective,2019/20,8974,41124578.130123,4582.636297
RT302,elective,2020/21,4169,26062855.361190,6251.584399
RT302,non_elective,2012/13,353,190502.382686,539.666806
RT302,non_elective,2013/14,1479,6166159.020782,4169.140649
RT302,non_elective,2014/15,1814,7623114.887284,4202.378658
RT302,non_elective,2015/16,1689,10189917.773095,6033.107029
RT302,non_elective,2016/17,1332,9868510.564496,7408.791715
RT302,non_elective,2017/18,930,6720543.595673,7226.390963
RT302,non_elective,2018/19,1092,9635293.864216,8823.529179
RT302,non_elective,2019/20,1281,10578971.574615,8258.369691
RT302,non_elective,2020/21,847,6961999.885209,8219.598447
RT502,non_elective,2020/21,132,576044.914773,4363.976627
RT502,non_elective,2021/22,55,227667.602379,4139.410952
RT5KT,elective,2013/14,72,235198.400552,3266.644452
RT5KT,elective,2014/15,43,118663.314256,2759.611959
RT5KT,elective,2015/16,265,976780.264233,3685.963261
RT5KT,elective,2016/17,234,1000812.597042,4276.976910
RT5KT,non_elective,2013/14,12,40062.848098,3338.570674
RT5KT,non_elective,2014/15,26,72524.583982,2789.407076
RT5KT,non_elective,2015/16,28,115951.016517,4141.107732
RT5KT,non_elective,2016/17,438,1890548.684553,4316.321197
RT5KT,non_elective,2017/18,797,3504563.713134,4397.194119
RT5KT,non_elective,2018/19,807,3503068.478280,4340.853132
RT5KT,non_elective,2019/20,803,3722623.966254,4635.895350
RT5KT,non_elective,2020/21,499,2288316.313383,4585.804235
RT5KT,non_elective,2021/22,91,400195.575882,4397.753581
RT5YC,elective,2013/14,9,24489.227026,2721.025225
RT5YC,elective,2014/15,1,3242.417892,3242.417892
RT5YC,non_elective,2012/13,3,6091.530911,2030.510303
RT5YC,non_elective,2013/14,36,104788.102556,2910.780626
RT5YC,non_elective,2014/15,12,36054.685440,3004.557120
RT5YD,elective,2012/13,1,3911.140501,3911.140501
RT5YD,elective,2013/14,8,19483.718324,2435.464790
RT5YD,elective,2014/15,2,26856.320628,13428.160314
RT5YD,elective,2015/16,153,749198.487921,4896.722143
RT5YD,elective,2016/17,56,214158.786243,3824.264040
RT5YD,elective,2017/18,1,5163.006657,5163.006657
RT5YD,non_elective,2012/13,8,32458.606137,4057.325767
RT5YD,non_elective,2013/14,32,97932.913377,3060.403543
RT5YD,non_elective,2014/15,46,175332.698162,3811.580394
RT5YD,non_elective,2015/16,52,207536.736447,3991.091085
RT5YD,non_elective,2016/17,341,2227874.081235,6533.355076
RT5YD,non_elective,2017/18,558,3416656.105497,6123.039615
RT5YD,non_elective,2018/19,581,3191251.002330,5492.686750
RT5YD,non_elective,2019/20,526,2577142.743867,4899.510919
RT5YD,non_elective,2020/21,391,1776437.241207,4543.317752
RT5YD,non_elective,2021/22,33,187965.291024,5695.917909
RT5YE,elective,2014/15,4,13104.250689,3276.062672
RT5YE,elective,2015/16,32,98143.658688,3066.989334
RT5YE,elective,2016/17,18,58812.570924,3267.365051
RT5YE,non_elective,2013/14,30,104705.685885,3490.189529
RT5YE,non_elective,2014/15,29,96443.015001,3325.621206
RT5YE,non_elective,2015/16,21,76451.378766,3640.541846
RT5YE,non_elective,2016/17,97,531068.953518,5474.937665
RT5YE,non_elective,2017/18,172,786521.452527,4572.799142
RT5YE,non_elective,2018/19,192,824236.321704,4292.897508
RT5YE,non_elective,2019/20,166,800507.999301,4822.337345
RT5YE,non_elective,2020/21,15,58993.529499,3932.901966
RT5YF,elective,2012/13,1,2471.456881,2471.456881
RT5YF,elective,2013/14,40,137469.963979,3436.749099
RT5YF,elective,2014/15,315,1025578.483191,3255.804708
RT5YF,elective,2015/16,340,1311728.382264,3858.024653
RT5YF,elective,2016/17,150,633895.820127,4225.972134
RT5YF,non_elective,2012/13,10,17269.943946,1726.994394
RT5YF,non_elective,2013/14,114,356467.750810,3126.910094
RT5YF,non_elective,2014/15,89,281429.179487,3162.125612
RT5YF,non_elective,2015/16,75,308131.091265,4108.414550
RT5YF,non_elective,2016/17,356,1614264.234390,4534.450096
RT5YF,non_elective,2017/18,621,2928864.170727,4716.367424
RT5YF,non_elective,2018/19,677,2993354.704710,4421.498825
RT5YF,non_elective,2019/20,665,3060837.776499,4602.763573
RT5YF,non_elective,2020/21,107,383713.868871,3586.110924
RT5YF,non_elective,2021/22,11,44948.041932,4086.185630
RT5YG,elective,2012/13,9,47532.510938,5281.390104
RT5YG,elective,2013/14,130,497799.822587,3829.229404
RT5YG,elective,2014/15,59,163999.998860,2779.660997
RT5YG,elective,2015/16,43,178907.021784,4160.628413
RT5YG,elective,2016/17,31,142480.577661,4596.147666
RT5YG,non_elective,2012/13,10,23903.964337,2390.396433
RT5YG,non_elective,2013/14,76,296718.794082,3904.194658
RT5YG,non_elective,2014/15,42,124686.078816,2968.716162
RT5YG,non_elective,2015/16,19,86717.417238,4564.074591
RT5YG,non_elective,2016/17,214,1011568.774740,4726.956891
RT5YG,non_elective,2017/18,393,1828960.726113,4653.844086
RT5YG,non_elective,2018/19,379,1809837.023907,4775.295577
RT5YG,non_elective,2019/20,433,2025467.261877,4677.753491
RT5YG,non_elective,2020/21,215,879027.476067,4088.499888
RT5YG,non_elective,2021/22,14,61050.252960,4360.732354
RT5YH,elective,2012/13,7,15888.682270,2269.811752
RT5YH,elective,2013/14,60,177251.134847,2954.185580
RT5YH,elective,2014/15,117,332410.574688,2841.116022
RT5YH,elective,2015/16,136,453218.506455,3332.489018
RT5YH,elective,2016/17,54,166163.401908,3077.100035
RT5YH,non_elective,2012/13,5,12139.245364,2427.849072
RT5YH,non_elective,2013/14,61,170479.405588,2794.744353
RT5YH,non_elective,2014/15,38,96545.392207,2540.668215
RT5YH,non_elective,2015/16,52,173717.129853,3340.714035
RT5YH,non_elective,2016/17,181,756097.662849,4177.335153
RT5YH,non_elective,2017/18,347,1579940.011884,4553.141244
RT5YH,non_elective,2018/19,321,1494635.105580,4656.184129
RT5YH,non_elective,2019/20,228,1138904.670747,4995.195924
RT5YH,non_elective,2020/21,218,1042089.765024,4780.228279
RT5YH,non_elective,2021/22,43,181591.412988,4223.056116
RT5YJ,elective,2012/13,3,9115.909762,3038.636587
RT5YJ,elective,2013/14,82,246271.445438,3003.310310
RT5YJ,elective,2014/15,58,171343.803446,2954.203507
RT5YJ,elective,2015/16,63,236505.619182,3754.057447
RT5YJ,elective,2016/17,29,117581.711790,4054.541785
RT5YJ,non_elective,2012/13,6,3788.037119,631.339519
RT5YJ,non_elective,2013/14,82,259510.275248,3164.759454
RT5YJ,non_elective,2014/15,56,156716.375010,2798.506696
RT5YJ,non_elective,2015/16,63,240962.370372,3824.799529
RT5YJ,non_elective,2016/17,200,816729.125964,4083.645629
RT5YJ,non_elective,2017/18,306,1388518.929102,4537.643559
RT5YJ,non_elective,2018/19,293,1344873.788910,4590.012931
RT5YJ,non_elective,2019/20,294,1298995.102878,4418.350690
RT5YJ,non_elective,2020/21,214,961861.005261,4494.677594
RT5YJ,non_elective,2021/22,57,268609.738485,4712.451552
RT5YL,elective,2013/14,78,297441.765639,3813.355969
RT5YL,elective,2014/15,245,988971.990615,4036.620369
RT5YL,elective,2015/16,241,1168666.669065,4849.239290
RT5YL,elective,2016/17,193,819250.137426,4244.819364
RT5YL,non_elective,2012/13,2,7951.643878,3975.821939
RT5YL,non_elective,2013/14,35,101115.866076,2889.024745
RT5YL,non_elective,2014/15,20,53500.938467,2675.046923
RT5YL,non_elective,2015/16,27,108302.156064,4011.190965
RT5YL,non_elective,2016/17,297,1397997.022236,4707.060680
RT5YL,non_elective,2017/18,558,2590924.548939,4643.233958
RT5YL,non_elective,2018/19,532,2688688.711644,5053.926149
RT5YL,non_elective,2019/20,419,2239888.696566,5345.796411
RT5YL,non_elective,2020/21,422,2121409.430244,5027.036564
RT5YL,non_elective,2021/22,85,417844.724214,4915.820284
RT5YL,non_elective,2022/23,1,6792.667881,6792.667881
RT5YN,elective,2012/13,14,19368.960934,1383.497209
RT5YN,elective,2013/14,1,2739.571874,2739.571874
RTD00,elective,2013/14,20,67927.843043,3396.392152
RTD00,elective,2014/15,8,22504.160142,2813.020017
RTD00,elective,2015/16,14,62063.981232,4433.141516
RTD00,elective,2016/17,5,20373.039116,4074.607823
RTD00,elective,2017/18,3,23725.047379,7908.349126
RTD00,elective,2019/20,8,31661.652136,3957.706517
RTD00,elective,2020/21,1,30880.407347,30880.407347
RTD00,elective,2021/22,2,4797.256931,2398.628465
RTD00,elective,2023/24,6,19071.012638,3178.502106
RTD00,non_elective,2013/14,146,481481.592099,3297.819123
RTD00,non_elective,2014/15,86,375745.931364,4369.138736
RTD00,non_elective,2015/16,46,200472.068274,4358.088440
RTD00,non_elective,2016/17,39,238382.316179,6112.367081
RTD00,non_elective,2017/18,37,212500.492291,5743.256548
RTD00,non_elective,2018/19,7,24075.779168,3439.397024
RTD00,non_elective,2019/20,14,67767.868173,4840.562012
RTD00,non_elective,2020/21,1,385.022536,385.022536
RTD00,non_elective,2021/22,9,11833.590227,1314.843358
RTD00,non_elective,2022/23,17,56019.003549,3295.235502
RTD00,non_elective,2023/24,24,95226.240637,3967.760026
RTD01,elective,2012/13,3496,654161.028295,187.116998
RTD01,elective,2013/14,13989,48464086.668147,3464.442538
RTD01,elective,2014/15,13873,49287081.940209,3552.734227
RTD01,elective,2015/16,14108,64418642.921159,4566.107380
RTD01,elective,2016/17,13331,63402934.540063,4756.052399
RTD01,elective,2017/18,12355,60883129.728046,4927.813009
RTD01,elective,2018/19,12270,61120019.044488,4981.256645
RTD01,elective,2019/20,11451,57807689.449379,5048.265605
RTD01,elective,2020/21,7019,39095839.375516,5570.001335
RTD01,elective,2021/22,8902,50274386.147496,5647.538322
RTD01,elective,2022/23,9022,52869388.431057,5860.051920
RTD01,elective,2023/24,5966,35159672.804914,5893.341066
RTD01,non_elective,2012/13,2287,704476.129099,308.035036
RTD01,non_elective,2013/14,10750,19276227.880485,1793.137477
RTD01,non_elective,2014/15,10422,17895920.758253,1717.129222
RTD01,non_elective,2015/16,10929,22943896.626110,2099.359193
RTD01,non_elective,2016/17,10887,23028588.629529,2115.237313
RTD01,non_elective,2017/18,10910,23202314.668645,2126.701619
RTD01,non_elective,2018/19,11014,22303274.123522,2024.993110
RTD01,non_elective,2019/20,12927,25128464.432125,1943.874404
RTD01,non_elective,2020/21,11829,22976151.378117,1942.357881
RTD01,non_elective,2021/22,13400,23743096.461307,1771.872870
RTD01,non_elective,2022/23,14114,26940478.517629,1908.776995
RTD01,non_elective,2023/24,9920,18485062.128102,1863.413520
RTD02,elective,2012/13,2412,708966.810122,293.933171
RTD02,elective,2013/14,11133,37909243.774102,3405.123845
RTD02,elective,2014/15,11489,39368420.518191,3426.618549
RTD02,elective,2015/16,11906,48231911.971447,4051.059295
RTD02,elective,2016/17,11789,49291893.154671,4181.176788
RTD02,elective,2017/18,11057,46611127.803062,4215.531138
RTD02,elective,2018/19,11775,51428158.613855,4367.571856
RTD02,elective,2019/20,10729,47939482.338712,4468.215335
RTD02,elective,2020/21,6764,32472141.884738,4800.730615
RTD02,elective,2021/22,8201,40142017.077376,4894.771012
RTD02,elective,2022/23,8130,42992426.372440,5288.121325
RTD02,elective,2023/24,5611,29385424.977251,5237.110136
RTD02,non_elective,2012/13,9909,1437998.969973,145.120493
RTD02,non_elective,2013/14,47979,88250242.364581,1839.351432
RTD02,non_elective,2014/15,50872,90765835.567165,1784.200258
RTD02,non_elective,2015/16,51397,120714009.060639,2348.658658
RTD02,non_elective,2016/17,48301,115767507.351351,2396.793179
RTD02,non_elective,2017/18,47782,122692043.046925,2567.746076
RTD02,non_elective,2018/19,51112,122262614.932840,2392.053039
RTD02,non_elective,2019/20,59436,132944124.325108,2236.760958
RTD02,non_elective,2020/21,45021,113632138.829566,2523.980782
RTD02,non_elective,2021/22,52265,138096231.423412,2642.231539
RTD02,non_elective,2022/23,49827,143823306.196921,2886.453252
RTD02,non_elective,2023/24,32875,95857014.594401,2915.802725
RTD03,elective,2015/16,2,2455.463159,1227.731579
RTD03,elective,2017/18,8,7958.044216,994.755527
RTD03,elective,2018/19,68,42098.601505,619.097080
RTD03,elective,2019/20,26,39013.796814,1500.530646
RTD03,elective,2020/21,16,16764.603781,1047.787736
RTD03,elective,2021/22,28,40468.954909,1445.319818
RTD03,elective,2022/23,8,7472.327448,934.040931
RTD03,elective,2023/24,6,8803.246100,1467.207683
RTD03,non_elective,2012/13,20,13115.514854,655.775742
RTD03,non_elective,2013/14,125,113766.888561,910.135108
RTD03,non_elective,2014/15,36,35636.248068,989.895779
RTD03,non_elective,2015/16,92,104191.433616,1132.515582
RTD03,non_elective,2016/17,124,91057.313648,734.333174
RTD03,non_elective,2017/18,40,5971.462120,149.286553
RTD03,non_elective,2018/19,89,45671.104840,513.158481
RTD03,non_elective,2019/20,68,61482.834616,904.159332
RTD03,non_elective,2020/21,30,7099.691696,236.656389
RTD03,non_elective,2021/22,59,91385.800837,1548.911878
RTD03,non_elective,2022/23,42,36290.180424,864.051914
RTD03,non_elective,2023/24,22,9111.511864,414.159630
RTD04,elective,2013/14,110,107738.350757,979.439552
RTD04,elective,2014/15,46,39437.779323,857.343028
RTD04,elective,2015/16,24,27251.957032,1135.498209
RTD04,elective,2016/17,36,37987.169832,1055.199162
RTD04,elective,2017/18,35,36157.022496,1033.057785
RTD04,elective,2018/19,30,43687.154936,1456.238497
RTD04,elective,2019/20,32,87992.616840,2749.769276
RTD04,elective,2020/21,16,50132.411544,3133.275721
RTD04,elective,2021/22,18,17366.271168,964.792842
RTD04,elective,2022/23,15,13228.053080,881.870205
RTD04,elective,2023/24,2,3364.044088,1682.022044
RTD04,non_elective,2015/16,1,522.309392,522.309392
RTD05,elective,2015/16,1,326.185312,326.185312
RTD06,elective,2012/13,139,67370.573497,484.680384
RTD06,elective,2013/14,1451,2492542.961276,1717.810448
RTD06,elective,2014/15,1215,2079532.579421,1711.549448
RTD06,elective,2015/16,1157,2295486.811663,1983.998972
RTD06,elective,2016/17,1244,2400172.818585,1929.399371
RTD06,elective,2017/18,1010,1949722.443066,1930.418260
RTD06,elective,2018/19,1092,2351386.437579,2153.284283
RTD06,elective,2019/20,1443,3272495.328672,2267.841530
RTD06,elective,2020/21,1411,4213026.655787,2985.844546
RTD06,elective,2021/22,1471,4369874.308178,2970.682738
RTD06,elective,2022/23,1006,2695547.801466,2679.470975
RTD06,elective,2023/24,697,1906516.865665,2735.318315
RTD06,non_elective,2012/13,264,168592.682371,638.608645
RTD06,non_elective,2013/14,2048,5032134.139403,2457.096747
RTD06,non_elective,2014/15,2410,6021466.338482,2498.533750
RTD06,non_elective,2015/16,2574,9071258.810724,3524.187572
RTD06,non_elective,2016/17,2467,8541926.514765,3462.475279
RTD06,non_elective,2017/18,2553,9354244.129682,3664.020418
RTD06,non_elective,2018/19,2438,8860455.710413,3634.313252
RTD06,non_elective,2019/20,2086,7500657.034582,3595.712864
RTD06,non_elective,2020/21,1625,5152455.744941,3170.741996
RTD06,non_elective,2021/22,1570,4318755.175765,2750.799475
RTD06,non_elective,2022/23,3039,7818697.571600,2572.786301
RTD06,non_elective,2023/24,2459,5955136.359321,2421.771597
RTD08,elective,2016/17,4,2976.957088,744.239272
RTD08,elective,2017/18,1,346.829952,346.829952
RTD08,elective,2019/20,1,729.788024,729.788024
RTD08,elective,2020/21,2,3418.752384,1709.376192
RTD08,elective,2021/22,1,744.239272,744.239272
RTD08,elective,2022/23,1,2905.733080,2905.733080
RTD13,elective,2016/17,2,764.883912,382.441956
RTD13,elective,2017/18,1,458.311008,458.311008
RTD13,elective,2019/20,1,11214.911655,11214.911655
RTD13,elective,2021/22,1,3228.821696,3228.821696
RTD13,elective,2022/23,1,6330.678856,6330.678856
RTDAC,elective,2013/14,1,615.275298,615.275298
RTDAE,elective,2013/14,2,5454.612322,2727.306161
RTDAK,elective,2013/14,19,70431.702761,3706.931724
RTDAK,elective,2014/15,3,7638.114558,2546.038186
RTDAK,elective,2017/18,7,25444.518800,3634.931257
RTDAK,elective,2018/19,3,9167.252392,3055.750797
RTDAK,elective,2019/20,8,14285.058648,1785.632331
RTDAK,elective,2020/21,2,3420.816848,1710.408424
RTDAK,elective,2021/22,5,6618.671584,1323.734316
RTDAK,elective,2022/23,5,11552.740544,2310.548108
RTDAK,elective,2023/24,4,8659.394248,2164.848562
RTDAM,elective,2012/13,72,5911.407619,82.102883
RTDAM,elective,2013/14,677,3063948.509038,4525.773277
RTDAM,elective,2014/15,726,3510099.546524,4834.847860
RTDAM,elective,2015/16,715,4145323.384715,5797.655083
RTDAM,elective,2016/17,738,4173102.378763,5654.610269
RTDAM,elective,2017/18,669,3738438.990419,5588.100135
RTDAM,non_elective,2017/18,1,7642.645728,7642.645728
RTDAX,elective,2014/15,4,13643.781524,3410.945381
RTDAX,elective,2015/16,1,1618.539776,1618.539776
RTDAX,elective,2016/17,6,4536.659640,756.109940
RTDAX,elective,2017/18,2,4654.334088,2327.167044
RTDCA,elective,2014/15,1,456.795297,456.795297
RTDCA,elective,2015/16,4,3425.482537,856.370634
RTDCA,elective,2016/17,2,625.532592,312.766296
RTDCA,elective,2018/19,1,335.475400,335.475400
RTDCA,elective,2019/20,5,2653.868472,530.773694
RTDCA,elective,2023/24,2,1360.481776,680.240888
RTDCC,elective,2015/16,4,3960.674184,990.168546
RTDCC,elective,2018/19,4,1471.962832,367.990708
RTDCC,elective,2019/20,3,1695.957176,565.319058
RTDCC,elective,2023/24,1,510.954840,510.954840
RTDCD,elective,2015/16,14,83021.387528,5930.099109
RTDCD,elective,2016/17,11,26716.228624,2428.748056
RTDCD,elective,2018/19,7,18312.827912,2616.118273
RTDCD,elective,2019/20,7,15703.345416,2243.335059
RTDCD,elective,2023/24,2,1213.904832,606.952416
RTDCG,elective,2021/22,1,773.141768,773.141768
RTDCH,elective,2022/23,1,517.148232,517.148232
RTDCT,elective,2022/23,1,4407.630640,4407.630640
RTDDY,elective,2016/17,1,2841.734696,2841.734696
RTDDY,elective,2018/19,3,12631.422984,4210.474328
RTDDY,elective,2019/20,2,4494.338128,2247.169064
RTDEA,elective,2018/19,2,8456.044544,4228.022272
RTDFG,elective,2014/15,1,1396.609896,1396.609896
RTDFG,elective,2015/16,3,1625.765400,541.921800
RTDFG,elective,2016/17,1,326.185312,326.185312
RTDFR,elective,2016/17,1,724.626864,724.626864
RTDGA,elective,2017/18,5,3515.782192,703.156438
RTDGA,elective,2018/19,1,724.626864,724.626864
RTDQR,non_elective,2017/18,69,31594.557056,457.892131
RTE01,elective,2013/14,5867,18237441.169911,3108.478126
RTE01,elective,2014/15,6091,19985015.736839,3281.073015
RTE01,elective,2015/16,5984,24916776.274595,4163.899778
RTE01,elective,2016/17,6428,26072209.093988,4056.037506
RTE01,elective,2017/18,6320,27166597.791284,4298.512308
RTE01,elective,2018/19,6672,32361478.293589,4850.341470
RTE01,elective,2019/20,6104,29474552.923232,4828.727543
RTE01,elective,2020/21,3721,15340219.388804,4122.606661
RTE01,elective,2021/22,5341,23378327.734616,4377.144305
RTE01,elective,2022/23,4488,22088874.378774,4921.763453
RTE01,elective,2023/24,3070,16101648.762627,5244.836730
RTE01,non_elective,2013/14,17904,35738770.918624,1996.133317
RTE01,non_elective,2014/15,17159,34664567.644148,2020.197426
RTE01,non_elective,2015/16,18014,41937135.656557,2328.030179
RTE01,non_elective,2016/17,17311,43090872.088915,2489.219114
RTE01,non_elective,2017/18,17220,43428313.739214,2521.969438
RTE01,non_elective,2018/19,16711,43465887.197174,2601.034480
RTE01,non_elective,2019/20,19516,45736104.673874,2343.518378
RTE01,non_elective,2020/21,9722,13709545.337362,1410.156895
RTE01,non_elective,2021/22,12021,25341596.389990,2108.110505
RTE01,non_elective,2022/23,8421,32695816.616245,3882.652489
RTE01,non_elective,2023/24,5533,20912209.881496,3779.542722
RTE03,elective,2013/14,7334,22309494.160056,3041.927210
RTE03,elective,2014/15,6827,20856790.158936,3055.044698
RTE03,elective,2015/16,6275,23731194.717663,3781.863700
RTE03,elective,2016/17,7393,24635299.091523,3332.246596
RTE03,elective,2017/18,7282,24231884.735333,3327.641408
RTE03,elective,2018/19,6276,20240547.214856,3225.071257
RTE03,elective,2019/20,6215,20536191.804670,3304.294739
RTE03,elective,2020/21,4888,15197956.985786,3109.238335
RTE03,elective,2021/22,6256,20297462.188094,3244.479250
RTE03,elective,2022/23,6343,19955703.604400,3146.098629
RTE03,elective,2023/24,3883,12809927.319483,3298.976904
RTE03,non_elective,2013/14,33040,56319732.355264,1704.592383
RTE03,non_elective,2014/15,33682,58325831.854145,1731.661773
RTE03,non_elective,2015/16,36931,76055016.915989,2059.381465
RTE03,non_elective,2016/17,36437,77485217.252156,2126.553153
RTE03,non_elective,2017/18,39669,86266432.940317,2174.656102
RTE03,non_elective,2018/19,40603,95205957.993033,2344.801073
RTE03,non_elective,2019/20,51650,107255038.042112,2076.573824
RTE03,non_elective,2020/21,57170,122853051.927768,2148.907677
RTE03,non_elective,2021/22,60401,124408411.288060,2059.707807
RTE03,non_elective,2022/23,39218,104271258.536358,2658.760225
RTE03,non_elective,2023/24,30081,87607495.207014,2912.386396
RTE08,elective,2013/14,1,2892.214656,2892.214656
RTE23,elective,2013/14,13,7213.623104,554.894084
RTE23,elective,2014/15,9,3723.092112,413.676901
RTE23,elective,2015/16,1,636.895357,636.895357
RTE23,elective,2016/17,15,19672.050254,1311.470016
RTE23,elective,2017/18,11,18626.303752,1693.300341
RTE23,elective,2018/19,34,49091.306537,1443.861956
RTE23,elective,2019/20,19,33299.029736,1752.580512
RTE23,elective,2020/21,13,26301.574817,2023.198062
RTE23,elective,2021/22,21,50758.566376,2417.074589
RTE23,elective,2022/23,7,11136.750114,1590.964302
RTE23,elective,2023/24,10,10997.199731,1099.719973
RTE23,non_elective,2016/17,2,4610.408894,2305.204447
RTE23,non_elective,2019/20,8,14463.925035,1807.990629
RTE23,non_elective,2020/21,35,96462.890685,2756.082591
RTE23,non_elective,2021/22,41,100752.228773,2457.371433
RTE23,non_elective,2022/23,48,127362.283384,2653.380903
RTE23,non_elective,2023/24,1,652.634122,652.634122
RTE26,elective,2013/14,5,10319.371152,2063.874230
RTE26,elective,2014/15,4,5446.158592,1361.539648
RTE26,elective,2015/16,5,6370.002821,1274.000564
RTE26,elective,2016/17,6,18484.675852,3080.779308
RTE26,elective,2017/18,10,20076.368634,2007.636863
RTE26,elective,2018/19,27,24544.079392,909.039977
RTE26,elective,2019/20,33,47278.032929,1432.667664
RTE26,elective,2020/21,20,22561.739970,1128.086998
RTE26,elective,2021/22,48,44091.321239,918.569192
RTE26,elective,2022/23,32,36296.739843,1134.273120
RTE26,elective,2023/24,8,10656.193156,1332.024144
RTE26,non_elective,2023/24,1,819.465031,819.465031
RTE27,elective,2013/14,1,344.613296,344.613296
RTE27,elective,2014/15,1,341.442008,341.442008
RTE27,elective,2015/16,8,7085.592003,885.699000
RTE27,elective,2016/17,1,1195.096889,1195.096889
RTE27,non_elective,2013/14,6,4820.357760,803.392960
RTE27,non_elective,2014/15,4,3843.601056,960.900264
RTE27,non_elective,2015/16,9,7306.983964,811.887107
RTE27,non_elective,2017/18,1,1155.225351,1155.225351
RTE31,elective,2017/18,1,1013.576466,1013.576466
RTE32,elective,2013/14,1,1383.738664,1383.738664
RTE57,elective,2015/16,2,20219.066770,10109.533385
RTE61,elective,2020/21,18,48507.922981,2694.884610
RTE62,elective,2020/21,150,628223.423394,4188.156155
RTE64,elective,2013/14,1,748.423968,748.423968
RTE64,elective,2014/15,1,1748.436784,1748.436784
RTE64,elective,2016/17,6,8641.631236,1440.271872
RTE64,elective,2017/18,2,2171.949570,1085.974785
RTE64,elective,2018/19,1,2086.960239,2086.960239
RTE83,elective,2013/14,3,1020.097640,340.032546
RTE83,elective,2014/15,1,1187.118808,1187.118808
RTE83,elective,2015/16,1,566.595540,566.595540
RTE83,elective,2016/17,13,5928.268150,456.020626
RTE83,elective,2017/18,10,4871.672393,487.167239
RTE83,elective,2018/19,22,12190.418461,554.109930
RTE83,elective,2019/20,48,38227.204295,796.400089
RTE83,elective,2020/21,7,4719.530998,674.218714
RTE83,elective,2021/22,8,3831.864652,478.983081
RTE83,elective,2022/23,4,1882.356294,470.589073
RTE83,elective,2023/24,5,2287.367180,457.473436
RTE95,elective,2013/14,2,1475.706016,737.853008
RTE95,elective,2014/15,1,3118.433200,3118.433200
RTE95,elective,2015/16,4,8462.209315,2115.552328
RTE95,elective,2016/17,2,2295.761188,1147.880594
RTE95,elective,2017/18,12,19158.274009,1596.522834
RTE95,elective,2018/19,41,57748.005017,1408.487927
RTE95,elective,2019/20,36,62822.854374,1745.079288
RTE95,elective,2020/21,3,3412.164252,1137.388084
RTE95,elective,2021/22,21,36986.097750,1761.242750
RTE95,elective,2022/23,31,52948.353213,1708.011393
RTE95,elective,2023/24,45,48132.291123,1069.606469
RTE95,non_elective,2015/16,1,3261.072108,3261.072108
RTE95,non_elective,2016/17,1,1850.878764,1850.878764
RTE95,non_elective,2021/22,1,876.124585,876.124585
RTF3F,non_elective,2020/21,1,796.575640,796.575640
RTF86,elective,2015/16,1134,5160023.169354,4550.284981
RTF86,elective,2016/17,1440,6285953.991425,4365.245827
RTF86,elective,2017/18,1339,5587071.896893,4172.570498
RTF86,elective,2018/19,1286,5258205.859487,4088.807044
RTF86,elective,2019/20,1568,4812710.872970,3069.330913
RTF86,elective,2020/21,1055,3657633.081340,3466.950788
RTF86,elective,2021/22,1398,4849174.205012,3468.651076
RTF86,elective,2022/23,1247,4795620.445265,3845.726098
RTF86,elective,2023/24,760,2895122.434001,3809.371623
RTF86,non_elective,2015/16,27983,68313237.959288,2441.240680
RTF86,non_elective,2016/17,42072,97999220.076835,2329.321640
RTF86,non_elective,2017/18,39675,97669700.159639,2461.744175
RTF86,non_elective,2018/19,39774,96071449.543195,2415.433437
RTF86,non_elective,2019/20,39341,97600459.474821,2480.884051
RTF86,non_elective,2020/21,33904,85591832.587161,2524.534939
RTF86,non_elective,2021/22,39095,96567280.924555,2470.067295
RTF86,non_elective,2022/23,40559,104676227.954935,2580.838481
RTF86,non_elective,2023/24,26724,76231960.263200,2852.565494
RTFDH,elective,2013/14,28,58341.769778,2083.634634
RTFDH,elective,2014/15,25,48937.787608,1957.511504
RTFDH,elective,2015/16,14,14291.141830,1020.795845
RTFDH,elective,2016/17,8,11132.555175,1391.569396
RTFDH,elective,2017/18,3,9986.964435,3328.988145
RTFDH,elective,2018/19,3,1234.897545,411.632515
RTFDH,elective,2023/24,1,2194.689070,2194.689070
RTFDH,non_elective,2012/13,14,18698.783386,1335.627384
RTFDH,non_elective,2013/14,152,148587.038322,977.546304
RTFDH,non_elective,2014/15,179,163690.112809,914.469903
RTFDH,non_elective,2015/16,135,77398.204485,573.320033
RTFDH,non_elective,2016/17,77,60550.013790,786.363815
RTFDH,non_elective,2017/18,142,96598.141045,680.268598
RTFDH,non_elective,2018/19,214,145103.027825,678.051531
RTFDH,non_elective,2019/20,241,155891.700475,646.853528
RTFDH,non_elective,2020/21,155,45148.182730,291.278598
RTFDH,non_elective,2021/22,47,24232.939605,515.594459
RTFDH,non_elective,2022/23,40,32472.775510,811.819387
RTFDH,non_elective,2023/24,24,7184.578485,299.357436
RTFDJ,elective,2013/14,11,16893.177609,1535.743419
RTFDJ,elective,2014/15,19,16764.426484,882.338236
RTFDJ,elective,2015/16,17,25387.768980,1493.398175
RTFDJ,elective,2016/17,15,29593.400935,1972.893395
RTFDJ,elective,2017/18,10,13214.327595,1321.432759
RTFDJ,elective,2018/19,4,4908.794730,1227.198682
RTFDJ,elective,2019/20,7,11195.172590,1599.310370
RTFDJ,elective,2020/21,3,6830.430810,2276.810270
RTFDJ,elective,2021/22,23,57040.471922,2480.020518
RTFDJ,elective,2022/23,33,82404.518140,2497.106610
RTFDJ,elective,2023/24,2,6071.836225,3035.918112
RTFDJ,non_elective,2013/14,100,63914.118468,639.141184
RTFDJ,non_elective,2014/15,112,42893.694796,382.979417
RTFDJ,non_elective,2015/16,170,80790.836560,475.240215
RTFDJ,non_elective,2016/17,62,52420.014990,845.484112
RTFDJ,non_elective,2017/18,162,42208.243770,260.544714
RTFDJ,non_elective,2018/19,219,118963.849865,543.213926
RTFDJ,non_elective,2019/20,379,167718.179790,442.528178
RTFDJ,non_elective,2020/21,192,63289.782325,329.634282
RTFDJ,non_elective,2021/22,60,25372.371255,422.872854
RTFDJ,non_elective,2022/23,57,32778.676980,575.064508
RTFDJ,non_elective,2023/24,86,79699.651115,926.740129
RTFDM,elective,2018/19,4,12722.626910,3180.656727
RTFDM,non_elective,2013/14,25,15017.531220,600.701248
RTFDM,non_elective,2015/16,62,16175.823370,260.900376
RTFDM,non_elective,2016/17,93,11925.024755,128.226072
RTFDM,non_elective,2017/18,22,12849.914770,584.087035
RTFDM,non_elective,2018/19,17,10327.767415,607.515730
RTFDR,elective,2012/13,60,28520.949210,475.349153
RTFDR,elective,2013/14,1584,6552833.827271,4136.890042
RTFDR,elective,2014/15,1648,6892017.876400,4182.049682
RTFDR,elective,2015/16,1356,6909978.536895,5095.854378
RTFDR,elective,2016/17,1437,7871273.536825,5477.573790
RTFDR,elective,2017/18,1382,8095675.217945,5857.941546
RTFDR,elective,2018/19,1411,8343577.676847,5913.237191
RTFDR,elective,2019/20,1308,8212051.223495,6278.326623
RTFDR,elective,2020/21,927,5628419.726055,6071.650189
RTFDR,elective,2021/22,1072,6665474.982075,6217.793826
RTFDR,elective,2022/23,1029,6408444.864710,6227.837575
RTFDR,elective,2023/24,21,88188.930165,4199.472865
RTFDR,non_elective,2012/13,644,105358.590601,163.600295
RTFDR,non_elective,2013/14,3785,6586678.893002,1740.205784
RTFDR,non_elective,2014/15,4955,7353704.454371,1484.097770
RTFDR,non_elective,2015/16,1898,2666415.826130,1404.855545
RTFDR,non_elective,2016/17,1342,1125951.455020,839.010026
RTFDR,non_elective,2017/18,1401,1377767.902700,983.417489
RTFDR,non_elective,2018/19,1328,1299598.785450,978.613543
RTFDR,non_elective,2019/20,1233,1309571.378675,1062.101685
RTFDR,non_elective,2020/21,1029,927588.722935,901.446766
RTFDR,non_elective,2021/22,843,1125574.724015,1335.201333
RTFDR,non_elective,2022/23,581,683632.300610,1176.647677
RTFDR,non_elective,2023/24,359,527424.433515,1469.148839
RTFDU,elective,2015/16,10,28437.545045,2843.754504
RTFDU,elective,2016/17,6,26618.560465,4436.426744
RTFDU,elective,2019/20,1,575.874915,575.874915
RTFDU,elective,2020/21,1,9369.002405,9369.002405
RTFDU,elective,2023/24,1,4114.272120,4114.272120
RTFDU,non_elective,2014/15,1,6081.074860,6081.074860
RTFDU,non_elective,2015/16,69,171764.701920,2489.343506
RTFDU,non_elective,2016/17,113,298448.971100,2641.141337
RTFDU,non_elective,2017/18,137,356783.765520,2604.261062
RTFDU,non_elective,2018/19,167,335850.045125,2011.078114
RTFDU,non_elective,2019/20,172,352912.777455,2051.818473
RTFDU,non_elective,2020/21,131,323014.501565,2465.759553
RTFDU,non_elective,2021/22,82,262140.109035,3196.830597
RTFDU,non_elective,2022/23,84,279190.523185,3323.696704
RTFDU,non_elective,2023/24,74,212434.199705,2870.732428
RTFDX,elective,2013/14,14,63467.094562,4533.363897
RTFDX,elective,2014/15,7,9675.904546,1382.272078
RTFDX,elective,2015/16,17,76549.276580,4502.898622
RTFDX,elective,2016/17,4,24132.341135,6033.085283
RTFDX,elective,2018/19,1,6873.544440,6873.544440
RTFDX,elective,2019/20,1,2789.041255,2789.041255
RTFDX,elective,2022/23,3,11159.244565,3719.748188
RTFDX,non_elective,2012/13,84,24278.342139,289.027882
RTFDX,non_elective,2013/14,588,228532.216866,388.660232
RTFDX,non_elective,2014/15,295,99006.767403,335.616160
RTFDX,non_elective,2015/16,219,88929.047480,406.068709
RTFDX,non_elective,2016/17,155,54067.571565,348.823042
RTFDX,non_elective,2018/19,52,19771.705415,380.225104
RTFDX,non_elective,2019/20,124,22412.928510,180.749423
RTFDX,non_elective,2020/21,26,16171.717310,621.989127
RTFDX,non_elective,2021/22,27,3011.795010,111.547963
RTFDX,non_elective,2022/23,32,8797.233550,274.913548
RTFDX,non_elective,2023/24,1,1162.014980,1162.014980
RTFED,elective,2012/13,381,76413.277683,200.559783
RTFED,elective,2013/14,3486,12461111.012143,3574.615895
RTFED,elective,2014/15,3231,12535695.297286,3879.819033
RTFED,elective,2015/16,2357,11244985.256888,4770.888950
RTFED,elective,2016/17,2082,11686668.218357,5613.193188
RTFED,elective,2017/18,1759,11103810.127113,6312.569714
RTFED,elective,2018/19,1730,11537429.043370,6669.034129
RTFED,elective,2019/20,1896,12444975.954001,6563.805882
RTFED,elective,2020/21,818,4741510.016692,5796.467013
RTFED,elective,2021/22,1327,8983471.364054,6769.759882
RTFED,elective,2022/23,1708,11421055.768357,6686.800801
RTFED,elective,2023/24,43,149114.648445,3467.782521
RTFED,non_elective,2012/13,3681,249753.492293,67.849359
RTFED,non_elective,2013/14,18234,33802154.361250,1853.798089
RTFED,non_elective,2014/15,19121,36710012.846261,1919.879339
RTFED,non_elective,2015/16,7386,10544021.277020,1427.568545
RTFED,non_elective,2016/17,3785,1065875.691160,281.605202
RTFED,non_elective,2017/18,3571,720632.007270,201.801178
RTFED,non_elective,2018/19,4008,942803.728265,235.230471
RTFED,non_elective,2019/20,4351,2190744.172855,503.503602
RTFED,non_elective,2020/21,3867,2502421.842760,647.122276
RTFED,non_elective,2021/22,3433,554094.319730,161.402365
RTFED,non_elective,2022/23,3054,1048018.436220,343.162552
RTFED,non_elective,2023/24,2193,848190.087079,386.771585
RTFEF,elective,2013/14,38,77899.580670,2049.988965
RTFEF,elective,2014/15,19,34631.992607,1822.736453
RTFEF,elective,2015/16,27,74772.379115,2769.347374
RTFEF,elective,2016/17,11,33615.286705,3055.935155
RTFEF,non_elective,2012/13,8,20823.691953,2602.961494
RTFEF,non_elective,2013/14,92,191576.523955,2082.353521
RTFEF,non_elective,2014/15,101,206875.175256,2048.269061
RTFEF,non_elective,2015/16,77,167675.066160,2177.598261
RTFEF,non_elective,2016/17,50,120200.800440,2404.016008
RTFFS,elective,2012/13,259,109575.447447,423.071225
RTFFS,elective,2013/14,2852,9747188.131661,3417.667647
RTFFS,elective,2014/15,2555,9177971.362474,3592.161002
RTFFS,elective,2015/16,2035,8903176.057090,4375.025089
RTFFS,elective,2016/17,2267,9812613.859674,4328.457811
RTFFS,elective,2017/18,2123,9126483.904357,4298.861942
RTFFS,elective,2018/19,2128,9159128.272113,4304.101631
RTFFS,elective,2019/20,2116,9549539.704110,4513.014983
RTFFS,elective,2020/21,1628,8251995.139416,5068.793083
RTFFS,elective,2021/22,2207,11536044.346505,5227.025077
RTFFS,elective,2022/23,1770,8914544.710715,5036.465938
RTFFS,elective,2023/24,716,2804022.953998,3916.233175
RTFFS,non_elective,2012/13,1992,448051.854982,224.925630
RTFFS,non_elective,2013/14,20627,33879032.337793,1642.460480
RTFFS,non_elective,2014/15,21884,37186451.944276,1699.252967
RTFFS,non_elective,2015/16,8279,10157811.432510,1226.937001
RTFFS,non_elective,2016/17,5187,1426548.922015,275.023890
RTFFS,non_elective,2017/18,5064,1326500.664055,261.947208
RTFFS,non_elective,2018/19,5180,1512372.761620,291.963853
RTFFS,non_elective,2019/20,5839,2363456.348120,404.770739
RTFFS,non_elective,2020/21,3689,816620.398405,221.366331
RTFFS,non_elective,2021/22,3911,1131418.489137,289.291354
RTFFS,non_elective,2022/23,3976,1450959.448715,364.929438
RTFFS,non_elective,2023/24,2962,1067312.812160,360.335183
RTFHA,elective,2014/15,6,14076.102994,2346.017165
RTFHA,non_elective,2014/15,84,128818.075585,1533.548518
RTFWH,non_elective,2013/14,43,13707.359772,318.775808
RTFWH,non_elective,2014/15,23,11443.399990,497.539130
RTG00,elective,2013/14,5,10556.101500,2111.220300
RTG00,elective,2015/16,7,17942.156688,2563.165241
RTG00,elective,2018/19,186,1393669.793352,7492.848351
RTG00,elective,2019/20,14329,60087049.724196,4193.387516
RTG00,elective,2020/21,225,1471567.688640,6540.300838
RTG00,elective,2022/23,2,9692.373696,4846.186848
RTG00,non_elective,2013/14,3,4299.401340,1433.133780
RTG00,non_elective,2016/17,1,4179.653616,4179.653616
RTG00,non_elective,2017/18,3,19904.205216,6634.735072
RTG00,non_elective,2018/19,1243,1884108.961347,1515.775511
RTG00,non_elective,2019/20,102346,233453547.612485,2281.022683
RTG00,non_elective,2020/21,12,26569.537536,2214.128128
RTG00,non_elective,2021/22,10,10650.971568,1065.097156
RTG00,non_elective,2022/23,66,72538.425696,1099.067056
RTG00,non_elective,2023/24,128,176048.220288,1375.376721
RTG02,elective,2016/17,1,2564.953392,2564.953392
RTG02,elective,2018/19,2733,10217836.734077,3738.688889
RTG02,elective,2019/20,1,12087.303744,12087.303744
RTG02,elective,2020/21,1643,7241764.538908,4407.647315
RTG02,elective,2021/22,3185,13959523.849093,4382.896027
RTG02,elective,2022/23,3069,13875463.087406,4521.167509
RTG02,elective,2023/24,1469,4367744.777497,2973.277588
RTG02,non_elective,2017/18,3,9361.714800,3120.571600
RTG02,non_elective,2018/19,24212,48056949.990086,1984.840161
RTG02,non_elective,2019/20,102,50996.572320,499.966395
RTG02,non_elective,2020/21,22611,49940392.178297,2208.676846
RTG02,non_elective,2021/22,29056,64722413.383507,2227.505967
RTG02,non_elective,2022/23,29232,70780450.607284,2421.334517
RTG02,non_elective,2023/24,18951,47334047.427236,2497.707109
RTG07,elective,2017/18,35,27750.313152,792.866090
RTG07,elective,2018/19,16,13017.738240,813.608640
RTG07,elective,2020/21,22,37103.683248,1686.531056
RTG07,elective,2021/22,27,77410.689744,2867.062583
RTG07,elective,2022/23,15,37888.085424,2525.872361
RTG07,non_elective,2020/21,2,4840.971408,2420.485704
RTG07,non_elective,2021/22,7,20590.557120,2941.508160
RTG07,non_elective,2022/23,57,173554.196880,3044.810471
RTG07,non_elective,2023/24,4,12411.704112,3102.926028
RTG29,elective,2013/14,1,1404.013500,1404.013500
RTG29,elective,2014/15,1,4271.321070,4271.321070
RTG29,elective,2016/17,2,537.190320,268.595160
RTG29,elective,2022/23,1,622.723536,622.723536
RTG29,non_elective,2014/15,8,6851.585880,856.448235
RTG29,non_elective,2016/17,42,553.879728,13.187612
RTG29,non_elective,2017/18,41,2770.441728,67.571749
RTG29,non_elective,2022/23,9,9572.418576,1063.602064
RTG50,elective,2018/19,3,19556.856912,6518.952304
RTG50,elective,2021/22,5,4240.152720,848.030544
RTG50,elective,2022/23,2,949.210080,474.605040
RTG50,elective,2023/24,3,4685.551296,1561.850432
RTG50,non_elective,2018/19,91,119406.455712,1312.158853
RTG50,non_elective,2021/22,2,1728.396816,864.198408
RTG50,non_elective,2022/23,2,1886.946192,943.473096
RTG50,non_elective,2023/24,2,2199.872592,1099.936296
RTG54,elective,2018/19,6,33816.912960,5636.152160
RTG54,elective,2020/21,1,3418.199376,3418.199376
RTG54,elective,2023/24,1,1187.034144,1187.034144
RTG54,non_elective,2018/19,303,367298.405088,1212.205957
RTG54,non_elective,2020/21,5,6214.718304,1242.943660
RTG54,non_elective,2021/22,13,12195.784896,938.137299
RTG54,non_elective,2022/23,8,12243.766944,1530.470868
RTGFA,elective,2012/13,1,8415.760920,8415.760920
RTGFA,elective,2013/14,79,129494.765130,1639.174242
RTGFA,elective,2014/15,58,36253.708590,625.063941
RTGFA,elective,2015/16,118,207040.430082,1754.579915
RTGFA,elective,2016/17,39,113410.785888,2907.968868
RTGFA,elective,2017/18,46,64065.421872,1392.726562
RTGFA,elective,2018/19,31,52595.073387,1696.615270
RTGFA,elective,2020/21,40,264222.712429,6605.567810
RTGFA,elective,2021/22,55,311534.920608,5664.271283
RTGFA,elective,2022/23,44,217177.180128,4935.845002
RTGFA,elective,2023/24,31,145094.583888,4680.470448
RTGFA,non_elective,2012/13,55,2898.507870,52.700143
RTGFA,non_elective,2013/14,367,72110.133360,196.485377
RTGFA,non_elective,2014/15,109,10859.784420,99.631049
RTGFA,non_elective,2015/16,167,5346.869088,32.017180
RTGFA,non_elective,2016/17,113,3950.174256,34.957294
RTGFA,non_elective,2017/18,260,8833.912272,33.976585
RTGFA,non_elective,2018/19,78,4263.100656,54.655136
RTGFA,non_elective,2019/20,20,66073.366272,3303.668313
RTGFA,non_elective,2020/21,150,83324.195527,555.494636
RTGFA,non_elective,2021/22,275,183736.978399,668.134466
RTGFA,non_elective,2022/23,404,282014.810477,698.056461
RTGFA,non_elective,2023/24,268,114033.019173,425.496340
RTGFG,elective,2012/13,1758,401819.303610,228.566156
RTGFG,elective,2013/14,13498,37241531.470606,2759.040707
RTGFG,elective,2014/15,13644,39906932.383420,2924.870447
RTGFG,elective,2015/16,13151,51162198.338744,3890.365625
RTGFG,elective,2016/17,13139,52209137.555275,3973.600544
RTGFG,elective,2017/18,11724,47681609.814612,4067.008684
RTGFG,elective,2018/19,11655,49753965.117637,4268.894475
RTGFG,elective,2019/20,4,14814.238272,3703.559568
RTGFG,elective,2020/21,5650,23320251.460170,4127.478134
RTGFG,elective,2021/22,8804,38724593.851041,4398.522700
RTGFG,elective,2022/23,8962,39035527.660905,4355.671464
RTGFG,elective,2023/24,6494,28033231.923389,4316.789640
RTGFG,non_elective,2012/13,7559,1187123.574540,157.047701
RTGFG,non_elective,2013/14,47926,84196675.262041,1756.805810
RTGFG,non_elective,2014/15,55098,100101811.648270,1816.795739
RTGFG,non_elective,2015/16,52508,125006664.453703,2380.716547
RTGFG,non_elective,2016/17,52901,132064199.624536,2496.440513
RTGFG,non_elective,2017/18,54334,143729109.754140,2645.288580
RTGFG,non_elective,2018/19,53899,145032011.928181,2690.810811
RTGFG,non_elective,2019/20,243,334570.893235,1376.834951
RTGFG,non_elective,2020/21,59454,130975205.530290,2202.967092
RTGFG,non_elective,2021/22,61989,159025294.026969,2565.379245
RTGFG,non_elective,2022/23,59747,160577881.708878,2687.630871
RTGFG,non_elective,2023/24,42373,108139389.421783,2552.082444
RTGNH,elective,2013/14,2,11302.828680,5651.414340
RTGNH,elective,2014/15,55,317062.648650,5764.775430
RTH00,elective,2012/13,1,7454.701875,7454.701875
RTH00,elective,2013/14,576,2326121.248101,4038.404944
RTH00,elective,2014/15,265,882014.534232,3328.356732
RTH00,elective,2015/16,11,42564.915328,3869.537757
RTH00,elective,2020/21,9,22124.381968,2458.264663
RTH00,elective,2021/22,3,7118.383194,2372.794398
RTH00,elective,2022/23,2,3638.935716,1819.467858
RTH00,elective,2023/24,1,2372.794398,2372.794398
RTH00,non_elective,2013/14,185,504594.476697,2727.537711
RTH00,non_elective,2014/15,1115,2620743.125763,2350.442265
RTH00,non_elective,2016/17,15,29851.424356,1990.094957
RTH00,non_elective,2017/18,23,46495.703670,2021.552333
RTH00,non_elective,2018/19,1,3340.573366,3340.573366
RTH02,elective,2012/13,1157,318934.702875,275.656614
RTH02,elective,2013/14,5907,16686177.574848,2824.814216
RTH02,elective,2014/15,5436,18324126.624648,3370.884220
RTH02,elective,2015/16,5842,27930692.620237,4781.015511
RTH02,elective,2016/17,5830,27935517.161134,4791.683904
RTH02,elective,2017/18,5033,26318332.412456,5229.154065
RTH02,elective,2018/19,4749,25460295.337271,5361.190848
RTH02,elective,2019/20,4722,23893522.878560,5060.042964
RTH02,elective,2020/21,3543,18922675.683533,5340.862456
RTH02,elective,2021/22,4466,22629565.073902,5067.076819
RTH02,elective,2022/23,4749,22973309.313787,4837.504593
RTH02,elective,2023/24,3231,15536119.352274,4808.455386
RTH02,non_elective,2012/13,1190,415328.674500,349.015692
RTH02,non_elective,2013/14,6120,13227138.511896,2161.297142
RTH02,non_elective,2014/15,5570,12804642.354156,2298.858591
RTH02,non_elective,2015/16,5832,17353490.797035,2975.564265
RTH02,non_elective,2016/17,6271,17720929.477532,2825.853847
RTH02,non_elective,2017/18,6369,17032905.681431,2674.345373
RTH02,non_elective,2018/19,5970,15469654.148013,2591.231850
RTH02,non_elective,2019/20,6211,16741192.124855,2695.410098
RTH02,non_elective,2020/21,6233,17037059.492924,2733.364269
RTH02,non_elective,2021/22,6677,17346373.683233,2597.929262
RTH02,non_elective,2022/23,6811,17008198.490530,2497.166126
RTH02,non_elective,2023/24,4997,11943332.545227,2390.100569
RTH03,elective,2012/13,320,274278.937023,857.121678
RTH03,elective,2013/14,4025,21748331.053341,5403.312062
RTH03,elective,2014/15,4388,25131875.248847,5727.410038
RTH03,elective,2015/16,4033,26944160.439300,6680.922499
RTH03,elective,2016/17,4002,25931918.494041,6479.739753
RTH03,elective,2017/18,3782,24909987.301990,6586.458831
RTH03,elective,2018/19,3385,22489023.051201,6643.729114
RTH03,elective,2019/20,3220,21452945.415202,6662.405408
RTH03,elective,2020/21,1678,10961069.419623,6532.222538
RTH03,elective,2021/22,2866,19394599.752316,6767.131804
RTH03,elective,2022/23,2453,16040516.083433,6539.142308
RTH03,elective,2023/24,1589,10558104.137390,6644.495995
RTH03,non_elective,2012/13,61,53891.717850,883.470784
RTH03,non_elective,2013/14,729,2612825.759232,3584.123126
RTH03,non_elective,2014/15,678,2231437.186590,3291.205289
RTH03,non_elective,2015/16,793,3344982.857745,4218.137273
RTH03,non_elective,2016/17,675,3482520.881445,5159.290194
RTH03,non_elective,2017/18,669,3895738.978978,5823.227173
RTH03,non_elective,2018/19,614,3240247.962558,5277.276811
RTH03,non_elective,2019/20,632,3677872.968286,5819.419253
RTH03,non_elective,2020/21,834,5719175.479368,6857.524555
RTH03,non_elective,2021/22,577,3514476.129255,6090.946497
RTH03,non_elective,2022/23,673,4379529.135442,6507.472712
RTH03,non_elective,2023/24,406,2642666.626277,6509.031099
RTH05,elective,2012/13,28,1860.649575,66.451770
RTH05,elective,2013/14,691,1320444.708159,1910.918535
RTH05,elective,2014/15,532,1183456.536558,2224.542361
RTH05,elective,2015/16,368,1038693.232268,2822.535957
RTH05,elective,2016/17,188,501325.606141,2666.625564
RTH05,elective,2017/18,46,88500.413850,1923.922040
RTH05,elective,2018/19,59,154425.777538,2617.386059
RTH05,elective,2019/20,67,100992.823746,1507.355578
RTH05,elective,2020/21,47,96555.980309,2054.382559
RTH05,elective,2021/22,127,213763.506682,1683.177217
RTH05,elective,2022/23,109,204654.753678,1877.566547
RTH05,elective,2023/24,50,93545.222110,1870.904442
RTH05,non_elective,2012/13,2245,427331.019600,190.347892
RTH05,non_elective,2013/14,10684,18855114.007698,1764.799139
RTH05,non_elective,2014/15,11332,19078014.703110,1683.552303
RTH05,non_elective,2015/16,11968,23662643.397941,1977.159374
RTH05,non_elective,2016/17,12281,22772786.737572,1854.310458
RTH05,non_elective,2017/18,11981,23846270.180761,1990.340554
RTH05,non_elective,2018/19,12920,25622141.918044,1983.137919
RTH05,non_elective,2019/20,13255,27824166.910791,2099.144995
RTH05,non_elective,2020/21,11339,23955377.451398,2112.653448
RTH05,non_elective,2021/22,13248,28466614.599377,2148.748082
RTH05,non_elective,2022/23,12557,27352441.648959,2178.262455
RTH05,non_elective,2023/24,9161,20168484.844202,2201.559310
RTH08,elective,2012/13,1794,426572.983701,237.777582
RTH08,elective,2013/14,10344,39551796.414441,3823.646211
RTH08,elective,2014/15,10486,39280162.085487,3745.962434
RTH08,elective,2015/16,11450,54880511.626452,4793.057783
RTH08,elective,2016/17,11195,55150896.365336,4926.386455
RTH08,elective,2017/18,10376,55372389.247018,5336.583389
RTH08,elective,2018/19,10130,57047262.757456,5631.516560
RTH08,elective,2019/20,9203,51179876.106235,5561.216571
RTH08,elective,2020/21,4813,33742252.681474,7010.648801
RTH08,elective,2021/22,7367,49986565.732285,6785.199637
RTH08,elective,2022/23,7487,47977604.745164,6408.121376
RTH08,elective,2023/24,5141,33870840.062486,6588.375814
RTH08,non_elective,2012/13,8788,1735013.410188,197.429837
RTH08,non_elective,2013/14,45572,90237526.580586,1980.108983
RTH08,non_elective,2014/15,47452,94984392.526546,2001.694186
RTH08,non_elective,2015/16,47915,122457785.405589,2555.729633
RTH08,non_elective,2016/17,52551,133300201.836366,2536.587350
RTH08,non_elective,2017/18,54571,149343367.963262,2736.680067
RTH08,non_elective,2018/19,60212,160796000.388479,2670.497581
RTH08,non_elective,2019/20,61605,170537107.040002,2768.234835
RTH08,non_elective,2020/21,53959,164901043.940985,3056.043365
RTH08,non_elective,2021/22,64306,193962134.130693,3016.236962
RTH08,non_elective,2022/23,65075,192962295.987169,2965.229289
RTH08,non_elective,2023/24,47388,135108647.397002,2851.115206
RTH16,elective,2013/14,59,42034.615650,712.451112
RTH16,elective,2014/15,360,252396.949800,701.102638
RTH16,non_elective,2016/17,2,9686.469312,4843.234656
RTH19,non_elective,2016/17,1,2432.466868,2432.466868
RTH21,non_elective,2016/17,1,2432.466868,2432.466868
RTH40,elective,2016/17,1,21349.724812,21349.724812
RTH40,elective,2017/18,1,2868.043350,2868.043350
RTH40,elective,2018/19,1,6357.830440,6357.830440
RTH40,elective,2019/20,2,17158.297971,8579.148985
RTH40,non_elective,2013/14,220,624588.483000,2839.038559
RTH40,non_elective,2014/15,378,1197603.718896,3168.263806
RTH40,non_elective,2015/16,377,1547438.752017,4104.612074
RTH40,non_elective,2016/17,413,1470328.695193,3560.117906
RTH40,non_elective,2017/18,341,1300853.694310,3814.820217
RTH40,non_elective,2018/19,371,1448765.939660,3905.029486
RTH40,non_elective,2019/20,402,1410761.433177,3509.356798
RTH40,non_elective,2020/21,445,1763816.639807,3963.632898
RTH40,non_elective,2021/22,291,998918.569092,3432.709859
RTH40,non_elective,2022/23,447,1429097.177476,3197.085408
RTH40,non_elective,2023/24,326,990906.530987,3039.590585
RTH83,elective,2013/14,2,879.159675,439.579837
RTH83,elective,2014/15,2,3567.253650,1783.626825
RTH83,elective,2015/16,2,657.482124,328.741062
RTH83,elective,2017/18,3,4462.415802,1487.471934
RTH83,elective,2020/21,3,11751.136774,3917.045591
RTH83,elective,2021/22,8,14820.471640,1852.558955
RTH83,elective,2022/23,1,3418.690054,3418.690054
RTH83,elective,2023/24,3,2841.494526,947.164842
RTH83,non_elective,2023/24,65,213916.506893,3291.023182
RTH90,elective,2014/15,3,13650.631950,4550.210650
RTH90,elective,2015/16,78,158160.254304,2027.695568
RTH90,elective,2016/17,43,89166.944490,2073.649871
RTH90,elective,2017/18,12,28242.437574,2353.536464
RTH90,elective,2018/19,67,225760.483182,3369.559450
RTH90,elective,2019/20,2,4627.328810,2313.664405
RTH90,elective,2020/21,486,1714565.456764,3527.912462
RTH90,elective,2021/22,130,510268.079097,3925.139069
RTH90,elective,2022/23,85,356507.573652,4194.206748
RTH90,elective,2023/24,4,11185.875740,2796.468935
RTHC3,elective,2017/18,2,681.351112,340.675556
RTHC3,elective,2018/19,4,3514.166006,878.541501
RTHC4,elective,2014/15,14,12651.536850,903.681203
RTHC4,elective,2015/16,2,10699.816348,5349.908174
RTHC4,elective,2016/17,3,3713.797542,1237.932514
RTHC4,elective,2017/18,1,328.741062,328.741062
RTHC4,elective,2018/19,1,3418.690054,3418.690054
RTHC4,elective,2021/22,1,435.066554,435.066554
RTHC4,elective,2022/23,5,1964.851694,392.970338
RTHC4,elective,2023/24,3,1207.553802,402.517934
RTHC4,non_elective,2020/21,1,253.879236,253.879236
RTHC5,elective,2013/14,3,1478.836800,492.945600
RTHC5,elective,2014/15,2,1230.163350,615.081675
RTHC5,elective,2015/16,2,1453.838360,726.919180
RTHC5,elective,2016/17,2,657.482124,328.741062
RTHC5,elective,2018/19,2,5507.226504,2753.613252
RTHC5,elective,2019/20,5,2060.327646,412.065529
RTHC5,elective,2020/21,8,2575.680796,321.960099
RTHC5,elective,2021/22,2,1816.212996,908.106498
RTHC5,elective,2023/24,2,481.719576,240.859788
RTHC5,non_elective,2020/21,3,761.637708,253.879236
RTHH2,elective,2014/15,1,5743.696500,5743.696500
RTHH3,non_elective,2017/18,1,833.244672,833.244672
RTHT1,elective,2014/15,2,1727.510250,863.755125
RTHT1,elective,2018/19,65,282043.155453,4339.125468
RTHT1,elective,2019/20,63,193425.599120,3070.247605
RTHT1,elective,2020/21,174,870837.405889,5004.812677
RTHT1,elective,2023/24,2,1866.120880,933.060440
RTHT1,non_elective,2020/21,128,788484.601792,6160.035951
RTK00,elective,2022/23,24,157213.775906,6550.573996
RTK00,elective,2023/24,17,28030.712182,1648.865422
RTK00,non_elective,2022/23,1159,3881449.614345,3348.964291
RTK00,non_elective,2023/24,1436,5546226.783476,3862.274918
RTK01,elective,2012/13,328,132304.430757,403.367166
RTK01,elective,2013/14,4342,12741613.649112,2934.503373
RTK01,elective,2014/15,4562,12868253.649312,2820.748279
RTK01,elective,2015/16,4600,15729372.838527,3419.428877
RTK01,elective,2016/17,4746,14929638.395850,3145.730804
RTK01,elective,2017/18,4540,14507640.875460,3195.515611
RTK01,elective,2018/19,4856,14885771.974719,3065.439039
RTK01,elective,2019/20,5027,14658532.781358,2915.960370
RTK01,elective,2020/21,3092,7980660.265956,2581.067356
RTK01,elective,2021/22,2887,7620519.161166,2639.597908
RTK01,elective,2022/23,2337,8201128.075831,3509.254632
RTK01,elective,2023/24,2302,7228255.155118,3139.989207
RTK01,non_elective,2012/13,5231,793027.476591,151.601505
RTK01,non_elective,2013/14,24612,56524383.915711,2296.618881
RTK01,non_elective,2014/15,25814,60294303.460713,2335.721060
RTK01,non_elective,2015/16,25293,72194276.532632,2854.318449
RTK01,non_elective,2016/17,26900,74423873.790420,2766.686758
RTK01,non_elective,2017/18,28022,78088688.852772,2786.692200
RTK01,non_elective,2018/19,27002,77164555.241834,2857.734806
RTK01,non_elective,2019/20,29897,83652566.430071,2798.025434
RTK01,non_elective,2020/21,25989,71700169.425450,2758.866036
RTK01,non_elective,2021/22,32171,86830160.854228,2699.019640
RTK01,non_elective,2022/23,40814,89951395.964419,2203.934825
RTK01,non_elective,2023/24,24874,54208904.031385,2179.340035
RTK02,elective,2012/13,145,64468.004697,444.606928
RTK02,elective,2013/14,1526,8167984.226397,5352.545364
RTK02,elective,2014/15,1653,9025521.400995,5460.085542
RTK02,elective,2015/16,1608,9969615.604415,6200.009704
RTK02,elective,2016/17,1493,9154533.204289,6131.636439
RTK02,elective,2017/18,1242,7746706.387640,6237.283725
RTK02,elective,2018/19,1431,9056246.734733,6328.614070
RTK02,elective,2019/20,1224,8088670.495235,6608.390927
RTK02,elective,2020/21,688,4633653.314245,6734.961212
RTK02,elective,2021/22,1886,11961927.435495,6342.485384
RTK02,elective,2022/23,2083,10399071.655838,4992.353171
RTK02,elective,2023/24,1362,7446118.591923,5467.047424
RTK02,non_elective,2013/14,187,60817.614057,325.227882
RTK02,non_elective,2014/15,294,61731.295049,209.970391
RTK02,non_elective,2015/16,56,6386.887034,114.051554
RTK02,non_elective,2016/17,66,31027.168524,470.108614
RTK02,non_elective,2017/18,90,82087.369925,912.081888
RTK02,non_elective,2018/19,22,16006.615020,727.573410
RTK02,non_elective,2019/20,124,48862.950169,394.056049
RTK02,non_elective,2020/21,60,85548.716000,1425.811933
RTK02,non_elective,2021/22,375,422301.105765,1126.136282
RTK02,non_elective,2022/23,281,280844.052577,999.445026
RTK02,non_elective,2023/24,4,12343.779206,3085.944801
RTK03,elective,2022/23,2,23006.976399,11503.488199
RTK03,non_elective,2021/22,3,12658.958686,4219.652895
RTK03,non_elective,2022/23,7,7238.997271,1034.142467
RTK03,non_elective,2023/24,6,6490.446006,1081.741001
RTK48,elective,2013/14,51,319482.890811,6264.370408
RTK48,elective,2014/15,167,956120.378403,5725.271726
RTK48,elective,2016/17,72,380386.737489,5283.149131
RTK48,elective,2018/19,89,690960.094517,7763.596567
RTK48,elective,2019/20,22,126363.333019,5743.787864
RTK48,elective,2020/21,5,22008.532832,4401.706566
RTK48,elective,2021/22,61,422267.336535,6922.415353
RTK48,elective,2022/23,9,68898.234328,7655.359369
RTK48,non_elective,2018/19,1,3667.338378,3667.338378
RTK48,non_elective,2020/21,6,6946.330611,1157.721768
RTK49,elective,2013/14,47,255790.594125,5442.353066
RTK49,elective,2014/15,139,729124.580445,5245.500578
RTK49,elective,2015/16,1,4595.992203,4595.992203
RTK49,elective,2016/17,14,52370.447525,3740.746251
RTK49,elective,2017/18,5,17615.156009,3523.031201
RTK49,elective,2018/19,27,161438.306579,5979.196539
RTK49,elective,2019/20,50,246746.135405,4934.922708
RTK49,elective,2020/21,198,995216.354253,5026.345223
RTK49,elective,2021/22,90,579584.671413,6439.829682
RTK49,elective,2022/23,1,6605.261388,6605.261388
RTK54,elective,2021/22,1,719.284599,719.284599
RTK55,elective,2014/15,2,7750.060128,3875.030064
RTK55,elective,2016/17,10,31002.404422,3100.240442
RTK55,elective,2018/19,1,968.051260,968.051260
RTK55,elective,2019/20,1,445.753836,445.753836
RTK56,elective,2013/14,49,391822.635324,7996.380312
RTK76,elective,2021/22,62,422379.900635,6812.579042
RTK76,elective,2022/23,1,11749.440758,11749.440758
RTP00,elective,2015/16,9,14368.715400,1596.523933
RTP00,elective,2016/17,4,19473.025200,4868.256300
RTP00,elective,2017/18,9,25693.729200,2854.858800
RTP00,elective,2020/21,1,4528.894680,4528.894680
RTP00,elective,2023/24,1,1045.300440,1045.300440
RTP00,non_elective,2013/14,29,23159.920305,798.617941
RTP00,non_elective,2014/15,40,69330.680211,1733.267005
RTP00,non_elective,2015/16,177,746140.119600,4215.480901
RTP00,non_elective,2016/17,1655,8450676.898259,5106.149183
RTP00,non_elective,2017/18,376,1917269.038846,5099.119784
RTP00,non_elective,2018/19,9,38425.066440,4269.451826
RTP00,non_elective,2019/20,97,95073.463080,980.138794
RTP00,non_elective,2020/21,8,22516.726800,2814.590850
RTP00,non_elective,2021/22,5,19740.737640,3948.147528
RTP00,non_elective,2022/23,19,121435.917960,6391.364103
RTP00,non_elective,2023/24,17,59105.552503,3476.797206
RTP02,elective,2013/14,84,118571.570865,1411.566319
RTP02,elective,2014/15,207,398366.053515,1924.473688
RTP02,elective,2015/16,277,733217.717880,2646.995371
RTP02,elective,2016/17,219,549863.578320,2510.792595
RTP02,elective,2017/18,139,385492.583520,2773.327938
RTP02,elective,2018/19,104,315018.505614,3029.024092
RTP02,elective,2019/20,74,320402.913720,4329.769104
RTP02,elective,2020/21,25,55393.147440,2215.725897
RTP02,elective,2021/22,101,218433.355920,2162.706494
RTP02,elective,2022/23,65,168120.079800,2586.462766
RTP02,elective,2023/24,66,211321.491638,3201.840782
RTP02,non_elective,2014/15,1,2854.662543,2854.662543
RTP02,non_elective,2017/18,1,645.398040,645.398040
RTP02,non_elective,2018/19,2,1290.796080,645.398040
RTP02,non_elective,2019/20,2,1290.796080,645.398040
RTP02,non_elective,2022/23,8,28162.015680,3520.251960
RTP02,non_elective,2023/24,2,2901.514080,1450.757040
RTP04,elective,2012/13,409,116482.111623,284.797338
RTP04,elective,2013/14,4788,14438941.377144,3015.651916
RTP04,elective,2014/15,4501,13413422.250924,2980.098256
RTP04,elective,2015/16,4635,18304430.728864,3949.175993
RTP04,elective,2016/17,4700,18602348.930191,3957.946580
RTP04,elective,2017/18,5007,19979309.825291,3990.275579
RTP04,elective,2018/19,4827,18926751.201166,3921.017443
RTP04,elective,2019/20,4688,18751776.971962,3999.952425
RTP04,elective,2020/21,3221,13227867.001615,4106.757839
RTP04,elective,2021/22,4253,18325577.967679,4308.859150
RTP04,elective,2022/23,3952,17336284.947423,4386.711778
RTP04,elective,2023/24,2633,11965067.610977,4544.271785
RTP04,non_elective,2012/13,7880,1305916.685022,165.725467
RTP04,non_elective,2013/14,35280,69409965.522282,1967.402650
RTP04,non_elective,2014/15,32761,70052810.929747,2138.298920
RTP04,non_elective,2015/16,35618,95310886.256811,2675.919093
RTP04,non_elective,2016/17,35856,89596088.585537,2498.775339
RTP04,non_elective,2017/18,38470,107884085.291955,2804.369256
RTP04,non_elective,2018/19,40578,114269701.865701,2816.050615
RTP04,non_elective,2019/20,41057,121033726.363135,2947.943745
RTP04,non_elective,2020/21,35354,101663698.481221,2875.592534
RTP04,non_elective,2021/22,38354,115857758.707474,3020.747737
RTP04,non_elective,2022/23,40938,126410383.405292,3087.849514
RTP04,non_elective,2023/24,32318,89724620.704960,2776.304867
RTP21,elective,2016/17,1,1681.811760,1681.811760
RTP23,elective,2017/18,6,1999.512000,333.252000
RTP23,elective,2018/19,26,9468.800160,364.184621
RTP23,elective,2019/20,1,327.697800,327.697800
RTP23,elective,2020/21,5,1705.139400,341.027880
RTP23,elective,2021/22,21,7805.872680,371.708222
RTP23,elective,2022/23,10,5565.308400,556.530840
RTP23,elective,2023/24,4,2827.087800,706.771950
RTP23,non_elective,2017/18,78,48364.862760,620.062343
RTP23,non_elective,2018/19,102,62831.332080,615.993451
RTP23,non_elective,2019/20,254,156594.003960,616.511826
RTP23,non_elective,2020/21,38,24392.935560,641.919356
RTP23,non_elective,2021/22,12,7908.069960,659.005830
RTP23,non_elective,2022/23,8,8083.582680,1010.447835
RTP29,elective,2020/21,14,55308.723600,3950.623114
RTP60,elective,2020/21,118,888250.991640,7527.550776
RTP60,elective,2021/22,25,190469.069760,7618.762790
RTP60,elective,2022/23,19,149055.843720,7845.044406
RTQ00,non_elective,2020/21,1,6081.211820,6081.211820
RTQ00,non_elective,2022/23,25,240854.904480,9634.196179
RTQ04,non_elective,2019/20,27,196042.451440,7260.831534
RTQ04,non_elective,2020/21,9,61649.030200,6849.892244
RTQ04,non_elective,2021/22,3,24846.871140,8282.290380
RTQ04,non_elective,2022/23,41,479341.348000,11691.252390
RTQ04,non_elective,2023/24,195,1473836.554620,7558.136177
RTQ19,non_elective,2019/20,24,134583.818720,5607.659113
RTQ19,non_elective,2020/21,6,21974.170700,3662.361783
RTQ19,non_elective,2021/22,4,18452.863460,4613.215865
RTQ19,non_elective,2022/23,21,310982.899380,14808.709494
RTQ19,non_elective,2023/24,89,764306.745580,8587.716242
RTQ21,non_elective,2019/20,23,176891.812600,7690.948373
RTQ21,non_elective,2020/21,15,68308.757440,4553.917162
RTQ21,non_elective,2021/22,12,82976.686380,6914.723865
RTQ21,non_elective,2022/23,57,743151.702500,13037.749166
RTQ21,non_elective,2023/24,231,1745285.823400,7555.349884
RTQ25,non_elective,2019/20,18,115369.365340,6409.409185
RTQ25,non_elective,2020/21,5,24818.625360,4963.725072
RTQ25,non_elective,2021/22,11,96602.659880,8782.059989
RTQ25,non_elective,2022/23,3,23714.947660,7904.982553
RTQ29,non_elective,2019/20,21,134501.173660,6404.817793
RTQ29,non_elective,2020/21,24,120079.087620,5003.295317
RTQ29,non_elective,2021/22,8,54190.052000,6773.756500
RTQ29,non_elective,2022/23,26,212690.723400,8180.412438
RTQ29,non_elective,2023/24,130,904856.700720,6960.436159
RTQ42,non_elective,2019/20,3,33475.433860,11158.477953
RTQ42,non_elective,2020/21,1,5014.149020,5014.149020
RTQ42,non_elective,2022/23,15,208165.121760,13877.674784
RTQ42,non_elective,2023/24,82,703778.131320,8582.660138
RTQ85,non_elective,2022/23,31,344020.000580,11097.419373
RTQ85,non_elective,2023/24,121,970157.805660,8017.833104
RTQ87,non_elective,2019/20,11,82221.373300,7474.670300
RTQ87,non_elective,2020/21,11,64484.069600,5862.188145
RTQ87,non_elective,2021/22,8,25437.940240,3179.742530
RTQ87,non_elective,2022/23,50,331125.278940,6622.505578
RTQ87,non_elective,2023/24,194,944912.355180,4870.682243
RTR00,elective,2012/13,1,8994.379797,8994.379797
RTR00,elective,2013/14,229,1314590.268081,5740.568856
RTR00,elective,2014/15,231,1292691.267428,5596.066092
RTR00,elective,2015/16,81,645471.587790,7968.785034
RTR00,elective,2016/17,156,1202694.975990,7709.583179
RTR00,elective,2018/19,10,275765.338440,27576.533844
RTR00,elective,2019/20,9,99156.182130,11017.353570
RTR00,elective,2020/21,2,53052.737580,26526.368790
RTR00,elective,2021/22,3,96879.707100,32293.235700
RTR00,elective,2022/23,4,140706.676620,35176.669155
RTR00,elective,2023/24,35,323886.221370,9253.892039
RTR00,non_elective,2014/15,2,11341.008237,5670.504118
RTR00,non_elective,2015/16,3,9523.406250,3174.468750
RTR00,non_elective,2016/17,4,13838.652090,3459.663022
RTR00,non_elective,2023/24,5,4927.791330,985.558266
RTR03,elective,2013/14,5,8211.141094,1642.228218
RTR03,elective,2014/15,10,26386.566515,2638.656651
RTR03,elective,2015/16,27,28475.746560,1054.657280
RTR03,elective,2016/17,21,71036.087811,3382.670848
RTR03,elective,2017/18,5,12555.658800,2511.131760
RTR03,elective,2018/19,2,7164.648990,3582.324495
RTR03,elective,2022/23,2,288.495720,144.247860
RTR03,elective,2023/24,4,4959.282060,1239.820515
RTR03,non_elective,2013/14,20,15789.310043,789.465502
RTR03,non_elective,2014/15,20,10363.246387,518.162319
RTR03,non_elective,2015/16,13,2734.614360,210.354950
RTR03,non_elective,2016/17,12,9140.438340,761.703195
RTR03,non_elective,2017/18,8,13040.209710,1630.026213
RTR03,non_elective,2018/19,41,13024.972260,317.682250
RTR03,non_elective,2019/20,58,17643.047181,304.190468
RTR03,non_elective,2021/22,43,15073.901370,350.555845
RTR03,non_elective,2022/23,33,5520.020220,167.273340
RTR03,non_elective,2023/24,3,702.019796,234.006598
RTR07,elective,2013/14,13,46755.542444,3596.580188
RTR07,elective,2014/15,12,26440.812247,2203.401020
RTR07,elective,2015/16,107,177426.899460,1658.195322
RTR07,elective,2016/17,8,22470.159600,2808.769950
RTR07,elective,2017/18,4,22800.304350,5700.076087
RTR07,elective,2018/19,10,24711.080580,2471.108058
RTR07,elective,2019/20,2,17115.719670,8557.859835
RTR07,elective,2020/21,6,25196.647320,4199.441220
RTR07,elective,2021/22,7,29939.212208,4277.030315
RTR07,non_elective,2012/13,8,4698.402995,587.300374
RTR07,non_elective,2013/14,39,51229.574825,1313.578841
RTR07,non_elective,2014/15,30,28837.590199,961.253006
RTR07,non_elective,2015/16,86,72638.955810,844.639021
RTR07,non_elective,2016/17,20,13308.388830,665.419441
RTR07,non_elective,2017/18,13,22244.645340,1711.126564
RTR07,non_elective,2018/19,10,19233.725220,1923.372522
RTR07,non_elective,2019/20,9,18201.641940,2022.404660
RTR07,non_elective,2020/21,3,2530.402055,843.467351
RTR07,non_elective,2021/22,26,19710.149490,758.082672
RTR07,non_elective,2023/24,16,5835.943350,364.746459
RTR18,elective,2013/14,5,10169.752463,2033.950492
RTR18,elective,2014/15,4,6944.167581,1736.041895
RTR18,elective,2015/16,7,12334.207860,1762.029694
RTR18,elective,2016/17,4,4708.372050,1177.093012
RTR18,elective,2017/18,2,14994.666630,7497.333315
RTR18,elective,2019/20,1,7762.972860,7762.972860
RTR18,elective,2020/21,2,2249.047620,1124.523810
RTR18,non_elective,2012/13,1,3482.890632,3482.890632
RTR18,non_elective,2013/14,43,34516.022528,802.698198
RTR18,non_elective,2014/15,83,40043.274676,482.449092
RTR18,non_elective,2015/16,201,50036.819576,248.939400
RTR18,non_elective,2016/17,76,30418.013520,400.237020
RTR18,non_elective,2017/18,15,10199.949030,679.996602
RTR18,non_elective,2018/19,40,1921.970677,48.049266
RTR18,non_elective,2019/20,26,4184.203770,160.930914
RTR27,elective,2013/14,2,4312.444370,2156.222185
RTR27,non_elective,2013/14,22,8968.649222,407.665873
RTR27,non_elective,2014/15,19,3258.520018,171.501053
RTR28,elective,2013/14,1,30175.789137,30175.789137
RTR28,elective,2014/15,8,14622.171161,1827.771395
RTR28,elective,2015/16,6,9069.330240,1511.555040
RTR28,non_elective,2014/15,6,124.947090,20.824515
RTR28,non_elective,2015/16,10,1572.504840,157.250484
RTR45,elective,2012/13,229,43785.204866,191.201767
RTR45,elective,2013/14,3182,9489985.788588,2982.396539
RTR45,elective,2014/15,3053,9495370.380794,3110.176999
RTR45,elective,2015/16,3009,12052149.028064,4005.366908
RTR45,elective,2016/17,3370,13766285.478222,4084.951180
RTR45,elective,2017/18,3222,13157407.540859,4083.615003
RTR45,elective,2018/19,2916,11926703.968040,4090.090524
RTR45,elective,2019/20,2588,10314441.929040,3985.487607
RTR45,elective,2020/21,1320,5822290.990974,4410.826508
RTR45,elective,2021/22,2595,11395618.627295,4391.375193
RTR45,elective,2022/23,2377,11322640.983602,4763.416484
RTR45,elective,2023/24,1606,7860624.536951,4894.535826
RTR45,non_elective,2012/13,1219,215988.621888,177.185087
RTR45,non_elective,2013/14,8240,12703203.280003,1541.650883
RTR45,non_elective,2014/15,8739,13082752.370257,1497.053709
RTR45,non_elective,2015/16,8233,14674314.430409,1782.377557
RTR45,non_elective,2016/17,8215,14971458.998144,1822.453925
RTR45,non_elective,2017/18,7854,15207227.208691,1936.239777
RTR45,non_elective,2018/19,7023,14079556.022137,2004.778018
RTR45,non_elective,2019/20,5300,8973250.387287,1693.066110
RTR45,non_elective,2020/21,4061,6808088.799853,1676.456242
RTR45,non_elective,2021/22,5462,9721123.541055,1779.773625
RTR45,non_elective,2022/23,5851,11672954.428765,1995.035793
RTR45,non_elective,2023/24,3988,8037786.629848,2015.493136
RTRAQ,elective,2014/15,1,3564.199249,3564.199249
RTRAQ,elective,2015/16,5,4662.659700,932.531940
RTRAQ,non_elective,2013/14,11,18557.919913,1687.083628
RTRAQ,non_elective,2014/15,9,10275.762432,1141.751381
RTRAQ,non_elective,2015/16,19,2997.714330,157.774438
RTRAT,elective,2012/13,2679,424897.548109,158.603041
RTRAT,elective,2013/14,15910,48385095.163973,3041.175057
RTRAT,elective,2014/15,16570,50379995.854319,3040.434270
RTRAT,elective,2015/16,15583,61517626.246015,3947.739603
RTRAT,elective,2016/17,15527,62461591.951989,4022.772715
RTRAT,elective,2017/18,14828,60415967.662035,4074.451555
RTRAT,elective,2018/19,13638,57510577.823777,4216.936341
RTRAT,elective,2019/20,12566,51078998.225790,4064.857410
RTRAT,elective,2020/21,7574,33468650.937348,4418.887105
RTRAT,elective,2021/22,12155,46092558.540074,3792.065696
RTRAT,elective,2022/23,11422,50242165.771278,4398.718768
RTRAT,elective,2023/24,7658,36601990.467715,4779.575668
RTRAT,non_elective,2012/13,10391,1123237.745456,108.097175
RTRAT,non_elective,2013/14,49500,86055401.545121,1738.492960
RTRAT,non_elective,2014/15,48312,86228316.860795,1784.821925
RTRAT,non_elective,2015/16,47844,108863872.213196,2275.392362
RTRAT,non_elective,2016/17,49278,112569702.670648,2284.380507
RTRAT,non_elective,2017/18,49557,118243842.759419,2386.016965
RTRAT,non_elective,2018/19,51559,120458913.598667,2336.331457
RTRAT,non_elective,2019/20,51409,122510994.128229,2383.065107
RTRAT,non_elective,2020/21,38898,100045963.514817,2572.007905
RTRAT,non_elective,2021/22,47268,121146966.616330,2562.980591
RTRAT,non_elective,2022/23,44342,129842587.566320,2928.207739
RTRAT,non_elective,2023/24,33474,91154630.491632,2723.147233
RTRDA,elective,2018/19,196,403886.897190,2060.647434
RTRDA,elective,2019/20,282,583803.595980,2070.225517
RTRDA,elective,2020/21,184,393166.152436,2136.772567
RTRDA,elective,2021/22,278,523965.459382,1884.767839
RTRDA,elective,2022/23,308,506822.982750,1645.529164
RTRDA,elective,2023/24,251,337195.626030,1343.408868
RTRHP,elective,2013/14,4,2775.814431,693.953607
RTRHP,elective,2014/15,1,551.663528,551.663528
RTRNT,elective,2014/15,2,1860.629339,930.314669
RTRNT,elective,2015/16,2,1823.414850,911.707425
RTRNT,elective,2016/17,2,1091.001420,545.500710
RTRNT,elective,2017/18,38,28924.743420,761.177458
RTRNT,elective,2018/19,2,1156.014540,578.007270
RTRNT,elective,2021/22,1,471.345120,471.345120
RTRNT,elective,2022/23,3,5997.460320,1999.153440
RTRNT,non_elective,2013/14,1,1442.064930,1442.064930
RTRNT,non_elective,2014/15,6,7777.879381,1296.313230
RTRNT,non_elective,2015/16,2,2464.403580,1232.201790
RTRNT,non_elective,2017/18,5,3696.605370,739.321074
RTRNT,non_elective,2019/20,1,631.846260,631.846260
RTX00,non_elective,2013/14,1,464.226026,464.226026
RTX00,non_elective,2014/15,1,483.783220,483.783220
RTX02,elective,2012/13,451,184034.224866,408.058148
RTX02,elective,2013/14,2808,8441622.668932,3006.275879
RTX02,elective,2014/15,2654,7729316.833485,2912.327367
RTX02,elective,2015/16,2749,10804020.812600,3930.163991
RTX02,elective,2016/17,2793,11186622.821840,4005.235525
RTX02,elective,2017/18,2176,9030693.469154,4150.134866
RTX02,elective,2018/19,2052,8204686.391106,3998.385180
RTX02,elective,2019/20,2091,8054622.348236,3852.043208
RTX02,elective,2020/21,1095,4395682.405188,4014.321831
RTX02,elective,2021/22,1841,7931663.116925,4308.344984
RTX02,elective,2022/23,1842,7397253.963600,4015.881630
RTX02,elective,2023/24,1418,6092812.016876,4296.764468
RTX02,non_elective,2012/13,3830,675701.052700,176.423251
RTX02,non_elective,2013/14,23737,37987299.704498,1600.341226
RTX02,non_elective,2014/15,24550,39583421.243735,1612.359317
RTX02,non_elective,2015/16,25228,51523866.220830,2042.328611
RTX02,non_elective,2016/17,24014,51892673.421631,2160.934180
RTX02,non_elective,2017/18,24019,49239504.334211,2050.023078
RTX02,non_elective,2018/19,25188,47182509.201409,1873.213800
RTX02,non_elective,2019/20,24544,47842429.173671,1949.251514
RTX02,non_elective,2020/21,21381,42569192.464982,1990.982295
RTX02,non_elective,2021/22,23940,48920385.628031,2043.458046
RTX02,non_elective,2022/23,24500,49442670.432120,2018.068180
RTX02,non_elective,2023/24,18716,35196051.115038,1880.532758
RTXBU,elective,2012/13,227,64443.012882,283.889924
RTXBU,elective,2013/14,2602,6274163.993660,2411.285162
RTXBU,elective,2014/15,2513,6159457.358370,2451.037548
RTXBU,elective,2015/16,2236,7524251.114373,3365.049693
RTXBU,elective,2016/17,2268,7930368.638180,3496.635202
RTXBU,elective,2017/18,2076,7253921.109931,3494.181652
RTXBU,elective,2018/19,2003,7295458.473350,3642.265837
RTXBU,elective,2019/20,1752,6440680.432506,3676.187461
RTXBU,elective,2020/21,894,2862930.259020,3202.382840
RTXBU,elective,2021/22,1528,6015590.205735,3936.904584
RTXBU,elective,2022/23,1501,5736453.624085,3821.754579
RTXBU,elective,2023/24,1035,4278522.183658,4133.837858
RTXBU,non_elective,2012/13,2064,364195.095994,176.451112
RTXBU,non_elective,2013/14,14048,22699723.190022,1615.868678
RTXBU,non_elective,2014/15,14134,23441143.711201,1658.493258
RTXBU,non_elective,2015/16,13770,28825609.630971,2093.363081
RTXBU,non_elective,2016/17,13335,28252301.997112,2118.657817
RTXBU,non_elective,2017/18,14212,29701404.921404,2089.882136
RTXBU,non_elective,2018/19,13841,26601604.494045,1921.942380
RTXBU,non_elective,2019/20,14568,29205702.231812,2004.784612
RTXBU,non_elective,2020/21,11826,24932923.842230,2108.314209
RTXBU,non_elective,2021/22,14382,29785010.060766,2070.992216
RTXBU,non_elective,2022/23,14090,29837268.234452,2117.620172
RTXBU,non_elective,2023/24,10124,21296401.945370,2103.556098
RTXBW,elective,2012/13,148,50809.590012,343.308040
RTXBW,elective,2013/14,1676,5997578.950830,3578.507727
RTXBW,elective,2014/15,1691,6319498.800307,3737.137078
RTXBW,elective,2015/16,1516,6892625.414100,4546.586684
RTXBW,elective,2016/17,1434,6508945.777704,4539.013791
RTXBW,elective,2017/18,1394,6951968.020366,4987.064577
RTXBW,elective,2018/19,1369,6981689.520058,5099.846252
RTXBW,elective,2019/20,1136,5518733.358548,4858.039928
RTXBW,elective,2020/21,734,3052463.122981,4158.669104
RTXBW,elective,2021/22,1163,5535672.013651,4759.821163
RTXBW,elective,2022/23,771,3730912.384194,4839.056270
RTXBW,elective,2023/24,23,43709.020765,1900.392207
RTXBW,non_elective,2013/14,23,24130.489418,1049.151713
RTXBW,non_elective,2014/15,19,36630.624362,1927.927598
RTXBW,non_elective,2015/16,53,99820.086050,1883.397850
RTXBW,non_elective,2016/17,36,58956.781936,1637.688387
RTXBW,non_elective,2017/18,25,29617.555824,1184.702232
RTXBW,non_elective,2018/19,29,58389.889802,2013.444475
RTXBW,non_elective,2019/20,20,62957.771546,3147.888577
RTXBW,non_elective,2020/21,112,137221.909956,1225.195624
RTXBW,non_elective,2021/22,10,25368.934632,2536.893463
RTXBW,non_elective,2022/23,19,19496.382363,1026.125387
RTXBW,non_elective,2023/24,7,6663.540752,951.934393
RTXF1,elective,2017/18,9,41302.287373,4589.143041
RTXF1,elective,2018/19,143,728588.394149,5095.023735
RTXF1,elective,2019/20,108,488128.918588,4519.712209
RTXF1,elective,2020/21,1,5280.078360,5280.078360
RTXF1,non_elective,2018/19,35,170510.716543,4871.734758
RTXF1,non_elective,2019/20,30,143858.600077,4795.286669
RTXF1,non_elective,2020/21,35,63362.986862,1810.371053
RTXF1,non_elective,2021/22,67,40033.431333,597.513900
RTXF1,non_elective,2022/23,76,63670.991433,837.776203
RTXF1,non_elective,2023/24,15,12294.601065,819.640071
RTXM1,elective,2018/19,8,37716.745789,4714.593223
RTXM1,elective,2019/20,1,559.729237,559.729237
RTXM1,elective,2020/21,2,10990.953811,5495.476905
RTXM1,elective,2022/23,1,3953.919144,3953.919144
RTXM1,elective,2023/24,3,11772.732855,3924.244285
RTXM1,non_elective,2017/18,3,21936.883698,7312.294566
RTXM1,non_elective,2018/19,30,121848.040867,4061.601362
RTXM1,non_elective,2019/20,25,79621.739781,3184.869591
RTXM1,non_elective,2020/21,32,100902.706768,3153.209586
RTXM1,non_elective,2021/22,70,70601.605916,1008.594370
RTXM1,non_elective,2022/23,40,66113.539310,1652.838482
RTXM1,non_elective,2023/24,33,54554.639395,1653.170890
RTXW1,elective,2017/18,6,29216.433592,4869.405598
RTXW1,elective,2018/19,86,434969.990138,5057.790583
RTXW1,elective,2019/20,24,99649.199793,4152.049991
RTXW1,elective,2020/21,1,3045.254496,3045.254496
RTXW1,non_elective,2017/18,15,88489.406267,5899.293751
RTXW1,non_elective,2018/19,202,908804.836127,4499.033842
RTXW1,non_elective,2019/20,177,798581.153820,4511.757931
RTXW1,non_elective,2020/21,7,20301.696640,2900.242377
RTXW2,elective,2018/19,5,16876.808603,3375.361720
RTXW2,elective,2019/20,7,43117.570127,6159.652875
RTXW2,non_elective,2018/19,62,277327.929691,4473.031124
RTXW2,non_elective,2019/20,56,283564.766436,5063.656543
RV300,elective,2012/13,1,30804.648856,30804.648856
RV300,elective,2013/14,65,418641.163328,6440.633281
RV300,elective,2014/15,43,159132.059256,3700.745564
RV300,elective,2017/18,1,10774.265600,10774.265600
RV300,elective,2018/19,3,133619.469760,44539.823253
RV300,elective,2019/20,1,15106.031220,15106.031220
RV300,elective,2020/21,2,25213.871340,12606.935670
RV300,elective,2021/22,2,6220.745160,3110.372580
RV300,elective,2022/23,4,14329.308840,3582.327210
RV300,elective,2023/24,2,7108.925460,3554.462730
RV300,non_elective,2013/14,122,636576.799904,5217.842622
RV300,non_elective,2014/15,81,308799.213200,3812.335965
RV300,non_elective,2019/20,1,11150.436080,11150.436080
RV320,elective,2019/20,2,718.671380,359.335690
RV346,non_elective,2019/20,2,919.527840,459.763920
RV383,non_elective,2023/24,3,8129.462040,2709.820680
RV3AN,non_elective,2018/19,1,2623.905200,2623.905200
RV3AN,non_elective,2020/21,1,1906.394840,1906.394840
RV3DY,non_elective,2019/20,1,6643.356440,6643.356440
RV3DY,non_elective,2021/22,1,9868.670000,9868.670000
RV820,elective,2012/13,400,103022.537159,257.556342
RV820,elective,2013/14,4942,11730247.519121,2373.583067
RV820,elective,2014/15,5071,11957955.961930,2358.106085
RV820,non_elective,2012/13,6414,1087709.768145,169.583686
RV820,non_elective,2013/14,35737,66291272.448073,1854.975863
RV820,non_elective,2014/15,36052,70316971.210790,1950.431909
RV831,elective,2012/13,104,22485.568050,216.207385
RV831,elective,2013/14,1113,5513574.179908,4953.795309
RV831,elective,2014/15,1183,6052285.212358,5116.048362
RV831,non_elective,2012/13,798,364813.697900,457.160022
RV831,non_elective,2013/14,7101,15212886.605080,2142.358344
RV831,non_elective,2014/15,3326,6655065.888430,2000.921794
RV841,elective,2012/13,129,7499.970970,58.139309
RV841,elective,2013/14,1829,3078325.190298,1683.064620
RV841,elective,2014/15,1818,2913467.364910,1602.567307
RV841,non_elective,2013/14,6,12228.993150,2038.165525
RV841,non_elective,2014/15,4,8659.513820,2164.878455
RV8M2,elective,2012/13,140,76238.149280,544.558209
RV8M2,elective,2013/14,1106,4299800.395413,3887.703793
RV8M2,elective,2014/15,921,3581935.450100,3889.180727
RV8M2,non_elective,2012/13,152,39584.641170,260.425270
RV8M2,non_elective,2013/14,1429,1493376.431920,1045.049987
RV8M2,non_elective,2014/15,1386,1639422.646985,1182.844622
RV900,elective,2015/16,8,5644.421961,705.552745
RV913,elective,2012/13,5,21851.801400,4370.360280
RV913,elective,2013/14,66,197153.166496,2987.169189
RV913,non_elective,2013/14,31,97653.612056,3150.116517
RV91T,elective,2018/19,3,3626.594532,1208.864844
RV91T,elective,2020/21,12,46949.339257,3912.444938
RV91T,elective,2021/22,239,1130939.869460,4731.965981
RV91T,elective,2022/23,178,1215865.677440,6830.706053
RV91T,elective,2023/24,125,693069.282241,5544.554257
RV91T,non_elective,2018/19,253,1048071.573866,4142.575390
RV91T,non_elective,2019/20,46,189683.918830,4123.563452
RV91T,non_elective,2021/22,1,4268.676785,4268.676785
RV91T,non_elective,2022/23,1,2509.310358,2509.310358
RV91W,non_elective,2015/16,33,151592.465488,4593.711075
RV91W,non_elective,2016/17,528,1588895.115173,3009.271051
RV924,elective,2012/13,11,28916.707820,2628.791620
RV924,elective,2013/14,22,57275.150504,2603.415932
RV924,non_elective,2013/14,1,590.864560,590.864560
RV928,elective,2012/13,8,10582.588016,1322.823502
RV928,elective,2013/14,35,105625.189956,3017.862570
RV928,elective,2014/15,1,417.680120,417.680120
RV928,elective,2015/16,1,3269.429919,3269.429919
RV928,elective,2016/17,1,3183.954627,3183.954627
RV928,non_elective,2012/13,7,24269.252436,3467.036062
RV928,non_elective,2013/14,41,128264.471192,3128.401736
RV9GF,elective,2014/15,11,17383.642848,1580.331168
RV9HE,elective,2014/15,4,9927.543340,2481.885835
RV9HE,elective,2015/16,1,2931.599003,2931.599003
RV9HE,elective,2016/17,2,20504.912013,10252.456006
RV9WA,elective,2015/16,1,3590.979827,3590.979827
RV9WA,elective,2016/17,1,3609.295961,3609.295961
RV9WC,elective,2020/21,10,65909.590636,6590.959063
RV9WC,elective,2021/22,198,1035805.869464,5231.342775
RV9WC,elective,2022/23,180,1178034.720226,6544.637334
RV9WC,elective,2023/24,102,609297.390703,5973.503830
RV9WC,non_elective,2021/22,2,21106.291746,10553.145873
RV9WC,non_elective,2022/23,3,29945.861527,9981.953842
RV9WC,non_elective,2023/24,2,5143.780965,2571.890482
RVJ00,elective,2013/14,9,42379.278205,4708.808689
RVJ00,elective,2014/15,43,213008.201134,4953.679096
RVJ00,elective,2015/16,255,1383058.191215,5423.757612
RVJ00,elective,2016/17,1,5634.979093,5634.979093
RVJ00,non_elective,2012/13,2,31538.601216,15769.300608
RVJ00,non_elective,2013/14,43,222619.558579,5177.199036
RVJ00,non_elective,2014/15,22,94648.459537,4302.202706
RVJ00,non_elective,2015/16,826,1247905.970105,1510.782046
RVJ00,non_elective,2018/19,1,571.614840,571.614840
RVJ01,elective,2012/13,2175,332833.963553,153.027109
RVJ01,elective,2013/14,8806,33413779.115579,3794.433240
RVJ01,elective,2014/15,9548,39071270.312059,4092.089475
RVJ01,elective,2015/16,10689,55264277.218721,5170.200881
RVJ01,elective,2016/17,11287,59301670.467452,5253.979841
RVJ01,elective,2017/18,11255,57623135.641877,5119.781043
RVJ01,elective,2018/19,10979,60824839.479688,5540.107430
RVJ01,elective,2019/20,10168,58183722.126233,5722.238604
RVJ01,elective,2020/21,6672,40250672.585451,6032.774668
RVJ01,elective,2021/22,8210,47611045.858128,5799.152966
RVJ01,elective,2022/23,10424,57977733.626404,5561.946817
RVJ01,elective,2023/24,5746,32723059.905449,5694.928629
RVJ01,non_elective,2012/13,1647,398617.938071,242.026677
RVJ01,non_elective,2013/14,8040,11682276.172443,1453.019424
RVJ01,non_elective,2014/15,34455,78399534.200627,2275.418203
RVJ01,non_elective,2015/16,41038,115400963.851342,2812.051363
RVJ01,non_elective,2016/17,44859,125798754.834360,2804.314738
RVJ01,non_elective,2017/18,48629,137567508.204627,2828.919126
RVJ01,non_elective,2018/19,55972,139596041.081820,2494.033464
RVJ01,non_elective,2019/20,59445,146711819.401226,2468.026232
RVJ01,non_elective,2020/21,51379,131159558.339828,2552.785346
RVJ01,non_elective,2021/22,55405,136679075.077360,2466.908673
RVJ01,non_elective,2022/23,57672,132126633.908579,2291.001420
RVJ01,non_elective,2023/24,34778,80090875.604302,2302.917810
RVJ05,elective,2012/13,1,7633.368192,7633.368192
RVJ05,non_elective,2012/13,10,6656.279808,665.627980
RVJ05,non_elective,2013/14,73,74465.782272,1020.079209
RVJ12,non_elective,2015/16,1,1570.882264,1570.882264
RVJ13,elective,2016/17,55,133751.000000,2431.836363
RVJ13,elective,2017/18,43,99675.000000,2318.023255
RVJ13,elective,2020/21,180,601481.000000,3341.561111
RVJ13,elective,2021/22,17,51878.000000,3051.647058
RVJ13,non_elective,2021/22,1,913.000000,913.000000
RVJ15,elective,2013/14,53,353063.834397,6661.581781
RVJ16,elective,2013/14,29,233067.760946,8036.819342
RVJ16,elective,2014/15,97,615152.026270,6341.773466
RVJ16,elective,2015/16,148,778561.683889,5260.551918
RVJ17,elective,2012/13,65,6154.794048,94.689139
RVJ17,elective,2013/14,781,4306889.381382,5514.583074
RVJ17,elective,2014/15,1083,5193861.513819,4795.809338
RVJ17,elective,2015/16,487,2650027.092816,5441.534071
RVJ17,non_elective,2014/15,1,2527.919616,2527.919616
RVJ20,elective,2012/13,310,263423.934237,849.754626
RVJ20,elective,2013/14,3820,19009925.789891,4976.420363
RVJ20,elective,2014/15,472,2107578.954076,4465.209648
RVJ20,non_elective,2012/13,7231,1885662.510881,260.774790
RVJ20,non_elective,2013/14,31508,77157470.226959,2448.821576
RVJ20,non_elective,2014/15,4367,10704916.274334,2451.320420
RVJ21,elective,2018/19,2,5265.207804,2632.603902
RVJ21,non_elective,2013/14,4,5836.690307,1459.172576
RVJ21,non_elective,2014/15,4,7199.825664,1799.956416
RVJ21,non_elective,2015/16,3,4724.290798,1574.763599
RVJ21,non_elective,2017/18,6,6343.866178,1057.311029
RVJ21,non_elective,2019/20,2,2007.003216,1003.501608
RVJ21,non_elective,2020/21,1,1042.667810,1042.667810
RVJ37,non_elective,2017/18,64,47109.531184,736.086424
RVJ38,non_elective,2017/18,4,990.799056,247.699764
RVJ61,non_elective,2013/14,1,1015.913088,1015.913088
RVJ74,elective,2015/16,553,3200894.431229,5788.235861
RVJ74,elective,2016/17,967,6146080.478148,6355.822624
RVJ74,elective,2017/18,491,3347483.183337,6817.684691
RVJ74,elective,2018/19,135,1048162.171865,7764.164236
RVJ74,elective,2019/20,24,196022.479806,8167.603325
RVJ74,elective,2020/21,22,176972.801306,8044.218241
RVJ74,elective,2021/22,90,723639.776264,8040.441958
RVJ74,elective,2022/23,7,86344.422236,12334.917462
RVJ74,non_elective,2016/17,1,6205.196652,6205.196652
RVJ74,non_elective,2017/18,2,11983.513459,5991.756729
RVJ74,non_elective,2020/21,1,533.507184,533.507184
RVJ75,elective,2015/16,30,195735.021047,6524.500701
RVJ75,elective,2016/17,70,438997.582512,6271.394035
RVJ75,elective,2017/18,16,96875.144820,6054.696551
RVJ75,elective,2018/19,1,7095.433838,7095.433838
RVJ75,elective,2019/20,63,408620.583220,6486.041003
RVJ75,elective,2020/21,144,727901.313074,5054.870229
RVJ75,non_elective,2020/21,1,11746.684962,11746.684962
RVJJ8,elective,2020/21,6,19221.078268,3203.513044
RVJJ8,elective,2021/22,15,29422.286070,1961.485738
RVJJ8,elective,2022/23,9,15382.790472,1709.198941
RVJV3,elective,2013/14,1,4987.896000,4987.896000
RVJV3,non_elective,2013/14,1,20400.225024,20400.225024
RVJV4,elective,2014/15,3,7949.358144,2649.786048
RVJV4,elective,2015/16,17,27322.342515,1607.196618
RVJV4,elective,2016/17,14,20047.347519,1431.953394
RVJV4,elective,2017/18,9,16236.581919,1804.064657
RVJV4,non_elective,2016/17,2,3917.678746,1958.839373
RVJV6,elective,2013/14,1,722.570880,722.570880
RVJV7,elective,2013/14,70,364636.615897,5209.094512
RVJV7,elective,2014/15,156,804791.829829,5158.921986
RVJV7,elective,2015/16,106,887026.584238,8368.175323
RVJV8,non_elective,2017/18,3,3809.707054,1269.902351
RVL00,elective,2013/14,11,23795.999625,2163.272693
RVL00,elective,2014/15,11,27497.998661,2499.818060
RVL00,elective,2015/16,7,10726.458397,1532.351199
RVL00,non_elective,2013/14,56,76386.655400,1364.047417
RVL00,non_elective,2014/15,83,206642.664819,2489.670660
RVL00,non_elective,2015/16,22,75825.129673,3446.596803
RVL01,elective,2012/13,96,54150.715524,564.069953
RVL01,elective,2013/14,1833,4214472.078490,2299.220992
RVL01,elective,2014/15,1307,3265509.164539,2498.476790
RVL01,elective,2015/16,1149,4110381.491753,3577.355519
RVL01,non_elective,2012/13,2811,664451.357378,236.375438
RVL01,non_elective,2013/14,23442,47638743.572886,2032.196210
RVL01,non_elective,2014/15,32336,61516590.907997,1902.418076
RVL01,non_elective,2015/16,33249,71194036.634434,2141.238432
RVL02,elective,2015/16,1,265.796826,265.796826
RVL07,elective,2013/14,8,6816.132119,852.016514
RVLC7,elective,2012/13,307,122217.451357,398.102447
RVLC7,elective,2013/14,4837,14126548.157154,2920.518535
RVLC7,elective,2014/15,4950,13636908.498757,2754.931009
RVLC7,elective,2015/16,4930,16996521.149807,3447.570212
RVLC7,non_elective,2012/13,2008,638038.097115,317.748056
RVLC7,non_elective,2013/14,10760,23636698.727284,2196.719212
RVLC7,non_elective,2014/15,1612,1030487.110704,639.259994
RVLC7,non_elective,2015/16,915,1496285.272722,1635.284451
RVR00,elective,2016/17,3,10065.788976,3355.262992
RVR00,elective,2020/21,8,21735.985587,2716.998198
RVR00,elective,2021/22,19,28314.631947,1490.243786
RVR00,elective,2022/23,2,5030.594262,2515.297131
RVR00,elective,2023/24,8,20122.377048,2515.297131
RVR00,non_elective,2016/17,1,1652.712381,1652.712381
RVR00,non_elective,2020/21,8,38586.291150,4823.286393
RVR00,non_elective,2021/22,3,22265.037567,7421.679189
RVR00,non_elective,2022/23,1,12029.031867,12029.031867
RVR00,non_elective,2023/24,7,40182.647994,5740.378284
RVR05,elective,2012/13,203,22155.566040,109.140719
RVR05,elective,2013/14,1828,3901822.410105,2134.476154
RVR05,elective,2014/15,1872,3924394.794627,2096.364740
RVR05,elective,2015/16,2164,5696378.863643,2632.337737
RVR05,elective,2016/17,2591,6900294.586830,2663.178150
RVR05,elective,2017/18,2208,6065997.544630,2747.281496
RVR05,elective,2018/19,1963,6029035.454560,3071.337470
RVR05,elective,2019/20,1819,5472518.339078,3008.531247
RVR05,elective,2020/21,1174,3309491.170530,2818.987368
RVR05,elective,2021/22,1326,4153367.365891,3132.252915
RVR05,elective,2022/23,1225,3917264.221971,3197.766711
RVR05,elective,2023/24,750,2259500.165137,3012.666886
RVR05,non_elective,2012/13,2001,728565.712830,364.100806
RVR05,non_elective,2013/14,24023,48157499.146457,2004.641349
RVR05,non_elective,2014/15,26263,50239652.537532,1912.944162
RVR05,non_elective,2015/16,21070,55442604.960824,2631.352869
RVR05,non_elective,2016/17,20879,54173585.251091,2594.644631
RVR05,non_elective,2017/18,21903,58587920.410381,2674.881085
RVR05,non_elective,2018/19,23506,60499486.125037,2573.789080
RVR05,non_elective,2019/20,22975,61368532.071859,2671.100416
RVR05,non_elective,2020/21,17247,51083448.439390,2961.874438
RVR05,non_elective,2021/22,18674,60509212.837695,3240.292001
RVR05,non_elective,2022/23,17592,63281901.451223,3597.197672
RVR05,non_elective,2023/24,12079,43481055.238007,3599.723092
RVR06,elective,2013/14,1,2039.828535,2039.828535
RVR06,non_elective,2012/13,13,6971.897880,536.299836
RVR06,non_elective,2013/14,129,118189.644345,916.198793
RVR06,non_elective,2014/15,97,64698.687765,666.996781
RVR06,non_elective,2015/16,12,10753.556550,896.129712
RVR50,elective,2012/13,194,23509.888200,121.184990
RVR50,elective,2013/14,2428,6919688.522295,2849.954086
RVR50,elective,2014/15,2327,6786074.523980,2916.233143
RVR50,elective,2015/16,2511,9287424.953789,3698.695720
RVR50,elective,2016/17,2606,9429769.241287,3618.483975
RVR50,elective,2017/18,2505,9026025.706995,3603.203875
RVR50,elective,2018/19,2603,8963428.920784,3443.499393
RVR50,elective,2019/20,2469,8514600.358833,3448.602818
RVR50,elective,2020/21,890,3132008.055598,3519.110174
RVR50,elective,2021/22,2229,8036650.924220,3605.496152
RVR50,elective,2022/23,2294,8425818.501408,3672.981038
RVR50,elective,2023/24,1482,5875184.021971,3964.361688
RVR50,non_elective,2012/13,1575,202491.430065,128.565987
RVR50,non_elective,2013/14,11945,22683274.808400,1898.976543
RVR50,non_elective,2014/15,11139,24334924.342205,2184.659694
RVR50,non_elective,2015/16,11091,31332415.851440,2825.030732
RVR50,non_elective,2016/17,11560,30936661.830129,2676.181819
RVR50,non_elective,2017/18,11654,32203264.910924,2763.279982
RVR50,non_elective,2018/19,12035,32248030.563696,2679.520611
RVR50,non_elective,2019/20,12456,30770920.425834,2470.369334
RVR50,non_elective,2020/21,8575,23504343.566824,2741.031319
RVR50,non_elective,2021/22,7787,26298780.138609,3377.267258
RVR50,non_elective,2022/23,7050,27737995.007718,3934.467376
RVR50,non_elective,2023/24,4496,18158677.872666,4038.851840
RVRC3,elective,2014/15,82,548033.733750,6683.338216
RVRC3,elective,2015/16,76,548814.371679,7221.241732
RVRC3,elective,2016/17,88,592709.584437,6735.336186
RVRC3,elective,2017/18,6,22588.219320,3764.703220
RVRC3,elective,2020/21,431,1401118.261572,3250.854435
RVRC3,elective,2021/22,169,537235.033995,3178.905526
RVRC3,elective,2022/23,19,52471.605399,2761.663442
RVRD5,elective,2021/22,2,4178.360529,2089.180264
RVRD9,elective,2020/21,14,128663.141310,9190.224379
RVRJ4,elective,2015/16,1,772.875936,772.875936
RVRJ4,elective,2016/17,1,807.379326,807.379326
RVRJ5,elective,2013/14,38,106539.612525,2803.674013
RVRJ5,elective,2014/15,14,61020.797040,4358.628360
RVRJ6,elective,2014/15,112,378202.712274,3376.809931
RVRJ6,elective,2015/16,75,331068.077841,4414.241037
RVRJ6,elective,2016/17,127,786885.462453,6195.948523
RVRJ6,elective,2017/18,1,1274.325204,1274.325204
RVRJ6,elective,2018/19,7,20207.485410,2886.783630
RVRJ6,elective,2020/21,347,1638029.394378,4720.545805
RVRK4,elective,2014/15,10,67666.036230,6766.603623
RVRK4,elective,2020/21,8,20122.377048,2515.297131
RVRTC,elective,2012/13,295,312315.512265,1058.696651
RVRTC,elective,2013/14,3822,27248025.707851,7129.258426
RVRTC,elective,2014/15,3854,28335246.804588,7352.165751
RVRTC,elective,2015/16,4049,26876435.660000,6637.795915
RVRTC,elective,2016/17,3982,26427753.890000,6636.804090
RVRTC,elective,2017/18,3729,25758410.600000,6907.592008
RVRTC,elective,2018/19,3716,25639580.520000,6899.779472
RVRTC,elective,2019/20,3665,25029935.660000,6829.450384
RVRTC,elective,2020/21,1682,11359674.000000,6753.670630
RVRTC,elective,2021/22,3828,25954344.770000,6780.131862
RVRTC,elective,2022/23,3670,24114776.320000,6570.783738
RVRTC,elective,2023/24,2545,17204177.000000,6759.990962
RVRTC,non_elective,2014/15,9,45328.065885,5036.451765
RVRTC,non_elective,2015/16,6,11504.000000,1917.333333
RVRTC,non_elective,2016/17,2,5475.000000,2737.500000
RVRTC,non_elective,2017/18,8,20882.000000,2610.250000
RVRTC,non_elective,2018/19,3,11571.000000,3857.000000
RVRTC,non_elective,2019/20,1,6569.000000,6569.000000
RVRTC,non_elective,2021/22,1,7378.000000,7378.000000
RVRTC,non_elective,2022/23,4,7691.000000,1922.750000
RVRTC,non_elective,2023/24,4,26208.000000,6552.000000
RVV00,elective,2021/22,10,71644.544760,7164.454476
RVV00,elective,2022/23,15,100099.825080,6673.321672
RVV01,elective,2012/13,523,129856.575910,248.291732
RVV01,elective,2013/14,6359,17662004.028648,2777.481369
RVV01,elective,2014/15,6015,17951237.003202,2984.411804
RVV01,elective,2015/16,5934,21949045.601479,3698.861746
RVV01,elective,2016/17,6141,22725667.215712,3700.646021
RVV01,elective,2017/18,5058,18702055.144803,3697.519799
RVV01,elective,2018/19,4779,19539680.631324,4088.654662
RVV01,elective,2019/20,3566,13065345.561474,3663.865833
RVV01,elective,2020/21,1700,6198646.046881,3646.262380
RVV01,elective,2021/22,2177,7574466.205879,3479.313829
RVV01,elective,2022/23,3331,13522672.946514,4059.643634
RVV01,elective,2023/24,2035,8134423.739710,3997.259822
RVV01,non_elective,2012/13,5029,1185525.037358,235.737728
RVV01,non_elective,2013/14,27402,48052706.348744,1753.620405
RVV01,non_elective,2014/15,29289,50278001.852229,1716.617223
RVV01,non_elective,2015/16,32159,62534398.386893,1944.538026
RVV01,non_elective,2016/17,31971,66506378.324563,2080.209512
RVV01,non_elective,2017/18,36320,80154769.204159,2206.904438
RVV01,non_elective,2018/19,37526,86391655.263735,2302.181294
RVV01,non_elective,2019/20,39872,91454527.414700,2293.703035
RVV01,non_elective,2020/21,30036,73230090.670247,2438.077329
RVV01,non_elective,2021/22,36109,91847745.455318,2543.624732
RVV01,non_elective,2022/23,32390,86919778.692345,2683.537471
RVV01,non_elective,2023/24,24498,59305380.525684,2420.825394
RVV02,elective,2013/14,1,867.766660,867.766660
RVV02,elective,2014/15,83,66454.198124,800.652989
RVV02,elective,2015/16,1,972.055380,972.055380
RVV02,elective,2017/18,2,1959.738660,979.869330
RVV02,elective,2018/19,25,41549.376800,1661.975072
RVV02,elective,2019/20,8,17617.852600,2202.231575
RVV02,elective,2020/21,2,3249.561340,1624.780670
RVV02,elective,2021/22,1,5503.104520,5503.104520
RVV02,elective,2023/24,2,1959.738660,979.869330
RVV02,non_elective,2013/14,13,9120.959448,701.612265
RVV02,non_elective,2014/15,220,146936.942084,667.895191
RVV02,non_elective,2015/16,146,115631.811447,791.998708
RVV02,non_elective,2016/17,2,1943.068900,971.534450
RVV02,non_elective,2017/18,1,2846.361520,2846.361520
RVV02,non_elective,2018/19,20,45514.695960,2275.734798
RVV02,non_elective,2019/20,12,57365.853460,4780.487788
RVV02,non_elective,2020/21,1,1009.562340,1009.562340
RVV02,non_elective,2021/22,2,3614.212340,1807.106170
RVV03,elective,2013/14,189,52773.804454,279.226478
RVV03,elective,2014/15,113,37048.408872,327.862025
RVV03,elective,2015/16,18,23611.673180,1311.759621
RVV03,elective,2016/17,23,13162.859240,572.298227
RVV03,elective,2017/18,62,38344.615440,618.461539
RVV03,elective,2018/19,52,76059.947440,1462.691296
RVV03,elective,2019/20,46,56039.565680,1218.251427
RVV03,elective,2020/21,18,20473.590860,1137.421714
RVV03,elective,2021/22,32,64942.259380,2029.445605
RVV03,non_elective,2019/20,5,7062.768940,1412.553788
RVV03,non_elective,2021/22,7,8753.707720,1250.529674
RVV09,elective,2012/13,731,167141.268234,228.647425
RVV09,elective,2013/14,5076,15835762.369647,3119.732539
RVV09,elective,2014/15,4372,13838435.064786,3165.241323
RVV09,elective,2015/16,4322,17365924.382050,4018.029704
RVV09,elective,2016/17,4348,18103448.105638,4163.626519
RVV09,elective,2017/18,4615,16094039.749485,3487.332556
RVV09,elective,2018/19,4261,16178507.757173,3796.880487
RVV09,elective,2019/20,3066,12885578.171605,4202.732606
RVV09,elective,2020/21,1522,5733202.530773,3766.887339
RVV09,elective,2021/22,2057,8137247.649165,3955.881210
RVV09,elective,2022/23,1977,8395249.587937,4246.459073
RVV09,elective,2023/24,1250,5015169.809457,4012.135847
RVV09,non_elective,2012/13,3328,585458.118956,175.918905
RVV09,non_elective,2013/14,24104,39504542.944978,1638.920633
RVV09,non_elective,2014/15,24593,39835823.701840,1619.803346
RVV09,non_elective,2015/16,24351,50342599.300489,2067.372974
RVV09,non_elective,2016/17,24473,53439610.895000,2183.615040
RVV09,non_elective,2017/18,29663,68020595.383962,2293.112476
RVV09,non_elective,2018/19,33112,72793564.322192,2198.404334
RVV09,non_elective,2019/20,35915,77222677.160923,2150.151111
RVV09,non_elective,2020/21,29975,61627816.229330,2055.973852
RVV09,non_elective,2021/22,33716,76804971.024064,2277.997716
RVV09,non_elective,2022/23,25491,69335948.937053,2720.016826
RVV09,non_elective,2023/24,16558,45275806.494930,2734.376524
RVV10,elective,2017/18,1,784.520580,784.520580
RVV10,elective,2021/22,2,6775.215580,3387.607790
RVV10,non_elective,2018/19,2,897.041460,448.520730
RVV10,non_elective,2020/21,1,2091.013020,2091.013020
RVV10,non_elective,2021/22,3,7462.843180,2487.614393
RVV10,non_elective,2022/23,1,1913.896820,1913.896820
RVV10,non_elective,2023/24,1,1140.836700,1140.836700
RVV33,elective,2022/23,4,1662.808560,415.702140
RVV71,elective,2013/14,58,331728.375082,5719.454742
RVV71,elective,2014/15,44,238365.046482,5417.387420
RVV84,elective,2012/13,23,2319.968938,100.868214
RVV84,elective,2013/14,110,499472.897970,4540.662708
RVV84,elective,2014/15,100,470098.473778,4700.984737
RVV84,elective,2015/16,41,193053.532420,4708.622741
RVV86,elective,2013/14,40,106876.441950,2671.911048
RVV86,elective,2014/15,48,118570.158326,2470.211631
RVV86,elective,2015/16,7,23627.301080,3375.328725
RVV92,elective,2015/16,13,91096.070960,7007.390073
RVVKC,elective,2012/13,429,91820.167648,214.033024
RVVKC,elective,2013/14,4598,9645229.102386,2097.700979
RVVKC,elective,2014/15,4598,9451869.746917,2055.648052
RVVKC,elective,2015/16,4434,13122618.647715,2959.544124
RVVKC,elective,2016/17,4670,12983475.358773,2780.187442
RVVKC,elective,2017/18,4567,13081943.985330,2864.450182
RVVKC,elective,2018/19,5454,16823039.766361,3084.532410
RVVKC,elective,2019/20,5350,20318076.564406,3797.771320
RVVKC,elective,2020/21,3135,10997142.836793,3507.860554
RVVKC,elective,2021/22,4636,19894301.665969,4291.264380
RVVKC,elective,2022/23,3336,15752435.776224,4721.953170
RVVKC,elective,2023/24,1520,6334014.552037,4167.114836
RVVKC,non_elective,2012/13,3503,545744.725486,155.793527
RVVKC,non_elective,2013/14,21180,29966151.140948,1414.832442
RVVKC,non_elective,2014/15,23295,30972647.584291,1329.583497
RVVKC,non_elective,2015/16,23894,37691002.276909,1577.425390
RVVKC,non_elective,2016/17,22776,39550990.312047,1736.520473
RVVKC,non_elective,2017/18,10643,16772226.451747,1575.892741
RVVKC,non_elective,2018/19,8724,10833902.836739,1241.850393
RVVKC,non_elective,2019/20,7881,11034085.098256,1400.086930
RVVKC,non_elective,2020/21,7947,15055772.082764,1894.522723
RVVKC,non_elective,2021/22,9547,21271017.678705,2228.031599
RVVKC,non_elective,2022/23,9714,24861703.850976,2559.368319
RVVKC,non_elective,2023/24,6828,17129379.216582,2508.696428
RVVKM,elective,2014/15,42,179216.433570,4267.057942
RVVKM,elective,2015/16,299,1849464.030160,6185.498428
RVVKM,elective,2016/17,29,188987.152840,6516.798373
RVVKM,non_elective,2015/16,2,3236.017160,1618.008580
RVVMA,non_elective,2021/22,1,593.860200,593.860200
RVVMD,elective,2023/24,2,3739.235540,1869.617770
RVVP1,elective,2017/18,3,5311.402280,1770.467426
RVVP1,elective,2018/19,67,400858.760580,5982.966575
RVVP1,elective,2020/21,467,2020496.382454,4326.544716
RVVP1,elective,2021/22,46,300751.642480,6538.079184
RVVP1,non_elective,2020/21,75,253752.296020,3383.363946
RVVP2,elective,2020/21,1,2637.989520,2637.989520
RVVP2,elective,2021/22,78,459850.957500,5895.525096
RVVP2,elective,2022/23,1,7328.443240,7328.443240
RVVP3,elective,2020/21,131,773034.073500,5901.023461
RVVP3,elective,2021/22,2,4209.114400,2104.557200
RVVP3,non_elective,2020/21,7,17068.792380,2438.398911
RVVP3,non_elective,2021/22,12,31781.939300,2648.494941
RVVP3,non_elective,2022/23,5,11187.492680,2237.498536
RVVP3,non_elective,2023/24,2,1661.766700,830.883350
RVVW1,elective,2018/19,6,18258.127663,3043.021277
RVVW1,elective,2019/20,4,17967.917560,4491.979390
RVVW1,elective,2020/21,1,2567.143040,2567.143040
RVVW1,elective,2021/22,5,24890.035400,4978.007080
RVVX8,elective,2023/24,1,280.260340,280.260340
RVW00,elective,2013/14,1,1345.521697,1345.521697
RVW00,elective,2014/15,1,2253.467031,2253.467031
RVW00,elective,2016/17,3,5115.550188,1705.183396
RVWAA,elective,2012/13,140,27743.571137,198.168365
RVWAA,elective,2013/14,1694,6802176.580109,4015.452526
RVWAA,elective,2014/15,1135,4771961.600917,4204.371454
RVWAA,elective,2015/16,508,2736076.881878,5385.978113
RVWAA,elective,2021/22,500,2810670.167523,5621.340335
RVWAA,elective,2022/23,1095,5359596.067527,4894.608280
RVWAA,elective,2023/24,213,133571.776850,627.097543
RVWAA,non_elective,2012/13,1224,295488.042074,241.411799
RVWAA,non_elective,2013/14,4172,8214639.508441,1968.993170
RVWAA,non_elective,2014/15,500,2392985.623721,4785.971247
RVWAA,non_elective,2015/16,264,1572383.921247,5955.999701
RVWAA,non_elective,2021/22,450,318100.407975,706.889795
RVWAA,non_elective,2022/23,1129,844002.197425,747.566162
RVWAA,non_elective,2023/24,851,612428.915425,719.657949
RVWAE,elective,2012/13,395,54899.949637,138.987214
RVWAE,elective,2013/14,4208,11764750.977189,2795.805840
RVWAE,elective,2014/15,4336,12008265.397077,2769.433901
RVWAE,elective,2015/16,5113,18137918.386608,3547.412162
RVWAE,elective,2016/17,6356,19752434.176913,3107.683161
RVWAE,elective,2017/18,5486,19888288.538151,3625.280448
RVWAE,elective,2018/19,5567,19599321.247823,3520.625336
RVWAE,elective,2019/20,5078,19542585.955725,3848.480889
RVWAE,elective,2020/21,3677,11161951.229089,3035.613605
RVWAE,elective,2021/22,4135,16063186.256453,3884.688332
RVWAE,elective,2022/23,3484,12254503.818445,3517.366193
RVWAE,elective,2023/24,2490,8840694.952974,3550.479900
RVWAE,non_elective,2012/13,5339,516544.037371,96.749210
RVWAE,non_elective,2013/14,29496,46953056.649034,1591.844882
RVWAE,non_elective,2014/15,35091,57765480.691426,1646.162283
RVWAE,non_elective,2015/16,40178,75304240.527640,1874.265531
RVWAE,non_elective,2016/17,43780,84405870.891986,1927.955022
RVWAE,non_elective,2017/18,44615,92655018.568290,2076.768319
RVWAE,non_elective,2018/19,47085,105174097.908978,2233.707081
RVWAE,non_elective,2019/20,45979,107731179.173590,2343.051810
RVWAE,non_elective,2020/21,33653,81901448.735591,2433.704238
RVWAE,non_elective,2021/22,42408,100481475.417536,2369.399061
RVWAE,non_elective,2022/23,44886,107454152.051557,2393.934680
RVWAE,non_elective,2023/24,29814,71444271.613991,2396.332984
RVY00,elective,2013/14,4,1648.377824,412.094456
RVY00,non_elective,2013/14,19,14378.496192,756.762957
RVY01,elective,2012/13,379,68170.939072,179.870551
RVY01,elective,2013/14,1496,3095689.815712,2069.311374
RVY01,elective,2014/15,1512,3128079.922971,2068.835927
RVY01,elective,2015/16,1519,4452556.891615,2931.242193
RVY01,elective,2016/17,1369,4308713.338643,3147.343563
RVY01,elective,2017/18,964,2928104.824267,3037.453137
RVY01,elective,2018/19,774,2608120.170887,3369.664303
RVY01,elective,2019/20,698,2636188.441609,3776.774271
RVY01,elective,2020/21,357,1514270.144464,4241.653065
RVY01,elective,2021/22,537,2213329.164354,4121.655799
RVY01,elective,2022/23,667,2657889.501806,3984.841831
RVY01,elective,2023/24,150,560848.263668,3738.988424
RVY01,non_elective,2012/13,2891,620100.881024,214.493559
RVY01,non_elective,2013/14,20832,36027210.953728,1729.416808
RVY01,non_elective,2014/15,20904,35252193.712229,1686.385079
RVY01,non_elective,2015/16,20007,40719806.342692,2035.277969
RVY01,non_elective,2016/17,19545,40794342.184630,2087.200930
RVY01,non_elective,2017/18,17802,42236471.802770,2372.568913
RVY01,non_elective,2018/19,25688,52055363.281241,2026.446717
RVY01,non_elective,2019/20,26686,55817822.307803,2091.651888
RVY01,non_elective,2020/21,21760,47084587.524729,2163.813764
RVY01,non_elective,2021/22,24145,53521644.365228,2216.676097
RVY01,non_elective,2022/23,19818,50500573.499136,2548.217453
RVY01,non_elective,2023/24,4848,10263026.036002,2116.960816
RVY02,elective,2012/13,136,29485.345376,216.804010
RVY02,elective,2013/14,1986,6383945.097346,3214.473865
RVY02,elective,2014/15,1646,5118010.340854,3109.362296
RVY02,elective,2015/16,1612,6131923.386743,3803.922696
RVY02,elective,2016/17,1658,6191475.345820,3734.303586
RVY02,elective,2017/18,1688,5054930.726290,2994.627207
RVY02,elective,2018/19,1507,5071209.348481,3365.102421
RVY02,elective,2019/20,1426,4710352.353635,3303.192393
RVY02,elective,2020/21,823,2049821.812430,2490.670488
RVY02,elective,2021/22,1452,4005260.707217,2758.444013
RVY02,elective,2022/23,1291,4279210.679359,3314.648086
RVY02,elective,2023/24,348,1234319.330090,3546.894626
RVY02,non_elective,2012/13,423,16957.259488,40.088083
RVY02,non_elective,2013/14,4031,3170900.809664,786.628828
RVY02,non_elective,2014/15,4387,3411022.419287,777.529614
RVY02,non_elective,2015/16,4430,4439081.821342,1002.050072
RVY02,non_elective,2016/17,4487,4334108.929709,965.925769
RVY02,non_elective,2017/18,4725,4508134.548017,954.102549
RVY02,non_elective,2018/19,5145,5123151.813608,995.753510
RVY02,non_elective,2019/20,4914,5181776.903907,1054.492654
RVY02,non_elective,2020/21,2036,2298219.864963,1128.791682
RVY02,non_elective,2021/22,4150,4222382.086038,1017.441466
RVY02,non_elective,2022/23,4593,4936046.715538,1074.689030
RVY02,non_elective,2023/24,1006,1092788.581148,1086.270955
RW100,non_elective,2014/15,1,554.260004,554.260004
RW100,non_elective,2016/17,37,21439.412660,579.443585
RW11J,elective,2014/15,2,4297.697157,2148.848578
RW11J,elective,2015/16,5,22315.511797,4463.102359
RW11J,elective,2016/17,1,4336.850406,4336.850406
RW11J,non_elective,2015/16,4,21560.767826,5390.191956
RW14K,elective,2018/19,13,49739.650275,3826.126944
RW14K,elective,2019/20,5,34125.285583,6825.057116
RW14K,elective,2020/21,2,5813.338259,2906.669129
RW14K,non_elective,2017/18,19,120612.131738,6348.006933
RW14K,non_elective,2018/19,17,56162.957921,3303.703407
RW14K,non_elective,2019/20,5,20766.636652,4153.327330
RW14K,non_elective,2020/21,6,24537.162950,4089.527158
RW14K,non_elective,2021/22,3,14565.813477,4855.271159
RW14K,non_elective,2022/23,11,72215.904441,6565.082221
RW14K,non_elective,2023/24,3,13715.262796,4571.754265
RW158,elective,2017/18,1,960.196138,960.196138
RW158,elective,2020/21,1,3756.687551,3756.687551
RW158,non_elective,2015/16,2,13485.326692,6742.663346
RW158,non_elective,2016/17,4,8241.506098,2060.376524
RW158,non_elective,2017/18,17,132705.067578,7806.180445
RW158,non_elective,2018/19,23,143571.677530,6242.246849
RW158,non_elective,2019/20,12,90626.760546,7552.230045
RW158,non_elective,2020/21,5,26336.200060,5267.240012
RW170,elective,2020/21,4,9018.604968,2254.651242
RW170,elective,2021/22,24,99384.558359,4141.023264
RW170,elective,2022/23,69,305838.437738,4432.441126
RW170,non_elective,2019/20,1,13057.390054,13057.390054
RW170,non_elective,2020/21,11,43199.245539,3927.204139
RW170,non_elective,2021/22,44,238104.158287,5411.458142
RW170,non_elective,2022/23,67,367704.023942,5488.119760
RW170,non_elective,2023/24,36,218638.363853,6073.287884
RW178,elective,2013/14,7,29621.269387,4231.609912
RW178,elective,2014/15,1,4293.332905,4293.332905
RW178,elective,2015/16,2,5949.596691,2974.798345
RW178,elective,2017/18,2,12215.355525,6107.677762
RW178,elective,2018/19,2,4649.818992,2324.909496
RW178,elective,2022/23,2,26386.232453,13193.116226
RW178,non_elective,2013/14,1,939.405243,939.405243
RW178,non_elective,2014/15,2,8012.766672,4006.383336
RW178,non_elective,2015/16,1,787.744060,787.744060
RW178,non_elective,2016/17,1,2625.103854,2625.103854
RW178,non_elective,2017/18,3,3990.881731,1330.293910
RW178,non_elective,2018/19,5,25599.552912,5119.910582
RW178,non_elective,2019/20,2,32505.087665,16252.543832
RW178,non_elective,2020/21,12,64148.979459,5345.748288
RW178,non_elective,2021/22,19,106529.609887,5606.821573
RW178,non_elective,2022/23,20,127925.377268,6396.268863
RW178,non_elective,2023/24,1,3501.202991,3501.202991
RW17M,elective,2021/22,4,21001.895351,5250.473837
RW17M,elective,2022/23,50,313936.233771,6278.724675
RW17M,non_elective,2021/22,5,36028.645555,7205.729111
RW17M,non_elective,2022/23,23,133310.778889,5796.120821
RW17M,non_elective,2023/24,2,18465.146574,9232.573287
RW194,elective,2015/16,2,13214.938866,6607.469433
RW194,elective,2020/21,4,19061.277214,4765.319303
RW194,elective,2021/22,90,446889.334276,4965.437047
RW194,elective,2022/23,137,844396.696661,6163.479537
RW194,non_elective,2013/14,4,28477.835363,7119.458840
RW194,non_elective,2014/15,38,186947.110315,4919.660797
RW194,non_elective,2015/16,22,126063.533537,5730.160615
RW194,non_elective,2016/17,15,159340.397477,10622.693165
RW194,non_elective,2017/18,5,20190.731873,4038.146374
RW194,non_elective,2020/21,8,26850.362737,3356.295342
RW194,non_elective,2021/22,2,11379.708110,5689.854055
RW194,non_elective,2022/23,11,80739.508074,7339.955279
RW194,non_elective,2023/24,2,13247.938955,6623.969477
RW1FY,elective,2012/13,1,4443.899599,4443.899599
RW1FY,elective,2013/14,11,36290.937506,3299.176136
RW1FY,elective,2014/15,2,8227.706083,4113.853041
RW1FY,elective,2016/17,34,159408.526693,4688.486079
RW1FY,elective,2017/18,6,32587.055628,5431.175938
RW1FY,non_elective,2012/13,3,6572.563512,2190.854504
RW1FY,non_elective,2013/14,95,288443.234247,3036.244571
RW1FY,non_elective,2014/15,110,353822.360550,3216.566914
RW1FY,non_elective,2015/16,55,255317.430517,4642.135100
RW1FY,non_elective,2016/17,61,285365.608330,4678.124726
RW1FY,non_elective,2017/18,35,139154.988199,3975.856805
RW1YM,elective,2012/13,47,169785.768745,3612.463164
RW1YM,elective,2013/14,296,530778.146114,1793.169412
RW1YM,elective,2014/15,445,607677.102447,1365.566522
RW1YM,elective,2015/16,334,763978.673325,2287.361297
RW1YM,elective,2016/17,271,628275.920243,2318.361329
RW1YM,elective,2017/18,154,353669.405446,2296.554580
RW1YM,elective,2018/19,98,294108.502877,3001.107172
RW1YM,elective,2019/20,65,72982.358121,1122.805509
RW1YM,elective,2020/21,32,200880.057895,6277.501809
RW1YM,elective,2021/22,34,115679.150692,3402.327961
RW1YM,elective,2022/23,70,267056.946049,3815.099229
RW1YM,elective,2023/24,25,54075.436162,2163.017446
RW1YM,non_elective,2012/13,174,152967.032600,879.120877
RW1YM,non_elective,2013/14,1783,4678026.443918,2623.682806
RW1YM,non_elective,2014/15,1735,4640903.767412,2674.872488
RW1YM,non_elective,2015/16,1811,5511873.929833,3043.552694
RW1YM,non_elective,2016/17,2254,6022555.629703,2671.941273
RW1YM,non_elective,2017/18,2301,6020857.721898,2616.626563
RW1YM,non_elective,2018/19,2229,5147132.462268,2309.166649
RW1YM,non_elective,2019/20,2241,5326097.267510,2376.660985
RW1YM,non_elective,2020/21,1502,4050034.922792,2696.428044
RW1YM,non_elective,2021/22,1124,3201271.569193,2848.106378
RW1YM,non_elective,2022/23,1625,4906338.264468,3019.285085
RW1YM,non_elective,2023/24,886,2887814.368972,3259.384163
RW3DH,elective,2013/14,16,13546.159762,846.634985
RW3DH,elective,2014/15,8,235391.854740,29423.981842
RW3DH,elective,2015/16,50,63874.109241,1277.482184
RW3DH,elective,2016/17,45,145881.866841,3241.819263
RW3DH,elective,2017/18,17,26398.677620,1552.863389
RW3MR,elective,2012/13,1282,443787.727935,346.168274
RW3MR,elective,2013/14,8708,27799929.674600,3192.458621
RW3MR,elective,2014/15,8560,25657349.197789,2997.353878
RW3MR,elective,2015/16,8202,34173338.704093,4166.464119
RW3MR,elective,2016/17,8642,34312513.932126,3970.436696
RW3MR,elective,2017/18,4358,17309500.408268,3971.890869
RW3MR,non_elective,2012/13,5408,1130261.351112,208.998030
RW3MR,non_elective,2013/14,30085,59401802.441877,1974.465761
RW3MR,non_elective,2014/15,32712,64946703.349911,1985.409126
RW3MR,non_elective,2015/16,32492,84437049.244873,2598.702734
RW3MR,non_elective,2016/17,33339,83126154.573856,2493.360765
RW3MR,non_elective,2017/18,16159,37444678.278792,2317.264575
RW3RC,elective,2012/13,557,233623.150313,419.431149
RW3RC,elective,2013/14,5229,17622947.753948,3370.232884
RW3RC,elective,2014/15,5527,17234168.061032,3118.177684
RW3RC,elective,2015/16,6022,20920496.426881,3474.011362
RW3RC,elective,2016/17,6447,21264002.585359,3298.278669
RW3RC,elective,2017/18,3008,10815637.401643,3595.624136
RW3RC,non_elective,2012/13,1866,459382.940293,246.185927
RW3RC,non_elective,2013/14,13075,21979324.160012,1681.019056
RW3RC,non_elective,2014/15,13866,22612468.233236,1630.785246
RW3RC,non_elective,2015/16,14537,29850890.820548,2053.442307
RW3RC,non_elective,2016/17,14793,31213756.058490,2110.035561
RW3RC,non_elective,2017/18,6590,14344121.335992,2176.649671
RW3RE,elective,2013/14,1595,2013952.640589,1262.666232
RW3RE,elective,2014/15,1552,1983825.907215,1278.238342
RW3RE,elective,2015/16,1486,2624107.001747,1765.886273
RW3RE,elective,2016/17,1321,2313203.502881,1751.100304
RW3RE,elective,2017/18,574,978144.305531,1704.084155
RW3RE,non_elective,2012/13,75,3174.630204,42.328402
RW3RE,non_elective,2013/14,982,2027903.259228,2065.074602
RW3RE,non_elective,2014/15,1110,2343712.259246,2111.452485
RW3RE,non_elective,2015/16,1130,2232840.603200,1975.965135
RW3RE,non_elective,2016/17,1134,2251523.788079,1985.470712
RW3RE,non_elective,2017/18,611,1264258.761516,2069.163275
RW3SM,elective,2012/13,112,9871.578141,88.139090
RW3SM,elective,2013/14,1374,3034112.532220,2208.233284
RW3SM,elective,2014/15,1842,3826260.717758,2077.231660
RW3SM,elective,2015/16,1641,5660168.222173,3449.218904
RW3SM,elective,2016/17,1497,4969950.183961,3319.940002
RW3SM,elective,2017/18,710,2263338.030656,3187.800043
RW3SM,non_elective,2012/13,157,50881.544116,324.086268
RW3SM,non_elective,2013/14,1225,1429707.267169,1167.107973
RW3SM,non_elective,2014/15,1211,1313214.571145,1084.405095
RW3SM,non_elective,2015/16,1204,1795163.351486,1490.999461
RW3SM,non_elective,2016/17,1313,1873555.718889,1426.927432
RW3SM,non_elective,2017/18,610,958213.091511,1570.841133
RW3TR,elective,2012/13,159,41902.159650,263.535595
RW3TR,elective,2013/14,1377,4775630.202597,3468.141033
RW3TR,elective,2014/15,1487,6391336.834134,4298.141784
RW3TR,elective,2015/16,1164,5479063.938897,4707.099603
RW3TR,elective,2016/17,1354,6647704.392163,4909.678280
RW3TR,elective,2017/18,888,3470592.185336,3908.324533
RW3TR,non_elective,2012/13,2018,385161.692460,190.863078
RW3TR,non_elective,2013/14,6668,13611449.266041,2041.309128
RW3TR,non_elective,2014/15,3625,6397465.413358,1764.818045
RW3TR,non_elective,2015/16,3499,7321175.009019,2092.362106
RW3TR,non_elective,2016/17,3518,6410102.079609,1822.087003
RW3TR,non_elective,2017/18,1520,2647885.520942,1742.029947
RW500,elective,2013/14,3,2052.388490,684.129496
RW500,elective,2014/15,11,11386.115040,1035.101367
RW500,elective,2015/16,4,13946.021554,3486.505388
RW500,elective,2016/17,23,59051.952398,2567.476191
RW500,elective,2017/18,66,77943.602996,1180.963681
RW5AQ,non_elective,2012/13,14,23780.891358,1698.635097
RW5AQ,non_elective,2013/14,216,693334.991909,3209.884221
RW5AQ,non_elective,2014/15,194,758052.172059,3907.485422
RW5AQ,non_elective,2015/16,157,1046925.045185,6668.312389
RW5AQ,non_elective,2016/17,209,1088113.817658,5206.286208
RW5AQ,non_elective,2017/18,200,1112248.732024,5561.243660
RW5AQ,non_elective,2018/19,177,876416.023728,4951.502958
RW5AQ,non_elective,2019/20,30,86676.939692,2889.231323
RW5RP,elective,2018/19,8,22739.496773,2842.437096
RW5RP,elective,2019/20,13,8074.870834,621.143910
RW601,elective,2012/13,216,30739.362530,142.311863
RW601,elective,2013/14,3029,8535589.559576,2817.956275
RW601,elective,2014/15,2791,7691739.316653,2755.908031
RW601,elective,2015/16,1840,7081891.731907,3848.854202
RW601,elective,2016/17,1697,8245110.509748,4858.639074
RW601,elective,2017/18,1900,10798309.501722,5683.320790
RW601,elective,2018/19,2234,12091839.891805,5412.640954
RW601,elective,2019/20,2308,11684615.869869,5062.658522
RW601,elective,2020/21,654,2951414.481207,4512.866179
RW601,elective,2021/22,931,4877398.546792,5238.881360
RW601,non_elective,2012/13,2525,164339.418766,65.084918
RW601,non_elective,2013/14,16573,24745184.738758,1493.102319
RW601,non_elective,2014/15,16568,26495348.721410,1599.188116
RW601,non_elective,2015/16,16025,33407266.142552,2084.696795
RW601,non_elective,2016/17,17465,36770791.152685,2105.398863
RW601,non_elective,2017/18,20183,41055735.419504,2034.174078
RW601,non_elective,2018/19,21378,41661963.199267,1948.824174
RW601,non_elective,2019/20,22604,45942340.612347,2032.487197
RW601,non_elective,2020/21,19273,36618863.156492,1900.008465
RW601,non_elective,2021/22,10037,20126291.996872,2005.209922
RW602,elective,2012/13,1586,137513.673762,86.704712
RW602,elective,2013/14,8386,18048468.818592,2152.214264
RW602,elective,2014/15,7649,16944292.831408,2215.229811
RW602,elective,2015/16,6638,20056431.560117,3021.456999
RW602,elective,2016/17,5634,18298323.014790,3247.838660
RW602,elective,2017/18,4180,13682674.934128,3273.367209
RW602,elective,2018/19,3782,11795405.404941,3118.827447
RW602,elective,2019/20,3637,11269114.904696,3098.464367
RW602,elective,2020/21,1271,2621842.222889,2062.818428
RW602,elective,2021/22,190,383014.209197,2015.864258
RW602,non_elective,2012/13,7502,678544.286372,90.448451
RW602,non_elective,2013/14,32727,47409402.347100,1448.632699
RW602,non_elective,2014/15,34189,49514346.210778,1448.253713
RW602,non_elective,2015/16,29440,57177086.981957,1942.156487
RW602,non_elective,2016/17,28602,56444469.392399,1973.444842
RW602,non_elective,2017/18,30900,60563387.151643,1959.980166
RW602,non_elective,2018/19,35945,65062162.467389,1810.047641
RW602,non_elective,2019/20,35863,65585540.272094,1828.780087
RW602,non_elective,2020/21,23534,48215486.909520,2048.758685
RW602,non_elective,2021/22,87,93282.047264,1072.207439
RW603,elective,2012/13,766,201656.721662,263.259427
RW603,elective,2013/14,4262,11829623.619245,2775.603852
RW603,elective,2014/15,4273,11417676.885794,2672.051693
RW603,elective,2015/16,4304,14397822.001266,3345.218866
RW603,elective,2016/17,4183,14019833.856833,3351.621768
RW603,elective,2017/18,3987,12523959.336324,3141.198729
RW603,elective,2018/19,3844,12222540.481788,3179.641124
RW603,elective,2019/20,3040,10642099.000377,3500.690460
RW603,elective,2020/21,2450,9796729.271977,3998.665008
RW603,elective,2021/22,1397,5088358.210789,3642.346607
RW603,non_elective,2012/13,5881,600305.502124,102.075412
RW603,non_elective,2013/14,35219,52330889.021866,1485.870950
RW603,non_elective,2014/15,35257,53253818.074267,1510.446665
RW603,non_elective,2015/16,33428,67596147.545766,2022.141544
RW603,non_elective,2016/17,32883,69136392.259907,2102.496495
RW603,non_elective,2017/18,38071,75172522.584046,1974.535015
RW603,non_elective,2018/19,41835,80150018.436113,1915.860366
RW603,non_elective,2019/20,42287,83291299.322305,1969.666784
RW603,non_elective,2020/21,32163,68182719.153411,2119.911673
RW603,non_elective,2021/22,17975,35514183.463149,1975.754295
RW604,elective,2012/13,33,81130.728370,2458.506920
RW604,elective,2013/14,261,1029505.883782,3944.466987
RW604,elective,2014/15,342,1227135.467872,3588.115403
RW604,elective,2015/16,308,1127986.250431,3662.293020
RW604,elective,2016/17,219,1001930.779770,4575.026391
RW604,elective,2017/18,200,819631.705200,4098.158526
RW604,elective,2018/19,169,672694.416900,3980.440336
RW604,elective,2019/20,209,916970.151240,4387.416991
RW604,elective,2020/21,475,1295836.838081,2728.077553
RW604,elective,2021/22,203,421137.936008,2074.571113
RW604,non_elective,2012/13,290,28233.430536,97.356657
RW604,non_elective,2013/14,3134,3721909.008202,1187.590621
RW604,non_elective,2014/15,3071,4058669.007660,1321.611529
RW604,non_elective,2015/16,2814,4239030.059205,1506.407270
RW604,non_elective,2016/17,3178,4502993.645834,1416.926886
RW604,non_elective,2017/18,3090,4566764.919880,1477.917449
RW604,non_elective,2018/19,3079,5184767.131594,1683.912676
RW604,non_elective,2019/20,3874,5702678.545382,1472.038860
RW604,non_elective,2020/21,3117,4094856.414008,1313.717168
RW604,non_elective,2021/22,2419,3087522.499202,1276.363166
RWA00,elective,2013/14,3,11637.882120,3879.294040
RWA00,elective,2014/15,451,2129717.113889,4722.210895
RWA01,elective,2012/13,752,147639.716168,196.329409
RWA01,elective,2013/14,5395,14317033.113404,2653.759613
RWA01,elective,2014/15,4978,13221223.240880,2655.930743
RWA01,elective,2015/16,4542,16343732.371115,3598.355872
RWA01,elective,2016/17,4752,16887509.878776,3553.768913
RWA01,elective,2017/18,4012,15517027.963474,3867.654028
RWA01,elective,2018/19,3943,15865462.397109,4023.703372
RWA01,elective,2019/20,3666,16109915.547421,4394.412315
RWA01,elective,2020/21,2135,10151189.410109,4754.655461
RWA01,elective,2021/22,2926,14660359.152976,5010.375650
RWA01,elective,2022/23,3199,15896070.180180,4969.074767
RWA01,elective,2023/24,2342,11341917.196442,4842.833986
RWA01,non_elective,2012/13,8121,782021.645429,96.296225
RWA01,non_elective,2013/14,50325,87617134.038841,1741.026011
RWA01,non_elective,2014/15,48944,88300539.120000,1804.113662
RWA01,non_elective,2015/16,47589,115522365.953761,2427.501438
RWA01,non_elective,2016/17,48707,120284481.973098,2469.552260
RWA01,non_elective,2017/18,47724,125410895.265934,2627.837047
RWA01,non_elective,2018/19,46999,131161387.031795,2790.727186
RWA01,non_elective,2019/20,46115,135216156.474623,2932.151284
RWA01,non_elective,2020/21,34727,110314781.440914,3176.628601
RWA01,non_elective,2021/22,38523,125777086.313629,3264.986795
RWA01,non_elective,2022/23,45644,131749680.706233,2886.462201
RWA01,non_elective,2023/24,29475,93617786.348566,3176.175957
RWA06,elective,2016/17,1,6530.044815,6530.044815
RWA06,elective,2017/18,8,59070.143097,7383.767887
RWA06,elective,2019/20,5,45931.550196,9186.310039
RWA06,elective,2021/22,1,4353.363210,4353.363210
RWA06,elective,2023/24,1,9324.557358,9324.557358
RWA06,non_elective,2016/17,8,43407.557886,5425.944735
RWA06,non_elective,2017/18,13,112037.421516,8618.263193
RWA06,non_elective,2019/20,6,50957.798586,8492.966431
RWA06,non_elective,2020/21,7,74042.857875,10577.551125
RWA06,non_elective,2021/22,8,70527.542571,8815.942821
RWA06,non_elective,2022/23,4,34356.905577,8589.226394
RWA06,non_elective,2023/24,4,36508.099107,9127.024776
RWA07,elective,2022/23,1,6530.044815,6530.044815
RWA07,non_elective,2017/18,3,39099.726573,13033.242191
RWA07,non_elective,2018/19,1,6224.187915,6224.187915
RWA07,non_elective,2019/20,5,64215.675678,12843.135135
RWA07,non_elective,2020/21,7,57544.936689,8220.705241
RWA07,non_elective,2021/22,6,53287.408641,8881.234773
RWA07,non_elective,2022/23,9,73651.361043,8183.484560
RWA07,non_elective,2023/24,3,25023.172512,8341.057504
RWA16,elective,2012/13,2244,548814.370509,244.569683
RWA16,elective,2013/14,13159,42125359.797758,3201.258438
RWA16,elective,2014/15,12368,39890516.083460,3225.300459
RWA16,elective,2015/16,12146,52660398.876317,4335.616571
RWA16,elective,2016/17,11758,52541719.384816,4468.593245
RWA16,elective,2017/18,11058,50637477.488903,4579.261845
RWA16,elective,2018/19,11219,53561814.826582,4774.205796
RWA16,elective,2019/20,10879,53337630.802851,4902.806397
RWA16,elective,2020/21,5524,27020544.194257,4891.481570
RWA16,elective,2021/22,7293,37915510.062161,5198.890725
RWA16,elective,2022/23,8596,45594269.853844,5304.126320
RWA16,elective,2023/24,6326,32644290.787631,5160.336830
RWA16,non_elective,2012/13,1152,363856.454990,315.847617
RWA16,non_elective,2013/14,10950,15937823.448691,1455.508990
RWA16,non_elective,2014/15,10056,15003515.439545,1491.996364
RWA16,non_elective,2015/16,7569,21512574.255440,2842.195039
RWA16,non_elective,2016/17,8236,23471744.237552,2849.896094
RWA16,non_elective,2017/18,8457,24579755.523135,2906.439106
RWA16,non_elective,2018/19,9827,26854088.692690,2732.684307
RWA16,non_elective,2019/20,10202,28074195.125169,2751.832496
RWA16,non_elective,2020/21,8363,26122329.862238,3123.559710
RWA16,non_elective,2021/22,9385,29384824.148357,3131.041464
RWA16,non_elective,2022/23,9799,28203868.938556,2878.239507
RWA16,non_elective,2023/24,5924,19098294.232437,3223.884914
RWA28,non_elective,2016/17,2,34027.946286,17013.973143
RWA28,non_elective,2017/18,5,55248.970893,11049.794178
RWA28,non_elective,2019/20,5,48130.661307,9626.132261
RWA28,non_elective,2020/21,4,36043.196619,9010.799154
RWA28,non_elective,2021/22,4,29153.260185,7288.315046
RWA28,non_elective,2022/23,2,20114.169267,10057.084633
RWA28,non_elective,2023/24,1,11020.024107,11020.024107
RWA30,elective,2013/14,47,409753.987302,8718.169942
RWA66,elective,2014/15,5,19130.329572,3826.065914
RWA66,elective,2015/16,255,1443913.997341,5662.407832
RWA66,elective,2016/17,58,237518.456826,4095.145807
RWA66,elective,2017/18,32,285433.101599,8919.784424
RWA66,elective,2018/19,94,364474.374885,3877.386966
RWA66,non_elective,2019/20,1,598.460001,598.460001
RWA73,elective,2016/17,22,135276.071944,6148.912361
RWA73,elective,2017/18,63,405832.100217,6441.779368
RWA73,elective,2018/19,25,164940.469986,6597.618799
RWA73,elective,2019/20,14,83870.040072,5990.717148
RWA73,elective,2020/21,5,30702.935145,6140.587029
RWA73,elective,2021/22,4,23943.497655,5985.874413
RWA73,elective,2022/23,7,34139.747178,4877.106739
RWA73,elective,2023/24,1,9564.145263,9564.145263
RWA73,non_elective,2016/17,3,27254.806407,9084.935469
RWA73,non_elective,2017/18,32,249079.827254,7783.744601
RWA73,non_elective,2018/19,24,203447.853696,8476.993904
RWA73,non_elective,2019/20,30,246324.912984,8210.830432
RWA73,non_elective,2020/21,15,110206.358208,7347.090547
RWA73,non_elective,2021/22,22,146640.032136,6665.456006
RWA73,non_elective,2022/23,34,202580.239623,5958.242341
RWA73,non_elective,2023/24,22,142381.484565,6471.885662
RWD00,non_elective,2017/18,1,592.118053,592.118053
RWDAA,elective,2013/14,550,1313558.677980,2388.288505
RWDAA,elective,2014/15,445,1066923.934127,2397.581874
RWDAA,elective,2015/16,505,1861043.180083,3685.234019
RWDAA,elective,2016/17,499,1920290.290548,3848.277135
RWDAA,elective,2017/18,402,1838274.929610,4572.823207
RWDAA,elective,2018/19,201,859207.678539,4274.665067
RWDAA,elective,2019/20,27,49701.602568,1840.800095
RWDAA,elective,2020/21,11,12019.895604,1092.717782
RWDAA,elective,2021/22,29,42474.130933,1464.625204
RWDAA,elective,2022/23,27,37254.010108,1379.778152
RWDAA,elective,2023/24,14,18072.209604,1290.872114
RWDAA,non_elective,2013/14,50,112105.799100,2242.115982
RWDAA,non_elective,2014/15,28,39828.287880,1422.438852
RWDAA,non_elective,2015/16,27,44008.392532,1629.940464
RWDAA,non_elective,2016/17,9,25332.968966,2814.774329
RWDAA,non_elective,2017/18,14,41456.333462,2961.166675
RWDAA,non_elective,2018/19,16,51032.102929,3189.506433
RWDAA,non_elective,2019/20,13,38562.318651,2966.332203
RWDAA,non_elective,2021/22,10,32442.420478,3244.242047
RWDAA,non_elective,2022/23,16,40218.635249,2513.664703
RWDAA,non_elective,2023/24,15,40272.097356,2684.806490
RWDAS,elective,2015/16,3,4897.330745,1632.443581
RWDAS,elective,2016/17,12,14973.424836,1247.785403
RWDAS,elective,2017/18,4,5431.951815,1357.987953
RWDAS,elective,2018/19,1,867.498340,867.498340
RWDAS,non_elective,2017/18,1,4441.389757,4441.389757
RWDCR,elective,2015/16,51,221281.678311,4338.856437
RWDCR,elective,2016/17,18,121577.874913,6754.326384
RWDCR,elective,2017/18,11,43313.385141,3937.580467
RWDCR,elective,2018/19,3,2764.898779,921.632926
RWDDA,elective,2012/13,643,157617.467640,245.128254
RWDDA,elective,2013/14,5858,13451171.399172,2296.205428
RWDDA,elective,2014/15,6733,13466215.567793,2000.032016
RWDDA,elective,2015/16,5830,16193451.785024,2777.607510
RWDDA,elective,2016/17,5658,15405648.832959,2722.808206
RWDDA,elective,2017/18,4578,13206610.909296,2884.799237
RWDDA,elective,2018/19,4112,11495031.186959,2795.484238
RWDDA,elective,2019/20,3899,10731372.791656,2752.339777
RWDDA,elective,2020/21,1632,4417221.495339,2706.630818
RWDDA,elective,2021/22,2711,8720913.402227,3216.862191
RWDDA,elective,2022/23,3137,10948255.537193,3490.040018
RWDDA,elective,2023/24,1978,7011580.893989,3544.783060
RWDDA,non_elective,2012/13,5748,836138.475900,145.465983
RWDDA,non_elective,2013/14,30926,52536012.644610,1698.765202
RWDDA,non_elective,2014/15,30853,54116925.148616,1754.024734
RWDDA,non_elective,2015/16,31325,62223223.291334,1986.375843
RWDDA,non_elective,2016/17,31392,64727330.291103,2061.905271
RWDDA,non_elective,2017/18,30941,65379504.568244,2113.037864
RWDDA,non_elective,2018/19,31478,67092877.873689,2131.421242
RWDDA,non_elective,2019/20,32566,77763389.866741,2387.870474
RWDDA,non_elective,2020/21,28007,75816788.270844,2707.065671
RWDDA,non_elective,2021/22,25357,68732932.045186,2710.609774
RWDDA,non_elective,2022/23,30504,81609454.368860,2675.368947
RWDDA,non_elective,2023/24,20989,58552807.775169,2789.690207
RWDFW,elective,2015/16,55,311933.237403,5671.513407
RWDFW,elective,2017/18,1,6761.443457,6761.443457
RWDLA,elective,2012/13,665,68887.157625,103.589710
RWDLA,elective,2013/14,4394,9950537.826605,2264.573925
RWDLA,elective,2014/15,4095,8977966.039597,2192.421499
RWDLA,elective,2015/16,3647,9880440.381524,2709.196704
RWDLA,elective,2016/17,3271,9454425.392972,2890.377680
RWDLA,elective,2017/18,2851,8754505.469832,3070.678874
RWDLA,elective,2018/19,2303,7511959.151574,3261.814655
RWDLA,elective,2019/20,2220,7202678.734181,3244.449880
RWDLA,elective,2020/21,1217,3638249.313234,2989.522853
RWDLA,elective,2021/22,1935,6318391.456715,3265.318582
RWDLA,elective,2022/23,2012,6335940.433689,3149.075762
RWDLA,elective,2023/24,1314,4318453.662127,3286.494415
RWDLA,non_elective,2012/13,3693,520675.353495,140.989805
RWDLA,non_elective,2013/14,23019,39746087.778420,1726.664398
RWDLA,non_elective,2014/15,22054,38396206.751429,1741.008739
RWDLA,non_elective,2015/16,21709,44746337.035786,2061.188310
RWDLA,non_elective,2016/17,21878,47530688.315120,2172.533518
RWDLA,non_elective,2017/18,22218,46946610.004732,2112.998920
RWDLA,non_elective,2018/19,22953,47794263.785584,2082.266535
RWDLA,non_elective,2019/20,25453,56461561.069595,2218.267436
RWDLA,non_elective,2020/21,20109,48642272.302639,2418.930444
RWDLA,non_elective,2021/22,18742,46128637.346704,2461.244122
RWDLA,non_elective,2022/23,23775,63621089.568843,2675.965912
RWDLA,non_elective,2023/24,17438,45248735.485178,2594.835157
RWDLB,elective,2019/20,1,223.935618,223.935618
RWDLB,elective,2020/21,1,452.914831,452.914831
RWDLB,elective,2021/22,2,1751.136184,875.568092
RWDLB,non_elective,2017/18,11,7232.515230,657.501384
RWDLD,elective,2015/16,3,3535.560095,1178.520031
RWDLD,elective,2016/17,2,2238.347461,1119.173730
RWDLD,elective,2017/18,9,6863.324076,762.591564
RWDLD,elective,2018/19,3,2784.064440,928.021480
RWDLD,elective,2019/20,3,1830.824985,610.274995
RWDLD,elective,2020/21,2,741.408465,370.704232
RWDLD,non_elective,2019/20,1,236.040246,236.040246
RWDLP,elective,2012/13,91,7954.096095,87.407649
RWDLP,elective,2013/14,1224,4069728.530190,3324.941609
RWDLP,elective,2014/15,1215,4136175.392973,3404.259582
RWDLP,elective,2015/16,1103,4431767.737767,4017.921793
RWDLP,elective,2016/17,1144,4608371.163520,4028.296471
RWDLP,elective,2017/18,1115,4473141.204963,4011.785834
RWDLP,elective,2018/19,1685,8359194.636836,4960.946372
RWDLP,elective,2019/20,1846,9764219.571130,5289.393050
RWDLP,elective,2020/21,1426,4793326.036140,3361.378706
RWDLP,elective,2021/22,1588,7475979.748711,4707.795811
RWDLP,elective,2022/23,1865,9225597.336519,4946.700984
RWDLP,non_elective,2012/13,531,215329.541130,405.517026
RWDLP,non_elective,2013/14,5880,11078932.449481,1884.172185
RWDLP,non_elective,2014/15,5150,9962848.032389,1934.533598
RWDLP,non_elective,2015/16,5218,10694911.211020,2049.618859
RWDLP,non_elective,2016/17,5115,9715767.277136,1899.465743
RWDLP,non_elective,2017/18,4768,9376269.138755,1966.499399
RWDLP,non_elective,2018/19,4783,9282512.107089,1940.730108
RWDLP,non_elective,2019/20,4649,9511757.964868,2045.979342
RWDLP,non_elective,2020/21,1424,2151616.923794,1510.966940
RWDLP,non_elective,2021/22,2000,3845993.044460,1922.996522
RWDLP,non_elective,2022/23,3676,7336284.796374,1995.724917
RWDLP,non_elective,2023/24,2621,5930635.918942,2262.737855
RWDPH,elective,2017/18,15,29266.973066,1951.131537
RWDPL,elective,2016/17,26,158901.486632,6111.595639
RWDPL,elective,2017/18,72,198620.805976,2758.622305
RWDPL,elective,2018/19,16,40981.226813,2561.326675
RWDPL,elective,2020/21,74,431293.947954,5828.296593
RWDRA,elective,2015/16,9,30633.787311,3403.754145
RWDRA,non_elective,2018/19,1,1362.779369,1362.779369
RWDSP,elective,2018/19,3,7304.134279,2434.711426
RWDWT,elective,2015/16,32,216223.961245,6756.998788
RWDWT,elective,2016/17,4,21760.086268,5440.021567
RWDWT,elective,2017/18,1,6761.443457,6761.443457
RWE00,elective,2013/14,107,592803.722176,5540.221702
RWE00,elective,2014/15,101,386598.594066,3827.708852
RWE00,elective,2015/16,208,1126312.618704,5414.964513
RWE00,elective,2016/17,2,13850.985358,6925.492679
RWE00,elective,2021/22,9,32774.328430,3641.592047
RWE00,elective,2022/23,17,78459.911858,4615.288932
RWE00,elective,2023/24,11,51493.812192,4681.255653
RWE10,elective,2013/14,2,3082.215416,1541.107708
RWE10,elective,2015/16,1,2316.418706,2316.418706
RWE10,elective,2019/20,2,5645.366552,2822.683276
RWE10,non_elective,2013/14,8,14469.926672,1808.740834
RWE10,non_elective,2014/15,17,27979.921664,1645.877744
RWE10,non_elective,2017/18,1,2316.418706,2316.418706
RWEAA,elective,2012/13,536,195198.309137,364.175949
RWEAA,elective,2013/14,6866,15918153.185303,2318.402735
RWEAA,elective,2014/15,6687,15963497.899858,2387.243592
RWEAA,elective,2015/16,6328,19786730.947400,3126.853815
RWEAA,elective,2016/17,5327,17141580.057052,3217.867478
RWEAA,elective,2017/18,5509,17326288.732677,3145.087807
RWEAA,elective,2018/19,5693,18489792.993168,3247.811873
RWEAA,elective,2019/20,5210,17512777.310581,3361.377602
RWEAA,elective,2020/21,3104,10212506.548079,3290.111645
RWEAA,elective,2021/22,4433,15682579.395631,3537.689915
RWEAA,elective,2022/23,5053,19640288.857854,3886.857086
RWEAA,elective,2023/24,3816,13307700.862938,3487.342993
RWEAA,non_elective,2012/13,8226,1150780.622167,139.895529
RWEAA,non_elective,2013/14,54230,96165027.448419,1773.280978
RWEAA,non_elective,2014/15,58002,103526931.152727,1784.885541
RWEAA,non_elective,2015/16,60202,133732496.902313,2221.396247
RWEAA,non_elective,2016/17,54145,123674917.014432,2284.142894
RWEAA,non_elective,2017/18,64320,140088938.564899,2177.999666
RWEAA,non_elective,2018/19,64145,151448999.983433,2361.041390
RWEAA,non_elective,2019/20,60603,160212897.477261,2643.646312
RWEAA,non_elective,2020/21,48246,130258715.328000,2699.886318
RWEAA,non_elective,2021/22,54808,148980444.331399,2718.224425
RWEAA,non_elective,2022/23,61593,160026610.320357,2598.129825
RWEAA,non_elective,2023/24,42674,108223995.906840,2536.064018
RWEAE,elective,2012/13,486,184415.396576,379.455548
RWEAE,elective,2013/14,4508,19367336.167091,4296.214766
RWEAE,elective,2014/15,4568,22150915.077695,4849.149535
RWEAE,elective,2015/16,5058,31170274.176992,6162.569034
RWEAE,elective,2016/17,4328,29229298.951426,6753.534877
RWEAE,elective,2017/18,4910,32131844.915793,6544.163933
RWEAE,elective,2018/19,5279,35195092.779069,6666.999958
RWEAE,elective,2019/20,4997,32659970.961077,6535.915741
RWEAE,elective,2020/21,3174,20839921.232454,6565.822694
RWEAE,elective,2021/22,3654,24338270.462514,6660.719885
RWEAE,elective,2022/23,4932,29783085.109459,6038.743939
RWEAE,elective,2023/24,3653,22347510.615280,6117.577502
RWEAE,non_elective,2012/13,2742,255162.361392,93.057024
RWEAE,non_elective,2013/14,17928,35431854.851790,1976.341747
RWEAE,non_elective,2014/15,19386,38325343.408124,1976.959837
RWEAE,non_elective,2015/16,21167,51122681.021090,2415.206737
RWEAE,non_elective,2016/17,20781,46692530.245837,2246.885628
RWEAE,non_elective,2017/18,24119,57058911.002229,2365.724574
RWEAE,non_elective,2018/19,25388,61534283.250578,2423.754657
RWEAE,non_elective,2019/20,26702,68027311.932637,2547.648563
RWEAE,non_elective,2020/21,22787,52483649.788945,2303.227708
RWEAE,non_elective,2021/22,25225,61384237.290890,2433.468277
RWEAE,non_elective,2022/23,29681,80047173.665820,2696.916332
RWEAE,non_elective,2023/24,22068,56754540.516991,2571.802633
RWEAK,elective,2012/13,1465,260272.954184,177.660719
RWEAK,elective,2013/14,9671,33592951.921004,3473.575837
RWEAK,elective,2014/15,9751,33200941.438778,3404.875544
RWEAK,elective,2015/16,9362,41606737.571824,4444.214651
RWEAK,elective,2016/17,8672,39092369.852893,4507.883977
RWEAK,elective,2017/18,8487,37133833.445903,4375.378042
RWEAK,elective,2018/19,8653,41002567.023555,4738.537735
RWEAK,elective,2019/20,7623,36954984.472703,4847.826901
RWEAK,elective,2020/21,3753,18370198.496025,4894.803755
RWEAK,elective,2021/22,5831,28512769.005431,4889.859201
RWEAK,elective,2022/23,6673,30468763.117035,4565.976789
RWEAK,elective,2023/24,4191,18881739.293356,4505.306440
RWEAK,non_elective,2012/13,691,275258.322432,398.347789
RWEAK,non_elective,2013/14,8993,16900818.969014,1879.330475
RWEAK,non_elective,2014/15,10482,18721832.956500,1786.093584
RWEAK,non_elective,2015/16,11408,23642561.349526,2072.454536
RWEAK,non_elective,2016/17,10477,22007609.594013,2100.564054
RWEAK,non_elective,2017/18,12453,25810003.471246,2072.593228
RWEAK,non_elective,2018/19,12455,26904066.613241,2160.101695
RWEAK,non_elective,2019/20,12902,29202222.238152,2263.387245
RWEAK,non_elective,2020/21,12031,29409524.747314,2444.478825
RWEAK,non_elective,2021/22,11211,27102108.592873,2417.456836
RWEAK,non_elective,2022/23,5614,10259759.051280,1827.531003
RWEAK,non_elective,2023/24,3390,5373435.609659,1585.084250
RWELH,elective,2015/16,1,143367.927066,143367.927066
RWELH,elective,2016/17,31,478957.279010,15450.234806
RWELH,elective,2017/18,35,32112.671633,917.504903
RWELH,elective,2018/19,26,25772.999385,991.269207
RWELH,elective,2019/20,27,19759.816125,731.845041
RWELH,elective,2021/22,3,1164.408511,388.136170
RWELH,elective,2022/23,11,8132.262103,739.296554
RWELH,elective,2023/24,14,11168.816330,797.772595
RWELL,elective,2015/16,10,717893.275219,71789.327521
RWELL,elective,2016/17,13,346260.169248,26635.397634
RWELL,elective,2017/18,44,85045.215409,1932.845804
RWELL,elective,2018/19,36,68821.998259,1911.722173
RWELL,elective,2019/20,31,32486.687499,1047.957661
RWELL,elective,2020/21,17,23658.053314,1391.650194
RWELL,elective,2022/23,12,15774.790724,1314.565893
RWELL,elective,2023/24,105,125743.720872,1197.559246
RWELN,elective,2015/16,2,1366.914339,683.457169
RWELN,elective,2016/17,2,3010.724402,1505.362201
RWELN,elective,2017/18,2,1155.109774,577.554887
RWELN,elective,2019/20,2,4093.510666,2046.755333
RWELN,elective,2020/21,1,519.696079,519.696079
RWELN,elective,2021/22,2,2103.580948,1051.790474
RWELN,elective,2022/23,5,2533.389236,506.677847
RWELS,elective,2014/15,1,398.580328,398.580328
RWELS,elective,2015/16,1,6476.053724,6476.053724
RWELS,elective,2017/18,14,117193.015604,8370.929686
RWELS,elective,2018/19,10,21490.414400,2149.041440
RWELS,elective,2019/20,15,9519.840302,634.656020
RWELS,elective,2020/21,11,10101.527961,918.320723
RWELS,elective,2021/22,14,13951.205079,996.514648
RWELS,elective,2022/23,5,2265.792249,453.158449
RWELS,elective,2023/24,3,4244.894104,1414.964701
RWENF,elective,2019/20,28,171742.506425,6133.660943
RWENF,elective,2020/21,63,210707.314034,3344.560540
RWENF,elective,2023/24,5,6821.140186,1364.228037
RWESR,elective,2018/19,7,48478.448753,6925.492679
RWESR,elective,2019/20,48,304112.094006,6335.668625
RWESR,elective,2020/21,85,173499.306474,2041.168311
RWESR,elective,2021/22,40,143743.967989,3593.599199
RWESR,elective,2023/24,7,18532.382841,2647.483263
RWESR,non_elective,2020/21,1,2881.575277,2881.575277
RWF00,elective,2017/18,2,6146.102370,3073.051185
RWF00,elective,2018/19,39,61388.841496,1574.072858
RWF00,elective,2019/20,578,3705876.930245,6411.551782
RWF00,elective,2020/21,701,3456496.735422,4930.808467
RWF00,elective,2021/22,734,4991886.020806,6800.934633
RWF00,elective,2022/23,719,4859339.941376,6758.470015
RWF00,elective,2023/24,572,3926290.480909,6864.144197
RWF00,non_elective,2018/19,3,2616.604895,872.201631
RWF00,non_elective,2019/20,1,3733.306051,3733.306051
RWF00,non_elective,2020/21,61,449022.138018,7361.018656
RWF01,elective,2015/16,3,10509.941203,3503.313734
RWF01,elective,2016/17,7,32477.745788,4639.677969
RWF01,elective,2017/18,47,196741.089026,4185.980617
RWF01,elective,2018/19,131,120682.276070,921.238748
RWF01,elective,2019/20,177,146198.685184,825.981272
RWF01,elective,2021/22,1,912.892580,912.892580
RWF01,non_elective,2017/18,11,55010.269969,5000.933633
RWF01,non_elective,2018/19,1,383.202583,383.202583
RWF01,non_elective,2020/21,23,132499.988969,5760.869085
RWF02,elective,2014/15,87,368213.529468,4232.339419
RWF02,elective,2015/16,256,1294010.339263,5054.727887
RWF02,elective,2016/17,167,990248.549622,5929.632033
RWF03,elective,2012/13,573,163781.132928,285.830947
RWF03,elective,2013/14,4318,10994398.806048,2546.178509
RWF03,elective,2014/15,4037,9849209.201409,2439.734753
RWF03,elective,2015/16,3769,12983876.432617,3444.912823
RWF03,elective,2016/17,3566,13574533.387361,3806.655464
RWF03,elective,2017/18,4142,16301220.633619,3935.591654
RWF03,elective,2018/19,4040,16444010.609753,4070.299655
RWF03,elective,2019/20,4024,17380338.256860,4319.169546
RWF03,elective,2020/21,1946,7216071.419025,3708.155919
RWF03,elective,2021/22,3293,13314282.446476,4043.207545
RWF03,elective,2022/23,2772,11614739.088965,4190.021316
RWF03,elective,2023/24,1770,7671370.967335,4334.107891
RWF03,non_elective,2012/13,2643,490298.242248,185.508226
RWF03,non_elective,2013/14,13949,25640921.824884,1838.190682
RWF03,non_elective,2014/15,15989,28731167.653722,1796.933370
RWF03,non_elective,2015/16,15533,36973992.312281,2380.351014
RWF03,non_elective,2016/17,17684,40601311.853194,2295.934848
RWF03,non_elective,2017/18,19369,40100894.818276,2070.364748
RWF03,non_elective,2018/19,21665,40855487.621356,1885.782950
RWF03,non_elective,2019/20,23353,46057311.378943,1972.222471
RWF03,non_elective,2020/21,19945,40023164.934226,2006.676607
RWF03,non_elective,2021/22,23903,49304446.115578,2062.688621
RWF03,non_elective,2022/23,25408,51712629.896212,2035.289274
RWF03,non_elective,2023/24,19997,36127107.024725,1806.626345
RWF05,elective,2017/18,3,7834.603347,2611.534449
RWF05,non_elective,2017/18,4,5025.155202,1256.288800
RWF05,non_elective,2018/19,1,2379.889726,2379.889726
RWF08,elective,2019/20,29,182763.217522,6302.179914
RWF08,non_elective,2016/17,7,16659.228082,2379.889726
RWF10,elective,2013/14,26,104395.826736,4015.224105
RWF10,elective,2014/15,48,243564.421737,5074.258786
RWF10,elective,2015/16,136,819563.113234,6026.199362
RWF10,elective,2016/17,266,1567777.217403,5893.899313
RWF10,elective,2017/18,6,30005.505301,5000.917550
RWF10,non_elective,2014/15,24,10454.893884,435.620578
RWF22,elective,2013/14,50,265555.192260,5311.103845
RWF22,elective,2014/15,54,329873.371020,6108.766130
RWF22,elective,2015/16,5,35702.591902,7140.518380
RWF22,elective,2016/17,8,59443.106497,7430.388312
RWF38,elective,2013/14,11,58216.994268,5292.454024
RWF38,elective,2014/15,23,73258.468516,3185.150805
RWF38,elective,2015/16,24,118608.099208,4942.004133
RWF38,elective,2016/17,149,728840.697836,4891.548307
RWF38,elective,2017/18,1,4843.638189,4843.638189
RWF39,elective,2013/14,33,157306.044240,4766.849825
RWF39,elective,2014/15,49,173421.647940,3539.217304
RWF39,elective,2015/16,92,427022.488343,4641.548786
RWF39,elective,2016/17,99,436928.434339,4413.418528
RWF39,elective,2017/18,2,7789.309014,3894.654507
RWFTW,elective,2012/13,382,84191.686056,220.397083
RWFTW,elective,2013/14,4287,14541331.586102,3391.959782
RWFTW,elective,2014/15,3915,12644800.448468,3229.834086
RWFTW,elective,2015/16,3077,11300007.377029,3672.410587
RWFTW,elective,2016/17,2910,10207102.358375,3507.595312
RWFTW,elective,2017/18,2079,6623755.611084,3186.029634
RWFTW,elective,2018/19,2183,7105189.310178,3254.782093
RWFTW,elective,2019/20,2288,7751579.237978,3387.927988
RWFTW,elective,2020/21,1846,6321098.729298,3424.213829
RWFTW,elective,2021/22,2551,10278439.319382,4029.180446
RWFTW,elective,2022/23,2860,10334467.029367,3613.450010
RWFTW,elective,2023/24,1741,6903779.911418,3965.410632
RWFTW,non_elective,2012/13,3991,871984.527360,218.487729
RWFTW,non_elective,2013/14,26686,46759409.157192,1752.207492
RWFTW,non_elective,2014/15,25959,47265977.373565,1820.793457
RWFTW,non_elective,2015/16,25411,59114055.502356,2326.317559
RWFTW,non_elective,2016/17,28081,68014496.634856,2422.082427
RWFTW,non_elective,2017/18,31883,72775823.142559,2282.590193
RWFTW,non_elective,2018/19,35713,77359856.516929,2166.153964
RWFTW,non_elective,2019/20,35308,76956465.187148,2179.575880
RWFTW,non_elective,2020/21,31652,63841011.678733,2016.966121
RWFTW,non_elective,2021/22,40250,78562490.024224,1951.863106
RWFTW,non_elective,2022/23,46166,86680868.343788,1877.591048
RWFTW,non_elective,2023/24,33182,58553061.983579,1764.603157
RWFWA,elective,2013/14,1,785.531664,785.531664
RWG00,elective,2021/22,7,50617.429860,7231.061408
RWG02,elective,2012/13,306,86262.841241,281.904709
RWG02,elective,2013/14,3704,11268717.411012,3042.310316
RWG02,elective,2014/15,4571,12855299.639919,2812.360455
RWG02,elective,2015/16,4512,16608707.923368,3681.007961
RWG02,elective,2016/17,4514,16262092.940759,3602.590372
RWG02,elective,2017/18,3673,13592183.894859,3700.567354
RWG02,elective,2018/19,4535,17805003.291782,3926.130825
RWG02,elective,2019/20,4261,17380646.339610,4079.006416
RWG02,elective,2020/21,2416,8223643.646902,3403.826012
RWG02,elective,2021/22,3342,13815305.456683,4133.843643
RWG02,elective,2022/23,3129,14827740.513782,4738.811285
RWG02,elective,2023/24,2150,9798641.580576,4557.507711
RWG02,non_elective,2012/13,5248,870663.345153,165.903838
RWG02,non_elective,2013/14,39597,75234100.519133,1899.994962
RWG02,non_elective,2014/15,42238,79887297.990284,1891.360812
RWG02,non_elective,2015/16,39962,93446297.490993,2338.378897
RWG02,non_elective,2016/17,41168,98147831.394600,2384.080630
RWG02,non_elective,2017/18,41458,104132123.468876,2511.749806
RWG02,non_elective,2018/19,42716,110131929.152808,2578.236004
RWG02,non_elective,2019/20,48102,108261255.092458,2250.660161
RWG02,non_elective,2020/21,37581,95324839.535592,2536.516844
RWG02,non_elective,2021/22,48514,119214286.720396,2457.317201
RWG02,non_elective,2022/23,45455,123678763.106412,2720.905579
RWG02,non_elective,2023/24,31841,81363806.243523,2555.315669
RWG03,elective,2012/13,251,49112.253189,195.666347
RWG03,elective,2013/14,3081,12244020.611349,3974.041094
RWG03,elective,2014/15,2921,12150737.315844,4159.786825
RWG03,elective,2015/16,2751,12592938.667960,4577.585848
RWG03,elective,2016/17,2981,13919661.908180,4669.460552
RWG03,elective,2017/18,2605,12592556.998140,4833.995008
RWG03,elective,2018/19,2487,11949804.724882,4804.907408
RWG03,elective,2019/20,2086,10080342.705446,4832.379053
RWG03,elective,2020/21,1632,7453024.606475,4566.804293
RWG03,elective,2021/22,1869,9041012.500000,4837.352862
RWG03,elective,2022/23,2053,10324082.749727,5028.778738
RWG03,elective,2023/24,1301,6901109.583466,5304.465475
RWG03,non_elective,2013/14,5,25147.946280,5029.589256
RWG03,non_elective,2014/15,5,22521.929357,4504.385871
RWG03,non_elective,2016/17,3,15725.241680,5241.747226
RWG03,non_elective,2017/18,7,27575.922680,3939.417525
RWG03,non_elective,2018/19,4,23386.456580,5846.614145
RWG03,non_elective,2019/20,3,21307.858260,7102.619420
RWG03,non_elective,2021/22,1,8238.726960,8238.726960
RWG08,elective,2013/14,14,13046.960584,931.925756
RWG08,elective,2014/15,20,23275.899441,1163.794972
RWG08,elective,2015/16,29,81741.880400,2818.685531
RWG08,elective,2016/17,46,72144.497900,1568.358650
RWG08,elective,2017/18,31,59412.526820,1916.533123
RWG08,elective,2018/19,14,45703.570020,3264.540715
RWG08,elective,2019/20,11,54953.777640,4995.797967
RWG08,elective,2020/21,12,12180.052040,1015.004336
RWG08,elective,2021/22,29,44101.224420,1520.731876
RWG08,elective,2022/23,13,10138.174140,779.859549
RWG08,elective,2023/24,2,5462.440660,2731.220330
RWG08,non_elective,2013/14,1,1750.287695,1750.287695
RWG08,non_elective,2014/15,7,933.096517,133.299502
RWG08,non_elective,2015/16,20,24946.518060,1247.325903
RWG08,non_elective,2020/21,1,121066.112000,121066.112000
RWG08,non_elective,2021/22,120,108134.960460,901.124670
RWG08,non_elective,2022/23,44,40142.095500,912.320352
RWH00,elective,2014/15,1,2095.026857,2095.026857
RWH00,elective,2019/20,2,2858.594449,1429.297224
RWH00,elective,2020/21,11,49889.447296,4535.404299
RWH00,elective,2021/22,6,19827.885480,3304.647580
RWH00,elective,2022/23,13,29411.088304,2262.391408
RWH00,elective,2023/24,8,17561.684192,2195.210524
RWH00,non_elective,2016/17,1,670.284888,670.284888
RWH01,elective,2012/13,460,96366.673578,209.492768
RWH01,elective,2013/14,6153,13096268.255135,2128.436251
RWH01,elective,2014/15,7947,18528411.123136,2331.497561
RWH01,elective,2015/16,8971,26686371.396206,2974.737643
RWH01,elective,2016/17,7874,27456444.688265,3486.975449
RWH01,elective,2017/18,7003,25480828.562778,3638.558983
RWH01,elective,2018/19,6450,25063021.897699,3885.739829
RWH01,elective,2019/20,5611,23594168.135037,4204.984518
RWH01,elective,2020/21,3497,14859966.783876,4249.347092
RWH01,elective,2021/22,4926,22021667.097502,4470.496771
RWH01,elective,2022/23,4799,23054179.717296,4803.954931
RWH01,elective,2023/24,3576,17408022.669167,4868.015287
RWH01,non_elective,2012/13,7213,645193.001530,89.448634
RWH01,non_elective,2013/14,37398,59253050.142640,1584.390880
RWH01,non_elective,2014/15,44830,71627399.360524,1597.755952
RWH01,non_elective,2015/16,44622,90921947.436250,2037.603590
RWH01,non_elective,2016/17,44766,100019870.517089,2234.282055
RWH01,non_elective,2017/18,44127,100167301.659330,2269.977602
RWH01,non_elective,2018/19,46594,110031418.898756,2361.493301
RWH01,non_elective,2019/20,48174,114455660.651140,2375.880363
RWH01,non_elective,2020/21,34248,93316834.628706,2724.738222
RWH01,non_elective,2021/22,35231,101215154.392665,2872.900411
RWH01,non_elective,2022/23,35745,104913426.542017,2935.051798
RWH01,non_elective,2023/24,24095,71562111.591643,2969.998405
RWH04,elective,2012/13,32,23581.312097,736.916003
RWH04,elective,2013/14,1334,2006850.974324,1504.386037
RWH04,elective,2014/15,1349,1959607.451479,1452.637102
RWH04,elective,2015/16,1474,1392169.286244,944.483911
RWH04,elective,2016/17,1312,1376877.072216,1049.448987
RWH04,elective,2017/18,1069,1535140.271412,1436.052639
RWH04,elective,2018/19,916,1397450.030526,1525.600470
RWH04,elective,2019/20,755,1142720.255734,1513.536762
RWH04,elective,2020/21,365,526900.494453,1443.562998
RWH04,elective,2021/22,569,959079.311244,1685.552392
RWH04,elective,2022/23,576,965601.458367,1676.391420
RWH04,elective,2023/24,385,639149.164386,1660.127699
RWH04,non_elective,2012/13,92,68060.431558,739.787299
RWH04,non_elective,2013/14,1052,3055223.762997,2904.205097
RWH04,non_elective,2014/15,881,1670374.502987,1895.998300
RWH04,non_elective,2015/16,798,1859762.698650,2330.529697
RWH04,non_elective,2016/17,773,1848316.962332,2391.095682
RWH04,non_elective,2017/18,924,3146959.604119,3405.800437
RWH04,non_elective,2018/19,1156,2794184.485163,2417.114606
RWH04,non_elective,2019/20,1209,2503499.363250,2070.719076
RWH04,non_elective,2020/21,1745,2542930.891443,1457.266986
RWH04,non_elective,2021/22,1731,2460211.220524,1421.265869
RWH04,non_elective,2022/23,285,965930.723436,3389.230608
RWH04,non_elective,2023/24,94,399707.047000,4252.202627
RWH11,elective,2014/15,18,24792.481679,1377.360093
RWH11,elective,2015/16,23,69438.872880,3019.081429
RWH11,non_elective,2014/15,1,1733.500720,1733.500720
RWH20,elective,2012/13,107,105323.854272,984.335086
RWH20,elective,2013/14,1136,3926497.738744,3456.424065
RWH20,elective,2014/15,535,1716567.155072,3208.536738
RWH20,elective,2015/16,23,26886.810825,1168.991775
RWH20,elective,2016/17,23,38727.938184,1683.823399
RWH20,elective,2017/18,35,34720.537072,992.015344
RWH20,elective,2018/19,18,22187.640488,1232.646693
RWH20,elective,2019/20,13,21731.978840,1671.690680
RWH20,elective,2020/21,20,9845.153240,492.257662
RWH20,elective,2021/22,31,16183.692928,522.054610
RWH20,elective,2022/23,10,5300.643712,530.064371
RWH20,elective,2023/24,5,2703.152192,540.630438
RWH20,non_elective,2012/13,1045,460692.642333,440.854203
RWH20,non_elective,2013/14,4397,10924699.449356,2484.580270
RWH20,non_elective,2014/15,1709,4318021.421427,2526.636291
RWH20,non_elective,2015/16,18,37646.016928,2091.445384
RWH20,non_elective,2016/17,29,92570.855624,3192.098469
RWH20,non_elective,2017/18,9,29931.687240,3325.743026
RWH20,non_elective,2018/19,1,662.580464,662.580464
RWH20,non_elective,2019/20,3,3028.939264,1009.646421
RWH20,non_elective,2020/21,136,124017.012496,911.889797
RWH20,non_elective,2021/22,19,15955.862104,839.782216
RWH20,non_elective,2022/23,3,2611.799736,870.599912
RWH20,non_elective,2023/24,3,3001.423464,1000.474488
RWH23,elective,2023/24,2,1294.343232,647.171616
RWHTC,elective,2013/14,504,2066568.933667,4100.335185
RWHTC,elective,2014/15,355,1339990.992913,3774.622515
RWJ01,elective,2012/13,647,101125.649790,156.299304
RWJ01,elective,2013/14,7441,20760042.385028,2789.953283
RWJ01,elective,2014/15,3700,10599721.443045,2864.789579
RWJ01,non_elective,2012/13,8274,924089.349114,111.685925
RWJ01,non_elective,2013/14,37604,60260009.328943,1602.489344
RWJ01,non_elective,2014/15,20269,32218598.189430,1589.550455
RWJ09,elective,2013/14,129,344048.185404,2667.040196
RWJ09,elective,2014/15,3668,9613525.890249,2620.917636
RWJ09,elective,2015/16,6940,23396561.437303,3371.262454
RWJ09,elective,2016/17,6945,24511841.960340,3529.422888
RWJ09,elective,2017/18,6131,21928003.336111,3576.578590
RWJ09,elective,2018/19,6003,23520729.066132,3918.162429
RWJ09,elective,2019/20,5492,21145333.105262,3850.206319
RWJ09,elective,2020/21,2703,9207403.976042,3406.364771
RWJ09,elective,2021/22,4032,14334239.778734,3555.118992
RWJ09,elective,2022/23,4346,16696710.861003,3841.857078
RWJ09,elective,2023/24,3109,11583592.092724,3725.825697
RWJ09,non_elective,2012/13,1,1023131.729620,1023131.729620
RWJ09,non_elective,2013/14,868,1284432.672942,1479.761143
RWJ09,non_elective,2014/15,19467,33113749.461219,1701.019646
RWJ09,non_elective,2015/16,40701,80938575.840047,1988.613936
RWJ09,non_elective,2016/17,39841,82174673.193250,2062.565527
RWJ09,non_elective,2017/18,41714,83893802.489900,2011.166574
RWJ09,non_elective,2018/19,41333,81947953.280373,1982.627761
RWJ09,non_elective,2019/20,39518,82505371.973571,2087.792195
RWJ09,non_elective,2020/21,32177,70913850.865471,2203.867696
RWJ09,non_elective,2021/22,39842,88347000.593771,2217.433878
RWJ09,non_elective,2022/23,38444,95398245.406968,2481.485938
RWJ09,non_elective,2023/24,26865,71470566.305510,2660.359810
RWK00,non_elective,2017/18,44,380952.574316,8658.013052
RWN91,non_elective,2012/13,4,6156.615300,1539.153825
RWN91,non_elective,2013/14,88,330492.703200,3755.598900
RWN91,non_elective,2014/15,90,238198.968700,2646.655207
RWP00,elective,2013/14,44,147576.015243,3354.000346
RWP00,elective,2014/15,298,1289119.322117,4325.903765
RWP00,elective,2015/16,178,834882.453454,4690.350862
RWP00,elective,2016/17,26,133845.598803,5147.907646
RWP00,elective,2017/18,82,535100.562843,6525.616620
RWP00,elective,2019/20,7,27143.657429,3877.665347
RWP00,elective,2020/21,809,3483607.816819,4306.066522
RWP00,elective,2021/22,26,51138.638208,1966.870700
RWP00,elective,2022/23,1,3221.973713,3221.973713
RWP00,elective,2023/24,9,18731.012832,2081.223648
RWP00,non_elective,2014/15,2,5761.842777,2880.921388
RWP00,non_elective,2015/16,42,146788.208364,3494.957342
RWP00,non_elective,2016/17,188,132200.028121,703.191638
RWP00,non_elective,2017/18,3,2614.950149,871.650049
RWP00,non_elective,2019/20,1,2980.403111,2980.403111
RWP00,non_elective,2020/21,39,122058.192249,3129.697237
RWP00,non_elective,2021/22,11,33046.651883,3004.241080
RWP00,non_elective,2022/23,1,605.991211,605.991211
RWP01,elective,2012/13,350,90055.122719,257.300350
RWP01,elective,2013/14,4697,11820895.578178,2516.690563
RWP01,elective,2014/15,4356,11529630.226491,2646.838894
RWP01,elective,2015/16,4462,15971065.194150,3579.351231
RWP01,elective,2016/17,4187,16263260.807770,3884.227563
RWP01,elective,2017/18,4162,16173367.988942,3885.960593
RWP01,elective,2018/19,4133,16800876.905167,4065.056110
RWP01,elective,2019/20,3955,16654621.628393,4211.029488
RWP01,elective,2020/21,669,2337184.218467,3493.548906
RWP01,elective,2021/22,3245,14174185.041553,4368.007716
RWP01,elective,2022/23,3466,16346495.971769,4716.242346
RWP01,elective,2023/24,2379,12806628.209660,5383.198070
RWP01,non_elective,2012/13,2951,586345.582637,198.693860
RWP01,non_elective,2013/14,18893,31672585.735935,1676.419083
RWP01,non_elective,2014/15,19126,31883351.285961,1667.016170
RWP01,non_elective,2015/16,19995,40907251.318918,2045.874034
RWP01,non_elective,2016/17,17850,38350461.491258,2148.485237
RWP01,non_elective,2017/18,18478,40117815.326025,2171.112421
RWP01,non_elective,2018/19,18980,41666966.849672,2195.309106
RWP01,non_elective,2019/20,20464,48874730.168014,2388.327314
RWP01,non_elective,2020/21,14780,39518769.300796,2673.800358
RWP01,non_elective,2021/22,16798,42028300.465108,2501.982406
RWP01,non_elective,2022/23,15504,40668963.465245,2623.127158
RWP01,non_elective,2023/24,10068,25455970.791416,2528.403932
RWP03,elective,2013/14,9,9590.619987,1065.624443
RWP03,elective,2015/16,9,17680.077478,1964.453053
RWP03,elective,2016/17,6,16444.350937,2740.725156
RWP03,elective,2017/18,5,8308.376944,1661.675388
RWP03,elective,2018/19,1,1273.923602,1273.923602
RWP03,elective,2019/20,2,2331.053074,1165.526537
RWP03,elective,2020/21,2,1154.170654,577.085327
RWP03,elective,2021/22,3,9342.794650,3114.264883
RWP03,elective,2022/23,4,4808.700274,1202.175068
RWP03,elective,2023/24,5,2647.985445,529.597089
RWP05,elective,2018/19,1,375.776492,375.776492
RWP05,elective,2019/20,1,3007.244289,3007.244289
RWP05,elective,2020/21,1,3007.244289,3007.244289
RWP05,elective,2021/22,4,8233.015175,2058.253793
RWP05,elective,2022/23,3,3874.420809,1291.473603
RWP05,elective,2023/24,2,3490.385493,1745.192746
RWP05,non_elective,2020/21,1,6242.638591,6242.638591
RWP31,elective,2013/14,30,80897.185685,2696.572856
RWP31,elective,2014/15,20,32373.713359,1618.685667
RWP31,elective,2015/16,9,21502.880637,2389.208959
RWP31,elective,2016/17,3,3550.261967,1183.420655
RWP31,elective,2017/18,7,7467.907396,1066.843913
RWP31,elective,2018/19,2,803.170634,401.585317
RWP31,elective,2019/20,4,1815.908927,453.977231
RWP31,elective,2020/21,6,3260.170774,543.361795
RWP31,elective,2021/22,11,12429.530120,1129.957283
RWP31,elective,2022/23,41,26431.282241,644.665420
RWP31,elective,2023/24,11,7650.272554,695.479323
RWP31,non_elective,2012/13,39,29508.562351,756.629803
RWP31,non_elective,2013/14,415,552480.100095,1331.277349
RWP31,non_elective,2014/15,373,535969.044129,1436.914327
RWP31,non_elective,2015/16,207,393711.560669,1901.988215
RWP31,non_elective,2016/17,58,57168.126875,985.657359
RWP31,non_elective,2017/18,1,2314.535426,2314.535426
RWP31,non_elective,2018/19,2,4629.070852,2314.535426
RWP31,non_elective,2019/20,1,2820.388396,2820.388396
RWP50,elective,2012/13,305,133301.628230,437.054518
RWP50,elective,2013/14,4448,12870537.107184,2893.556004
RWP50,elective,2014/15,4437,12919928.316347,2911.861238
RWP50,elective,2015/16,3750,14455709.707431,3854.855921
RWP50,elective,2016/17,3444,13253024.233287,3848.148732
RWP50,elective,2017/18,3209,13284005.559751,4139.609086
RWP50,elective,2018/19,3221,13067636.686936,4057.012321
RWP50,elective,2019/20,3072,12653762.363709,4119.063269
RWP50,elective,2020/21,1267,5790014.309481,4569.861333
RWP50,elective,2021/22,1816,8083087.054671,4451.039127
RWP50,elective,2022/23,1796,8142168.162636,4533.501204
RWP50,elective,2023/24,1136,4360533.114623,3838.497460
RWP50,non_elective,2012/13,6088,738770.344737,121.348611
RWP50,non_elective,2013/14,29800,52029362.455635,1745.951760
RWP50,non_elective,2014/15,28801,54183358.462395,1881.301290
RWP50,non_elective,2015/16,30495,70273387.667057,2304.423271
RWP50,non_elective,2016/17,31823,72976470.245908,2293.198951
RWP50,non_elective,2017/18,32689,77713490.359148,2377.359061
RWP50,non_elective,2018/19,35367,80730645.319538,2282.654602
RWP50,non_elective,2019/20,37080,86523681.450124,2333.432617
RWP50,non_elective,2020/21,34001,84803401.157159,2494.144323
RWP50,non_elective,2021/22,41417,98773817.824006,2384.861719
RWP50,non_elective,2022/23,41643,105327366.172813,2529.293426
RWP50,non_elective,2023/24,27868,71016277.165338,2548.309070
RWPTC,elective,2012/13,49,14202.791992,289.852897
RWPTC,elective,2013/14,885,2640493.894283,2983.608920
RWPTC,elective,2014/15,835,2510854.352701,3007.011200
RWPTC,elective,2015/16,769,2767614.660000,3598.978751
RWPTC,elective,2016/17,785,2641323.000000,3364.742675
RWPTC,elective,2017/18,678,2080470.000000,3068.539823
RWPTC,elective,2018/19,705,2043765.000000,2898.957446
RWPTC,elective,2019/20,605,1747009.000000,2887.618181
RWPTC,elective,2020/21,603,2042643.000000,3387.467661
RWPTC,elective,2021/22,639,1835352.000000,2872.225352
RWPTC,elective,2022/23,541,1565275.000000,2893.299445
RWPTC,elective,2023/24,285,862513.000000,3026.361403
RWPTC,non_elective,2013/14,7,12369.336889,1767.048127
RWPTC,non_elective,2014/15,1,2282.739800,2282.739800
RWPTC,non_elective,2015/16,5,5922.000000,1184.400000
RWPTC,non_elective,2016/17,4,7856.000000,1964.000000
RWPTC,non_elective,2017/18,9,11122.000000,1235.777777
RWPTC,non_elective,2018/19,8,17389.000000,2173.625000
RWPTC,non_elective,2019/20,5,3173.000000,634.600000
RWPTC,non_elective,2020/21,2,2424.000000,1212.000000
RWPTC,non_elective,2021/22,1,3800.000000,3800.000000
RWPTC,non_elective,2022/23,2,1808.000000,904.000000
RWPTC,non_elective,2023/24,2,3779.000000,1889.500000
RWW00,elective,2016/17,55,343337.928745,6242.507795
RWW00,elective,2019/20,1,890.224700,890.224700
RWW00,elective,2020/21,170,603546.467975,3550.273341
RWW00,non_elective,2013/14,1,535.517340,535.517340
RWW00,non_elective,2014/15,1,3324.407644,3324.407644
RWW00,non_elective,2015/16,4,12594.609215,3148.652303
RWW00,non_elective,2020/21,3,8634.144445,2878.048148
RWWHG,elective,2012/13,254,49459.751502,194.723431
RWWHG,elective,2013/14,3050,10185343.450442,3339.456868
RWWHG,elective,2014/15,2704,9495300.729971,3511.575713
RWWHG,elective,2015/16,2649,11450305.255642,4322.501040
RWWHG,elective,2016/17,2575,11207848.801020,4352.562641
RWWHG,elective,2017/18,2489,10599600.166179,4258.577808
RWWHG,elective,2018/19,2146,8855546.692111,4126.536203
RWWHG,elective,2019/20,1725,8061476.383430,4673.319642
RWWHG,elective,2020/21,609,2841363.889663,4665.622150
RWWHG,elective,2021/22,2757,8721728.363642,3163.485079
RWWHG,elective,2022/23,1249,6782604.008831,5430.427549
RWWHG,elective,2023/24,793,4931780.783227,6219.143484
RWWHG,non_elective,2013/14,24,41079.430148,1711.642922
RWWHG,non_elective,2014/15,10,35680.155320,3568.015532
RWWHG,non_elective,2015/16,10,26034.931895,2603.493189
RWWHG,non_elective,2016/17,10,45233.766210,4523.376621
RWWHG,non_elective,2017/18,11,13348.194775,1213.472252
RWWHG,non_elective,2018/19,20,43435.294936,2171.764746
RWWHG,non_elective,2019/20,13,20555.909410,1581.223800
RWWHG,non_elective,2020/21,146,108319.643090,741.915363
RWWHG,non_elective,2021/22,81,135597.784130,1674.046717
RWWHG,non_elective,2022/23,179,96778.811485,540.663751
RWWHG,non_elective,2023/24,170,35737.345980,210.219682
RWWWH,elective,2012/13,178,22210.319168,124.777073
RWWWH,elective,2013/14,2944,7563599.448623,2569.157421
RWWWH,elective,2014/15,2587,6245796.384685,2414.300883
RWWWH,elective,2015/16,2571,9020520.493894,3508.564952
RWWWH,elective,2016/17,2550,8390021.168846,3290.204379
RWWWH,elective,2017/18,2253,7539214.997474,3346.300487
RWWWH,elective,2018/19,2336,7355195.355807,3148.628148
RWWWH,elective,2019/20,2176,7585320.852643,3485.901127
RWWWH,elective,2020/21,1136,3981073.171612,3504.465820
RWWWH,elective,2021/22,1692,6452142.880180,3813.323215
RWWWH,elective,2022/23,1563,5444452.855041,3483.335159
RWWWH,elective,2023/24,1045,3702034.972181,3542.617198
RWWWH,non_elective,2012/13,4042,904100.274680,223.676465
RWWWH,non_elective,2013/14,34407,53274462.021960,1548.361148
RWWWH,non_elective,2014/15,34808,53677146.082705,1542.092222
RWWWH,non_elective,2015/16,33641,67532361.543307,2007.442155
RWWWH,non_elective,2016/17,39289,73615000.399638,1873.679666
RWWWH,non_elective,2017/18,37625,74086320.115985,1969.071630
RWWWH,non_elective,2018/19,36421,73106739.536141,2007.268870
RWWWH,non_elective,2019/20,42467,79257459.206255,1866.330543
RWWWH,non_elective,2020/21,28016,67596544.187379,2412.783558
RWWWH,non_elective,2021/22,27682,76476809.935055,2762.690915
RWWWH,non_elective,2022/23,29586,74056567.688556,2503.094966
RWWWH,non_elective,2023/24,20385,51332680.754672,2518.159467
RWX51,elective,2017/18,2,7237.490352,3618.745176
RWX51,elective,2019/20,1,4373.420784,4373.420784
RWX51,elective,2020/21,61,302817.089360,4964.214579
RWX51,elective,2021/22,1,6394.853296,6394.853296
RWX51,non_elective,2020/21,3,9141.267424,3047.089141
RWX51,non_elective,2021/22,1,5966.811600,5966.811600
RWX70,elective,2013/14,2,2613.715616,1306.857808
RWX70,elective,2014/15,21,219699.683904,10461.889709
RWX70,elective,2015/16,122,788657.860656,6464.408693
RWX70,elective,2016/17,65,487366.930432,7497.952775
RWX70,elective,2017/18,90,643781.433952,7153.127043
RWX70,elective,2018/19,70,377753.519888,5396.478855
RWX70,elective,2019/20,1,7760.776928,7760.776928
RWX70,elective,2021/22,1,16550.198560,16550.198560
RWX70,elective,2022/23,11,41348.603728,3758.963975
RWX70,elective,2023/24,134,763070.603776,5694.556744
RWX70,non_elective,2014/15,3,35154.324944,11718.108314
RWX70,non_elective,2015/16,18,168713.418848,9372.967713
RWX70,non_elective,2016/17,6,58396.316720,9732.719453
RWX70,non_elective,2017/18,14,108822.317776,7773.022698
RWX70,non_elective,2018/19,14,73197.371072,5228.383648
RWX70,non_elective,2023/24,4,28904.019760,7226.004940
RWX84,elective,2015/16,6,19227.139952,3204.523325
RWX84,elective,2016/17,31,221526.144544,7146.004662
RWX84,elective,2017/18,71,373129.100832,5255.339448
RWX84,elective,2018/19,54,245227.552800,4541.250977
RWX84,elective,2019/20,62,255930.836256,4127.916713
RWX84,elective,2020/21,68,226240.205840,3327.061850
RWX84,elective,2021/22,20,102565.289424,5128.264471
RWX84,elective,2022/23,112,573999.432224,5124.994930
RWX84,elective,2023/24,46,309312.790176,6724.191090
RWX84,non_elective,2014/15,2,6906.934592,3453.467296
RWX84,non_elective,2015/16,21,105703.888352,5033.518492
RWX84,non_elective,2016/17,16,120894.886448,7555.930403
RWX84,non_elective,2017/18,18,95321.075904,5295.615328
RWX84,non_elective,2018/19,12,50876.453312,4239.704442
RWX84,non_elective,2019/20,15,57187.267008,3812.484467
RWX84,non_elective,2020/21,17,50259.042384,2956.414257
RWX84,non_elective,2021/22,3,10986.777040,3662.259013
RWX84,non_elective,2022/23,15,88224.772080,5881.651472
RWX84,non_elective,2023/24,1,8024.101008,8024.101008
RWX85,elective,2017/18,4,26741.400720,6685.350180
RWX85,elective,2018/19,26,111444.353296,4286.321280
RWX85,elective,2019/20,61,267056.558768,4377.976373
RWX85,elective,2020/21,46,147509.667504,3206.731902
RWX85,elective,2021/22,30,118415.157984,3947.171932
RWX85,elective,2022/23,80,328833.508464,4110.418855
RWX85,elective,2023/24,89,462946.143200,5201.642058
RWX85,non_elective,2017/18,2,8666.163552,4333.081776
RWX85,non_elective,2018/19,6,23829.148448,3971.524741
RWX85,non_elective,2019/20,3,14987.062000,4995.687333
RWX85,non_elective,2020/21,3,15066.619488,5022.206496
RWX85,non_elective,2021/22,1,2557.044896,2557.044896
RWX85,non_elective,2022/23,3,9184.968016,3061.656005
RWX86,elective,2015/16,1,1230.339744,1230.339744
RWX86,elective,2016/17,10,99134.232688,9913.423268
RWX86,elective,2017/18,3,11759.941360,3919.980453
RWX86,elective,2019/20,9,50345.323040,5593.924782
RWX86,elective,2020/21,71,357595.221168,5036.552410
RWX86,elective,2021/22,2,7931.097184,3965.548592
RWX86,non_elective,2018/19,1,8783.818992,8783.818992
RWX86,non_elective,2020/21,13,86101.371520,6623.182424
RWX86,non_elective,2021/22,2,3230.482224,1615.241112
RWY00,elective,2018/19,1,649.803638,649.803638
RWY00,elective,2020/21,2,9954.828774,4977.414387
RWY00,elective,2021/22,1,6827.012203,6827.012203
RWY00,non_elective,2016/17,1,1308.773785,1308.773785
RWY00,non_elective,2017/18,131,249173.214147,1902.085604
RWY00,non_elective,2018/19,194,275857.940347,1421.948146
RWY00,non_elective,2019/20,11,8010.510365,728.228215
RWY00,non_elective,2021/22,2,856.559341,428.279670
RWY00,non_elective,2022/23,3,6016.285407,2005.428469
RWY00,non_elective,2023/24,13,40075.977348,3082.767488
RWY01,elective,2012/13,275,113002.105275,410.916746
RWY01,elective,2013/14,3651,8241704.012844,2257.382638
RWY01,elective,2014/15,3347,7207486.676154,2153.416993
RWY01,elective,2015/16,3170,9128023.238815,2879.502598
RWY01,elective,2016/17,3189,9355697.658858,2933.740250
RWY01,elective,2017/18,2352,7498726.109502,3188.233890
RWY01,elective,2018/19,2323,7446909.667429,3205.729516
RWY01,elective,2019/20,2289,7001135.358027,3058.599981
RWY01,elective,2020/21,1312,4456957.626043,3397.071361
RWY01,elective,2021/22,2386,8342180.000924,3496.303437
RWY01,elective,2022/23,1810,6257408.521644,3457.131779
RWY01,elective,2023/24,1077,3877332.679093,3600.123193
RWY01,non_elective,2012/13,3564,790435.052487,221.783123
RWY01,non_elective,2013/14,22594,39791150.931513,1761.137953
RWY01,non_elective,2014/15,22051,39653066.415280,1798.243454
RWY01,non_elective,2015/16,22681,50515426.782679,2227.213384
RWY01,non_elective,2016/17,22795,54139505.175237,2375.060547
RWY01,non_elective,2017/18,24710,59220390.372321,2396.616364
RWY01,non_elective,2018/19,25684,61857504.976134,2408.406205
RWY01,non_elective,2019/20,26252,61611609.461166,2346.930118
RWY01,non_elective,2020/21,22268,56884692.604421,2554.548796
RWY01,non_elective,2021/22,24336,60848397.203456,2500.345052
RWY01,non_elective,2022/23,25095,64321785.928660,2563.131537
RWY01,non_elective,2023/24,17439,43689398.329424,2505.269701
RWY02,elective,2012/13,817,124058.702898,151.846637
RWY02,elective,2013/14,5788,15048395.043975,2599.930035
RWY02,elective,2014/15,5398,14411650.571158,2669.812999
RWY02,elective,2015/16,5091,17507011.611258,3438.815873
RWY02,elective,2016/17,4937,17648811.638924,3574.804869
RWY02,elective,2017/18,3343,13082451.442780,3913.386611
RWY02,elective,2018/19,3274,13219982.382763,4037.868779
RWY02,elective,2019/20,3089,12514199.139110,4051.213706
RWY02,elective,2020/21,418,1148416.597821,2747.408128
RWY02,elective,2021/22,1576,7411310.826967,4702.608392
RWY02,elective,2022/23,1984,9831217.330711,4955.250670
RWY02,elective,2023/24,1478,7165801.578501,4848.309593
RWY02,non_elective,2012/13,3416,297093.468780,86.971155
RWY02,non_elective,2013/14,21809,29726400.820176,1363.033647
RWY02,non_elective,2014/15,21006,29667490.463466,1412.334117
RWY02,non_elective,2015/16,22771,37805419.217087,1660.244135
RWY02,non_elective,2016/17,22927,39954662.746684,1742.690397
RWY02,non_elective,2017/18,25474,43015277.552281,1688.595334
RWY02,non_elective,2018/19,27200,42837070.371202,1574.892293
RWY02,non_elective,2019/20,25892,44307454.975521,1711.241116
RWY02,non_elective,2020/21,17613,32687707.030291,1855.885256
RWY02,non_elective,2021/22,21684,40100066.679029,1849.292873
RWY02,non_elective,2022/23,21707,45420046.421953,2092.414724
RWY02,non_elective,2023/24,12880,29968284.865339,2326.730191
RWYA4,elective,2020/21,2,9494.466322,4747.233161
RWYA4,elective,2021/22,138,720446.867360,5220.629473
RWYA4,elective,2022/23,65,263312.045029,4050.954538
RWYA4,elective,2023/24,1,7164.136034,7164.136034
RX100,elective,2018/19,17,112886.121506,6640.360088
RX100,elective,2019/20,51,331468.495905,6499.382272
RX100,elective,2020/21,15,100240.140780,6682.676052
RX100,elective,2021/22,21,128183.203470,6103.962070
RX100,non_elective,2017/18,2,22662.756000,11331.378000
RX100,non_elective,2018/19,55,505968.634789,9199.429723
RX100,non_elective,2019/20,105,605854.195803,5770.039960
RX100,non_elective,2020/21,108,716544.718500,6634.673319
RX100,non_elective,2021/22,82,514803.078908,6278.086328
RX1BC,elective,2013/14,3,1712.857525,570.952508
RX1BC,elective,2014/15,4,2378.680250,594.670062
RX1BC,elective,2015/16,10,10676.792993,1067.679299
RX1BC,elective,2016/17,13,7395.961144,568.920088
RX1BC,elective,2017/18,3,1567.960875,522.653625
RX1BC,elective,2018/19,3,3313.232250,1104.410750
RX1BC,elective,2019/20,8,4305.964875,538.245609
RX1BC,non_elective,2013/14,1,693.868300,693.868300
RX1BC,non_elective,2014/15,4,2653.942375,663.485593
RX1BC,non_elective,2015/16,7,5591.466000,798.780857
RX1BC,non_elective,2017/18,1,476.264250,476.264250
RX1BC,non_elective,2019/20,1,791.712000,791.712000
RX1CC,elective,2012/13,2131,519568.375295,243.814347
RX1CC,elective,2013/14,13827,44636469.543782,3228.210714
RX1CC,elective,2014/15,13702,44933800.945145,3279.360746
RX1CC,elective,2015/16,13480,58105529.176294,4310.499197
RX1CC,elective,2016/17,13520,57733855.751304,4270.255602
RX1CC,elective,2017/18,12037,53634573.056481,4455.809010
RX1CC,elective,2018/19,11565,55071199.538998,4761.884957
RX1CC,elective,2019/20,10492,50339542.213853,4797.897656
RX1CC,elective,2020/21,5038,24141909.880311,4791.963056
RX1CC,elective,2021/22,7179,34755790.169460,4841.313577
RX1CC,elective,2022/23,8555,43863801.174422,5127.270739
RX1CC,elective,2023/24,5588,31280131.419474,5597.732895
RX1CC,non_elective,2012/13,2365,253969.301225,107.386596
RX1CC,non_elective,2013/14,15609,32111141.450727,2057.219645
RX1CC,non_elective,2014/15,18214,31075131.438388,1706.112410
RX1CC,non_elective,2015/16,19513,40505049.896547,2075.798180
RX1CC,non_elective,2016/17,20405,42530830.502968,2084.333766
RX1CC,non_elective,2017/18,21151,43636270.640089,2063.083099
RX1CC,non_elective,2018/19,22625,47212033.774901,2086.719724
RX1CC,non_elective,2019/20,22811,49779267.805704,2182.248380
RX1CC,non_elective,2020/21,19252,42316185.380423,2198.015031
RX1CC,non_elective,2021/22,21661,51511426.100193,2378.072392
RX1CC,non_elective,2022/23,20310,53188837.056315,2618.849682
RX1CC,non_elective,2023/24,13632,36107804.328775,2648.753251
RX1PH,elective,2021/22,1,556.672500,556.672500
RX1PH,elective,2022/23,98,486041.326218,4959.605369
RX1PH,elective,2023/24,59,370044.879589,6271.947111
RX1RA,elective,2012/13,1594,531719.421894,333.575546
RX1RA,elective,2013/14,8705,31828955.558818,3656.399260
RX1RA,elective,2014/15,8753,33693816.231290,3849.402060
RX1RA,elective,2015/16,9166,45059438.946599,4915.932680
RX1RA,elective,2016/17,8333,41442957.352285,4973.353816
RX1RA,elective,2017/18,8452,42799658.343583,5063.849780
RX1RA,elective,2018/19,8205,42221231.102877,5145.792943
RX1RA,elective,2019/20,7706,42909511.342179,5568.324856
RX1RA,elective,2020/21,6687,34955743.364779,5227.417880
RX1RA,elective,2021/22,8055,41070408.879399,5098.747222
RX1RA,elective,2022/23,8027,41744039.653050,5200.453426
RX1RA,elective,2023/24,5610,27944763.634034,4981.241289
RX1RA,non_elective,2012/13,7101,1362243.670913,191.838286
RX1RA,non_elective,2013/14,60778,106326124.715789,1749.417959
RX1RA,non_elective,2014/15,58043,103299972.600964,1779.714566
RX1RA,non_elective,2015/16,55952,121592096.477752,2173.150137
RX1RA,non_elective,2016/17,56292,124224390.606999,2206.785877
RX1RA,non_elective,2017/18,58850,129117352.634009,2194.007691
RX1RA,non_elective,2018/19,63447,136561199.313197,2152.366531
RX1RA,non_elective,2019/20,64973,145580327.234591,2240.628064
RX1RA,non_elective,2020/21,62370,140694567.250878,2255.805150
RX1RA,non_elective,2021/22,67636,151291417.299355,2236.847496
RX1RA,non_elective,2022/23,62778,146640608.428466,2335.859830
RX1RA,non_elective,2023/24,42878,98499103.714193,2297.194452
RX1SP,elective,2021/22,18,220573.447609,12254.080422
RX1SP,elective,2022/23,1,1952.477250,1952.477250
RX1ZZ,elective,2019/20,225,605648.288831,2691.770172
RX1ZZ,elective,2020/21,399,1036512.845067,2597.776554
RX1ZZ,elective,2021/22,1337,5789305.221046,4330.071219
RX1ZZ,elective,2022/23,1031,2900777.028590,2813.556768
RX1ZZ,elective,2023/24,660,1923475.076644,2914.356176
RX1ZZ,non_elective,2019/20,2,9031.495875,4515.747937
RX1ZZ,non_elective,2020/21,13,21408.181125,1646.783163
RX1ZZ,non_elective,2021/22,12,23646.210750,1970.517562
RX1ZZ,non_elective,2022/23,11,22577.193375,2052.472125
RX1ZZ,non_elective,2023/24,12,32472.562500,2706.046875
RX4E2,non_elective,2020/21,8,2357.279669,294.659958
RX4E3,elective,2013/14,7,35105.321273,5015.045896
RX4E3,elective,2014/15,13,442556.898137,34042.838318
RX4E3,elective,2015/16,37,993909.500631,26862.418935
RX4E3,elective,2016/17,46,825834.329395,17952.920204
RX4E3,elective,2017/18,88,1970812.251343,22395.593765
RX4E3,elective,2018/19,18,276795.829184,15377.546065
RX4W4,elective,2018/19,54,1039997.248054,19259.208297
RX4W4,elective,2019/20,82,1304978.922002,15914.377097
RX4W4,elective,2020/21,88,1936338.192721,22003.843099
RX4W4,elective,2021/22,85,1836103.947188,21601.222908
RX4W4,elective,2022/23,65,1796781.684938,27642.795152
RX4W4,non_elective,2018/19,2,28919.596323,14459.798161
RX4W4,non_elective,2019/20,2,89054.386658,44527.193329
RXC00,elective,2013/14,17,30512.456936,1794.850408
RXC00,elective,2014/15,133,541694.254980,4072.889135
RXC00,elective,2015/16,95,404962.220530,4262.760216
RXC00,elective,2016/17,297,1289084.610296,4340.352223
RXC00,elective,2017/18,58,222565.020986,3837.327948
RXC00,elective,2018/19,19,57994.106646,3052.321402
RXC00,elective,2020/21,496,2579802.987895,5201.215701
RXC00,elective,2021/22,200,1323282.541007,6616.412705
RXC00,elective,2022/23,42,276707.884103,6588.282954
RXC00,elective,2023/24,27,191615.064970,7096.854258
RXC00,non_elective,2014/15,1,4567.889375,4567.889375
RXC00,non_elective,2015/16,1,3797.711141,3797.711141
RXC00,non_elective,2016/17,2,2053.790655,1026.895327
RXC00,non_elective,2020/21,5,14134.609370,2826.921874
RXC00,non_elective,2021/22,3,7204.224062,2401.408020
RXC01,elective,2012/13,14,69842.245477,4988.731819
RXC01,elective,2013/14,3706,11549745.928848,3116.499171
RXC01,elective,2014/15,3881,11095077.411408,2858.819224
RXC01,elective,2015/16,3241,11238405.076465,3467.573303
RXC01,elective,2016/17,3213,10659268.694448,3317.543944
RXC01,elective,2017/18,3041,12172476.354999,4002.787357
RXC01,elective,2018/19,2765,11795855.570459,4266.132213
RXC01,elective,2019/20,2310,11075887.026257,4794.756288
RXC01,elective,2020/21,1369,6674029.614239,4875.112939
RXC01,elective,2021/22,1858,9393469.458156,5055.688621
RXC01,elective,2022/23,1876,9352720.305866,4985.458585
RXC01,elective,2023/24,1460,7296528.455602,4997.622229
RXC01,non_elective,2012/13,198,587128.831904,2965.297130
RXC01,non_elective,2013/14,21846,35234896.541136,1612.876340
RXC01,non_elective,2014/15,23800,39374769.336063,1654.402072
RXC01,non_elective,2015/16,22445,48592028.098894,2164.937763
RXC01,non_elective,2016/17,22292,48610164.583704,2180.610289
RXC01,non_elective,2017/18,25591,60524279.015750,2365.061115
RXC01,non_elective,2018/19,28048,65271928.661581,2327.150907
RXC01,non_elective,2019/20,29842,66513593.047220,2228.858422
RXC01,non_elective,2020/21,25722,57203604.620063,2223.917448
RXC01,non_elective,2021/22,28437,63778637.633342,2242.804713
RXC01,non_elective,2022/23,26063,66665943.330663,2557.876811
RXC01,non_elective,2023/24,18855,46253829.286104,2453.133348
RXC02,elective,2012/13,19,109036.302448,5738.752760
RXC02,elective,2013/14,5549,15728512.646822,2834.476959
RXC02,elective,2014/15,4684,11441751.574352,2442.730908
RXC02,elective,2015/16,3440,9964360.802364,2896.616512
RXC02,elective,2016/17,3466,9126488.470724,2633.147279
RXC02,elective,2017/18,3084,8775683.134678,2845.552248
RXC02,elective,2018/19,2968,9717934.501824,3274.236691
RXC02,elective,2019/20,2794,8574966.904889,3069.064747
RXC02,elective,2020/21,1668,5847242.913632,3505.541315
RXC02,elective,2021/22,2181,7940598.883047,3640.806457
RXC02,elective,2022/23,2055,7564840.464101,3681.187573
RXC02,elective,2023/24,1469,5410898.483642,3683.389029
RXC02,non_elective,2012/13,257,806437.638176,3137.889642
RXC02,non_elective,2013/14,20736,37270965.103235,1797.403795
RXC02,non_elective,2014/15,18285,29874727.264777,1633.837969
RXC02,non_elective,2015/16,18643,38804303.309603,2081.440932
RXC02,non_elective,2016/17,17902,36989499.713604,2066.221635
RXC02,non_elective,2017/18,20547,47079995.216902,2291.331835
RXC02,non_elective,2018/19,23322,50842134.868468,2180.007498
RXC02,non_elective,2019/20,23234,49622306.385067,2135.762519
RXC02,non_elective,2020/21,21096,50040487.811129,2372.036775
RXC02,non_elective,2021/22,25215,57286971.997670,2271.940194
RXC02,non_elective,2022/23,21664,54693711.142444,2524.635854
RXC02,non_elective,2023/24,15730,37531113.124170,2385.957604
RXC03,elective,2013/14,6,6246.784487,1041.130747
RXC03,elective,2014/15,3,9784.158019,3261.386006
RXC03,elective,2015/16,9,13858.711678,1539.856853
RXC03,elective,2016/17,4,3707.117869,926.779467
RXC03,elective,2017/18,13,14422.860690,1109.450822
RXC03,elective,2018/19,3,2908.249925,969.416641
RXC03,elective,2019/20,6,5719.729764,953.288294
RXC03,elective,2020/21,7,6997.300793,999.614399
RXC03,elective,2021/22,3,2821.774529,940.591509
RXC03,elective,2022/23,4,9699.656918,2424.914229
RXC03,elective,2023/24,1,885.343340,885.343340
RXC03,non_elective,2013/14,84,25423.567150,302.661513
RXC03,non_elective,2014/15,104,38062.292749,365.983584
RXC03,non_elective,2015/16,56,9958.053637,177.822386
RXC03,non_elective,2016/17,24,1479.346953,61.639456
RXC03,non_elective,2017/18,1,4185.820954,4185.820954
RXC03,non_elective,2018/19,7,42370.885102,6052.983586
RXC03,non_elective,2019/20,7,33503.039136,4786.148448
RXC03,non_elective,2020/21,3,14815.088379,4938.362793
RXC03,non_elective,2021/22,5,31235.118929,6247.023785
RXC03,non_elective,2022/23,11,94922.189145,8629.289922
RXC03,non_elective,2023/24,2,11941.840400,5970.920200
RXC14,elective,2013/14,7,9986.711285,1426.673040
RXC14,elective,2014/15,23,34550.993188,1502.217095
RXC14,elective,2015/16,12,27696.833976,2308.069498
RXC18,elective,2012/13,1,2365.905674,2365.905674
RXC18,elective,2013/14,71,72210.239329,1017.045624
RXC18,elective,2014/15,62,69119.735889,1114.834449
RXC18,elective,2015/16,26,37189.567625,1430.367985
RXC18,elective,2016/17,19,30068.730552,1582.564765
RXC18,elective,2017/18,11,9457.731703,859.793791
RXC18,elective,2018/19,11,11758.594918,1068.963174
RXC18,elective,2019/20,11,8871.963842,806.542167
RXC18,elective,2020/21,2,2333.806223,1166.903111
RXC18,elective,2021/22,3,5989.450642,1996.483547
RXC18,elective,2022/23,4,12880.716128,3220.179032
RXC18,elective,2023/24,2,2774.418955,1387.209477
RXC18,non_elective,2014/15,7,9953.783475,1421.969067
RXC18,non_elective,2015/16,6,16277.963828,2712.993971
RXC42,elective,2013/14,9,30183.568901,3353.729877
RXC42,elective,2014/15,1,4288.073523,4288.073523
RXC42,elective,2016/17,3,5712.523481,1904.174493
RXC42,non_elective,2013/14,13,10983.816280,844.908944
RXC42,non_elective,2014/15,21,14749.845303,702.373585
RXC42,non_elective,2015/16,11,35138.865377,3194.442307
RXC42,non_elective,2016/17,68,45073.241227,662.841782
RXC42,non_elective,2017/18,5,26629.274623,5325.854924
RXC42,non_elective,2018/19,9,26929.879571,2992.208841
RXC42,non_elective,2019/20,7,37702.377018,5386.053859
RXC42,non_elective,2020/21,1,5728.994985,5728.994985
RXC42,non_elective,2021/22,2,16969.766996,8484.883498
RXC42,non_elective,2022/23,4,20817.922118,5204.480529
RXC42,non_elective,2023/24,1,859.606615,859.606615
RXCJ0,elective,2021/22,3,20984.696096,6994.898698
RXCJ0,elective,2022/23,14,82721.952026,5908.710859
RXCJ0,elective,2023/24,3,21042.346360,7014.115453
RXCLA,non_elective,2014/15,1,490.721830,490.721830
RXCLF,elective,2013/14,2,3056.048503,1528.024251
RXCLF,elective,2014/15,3,15308.432918,5102.810972
RXCLF,elective,2015/16,4,24025.747522,6006.436880
RXCLF,elective,2016/17,7,6931.414777,990.202111
RXCLF,elective,2017/18,4,9749.071430,2437.267857
RXCLF,non_elective,2013/14,25,2901.523331,116.060933
RXCLF,non_elective,2014/15,12,4567.889375,380.657447
RXCLF,non_elective,2015/16,14,546.648039,39.046288
RXCLF,non_elective,2016/17,10,2734.269664,273.426966
RXCLF,non_elective,2017/18,3,12024.197920,4008.065973
RXCLF,non_elective,2018/19,1,6194.314973,6194.314973
RXE72,elective,2021/22,2,3705.056880,1852.528440
RXE92,non_elective,2014/15,2,28139.955624,14069.977812
RXEA1,elective,2016/17,29,224125.706336,7728.472632
RXEA1,elective,2017/18,598,2991400.405280,5002.341814
RXEA1,elective,2018/19,445,1793870.676416,4031.170059
RXEAA,elective,2012/13,32,154786.303980,4837.071999
RXEAA,elective,2013/14,414,1069890.255621,2584.275979
RXEAA,elective,2014/15,305,1489646.206902,4884.085924
RXEAA,elective,2015/16,454,2101129.044896,4628.037543
RXEAA,elective,2016/17,6,39172.136640,6528.689440
RXEAA,elective,2018/19,37,261005.114832,7054.192292
RXEAA,elective,2019/20,566,2581648.786976,4561.216938
RXEAA,elective,2020/21,478,2217736.357872,4639.615811
RXEAA,elective,2021/22,37,2669.895760,72.159344
RXEAA,non_elective,2013/14,71,154682.878680,2178.632094
RXEAA,non_elective,2014/15,85,236041.517335,2776.959027
RXEAA,non_elective,2015/16,50,146733.576304,2934.671526
RXECA,elective,2012/13,4,38164.969953,9541.242488
RXECA,elective,2013/14,10,11563.982793,1156.398279
RXECM,elective,2017/18,1,145515.980848,145515.980848
RXECM,elective,2018/19,9,245895.862128,27321.762458
RXECM,elective,2019/20,63,656479.708976,10420.312840
RXECM,elective,2020/21,45,478534.487536,10634.099723
RXECM,elective,2021/22,3,26006.117088,8668.705696
RXECM,elective,2022/23,22,209932.724960,9542.396589
RXEDL,elective,2017/18,169,488412.589392,2890.015321
RXEDL,elective,2018/19,133,384622.825888,2891.900946
RXEDL,elective,2019/20,164,596950.770192,3639.943720
RXEDL,elective,2020/21,144,554885.306976,3853.370187
RXEDL,elective,2021/22,11,12415.783968,1128.707633
RXEDL,elective,2022/23,153,680105.980400,4445.137126
RXF00,elective,2013/14,9,24875.566905,2763.951878
RXF00,elective,2014/15,2,9771.112780,4885.556390
RXF00,elective,2015/16,2,16884.771178,8442.385589
RXF00,non_elective,2013/14,2,17142.860874,8571.430437
RXF03,elective,2013/14,933,4213751.956857,4516.347220
RXF03,elective,2014/15,896,4439599.922472,4954.910627
RXF03,elective,2015/16,917,5094215.723437,5555.306132
RXF03,elective,2016/17,905,5055353.032302,5586.025450
RXF03,elective,2017/18,1029,5917578.109402,5750.804771
RXF03,elective,2018/19,986,5694578.622894,5775.434708
RXF03,elective,2019/20,713,4576967.886163,6419.309798
RXF03,elective,2020/21,667,3159336.562694,4736.636525
RXF03,elective,2021/22,1134,7664514.322606,6758.830972
RXF03,elective,2022/23,865,5912963.673078,6835.796153
RXF03,elective,2023/24,754,5180289.805988,6870.410883
RXF03,non_elective,2012/13,12,14529.911763,1210.825980
RXF03,non_elective,2013/14,569,1541685.761934,2709.465310
RXF03,non_elective,2014/15,765,1941221.394081,2537.544305
RXF03,non_elective,2015/16,293,210932.481408,719.906079
RXF03,non_elective,2016/17,122,94344.263860,773.313638
RXF03,non_elective,2017/18,342,105723.646204,309.133468
RXF03,non_elective,2018/19,284,56071.154876,197.433643
RXF03,non_elective,2019/20,112,29241.264800,261.082721
RXF03,non_elective,2020/21,558,957882.057528,1716.634511
RXF03,non_elective,2021/22,832,1349883.863856,1622.456567
RXF03,non_elective,2022/23,845,1338955.455948,1584.562669
RXF03,non_elective,2023/24,443,747642.511726,1687.680613
RXF05,elective,2012/13,411,66351.841563,161.440003
RXF05,elective,2013/14,6603,16797803.576262,2543.965406
RXF05,elective,2014/15,6694,16408241.740529,2451.186396
RXF05,elective,2015/16,5253,17061308.539317,3247.917102
RXF05,elective,2016/17,4813,16952450.291304,3522.221128
RXF05,elective,2017/18,4914,17762341.278057,3614.640064
RXF05,elective,2018/19,4932,17663086.149698,3581.323225
RXF05,elective,2019/20,4312,16595069.668874,3848.578309
RXF05,elective,2020/21,3030,12225079.578685,4034.679728
RXF05,elective,2021/22,3307,14040900.695516,4245.812124
RXF05,elective,2022/23,3622,15744667.607350,4346.954060
RXF05,elective,2023/24,2465,10063850.211965,4082.697854
RXF05,non_elective,2012/13,7243,818852.048703,113.054266
RXF05,non_elective,2013/14,44446,70882325.991367,1594.796516
RXF05,non_elective,2014/15,44413,70693020.787609,1591.719108
RXF05,non_elective,2015/16,46068,88254682.494496,1915.748078
RXF05,non_elective,2016/17,50302,100769217.893905,2003.284519
RXF05,non_elective,2017/18,51677,115061129.189548,2226.544288
RXF05,non_elective,2018/19,54848,121364060.743359,2212.734479
RXF05,non_elective,2019/20,52602,122954459.848151,2337.448383
RXF05,non_elective,2020/21,37810,105247830.078006,2783.597727
RXF05,non_elective,2021/22,44893,126074544.893259,2808.334147
RXF05,non_elective,2022/23,44802,130926279.806769,2922.331141
RXF05,non_elective,2023/24,30740,85728477.570736,2788.824904
RXF10,elective,2012/13,184,55522.306956,301.751668
RXF10,elective,2013/14,2729,7641607.657056,2800.149379
RXF10,elective,2014/15,3015,7455514.513413,2472.807467
RXF10,elective,2015/16,2816,8839897.396869,3139.168109
RXF10,elective,2016/17,2005,8051263.131343,4015.592584
RXF10,elective,2017/18,2117,7803164.920003,3685.954142
RXF10,elective,2018/19,2081,7850590.781682,3772.508785
RXF10,elective,2019/20,1674,6326285.913642,3779.143317
RXF10,elective,2020/21,160,191580.735918,1197.379599
RXF10,elective,2021/22,926,2630277.509310,2840.472472
RXF10,elective,2022/23,1189,3460892.109906,2910.758713
RXF10,elective,2023/24,650,2031607.380495,3125.549816
RXF10,non_elective,2012/13,3167,353903.197095,111.747141
RXF10,non_elective,2013/14,20060,30554292.017559,1523.145165
RXF10,non_elective,2014/15,19257,30094105.174400,1562.761861
RXF10,non_elective,2015/16,19562,36081893.184150,1844.488967
RXF10,non_elective,2016/17,16404,30910704.207020,1884.339442
RXF10,non_elective,2017/18,9730,18819414.442048,1934.163868
RXF10,non_elective,2018/19,7158,13991655.883018,1954.687885
RXF10,non_elective,2019/20,7112,15208560.976708,2138.436582
RXF10,non_elective,2020/21,7635,12901767.018492,1689.818862
RXF10,non_elective,2021/22,10462,17782914.567088,1699.762432
RXF10,non_elective,2022/23,11209,20102118.559270,1793.390896
RXF10,non_elective,2023/24,7224,14344515.579394,1985.674914
RXF98,elective,2013/14,73,198999.332235,2726.018249
RXF98,elective,2014/15,209,797701.833378,3816.755183
RXF98,non_elective,2013/14,1,1221.665574,1221.665574
RXG82,elective,2012/13,6,5226.128304,871.021384
RXG82,elective,2013/14,56,187486.186128,3347.967609
RXG82,elective,2014/15,44,166457.668284,3783.128824
RXG82,elective,2015/16,31,173515.980000,5597.289677
RXG82,elective,2016/17,37,229839.420000,6211.876216
RXG82,elective,2017/18,22,158037.720000,7183.532727
RXG82,elective,2018/19,4,8807.730000,2201.932500
RXG82,non_elective,2013/14,1,3923.485488,3923.485488
RXG82,non_elective,2014/15,2,5668.985376,2834.492688
RXG82,non_elective,2017/18,1,23885.265000,23885.265000
RXG82,non_elective,2018/19,8,41853.157500,5231.644687
RXG84,elective,2013/14,1,7618.801056,7618.801056
RXG84,elective,2015/16,2,30860.962500,15430.481250
RXG84,elective,2016/17,6,55790.167500,9298.361250
RXG84,elective,2017/18,4,17735.677500,4433.919375
RXG84,non_elective,2012/13,1,11585.846256,11585.846256
RXG84,non_elective,2013/14,7,38306.618160,5472.374022
RXG84,non_elective,2014/15,3,11918.766912,3972.922304
RXG84,non_elective,2015/16,11,71584.897500,6507.717954
RXG84,non_elective,2016/17,4,30167.400000,7541.850000
RXG84,non_elective,2017/18,6,48091.110000,8015.185000
RXH00,elective,2014/15,5,5397.740384,1079.548076
RXH00,elective,2015/16,3,8440.105446,2813.368482
RXH00,elective,2016/17,1,1029.950352,1029.950352
RXH00,elective,2017/18,15,65338.530732,4355.902048
RXH00,elective,2018/19,19,63434.811024,3338.674264
RXH00,elective,2020/21,3237,12919950.893535,3991.334845
RXH00,elective,2021/22,8838,37576446.849264,4251.691202
RXH00,non_elective,2016/17,13,49537.868211,3810.605247
RXH00,non_elective,2017/18,79,314019.051262,3974.924699
RXH00,non_elective,2018/19,33,80329.795794,2434.236236
RXH00,non_elective,2020/21,18279,43649554.249553,2387.961827
RXH00,non_elective,2021/22,41416,88982567.077114,2148.507028
RXH01,elective,2012/13,494,133082.664388,269.398106
RXH01,elective,2013/14,4186,16113322.389236,3849.336452
RXH01,elective,2014/15,3512,13126118.063462,3737.505143
RXH01,elective,2015/16,3812,20807503.688797,5458.421744
RXH01,elective,2016/17,3933,20851734.695587,5301.737781
RXH01,elective,2017/18,3939,21559790.548504,5473.417250
RXH01,elective,2018/19,4279,20502145.306420,4791.340338
RXH01,elective,2019/20,4658,22653405.772489,4863.333141
RXH01,elective,2020/21,2397,10567267.395447,4408.538754
RXH01,non_elective,2012/13,3432,770712.235068,224.566502
RXH01,non_elective,2013/14,30821,61169908.201000,1984.682787
RXH01,non_elective,2014/15,29361,62594501.093767,2131.892683
RXH01,non_elective,2015/16,29060,77872169.810279,2679.703021
RXH01,non_elective,2016/17,30423,78984184.485204,2596.199733
RXH01,non_elective,2017/18,31341,84116608.776253,2683.915917
RXH01,non_elective,2018/19,28546,77517755.272532,2715.538263
RXH01,non_elective,2019/20,30626,72920383.646605,2380.996004
RXH01,non_elective,2020/21,17805,37280720.212196,2093.834328
RXH05,elective,2013/14,6,11379.949472,1896.658245
RXH05,elective,2014/15,3,4349.134768,1449.711589
RXH05,elective,2015/16,6,14231.465622,2371.910937
RXH05,elective,2016/17,31,64951.244073,2095.201421
RXH05,elective,2017/18,1,2582.262819,2582.262819
RXH05,elective,2018/19,88,202313.485332,2299.016878
RXH05,elective,2019/20,101,255743.194013,2532.110831
RXH05,elective,2020/21,4,6661.963701,1665.490925
RXH05,non_elective,2018/19,2,1312.764588,656.382294
RXH06,elective,2012/13,39,3928.145399,100.721676
RXH06,elective,2013/14,620,1389285.719362,2240.783418
RXH06,elective,2014/15,529,1236810.671013,2338.016391
RXH06,elective,2015/16,500,1276604.234139,2553.208468
RXH06,elective,2016/17,607,1683965.796852,2774.243487
RXH06,elective,2017/18,657,1678642.715837,2555.011744
RXH06,elective,2018/19,642,1997814.452528,3111.860517
RXH06,elective,2019/20,606,1732149.079849,2858.331814
RXH06,elective,2020/21,237,712572.269619,3006.634049
RXH06,non_elective,2012/13,742,67339.948512,90.754647
RXH06,non_elective,2013/14,5930,8021169.934183,1352.642484
RXH06,non_elective,2014/15,6472,9317203.099269,1439.617289
RXH06,non_elective,2015/16,5731,9222081.985900,1609.157561
RXH06,non_elective,2016/17,6568,10270803.372994,1563.764216
RXH06,non_elective,2017/18,6532,10205291.143654,1562.353206
RXH06,non_elective,2018/19,6412,9590184.922578,1495.662027
RXH06,non_elective,2019/20,5843,8822711.022828,1509.962523
RXH06,non_elective,2020/21,2060,3326186.070298,1614.653432
RXH07,elective,2012/13,38,1951.094056,51.344580
RXH07,elective,2013/14,472,671090.489935,1421.801885
RXH07,elective,2014/15,420,624324.140633,1486.486049
RXH07,elective,2015/16,409,750786.065878,1835.662752
RXH07,elective,2016/17,465,766408.724272,1648.190804
RXH07,elective,2017/18,383,747927.869227,1952.814279
RXH07,elective,2018/19,305,455259.467154,1492.653990
RXH07,elective,2019/20,297,505405.670896,1701.702595
RXH07,elective,2020/21,115,246983.877826,2147.685894
RXH07,non_elective,2012/13,17,10550.519620,620.618801
RXH07,non_elective,2013/14,235,491382.393369,2090.988907
RXH07,non_elective,2014/15,206,407719.792587,1979.222294
RXH07,non_elective,2015/16,256,456276.933578,1782.331771
RXH07,non_elective,2016/17,290,555447.708249,1915.336924
RXH07,non_elective,2017/18,337,611349.772649,1814.094280
RXH07,non_elective,2018/19,275,525461.083650,1910.767576
RXH07,non_elective,2019/20,295,575445.977750,1950.664331
RXH07,non_elective,2020/21,146,242579.024996,1661.500171
RXH09,elective,2012/13,326,91185.712952,279.710775
RXH09,elective,2013/14,3342,7814360.668484,2338.228805
RXH09,elective,2014/15,3457,7864286.523623,2274.887626
RXH09,elective,2015/16,3492,9961175.550977,2852.570318
RXH09,elective,2016/17,2890,9317387.133197,3224.009388
RXH09,elective,2017/18,2993,9540838.449990,3187.717490
RXH09,elective,2018/19,2637,8397330.721434,3184.425757
RXH09,elective,2019/20,2341,7124892.594240,3043.525243
RXH09,elective,2020/21,717,2160643.208235,3013.449383
RXH09,non_elective,2012/13,1099,241891.269108,220.101245
RXH09,non_elective,2013/14,9138,16419277.659767,1796.813050
RXH09,non_elective,2014/15,9705,17311112.281127,1783.731301
RXH09,non_elective,2015/16,11448,26218976.269895,2290.266969
RXH09,non_elective,2016/17,12018,27414940.013602,2281.156599
RXH09,non_elective,2017/18,12116,29123934.479909,2403.758210
RXH09,non_elective,2018/19,12663,26341965.237403,2080.231006
RXH09,non_elective,2019/20,11687,23455142.131471,2006.942939
RXH09,non_elective,2020/21,5315,9317631.197664,1753.082069
RXH10,elective,2012/13,44,25245.824839,573.768746
RXH10,elective,2013/14,457,2737324.235961,5989.768568
RXH10,elective,2014/15,449,2745009.040616,6113.605881
RXH10,elective,2015/16,425,1850830.849888,4354.896117
RXH10,elective,2016/17,886,1422118.975671,1605.100424
RXH10,elective,2017/18,915,1355559.478895,1481.485769
RXH10,elective,2018/19,959,1362709.349917,1420.969082
RXH10,elective,2019/20,724,1276286.849050,1762.827139
RXH10,elective,2020/21,22,54724.554666,2487.479757
RXH10,non_elective,2012/13,36,91101.265819,2530.590717
RXH10,non_elective,2013/14,611,3181178.193039,5206.510954
RXH10,non_elective,2014/15,585,3272384.166237,5593.819087
RXH10,non_elective,2015/16,140,1069544.883224,7639.606308
RXH10,non_elective,2016/17,44,35655.699276,810.356801
RXH10,non_elective,2017/18,28,27545.895531,983.781983
RXH10,non_elective,2018/19,8,12165.233256,1520.654157
RXH10,non_elective,2019/20,32,38072.283606,1189.758862
RXH10,non_elective,2020/21,20,16997.346639,849.867331
RXH16,elective,2013/14,1,318.019736,318.019736
RXH17,elective,2013/14,1,636.039472,636.039472
RXH17,elective,2014/15,3,3085.650952,1028.550317
RXH17,elective,2015/16,1,701.759205,701.759205
RXH17,elective,2016/17,1,471.708819,471.708819
RXH17,elective,2018/19,13,21082.323906,1621.717223
RXH17,elective,2019/20,1,1162.915254,1162.915254
RXH17,elective,2020/21,1,1033.116183,1033.116183
RXH17,non_elective,2014/15,1,1960.763575,1960.763575
RXH18,elective,2013/14,11,14436.591867,1312.417442
RXH18,elective,2014/15,23,48434.529706,2105.849117
RXH18,elective,2015/16,6,18199.307142,3033.217857
RXH18,elective,2016/17,21,50487.617511,2404.172262
RXH18,non_elective,2013/14,1,1165.714235,1165.714235
RXH18,non_elective,2014/15,3,16792.688354,5597.562784
RXH18,non_elective,2015/16,2,1307.488203,653.744101
RXH18,non_elective,2016/17,3,4280.203512,1426.734504
RXH18,non_elective,2017/18,3,6302.114244,2100.704748
RXH18,non_elective,2018/19,3,12491.936462,4163.978820
RXH19,elective,2013/14,88,143419.380199,1629.765684
RXH19,elective,2014/15,69,127531.636913,1848.284592
RXH19,elective,2015/16,61,156881.826561,2571.833222
RXH19,elective,2016/17,27,92099.300175,3411.085191
RXH21,elective,2013/14,7,8159.999645,1165.714235
RXH21,elective,2014/15,7,5600.800283,800.114326
RXH21,elective,2015/16,11,17614.683684,1601.334880
RXH21,elective,2016/17,6,11417.041863,1902.840310
RXH21,elective,2017/18,4,4981.962717,1245.490679
RXH21,elective,2018/19,6,10653.021315,1775.503552
RXH21,elective,2019/20,8,15895.637451,1986.954681
RXH21,non_elective,2014/15,3,5026.001098,1675.333699
RXH21,non_elective,2015/16,5,5636.234457,1127.246891
RXH27,elective,2013/14,1,1470.841279,1470.841279
RXH28,elective,2014/15,13,47618.083511,3662.929500
RXH39,elective,2013/14,1,991.662893,991.662893
RXH39,elective,2016/17,5,14559.952247,2911.990449
RXH39,elective,2017/18,1,404.171091,404.171091
RXH39,elective,2019/20,3,1529.096373,509.698791
RXH60,elective,2012/13,172,53083.510528,308.625061
RXH60,elective,2013/14,1805,9883953.175680,5475.874335
RXH60,elective,2014/15,1699,9617094.002118,5660.443791
RXH60,elective,2015/16,1670,10683540.115790,6397.329410
RXH60,elective,2016/17,1559,10153036.960846,6512.531726
RXH60,elective,2017/18,1233,8283872.013287,6718.468786
RXH60,elective,2018/19,1209,7880112.248154,6517.876135
RXH60,elective,2019/20,1121,7306540.568990,6517.877403
RXH60,elective,2020/21,251,1073684.027868,4277.625609
RXH60,non_elective,2013/14,5,13332.117919,2666.423583
RXH60,non_elective,2014/15,7,24774.382069,3539.197438
RXH60,non_elective,2015/16,8,20372.122485,2546.515310
RXH60,non_elective,2016/17,9,35157.608532,3906.400948
RXH60,non_elective,2017/18,14,59234.808564,4231.057754
RXH60,non_elective,2018/19,16,51654.753873,3228.422117
RXH60,non_elective,2019/20,9,23896.747665,2655.194185
RXH62,elective,2013/14,29,139927.480521,4825.085535
RXH63,elective,2013/14,2,3852.766126,1926.383063
RXH63,elective,2014/15,119,191617.634850,1610.232225
RXH63,elective,2015/16,6,11564.780643,1927.463440
RXH63,elective,2016/17,6,14058.400194,2343.066699
RXK00,elective,2020/21,494,2655354.335545,5375.211205
RXK00,elective,2021/22,2,8836.419190,4418.209595
RXK00,non_elective,2020/21,1,9598.537015,9598.537015
RXK01,elective,2012/13,266,109654.739700,412.235863
RXK01,elective,2013/14,2975,9347084.390933,3141.877106
RXK01,elective,2014/15,2799,9286903.504100,3317.936228
RXK01,elective,2015/16,2248,9590784.835435,4266.363360
RXK01,elective,2016/17,2156,8371745.925324,3882.999037
RXK01,elective,2017/18,2332,8723917.420093,3740.959442
RXK01,elective,2018/19,2315,11109546.498983,4798.940172
RXK01,elective,2019/20,2951,13247833.586939,4489.269260
RXK01,elective,2020/21,1359,3896206.426511,2866.965729
RXK01,elective,2021/22,2838,9919571.869778,3495.268453
RXK01,elective,2022/23,3187,12408510.810298,3893.476878
RXK01,elective,2023/24,2020,8436587.065408,4176.528250
RXK01,non_elective,2012/13,4133,526357.318470,127.354783
RXK01,non_elective,2013/14,26100,40113395.740950,1536.911714
RXK01,non_elective,2014/15,26795,42016617.738751,1568.076795
RXK01,non_elective,2015/16,27762,50761891.290316,1828.466655
RXK01,non_elective,2016/17,28084,54730642.603131,1948.819349
RXK01,non_elective,2017/18,28953,58428496.262829,2018.046360
RXK01,non_elective,2018/19,29842,61939423.469025,2075.578830
RXK01,non_elective,2019/20,29026,62218503.312409,2143.543833
RXK01,non_elective,2020/21,24120,55515075.403944,2301.620041
RXK01,non_elective,2021/22,27261,65481137.373523,2402.007900
RXK01,non_elective,2022/23,27938,70826212.145925,2535.121058
RXK01,non_elective,2023/24,17415,45481230.809815,2611.612449
RXK02,elective,2012/13,428,35064.959370,81.927475
RXK02,elective,2013/14,5232,10474419.400814,2001.991475
RXK02,elective,2014/15,4913,9746891.839465,1983.898196
RXK02,elective,2015/16,4065,11447936.549727,2816.220553
RXK02,elective,2016/17,4009,11124920.624100,2774.986436
RXK02,elective,2017/18,3804,10855277.396205,2853.648106
RXK02,elective,2018/19,3589,10455603.491421,2913.235857
RXK02,elective,2019/20,4154,11023471.076524,2653.700307
RXK02,elective,2020/21,1849,5026998.116850,2718.765882
RXK02,elective,2021/22,2806,8972271.451654,3197.530809
RXK02,elective,2022/23,2878,10213389.972792,3548.780393
RXK02,elective,2023/24,1660,6172344.339390,3718.279722
RXK02,non_elective,2012/13,2315,316001.900895,136.501901
RXK02,non_elective,2013/14,26169,37149889.513380,1419.614410
RXK02,non_elective,2014/15,25436,37467773.314602,1473.021438
RXK02,non_elective,2015/16,25647,43316030.438148,1688.931666
RXK02,non_elective,2016/17,21229,38371496.912452,1807.503740
RXK02,non_elective,2017/18,21207,40018856.025515,1887.058802
RXK02,non_elective,2018/19,22386,41849113.970475,1869.432411
RXK02,non_elective,2019/20,21512,42475014.992654,1974.480057
RXK02,non_elective,2020/21,15042,28370722.238695,1886.100401
RXK02,non_elective,2021/22,17297,35805197.942299,2070.023584
RXK02,non_elective,2022/23,18145,40056771.408061,2207.592802
RXK02,non_elective,2023/24,11725,27718553.379205,2364.055725
RXK10,elective,2013/14,23,67122.685890,2918.377647
RXK10,elective,2014/15,68,185330.104470,2725.442712
RXK10,elective,2015/16,48,90328.071030,1881.834813
RXK10,elective,2016/17,54,67989.205150,1259.059354
RXK10,elective,2017/18,14,7106.878330,507.634166
RXK10,elective,2018/19,20,41770.278180,2088.513909
RXK10,elective,2019/20,8,24412.655880,3051.581985
RXK10,elective,2020/21,3,1444.394735,481.464911
RXK10,elective,2021/22,29,95716.814345,3300.579805
RXK10,elective,2022/23,11,2479.215945,225.383267
RXK10,elective,2023/24,1,4845.410335,4845.410335
RXK10,non_elective,2013/14,24,3852.171630,160.507151
RXK10,non_elective,2014/15,30,7729.274975,257.642499
RXK10,non_elective,2015/16,76,14038.521405,184.717386
RXK10,non_elective,2017/18,308,39363.644885,127.804041
RXK10,non_elective,2018/19,307,9060.388510,29.512666
RXK10,non_elective,2019/20,106,36275.771575,342.224260
RXK10,non_elective,2020/21,192,24114.030120,125.593906
RXK10,non_elective,2021/22,793,111257.796605,140.299869
RXK10,non_elective,2022/23,961,115674.969305,120.369374
RXK10,non_elective,2023/24,319,42651.638930,133.704197
RXK27,elective,2019/20,2,16982.266310,8491.133155
RXK27,elective,2020/21,3,7076.808375,2358.936125
RXK27,elective,2022/23,15,50594.254630,3372.950308
RXK27,elective,2023/24,4,13169.603395,3292.400848
RXK27,non_elective,2019/20,20,7577.628660,378.881433
RXK27,non_elective,2020/21,80,41637.555620,520.469445
RXK27,non_elective,2021/22,29,21431.582755,739.020095
RXK27,non_elective,2022/23,58,65448.812400,1128.427800
RXK27,non_elective,2023/24,91,25556.351065,280.839022
RXL00,elective,2021/22,1,6775.575560,6775.575560
RXL01,elective,2012/13,648,232945.233510,359.483385
RXL01,elective,2013/14,7103,23378713.349112,3291.385801
RXL01,elective,2014/15,7281,24115913.301523,3312.170485
RXL01,elective,2015/16,7043,29084016.559204,4129.492625
RXL01,elective,2016/17,6559,26803949.263976,4086.590831
RXL01,elective,2017/18,5864,26408977.587335,4503.577351
RXL01,elective,2018/19,6023,26252758.306398,4358.751171
RXL01,elective,2019/20,5511,24240860.630305,4398.631941
RXL01,elective,2020/21,3822,18145836.564909,4747.733271
RXL01,elective,2021/22,4768,23107100.924068,4846.287945
RXL01,elective,2022/23,4634,21239594.437878,4583.425644
RXL01,elective,2023/24,3264,13712524.207738,4201.140995
RXL01,non_elective,2012/13,5796,665149.846818,114.760153
RXL01,non_elective,2013/14,34817,30612508.178112,879.240261
RXL01,non_elective,2014/15,35988,30534325.352064,848.458523
RXL01,non_elective,2015/16,37336,40290063.315482,1079.121044
RXL01,non_elective,2016/17,38788,41229451.743339,1062.943481
RXL01,non_elective,2017/18,38415,41731503.981838,1086.333567
RXL01,non_elective,2018/19,37389,38707158.356809,1035.255245
RXL01,non_elective,2019/20,38796,43181139.490452,1113.030711
RXL01,non_elective,2020/21,31667,38960972.877114,1230.333561
RXL01,non_elective,2021/22,38966,45659156.021025,1171.769132
RXL01,non_elective,2022/23,41060,46887773.714665,1141.933115
RXL01,non_elective,2023/24,29654,30939473.605508,1043.349079
RXL04,non_elective,2014/15,1,707.263323,707.263323
RXL04,non_elective,2016/17,1,566.812636,566.812636
RXL04,non_elective,2018/19,3,2354.839708,784.946569
RXL04,non_elective,2019/20,1,626.212184,626.212184
RXL06,elective,2012/13,7,5627.311374,803.901624
RXL06,elective,2013/14,88,182295.325116,2071.537785
RXL06,elective,2014/15,60,76372.120800,1272.868680
RXL06,elective,2015/16,15,11607.074388,773.804959
RXL06,elective,2016/17,16,35635.701712,2227.231357
RXL06,elective,2018/19,18,36835.773936,2046.431885
RXL06,elective,2019/20,6,11967.498764,1994.583127
RXL06,elective,2020/21,5,10408.008936,2081.601787
RXL06,elective,2021/22,10,21343.566400,2134.356640
RXL06,elective,2022/23,2,8038.067648,4019.033824
RXL06,elective,2023/24,13,26725.769512,2055.828424
RXL06,non_elective,2012/13,63,5964.005670,94.666756
RXL06,non_elective,2013/14,555,93474.753927,168.422980
RXL06,non_elective,2014/15,373,54518.677277,146.162673
RXL06,non_elective,2015/16,190,55809.399048,293.733679
RXL06,non_elective,2016/17,66,15165.006636,229.772827
RXL06,non_elective,2017/18,177,38992.410440,220.296104
RXL06,non_elective,2018/19,458,180842.427272,394.852461
RXL06,non_elective,2019/20,779,298854.227568,383.638289
RXL06,non_elective,2020/21,792,208054.467660,262.695034
RXL06,non_elective,2021/22,750,316433.473460,421.911297
RXL06,non_elective,2022/23,715,216666.395348,303.029923
RXL06,non_elective,2023/24,482,165683.461268,343.741620
RXL08,non_elective,2014/15,38,25318.795155,666.284083
RXL08,non_elective,2015/16,50,17886.311352,357.726227
RXL09,non_elective,2012/13,30,6760.575102,225.352503
RXL09,non_elective,2013/14,14,1235.914428,88.279602
RXL78,elective,2012/13,1,37414.127136,37414.127136
RXN01,elective,2012/13,364,62977.838664,173.016040
RXN01,elective,2013/14,3234,10067436.212013,3112.998210
RXN01,elective,2014/15,3288,10097401.900971,3070.985979
RXN01,elective,2015/16,3099,11835150.780994,3819.022517
RXN01,elective,2016/17,2770,11403305.431829,4116.716762
RXN01,elective,2017/18,2484,11155774.062898,4491.052360
RXN01,elective,2018/19,2672,12613091.843196,4720.468504
RXN01,elective,2019/20,2407,11652631.327747,4841.143052
RXN01,elective,2020/21,1051,5173159.428592,4922.130759
RXN01,elective,2021/22,2089,9458602.878821,4527.813728
RXN01,elective,2022/23,1938,7523863.577764,3882.282547
RXN01,elective,2023/24,725,1213882.455197,1674.320627
RXN01,non_elective,2012/13,760,234991.703505,309.199609
RXN01,non_elective,2013/14,8346,15365000.917392,1841.001787
RXN01,non_elective,2014/15,9361,17591749.723347,1879.259664
RXN01,non_elective,2015/16,10393,22713847.518049,2185.494805
RXN01,non_elective,2016/17,10953,23386587.624887,2135.176447
RXN01,non_elective,2017/18,10941,26232433.922568,2397.626718
RXN01,non_elective,2018/19,12594,28446258.103688,2258.715110
RXN01,non_elective,2019/20,12736,31552719.420406,2477.443421
RXN01,non_elective,2020/21,8810,21739782.568103,2467.625717
RXN01,non_elective,2021/22,9918,26438543.729098,2665.713221
RXN01,non_elective,2022/23,8411,25676218.718242,3052.695127
RXN01,non_elective,2023/24,7417,22447911.198112,3026.548631
RXN02,elective,2012/13,2057,725766.158662,352.827495
RXN02,elective,2013/14,9104,25012188.085053,2747.384455
RXN02,elective,2014/15,9131,24856398.091865,2722.198892
RXN02,elective,2015/16,9090,31637456.877866,3480.468303
RXN02,elective,2016/17,7103,29245447.846739,4117.337441
RXN02,elective,2017/18,7049,29404861.812112,4171.494085
RXN02,elective,2018/19,7661,31462636.163481,4106.857611
RXN02,elective,2019/20,7324,31221351.526158,4262.882513
RXN02,elective,2020/21,5585,24009986.104004,4299.012731
RXN02,elective,2021/22,8159,29865507.128852,3660.437201
RXN02,elective,2022/23,8464,31364656.408562,3705.654112
RXN02,elective,2023/24,6491,22654497.980169,3490.139882
RXN02,non_elective,2012/13,6602,1543872.184925,233.849164
RXN02,non_elective,2013/14,35010,64176224.972131,1833.082689
RXN02,non_elective,2014/15,35708,64824636.115604,1815.409323
RXN02,non_elective,2015/16,37154,89558602.672671,2410.470007
RXN02,non_elective,2016/17,35958,92765767.764620,2579.836691
RXN02,non_elective,2017/18,36790,99252523.134050,2697.812534
RXN02,non_elective,2018/19,37115,100666564.652992,2712.287879
RXN02,non_elective,2019/20,36122,107811681.983396,2984.654282
RXN02,non_elective,2020/21,32069,102548452.836539,3197.744015
RXN02,non_elective,2021/22,37393,116358530.239083,3111.773065
RXN02,non_elective,2022/23,39541,118262582.751134,2990.884973
RXN02,non_elective,2023/24,28642,82558855.443719,2882.440312
RXN05,elective,2016/17,3,12431.162751,4143.720917
RXN05,elective,2017/18,4,8718.326426,2179.581606
RXN05,elective,2018/19,12,33611.147252,2800.928937
RXN05,elective,2019/20,6,26488.841671,4414.806945
RXN05,elective,2020/21,7,18388.127411,2626.875344
RXN05,elective,2021/22,17,66665.672984,3921.510175
RXN05,elective,2022/23,14,62435.889763,4459.706411
RXN05,elective,2023/24,9,45300.669877,5033.407764
RXN05,non_elective,2013/14,3,4461.585999,1487.195333
RXN05,non_elective,2016/17,2,22449.029988,11224.514994
RXN05,non_elective,2017/18,8,20049.631336,2506.203917
RXN05,non_elective,2018/19,6,23903.789948,3983.964991
RXN05,non_elective,2019/20,7,45024.451835,6432.064547
RXN05,non_elective,2020/21,1,13242.225787,13242.225787
RXN05,non_elective,2021/22,7,21026.924584,3003.846369
RXN05,non_elective,2022/23,1,11729.043746,11729.043746
RXP00,elective,2014/15,22,129261.284160,5875.512916
RXP00,elective,2015/16,59,329138.835588,5578.624332
RXP00,elective,2016/17,358,2098998.454395,5863.124174
RXP00,elective,2017/18,154,825052.472283,5357.483586
RXP00,elective,2018/19,95,539196.208407,5675.749562
RXP00,elective,2019/20,23,98455.125306,4280.657622
RXP00,elective,2020/21,2,7167.239208,3583.619604
RXP00,elective,2022/23,6,4674.509535,779.084922
RXP00,elective,2023/24,2,1529.093130,764.546565
RXP00,non_elective,2022/23,2328,7286405.848440,3129.899419
RXP00,non_elective,2023/24,2421,5962727.395071,2462.919204
RXP69,non_elective,2022/23,77,129588.077175,1682.962041
RXP69,non_elective,2023/24,238,141481.137768,594.458562
RXPBA,elective,2012/13,112,45875.627353,409.603815
RXPBA,elective,2013/14,1117,4560173.691718,4082.518971
RXPBA,elective,2014/15,1164,5274273.109140,4531.162464
RXPBA,elective,2015/16,874,4328292.063258,4952.279248
RXPBA,elective,2016/17,919,4817418.466044,5242.022269
RXPBA,elective,2017/18,937,5244088.516029,5596.679312
RXPBA,elective,2018/19,849,5008246.938585,5898.995216
RXPBA,elective,2019/20,774,4426285.381914,5718.714963
RXPBA,elective,2020/21,226,1169328.303621,5174.019042
RXPBA,elective,2021/22,818,4974650.104565,6081.479345
RXPBA,elective,2022/23,493,2788751.491677,5656.696737
RXPBA,elective,2023/24,508,3299118.650280,6494.328051
RXPBA,non_elective,2012/13,239,226643.051864,948.297288
RXPBA,non_elective,2013/14,1181,4534761.515289,3839.764195
RXPBA,non_elective,2014/15,960,3677958.396894,3831.206663
RXPBA,non_elective,2015/16,318,123149.466237,387.262472
RXPBA,non_elective,2016/17,183,120221.612076,656.948699
RXPBA,non_elective,2017/18,441,119069.147925,269.998067
RXPBA,non_elective,2018/19,893,164388.800082,184.086002
RXPBA,non_elective,2019/20,468,151507.473258,323.733917
RXPBA,non_elective,2020/21,774,94822.246326,122.509362
RXPBA,non_elective,2021/22,826,284478.027585,344.404391
RXPBA,non_elective,2022/23,1122,935705.450571,833.962077
RXPBA,non_elective,2023/24,926,487920.276702,526.911745
RXPCC,elective,2013/14,12,74214.231564,6184.519297
RXPCC,elective,2014/15,12,77498.624648,6458.218720
RXPCC,elective,2015/16,3,8100.088641,2700.029547
RXPCC,elective,2016/17,5,27475.443201,5495.088640
RXPCC,elective,2017/18,5,20392.355427,4078.471085
RXPCC,elective,2018/19,7,37043.050752,5291.864393
RXPCC,elective,2019/20,8,36599.716368,4574.964546
RXPCC,elective,2021/22,4,8297.126145,2074.281536
RXPCC,elective,2022/23,1,3921.251577,3921.251577
RXPCC,non_elective,2012/13,20,5915.224955,295.761247
RXPCC,non_elective,2013/14,322,945712.392736,2936.995008
RXPCC,non_elective,2014/15,266,964439.619488,3625.712855
RXPCC,non_elective,2015/16,31,35829.012381,1155.774592
RXPCC,non_elective,2016/17,46,54566.047527,1186.218424
RXPCC,non_elective,2017/18,38,22145.168223,582.767584
RXPCC,non_elective,2018/19,38,35596.056582,936.738331
RXPCC,non_elective,2019/20,46,24829.804215,539.778352
RXPCC,non_elective,2020/21,447,238528.265910,533.620281
RXPCC,non_elective,2021/22,351,220182.227061,627.299792
RXPCC,non_elective,2022/23,307,223829.473359,729.086232
RXPCC,non_elective,2023/24,242,82531.005777,341.037213
RXPCG,elective,2014/15,1,10373.999213,10373.999213
RXPCG,elective,2016/17,3,32695.910820,10898.636940
RXPCG,elective,2017/18,5,26028.449031,5205.689806
RXPCG,elective,2018/19,3,20584.261746,6861.420582
RXPCG,elective,2019/20,6,20042.408610,3340.401435
RXPCG,elective,2020/21,1,5120.922630,5120.922630
RXPCG,non_elective,2012/13,20,73241.893978,3662.094698
RXPCG,non_elective,2013/14,168,519224.159560,3090.619997
RXPCG,non_elective,2014/15,155,555579.864638,3584.386223
RXPCG,non_elective,2015/16,194,957436.019046,4935.237211
RXPCG,non_elective,2016/17,141,667445.046297,4733.652810
RXPCG,non_elective,2017/18,119,549424.712586,4617.014391
RXPCG,non_elective,2018/19,164,607328.082837,3703.220017
RXPCG,non_elective,2019/20,259,720640.041192,2782.393981
RXPCG,non_elective,2020/21,370,270183.572412,730.225871
RXPCG,non_elective,2021/22,310,202035.278190,651.726703
RXPCG,non_elective,2022/23,145,112144.100649,773.407590
RXPCJ,elective,2013/14,5,19359.385235,3871.877047
RXPCJ,elective,2014/15,23,64543.275595,2806.229373
RXPCJ,elective,2015/16,4,11970.028368,2992.507092
RXPCJ,non_elective,2012/13,28,55007.994638,1964.571237
RXPCJ,non_elective,2013/14,205,570081.732240,2780.886498
RXPCJ,non_elective,2014/15,188,546007.941090,2904.297558
RXPCJ,non_elective,2015/16,183,633740.344506,3463.061991
RXPCJ,non_elective,2016/17,238,662805.428820,2784.896759
RXPCJ,non_elective,2017/18,218,649428.429525,2979.029493
RXPCJ,non_elective,2018/19,232,596268.326688,2570.122097
RXPCJ,non_elective,2019/20,263,492908.814759,1874.178002
RXPCJ,non_elective,2020/21,539,394961.676768,732.767489
RXPCJ,non_elective,2021/22,459,207629.296077,452.351407
RXPCJ,non_elective,2022/23,353,244436.312319,692.454142
RXPCJ,non_elective,2023/24,374,168851.904795,451.475681
RXPCL,elective,2013/14,2,5789.828353,2894.914176
RXPCL,elective,2014/15,3,6530.901714,2176.967238
RXPCL,elective,2015/16,3,12480.068157,4160.022719
RXPCL,elective,2016/17,14,42883.365519,3063.097537
RXPCL,elective,2017/18,17,58095.276570,3417.369210
RXPCL,elective,2018/19,2,10008.889461,5004.444730
RXPCL,elective,2019/20,13,36909.639942,2839.203072
RXPCL,elective,2020/21,1,7060.510560,7060.510560
RXPCL,elective,2021/22,3,3210.069336,1070.023112
RXPCL,non_elective,2012/13,10,34789.334327,3478.933432
RXPCL,non_elective,2013/14,198,656086.327915,3313.567312
RXPCL,non_elective,2014/15,197,554057.536655,2812.474805
RXPCL,non_elective,2015/16,145,466117.871637,3214.606011
RXPCL,non_elective,2016/17,189,611505.893664,3235.480918
RXPCL,non_elective,2017/18,183,590729.725599,3228.031287
RXPCL,non_elective,2018/19,181,467116.400238,2580.753592
RXPCL,non_elective,2019/20,278,656220.065991,2360.503834
RXPCL,non_elective,2020/21,490,297336.777195,606.809749
RXPCL,non_elective,2021/22,468,180336.523062,385.334450
RXPCL,non_elective,2022/23,460,222704.717607,484.140690
RXPCL,non_elective,2023/24,407,99511.123179,244.499074
RXPCP,elective,2012/13,554,98529.866101,177.851743
RXPCP,elective,2013/14,3743,10775529.040992,2878.848261
RXPCP,elective,2014/15,3376,10128302.980461,3000.089745
RXPCP,elective,2015/16,3244,11848011.138782,3652.284568
RXPCP,elective,2016/17,3215,11730910.611031,3648.805788
RXPCP,elective,2017/18,2682,9990897.586802,3725.166885
RXPCP,elective,2018/19,2617,10361941.445389,3959.473230
RXPCP,elective,2019/20,2182,8303068.621661,3805.256013
RXPCP,elective,2020/21,1192,4438223.473788,3723.341840
RXPCP,elective,2021/22,1834,7204295.948754,3928.187540
RXPCP,elective,2022/23,1778,7402606.294505,4163.445609
RXPCP,elective,2023/24,1120,5409879.114804,4830.249209
RXPCP,non_elective,2012/13,3402,493863.580749,145.168601
RXPCP,non_elective,2013/14,32578,46730816.473237,1434.428647
RXPCP,non_elective,2014/15,34159,49281905.659194,1442.720971
RXPCP,non_elective,2015/16,34947,64221797.137198,1837.691279
RXPCP,non_elective,2016/17,35420,65642109.063099,1853.249832
RXPCP,non_elective,2017/18,36249,68024174.746288,1876.580726
RXPCP,non_elective,2018/19,37453,68709594.097606,1834.555151
RXPCP,non_elective,2019/20,34567,69609435.623213,2013.754031
RXPCP,non_elective,2020/21,28074,61138200.633336,2177.751678
RXPCP,non_elective,2021/22,36435,75031789.798137,2059.332778
RXPCP,non_elective,2022/23,31202,67078071.677943,2149.800387
RXPCP,non_elective,2023/24,18325,38171450.456077,2083.025945
RXPCW,elective,2013/14,44,106641.587273,2423.672438
RXPCW,elective,2014/15,50,167146.475579,3342.929511
RXPCW,elective,2015/16,32,35441.094795,1107.534212
RXPCW,elective,2016/17,24,26661.637260,1110.901552
RXPCW,elective,2017/18,27,25702.105665,951.929839
RXPCW,elective,2018/19,13,13146.095970,1011.238151
RXPCW,elective,2019/20,35,22935.370713,655.296306
RXPCW,elective,2020/21,47,50870.568090,1082.352512
RXPCW,elective,2021/22,40,36497.092668,912.427316
RXPCW,elective,2022/23,26,249517.211706,9596.815834
RXPCW,elective,2023/24,20,32144.821551,1607.241077
RXPCW,non_elective,2012/13,24,36095.720238,1503.988343
RXPCW,non_elective,2013/14,288,885362.708421,3074.176070
RXPCW,non_elective,2014/15,232,902298.033543,3889.215661
RXPCW,non_elective,2015/16,46,61933.402950,1346.378325
RXPCW,non_elective,2016/17,43,70165.876164,1631.764561
RXPCW,non_elective,2017/18,67,41945.384901,626.050520
RXPCW,non_elective,2018/19,63,58921.397355,935.260275
RXPCW,non_elective,2019/20,117,98225.248218,839.532036
RXPCW,non_elective,2020/21,275,275355.806892,1001.293843
RXPCW,non_elective,2021/22,265,189088.272198,713.540649
RXPCW,non_elective,2022/23,222,177369.671895,798.962486
RXPCW,non_elective,2023/24,180,103972.175418,577.623196
RXPDA,elective,2012/13,259,33660.764909,129.964343
RXPDA,elective,2013/14,4003,8530727.750537,2131.083624
RXPDA,elective,2014/15,3727,8227389.018963,2207.509798
RXPDA,elective,2015/16,3732,10901730.018318,2921.149522
RXPDA,elective,2016/17,3500,9980990.181918,2851.711480
RXPDA,elective,2017/18,2996,9277318.435878,3096.568236
RXPDA,elective,2018/19,2485,8259313.909092,3323.667569
RXPDA,elective,2019/20,2135,7241343.268652,3391.729868
RXPDA,elective,2020/21,1104,3673451.906326,3327.402089
RXPDA,elective,2021/22,2146,7907357.740572,3684.696058
RXPDA,elective,2022/23,1976,7180156.617318,3633.682498
RXPDA,elective,2023/24,1384,5499861.853210,3973.888622
RXPDA,non_elective,2012/13,4984,483852.039386,97.081067
RXPDA,non_elective,2013/14,24192,35681269.050775,1474.920182
RXPDA,non_elective,2014/15,24288,38801949.439341,1597.576969
RXPDA,non_elective,2015/16,24151,47094738.359799,1950.011939
RXPDA,non_elective,2016/17,24602,47037743.250342,1911.947941
RXPDA,non_elective,2017/18,25068,49353761.069364,1968.795319
RXPDA,non_elective,2018/19,25869,50868234.427062,1966.378075
RXPDA,non_elective,2019/20,25559,54122451.452565,2117.549647
RXPDA,non_elective,2020/21,23109,49567537.525071,2144.945152
RXPDA,non_elective,2021/22,35548,65238666.143006,1835.227471
RXPDA,non_elective,2022/23,34060,61062171.865191,1792.782497
RXPDA,non_elective,2023/24,21385,36552497.151156,1709.258693
RXPDU,elective,2013/14,4,5040.532264,1260.133066
RXPDU,elective,2014/15,6,6976.984708,1162.830784
RXPGA,elective,2013/14,1,1463.645584,1463.645584
RXPGA,elective,2014/15,1,1444.116605,1444.116605
RXPWE,elective,2013/14,1,897.305193,897.305193
RXPWE,elective,2019/20,9,8355.621654,928.402406
RXPWE,elective,2020/21,3,7533.605817,2511.201939
RXPWE,elective,2021/22,1,603.427356,603.427356
RXPWE,elective,2022/23,1,603.427356,603.427356
RXPWE,non_elective,2015/16,1,577.771431,577.771431
RXQ00,non_elective,2013/14,1,3240.309264,3240.309264
RXQ02,elective,2012/13,92,37431.750555,406.866853
RXQ02,elective,2013/14,1829,4650261.830349,2542.516036
RXQ02,elective,2014/15,1572,4474168.303603,2846.163043
RXQ02,elective,2015/16,2082,7891078.516597,3790.143379
RXQ02,elective,2016/17,2086,7975870.181788,3823.523577
RXQ02,elective,2017/18,1866,7327649.874974,3926.929193
RXQ02,elective,2018/19,1697,6752554.487741,3979.112838
RXQ02,elective,2019/20,1663,6405365.410110,3851.692970
RXQ02,elective,2020/21,761,4287896.816318,5634.555606
RXQ02,elective,2021/22,1090,6436507.221621,5905.052496
RXQ02,elective,2022/23,907,6267240.382322,6909.857091
RXQ02,elective,2023/24,728,2681810.127409,3683.805120
RXQ02,non_elective,2012/13,3002,952346.572534,317.237365
RXQ02,non_elective,2013/14,17519,38665510.252475,2207.061490
RXQ02,non_elective,2014/15,27391,51323355.743955,1873.730632
RXQ02,non_elective,2015/16,28978,70486487.585958,2432.413816
RXQ02,non_elective,2016/17,27919,68763529.620094,2462.965350
RXQ02,non_elective,2017/18,29464,71196170.434485,2416.378306
RXQ02,non_elective,2018/19,35239,75809843.006325,2151.305173
RXQ02,non_elective,2019/20,35106,72900107.767109,2076.571177
RXQ02,non_elective,2020/21,31678,67335467.255958,2125.622427
RXQ02,non_elective,2021/22,37605,81644823.572116,2171.116169
RXQ02,non_elective,2022/23,40407,88825390.974636,2198.267403
RXQ02,non_elective,2023/24,30673,61167993.043668,1994.196623
RXQ50,elective,2012/13,588,92607.398026,157.495574
RXQ50,elective,2013/14,4050,15393862.851119,3800.953790
RXQ50,elective,2014/15,3986,14885416.875571,3734.424705
RXQ50,elective,2015/16,3795,16996746.718141,4478.721137
RXQ50,elective,2016/17,3536,15540871.271309,4395.042780
RXQ50,elective,2017/18,3688,16074960.330388,4358.720263
RXQ50,elective,2018/19,3700,16493313.121466,4457.652194
RXQ50,elective,2019/20,3398,15742385.005955,4632.838436
RXQ50,elective,2020/21,1961,8572031.594783,4371.255275
RXQ50,elective,2021/22,3130,15524826.844639,4960.008576
RXQ50,elective,2022/23,2836,13394060.696564,4722.870485
RXQ50,elective,2023/24,1983,9478052.750574,4779.653429
RXQ50,non_elective,2012/13,883,172848.531036,195.751450
RXQ50,non_elective,2013/14,5709,9704712.515556,1699.897095
RXQ50,non_elective,2014/15,5741,9158158.086118,1595.220011
RXQ50,non_elective,2015/16,5771,11436021.324980,1981.635994
RXQ50,non_elective,2016/17,5116,11206342.854543,2190.450127
RXQ50,non_elective,2017/18,5311,12483625.608491,2350.522615
RXQ50,non_elective,2018/19,5463,13474786.848011,2466.554429
RXQ50,non_elective,2019/20,4954,12645786.828588,2552.641669
RXQ50,non_elective,2020/21,2654,10734677.637472,4044.716517
RXQ50,non_elective,2021/22,2629,11110384.017137,4226.087492
RXQ50,non_elective,2022/23,2429,10701106.456837,4405.560500
RXQ50,non_elective,2023/24,1473,6891025.227598,4678.224865
RXQ51,elective,2012/13,3,957.676149,319.225383
RXQ51,elective,2013/14,16,17750.761978,1109.422623
RXQ51,elective,2014/15,22,34669.707277,1575.895785
RXQ51,elective,2015/16,31,214821.608692,6929.729312
RXQ51,elective,2016/17,51,303698.095896,5954.864625
RXQ51,elective,2017/18,27,229016.234268,8482.082750
RXQ51,elective,2018/19,41,298324.777704,7276.214090
RXQ51,elective,2019/20,44,409904.744476,9316.016919
RXQ51,elective,2020/21,14,131365.747764,9383.267697
RXQ51,elective,2021/22,31,194648.561524,6278.985855
RXQ51,elective,2022/23,17,118804.901368,6988.523609
RXQ51,elective,2023/24,26,121677.492236,4679.903547
RXQ51,non_elective,2013/14,212,33986.633608,160.314309
RXQ51,non_elective,2014/15,84,151189.172228,1799.871097
RXQ51,non_elective,2015/16,384,599221.794952,1560.473424
RXQ51,non_elective,2016/17,255,234282.834224,918.756212
RXQ51,non_elective,2017/18,251,410634.169120,1635.992705
RXQ51,non_elective,2018/19,251,542287.065952,2160.506238
RXQ51,non_elective,2019/20,204,403006.565716,1975.522380
RXQ51,non_elective,2020/21,147,237597.700668,1616.310888
RXQ51,non_elective,2021/22,280,143033.241504,510.833005
RXQ51,non_elective,2022/23,177,136589.440388,771.691753
RXQ51,non_elective,2023/24,210,32360.929832,154.099665
RXQ61,elective,2016/17,1,5551.548648,5551.548648
RXQ61,elective,2017/18,8,62282.742868,7785.342858
RXQ61,elective,2018/19,12,83979.550416,6998.295868
RXQ61,elective,2019/20,21,107830.526068,5134.786955
RXQ61,elective,2020/21,10,41161.333644,4116.133364
RXQ61,elective,2021/22,18,126647.041432,7035.946746
RXQ61,elective,2022/23,5,24516.589392,4903.317878
RXQ61,elective,2023/24,2,12455.228348,6227.614174
RXQ61,non_elective,2012/13,19,5132.778022,270.146211
RXQ61,non_elective,2013/14,15,8498.946756,566.596450
RXQ61,non_elective,2014/15,31,63893.420419,2061.078078
RXQ61,non_elective,2015/16,96,286025.776052,2979.435167
RXQ61,non_elective,2016/17,62,186794.319392,3012.811603
RXQ61,non_elective,2017/18,36,103290.050192,2869.168060
RXQ61,non_elective,2018/19,45,142153.091104,3158.957580
RXQ61,non_elective,2019/20,22,61130.846032,2778.674819
RXQ61,non_elective,2020/21,37,58480.493140,1580.553868
RXQ61,non_elective,2021/22,18,21541.681040,1196.760057
RXQ61,non_elective,2022/23,14,31835.039968,2273.931426
RXQ61,non_elective,2023/24,2,17553.499540,8776.749770
RXQ62,elective,2015/16,1,3015.615308,3015.615308
RXQ62,non_elective,2014/15,6,41808.244188,6968.040698
RXQ62,non_elective,2015/16,38,65333.564192,1719.304320
RXQ62,non_elective,2016/17,37,48629.409788,1314.308372
RXQ65,elective,2015/16,1,26250.485680,26250.485680
RXQ65,elective,2016/17,12,52504.271924,4375.355993
RXQ65,non_elective,2013/14,7,437.075614,62.439373
RXQ65,non_elective,2014/15,11,53869.605232,4897.236839
RXQ65,non_elective,2015/16,130,371025.200744,2854.040005
RXQ65,non_elective,2016/17,91,109414.796788,1202.360404
RXQ91,elective,2021/22,46,191014.640560,4152.492186
RXQ91,elective,2022/23,24,147479.101212,6144.962550
RXQFN,elective,2012/13,4,1216.260151,304.065037
RXQFN,elective,2013/14,106,231227.874107,2181.395038
RXQFN,elective,2014/15,23,46746.871029,2032.472653
RXQFN,elective,2015/16,89,218970.417640,2460.341771
RXQFN,elective,2016/17,91,264119.932784,2902.416843
RXQFN,elective,2017/18,83,194004.951544,2337.409054
RXQFN,elective,2018/19,76,258680.603312,3403.692148
RXQFN,elective,2019/20,88,282469.968436,3209.886004
RXQFN,elective,2020/21,52,119665.248384,2301.254776
RXQFN,elective,2021/22,12,45037.295968,3753.107997
RXQFN,elective,2022/23,19,61182.554868,3220.134466
RXQFN,elective,2023/24,12,45485.072484,3790.422707
RXQFN,non_elective,2012/13,26,33676.561641,1295.252370
RXQFN,non_elective,2013/14,228,596481.209463,2616.145655
RXQFN,non_elective,2014/15,59,167755.151839,2843.307658
RXQFN,non_elective,2015/16,219,750772.691952,3428.185808
RXQFN,non_elective,2016/17,217,660849.705922,3045.390349
RXQFN,non_elective,2017/18,205,677111.804788,3302.984413
RXQFN,non_elective,2018/19,230,704299.650644,3062.172394
RXQFN,non_elective,2019/20,220,545867.077704,2481.213989
RXQFN,non_elective,2020/21,210,560673.407808,2669.873370
RXQFN,non_elective,2021/22,289,707617.025517,2448.501818
RXQFN,non_elective,2022/23,293,843020.155188,2877.201894
RXQFN,non_elective,2023/24,202,536545.184780,2656.164281
RXR00,elective,2020/21,2,5365.220596,2682.610298
RXR00,non_elective,2023/24,636,2417235.840744,3800.685284
RXR10,elective,2012/13,487,79305.138882,162.844227
RXR10,elective,2013/14,3931,10999888.631168,2798.241829
RXR10,elective,2014/15,3582,10412299.729994,2906.839678
RXR10,elective,2015/16,3736,13183065.387570,3528.657758
RXR10,elective,2016/17,3833,12581011.249299,3282.288350
RXR10,elective,2017/18,3741,13152333.514452,3515.726681
RXR10,elective,2018/19,3638,13021099.226631,3579.191651
RXR10,elective,2019/20,3551,12251827.086219,3450.246996
RXR10,elective,2020/21,1999,5279349.821047,2640.995408
RXR10,elective,2021/22,3069,10405031.552637,3390.365445
RXR10,elective,2022/23,3250,10627620.380184,3270.037040
RXR10,elective,2023/24,1083,3754001.374939,3466.298591
RXR10,non_elective,2012/13,398,1644.769314,4.132586
RXR10,non_elective,2013/14,3767,2608575.222060,692.480812
RXR10,non_elective,2014/15,4023,2643770.644380,657.163968
RXR10,non_elective,2015/16,3707,3108211.760402,838.470936
RXR10,non_elective,2016/17,2888,2485619.545415,860.671587
RXR10,non_elective,2017/18,2753,2602248.426414,945.240983
RXR10,non_elective,2018/19,2688,2654012.669950,987.355903
RXR10,non_elective,2019/20,2287,2095496.897947,916.264494
RXR10,non_elective,2020/21,1699,1401012.741743,824.610207
RXR10,non_elective,2021/22,1796,1463601.824081,814.923064
RXR10,non_elective,2022/23,1936,1976042.378422,1020.683046
RXR10,non_elective,2023/24,599,1031772.256924,1722.491246
RXR20,elective,2012/13,467,99332.502588,212.703431
RXR20,elective,2013/14,6266,13202759.540698,2107.047484
RXR20,elective,2014/15,6519,14001812.097599,2147.846617
RXR20,elective,2015/16,6508,16842842.975235,2588.021354
RXR20,elective,2016/17,6547,16965835.850591,2591.390843
RXR20,elective,2017/18,6705,18105228.245173,2700.257754
RXR20,elective,2018/19,6083,18172442.554713,2987.414524
RXR20,elective,2019/20,6949,18667495.509107,2686.357103
RXR20,elective,2020/21,5462,14968084.895780,2740.403679
RXR20,elective,2021/22,7144,19850958.465911,2778.689594
RXR20,elective,2022/23,6989,19171977.516539,2743.164618
RXR20,elective,2023/24,1924,5311586.471845,2760.699829
RXR20,non_elective,2012/13,9027,1014290.930268,112.361906
RXR20,non_elective,2013/14,53175,83227262.189652,1565.157728
RXR20,non_elective,2014/15,54067,89339842.892887,1652.391345
RXR20,non_elective,2015/16,54430,114611212.597504,2105.662550
RXR20,non_elective,2016/17,52887,115926404.923333,2191.964091
RXR20,non_elective,2017/18,54106,122980858.698991,2272.961569
RXR20,non_elective,2018/19,58164,132630811.533321,2280.290412
RXR20,non_elective,2019/20,65112,137964113.679281,2118.873843
RXR20,non_elective,2020/21,52707,109965281.742762,2086.350612
RXR20,non_elective,2021/22,63112,130507039.871711,2067.864112
RXR20,non_elective,2022/23,61302,134544595.180136,2194.783125
RXR20,non_elective,2023/24,13464,27020836.954706,2006.895198
RXR50,elective,2012/13,1,5357.632122,5357.632122
RXR50,elective,2013/14,9,10906.276374,1211.808486
RXR50,elective,2014/15,12,19200.332808,1600.027734
RXR50,elective,2015/16,10,56457.543378,5645.754337
RXR50,elective,2016/17,12,40842.562810,3403.546900
RXR50,elective,2017/18,2,6941.241362,3470.620681
RXR50,elective,2018/19,6,7628.513234,1271.418872
RXR50,elective,2019/20,5,8967.261568,1793.452313
RXR50,elective,2020/21,7,29159.963712,4165.709101
RXR50,elective,2021/22,4,7895.444720,1973.861180
RXR50,elective,2022/23,11,54741.409150,4976.491740
RXR50,elective,2023/24,1,7862.717488,7862.717488
RXR50,non_elective,2012/13,62,6137.168112,98.986582
RXR50,non_elective,2013/14,346,109796.869818,317.331993
RXR50,non_elective,2014/15,204,51947.039376,254.642349
RXR50,non_elective,2015/16,410,91026.704904,222.016353
RXR50,non_elective,2016/17,156,48170.660509,308.786285
RXR50,non_elective,2017/18,194,38082.225336,196.300130
RXR50,non_elective,2018/19,191,50184.142094,262.744199
RXR50,non_elective,2019/20,2,6035.106126,3017.553063
RXR50,non_elective,2020/21,452,44834.262388,99.190845
RXR50,non_elective,2021/22,587,96993.288388,165.235584
RXR50,non_elective,2022/23,449,135135.854558,300.970722
RXR50,non_elective,2023/24,137,351872.971204,2568.415848
RXR60,elective,2013/14,6,19767.174210,3294.529035
RXR60,elective,2014/15,5,25899.179832,5179.835966
RXR60,elective,2015/16,4,10383.737078,2595.934269
RXR60,elective,2016/17,2,3773.858940,1886.929470
RXR60,elective,2017/18,1,2784.882898,2784.882898
RXR60,non_elective,2013/14,87,24722.132112,284.162438
RXR60,non_elective,2014/15,32,8329.033064,260.282283
RXR60,non_elective,2015/16,59,38627.778066,654.708102
RXR60,non_elective,2016/17,45,31336.324640,696.362769
RXR60,non_elective,2017/18,55,48604.030424,883.709644
RXR60,non_elective,2018/19,1,4543.971618,4543.971618
RXR70,elective,2013/14,6,6351.927696,1058.654616
RXR70,elective,2014/15,6,9739.553634,1623.258939
RXR70,elective,2015/16,7,14250.664084,2035.809154
RXR70,elective,2016/17,3,6209.992272,2069.997424
RXR70,elective,2017/18,2,7620.331426,3810.165713
RXR70,non_elective,2012/13,94,50189.727780,533.933274
RXR70,non_elective,2013/14,342,375006.371094,1096.509857
RXR70,non_elective,2014/15,327,278156.385606,850.631148
RXR70,non_elective,2015/16,373,372457.377406,998.545247
RXR70,non_elective,2016/17,289,281679.358556,974.669060
RXR70,non_elective,2017/18,275,264856.374946,963.114090
RXR70,non_elective,2018/19,361,308118.707472,853.514425
RXR70,non_elective,2019/20,421,213346.779956,506.761947
RXR70,non_elective,2020/21,424,93319.656596,220.093529
RXR70,non_elective,2021/22,467,122646.324646,262.625962
RXR70,non_elective,2022/23,479,136108.630620,284.151629
RXR70,non_elective,2023/24,137,135486.649576,988.953646
RXR78,elective,2020/21,1,3728.858996,3728.858996
RXR82,elective,2021/22,1,1067.725944,1067.725944
RXR99,elective,2020/21,2,4153.290286,2076.645143
RXRE9,elective,2013/14,3,1681.939242,560.646414
RXRE9,elective,2015/16,10,30690.984534,3069.098453
RXRE9,elective,2016/17,28,37920.808491,1354.314588
RXRE9,elective,2017/18,17,32555.414032,1915.024354
RXRE9,elective,2018/19,8,11380.894928,1422.611866
RXRE9,elective,2019/20,17,33396.094804,1964.476164
RXRE9,elective,2020/21,4,8728.966410,2182.241602
RXRE9,elective,2021/22,4,4438.630840,1109.657710
RXRE9,elective,2022/23,5,10304.987176,2060.997435
RXRE9,elective,2023/24,12,47791.985980,3982.665498
RXWAD,elective,2014/15,4,2200.280000,550.070000
RXWAE,elective,2014/15,1,717.348750,717.348750
RXWAE,elective,2019/20,2,1210.561635,605.280817
RXWAS,elective,2012/13,263,93840.300000,356.807224
RXWAS,elective,2013/14,3781,10004270.664750,2645.932468
RXWAS,elective,2014/15,3474,9638758.664362,2774.541929
RXWAS,elective,2015/16,3079,10764750.095563,3496.183856
RXWAS,elective,2016/17,2839,10653246.550546,3752.464441
RXWAS,elective,2017/18,2660,10908941.889875,4101.105973
RXWAS,elective,2018/19,2642,10910180.677515,4129.515774
RXWAS,elective,2019/20,2495,10621251.794728,4257.014747
RXWAS,elective,2020/21,1773,6785295.095143,3827.013590
RXWAS,elective,2021/22,2023,8239687.901425,4073.004400
RXWAS,elective,2022/23,1932,7968713.578454,4124.592949
RXWAS,elective,2023/24,1361,5826999.079154,4281.410050
RXWAS,non_elective,2012/13,1947,503920.563750,258.818984
RXWAS,non_elective,2013/14,24003,40298733.400150,1678.904028
RXWAS,non_elective,2014/15,26792,46907757.856108,1750.812102
RXWAS,non_elective,2015/16,25817,59074298.770524,2288.193778
RXWAS,non_elective,2016/17,26597,63390743.493218,2383.379459
RXWAS,non_elective,2017/18,27404,66895518.816766,2441.085929
RXWAS,non_elective,2018/19,29380,71219960.305314,2424.096674
RXWAS,non_elective,2019/20,30434,75725278.192561,2488.180265
RXWAS,non_elective,2020/21,25628,65483788.133270,2555.165761
RXWAS,non_elective,2021/22,29734,73376389.370270,2467.760455
RXWAS,non_elective,2022/23,29285,75024427.947153,2561.872219
RXWAS,non_elective,2023/24,21047,54426689.476636,2585.959494
RXWAT,elective,2012/13,214,41720.141250,194.953931
RXWAT,elective,2013/14,2614,8076747.512900,3089.803945
RXWAT,elective,2014/15,3111,9662887.154889,3106.038944
RXWAT,elective,2015/16,3149,11549532.665386,3667.682650
RXWAT,elective,2016/17,2905,11350618.734871,3907.269788
RXWAT,elective,2017/18,2616,10673641.010092,4080.138000
RXWAT,elective,2018/19,2266,8968162.570809,3957.706341
RXWAT,elective,2019/20,2214,9008975.660305,4069.094697
RXWAT,elective,2020/21,732,2490705.576376,3402.603246
RXWAT,elective,2021/22,1153,4167176.374303,3614.203273
RXWAT,elective,2022/23,1120,4099208.027512,3660.007167
RXWAT,elective,2023/24,1104,4740837.046083,4294.236454
RXWAT,non_elective,2012/13,1735,315994.690000,182.129504
RXWAT,non_elective,2013/14,19355,31477772.128950,1626.338007
RXWAT,non_elective,2014/15,22097,36225273.354696,1639.375180
RXWAT,non_elective,2015/16,25580,50003588.216006,1954.792346
RXWAT,non_elective,2016/17,25088,50771194.969597,2023.724289
RXWAT,non_elective,2017/18,25874,54665187.996228,2112.745922
RXWAT,non_elective,2018/19,29651,58214939.127213,1963.338137
RXWAT,non_elective,2019/20,30218,58922930.061966,1949.928190
RXWAT,non_elective,2020/21,21483,45644198.160374,2124.665929
RXWAT,non_elective,2021/22,27195,54797543.021027,2014.985954
RXWAT,non_elective,2022/23,27262,54849567.555987,2011.942174
RXWAT,non_elective,2023/24,18563,37736834.967032,2032.906047
RXWAX,elective,2019/20,2,1348.473720,674.236860
RXWAX,elective,2020/21,1,600.683748,600.683748
RXWAX,elective,2022/23,2,1201.367496,600.683748
RXWFC,elective,2020/21,3,1844.957226,614.985742
RXWFC,elective,2022/23,3,2208.636502,736.212167
RXWFC,elective,2023/24,1,694.668280,694.668280
RXWFC,non_elective,2019/20,16,31212.058763,1950.753672
RXWFC,non_elective,2020/21,2,3099.446414,1549.723207
RXWFC,non_elective,2021/22,18,16279.755456,904.430858
RXWFC,non_elective,2022/23,10,26439.279051,2643.927905
RXWFC,non_elective,2023/24,4,6093.671015,1523.417753
RXWGM,elective,2020/21,3,1896.035776,632.011925
RXWGM,elective,2021/22,3,1802.051244,600.683748
RXWGM,elective,2022/23,2,1201.367496,600.683748
RXWGM,elective,2023/24,1,1058.347556,1058.347556
RXWMB,non_elective,2013/14,5,5204.113750,1040.822750
RXWMJ,non_elective,2013/14,3,3075.671250,1025.223750
RXWMJ,non_elective,2015/16,1,1124.749671,1124.749671
RXWML,non_elective,2014/15,1,606.513750,606.513750
RXWML,non_elective,2015/16,3,6134.533855,2044.844618
RXWMS,elective,2014/15,1,1438.802500,1438.802500
RXWMS,non_elective,2012/13,17,947.228750,55.719338
RXWMS,non_elective,2013/14,181,182460.066250,1008.066664
RXWMS,non_elective,2014/15,93,95030.750000,1021.836021
RXWMS,non_elective,2015/16,15,27244.276999,1816.285133
RXWMS,non_elective,2016/17,12,10665.201240,888.766770
RXWMS,non_elective,2017/18,2,665.042721,332.521360
RXWMT,elective,2018/19,320,1325112.434372,4140.976357
RXWMT,elective,2019/20,343,1437358.569568,4190.549765
RXWMT,elective,2020/21,416,1807750.588609,4345.554299
RXWMT,elective,2021/22,506,2138527.105841,4226.338153
RXWMT,elective,2022/23,564,2418422.236276,4287.982688
RXWMT,elective,2023/24,350,1530589.182170,4373.111949
RXWMT,non_elective,2013/14,1,1515.771250,1515.771250
RXWMT,non_elective,2014/15,43,35228.083750,819.257761
RXWMT,non_elective,2015/16,97,136352.370829,1405.694544
RXWMT,non_elective,2016/17,83,162930.358790,1963.016370
RXWMT,non_elective,2017/18,43,85331.825630,1984.461061
RXWMT,non_elective,2018/19,100,144246.846771,1442.468467
RXWMT,non_elective,2019/20,172,244433.530411,1421.125176
RXWMT,non_elective,2020/21,152,259028.521189,1704.135007
RXWMT,non_elective,2021/22,159,276290.690826,1737.677300
RXWMT,non_elective,2022/23,94,167378.932728,1780.626943
RXWMT,non_elective,2023/24,44,72978.866509,1658.610602
RXX22,non_elective,2019/20,12,5283.763380,440.313615
RXY03,elective,2014/15,11,3079.290370,279.935488
RXYD2,elective,2012/13,5,83629.180765,16725.836153
RXYD2,elective,2013/14,22,330309.310630,15014.059574
RXYD2,elective,2014/15,9,159843.263515,17760.362612
RXYD2,elective,2015/16,9,172103.304015,19122.589335
RXYD2,non_elective,2014/15,1,17774.506815,17774.506815
RY311,elective,2012/13,31,64777.727424,2089.604110
RY311,elective,2013/14,273,937076.407015,3432.514311
RY311,elective,2014/15,293,1211280.922080,4134.064580
RY311,elective,2015/16,253,1364502.944275,5393.292269
RY311,elective,2016/17,284,1504402.587450,5297.192209
RY311,elective,2017/18,252,1384529.951950,5494.166475
RY311,elective,2018/19,80,338026.462775,4225.330784
RY311,elective,2019/20,230,1206201.444975,5244.354108
RY311,elective,2020/21,15,141356.815175,9423.787678
RY311,elective,2021/22,145,802645.754975,5535.487965
RY311,elective,2022/23,153,740742.255025,4841.452647
RY311,elective,2023/24,48,250643.703250,5221.743817
RY311,non_elective,2012/13,1,2423.864486,2423.864486
RY311,non_elective,2013/14,40,112006.390569,2800.159764
RY311,non_elective,2014/15,30,86905.946033,2896.864867
RY311,non_elective,2015/16,27,117098.949075,4336.998113
RY311,non_elective,2016/17,26,97112.418400,3735.093015
RY311,non_elective,2017/18,36,161165.247050,4476.812418
RY311,non_elective,2018/19,7,47412.733950,6773.247707
RY311,non_elective,2019/20,8,32804.584650,4100.573081
RY311,non_elective,2021/22,10,49184.614625,4918.461462
RY311,non_elective,2022/23,2,3192.623375,1596.311687
RY311,non_elective,2023/24,2,21986.094475,10993.047237
RY312,elective,2013/14,1,688.018725,688.018725
RY312,elective,2015/16,1,3316.078225,3316.078225
RY312,elective,2016/17,2,10528.067700,5264.033850
RY312,elective,2019/20,8,30194.830075,3774.353759
RY312,elective,2020/21,14,80981.321975,5784.380141
RY312,elective,2021/22,10,82284.681375,8228.468137
RY312,elective,2022/23,10,82400.040825,8240.004082
RY312,elective,2023/24,9,76956.896250,8550.766250
RY312,non_elective,2013/14,12,46880.066991,3906.672249
RY312,non_elective,2014/15,5,20480.533691,4096.106738
RY312,non_elective,2015/16,2,6141.372825,3070.686412
RY312,non_elective,2016/17,4,9501.975750,2375.493937
RY312,non_elective,2019/20,1,6749.539750,6749.539750
RY312,non_elective,2021/22,12,87151.028700,7262.585725
RY312,non_elective,2022/23,12,55039.612675,4586.634389
RY312,non_elective,2023/24,8,39705.913150,4963.239143
RY319,elective,2012/13,1,4151.555951,4151.555951
RY319,elective,2013/14,34,113917.553694,3350.516285
RY319,elective,2014/15,39,142187.294202,3645.828056
RY319,elective,2015/16,25,93920.806950,3756.832278
RY319,elective,2016/17,23,82153.131125,3571.875266
RY319,elective,2017/18,6,23491.838875,3915.306479
RY319,elective,2018/19,6,14362.251525,2393.708587
RY319,elective,2019/20,3,10550.330050,3516.776683
RY319,elective,2020/21,2,6183.873675,3091.936837
RY319,elective,2021/22,8,44157.371225,5519.671403
RY319,elective,2022/23,11,52087.827450,4735.257040
RY319,elective,2023/24,8,58172.532475,7271.566559
RY319,non_elective,2013/14,1,3086.401036,3086.401036
RY319,non_elective,2014/15,1,512.701361,512.701361
RY319,non_elective,2016/17,1,4923.015125,4923.015125
RY319,non_elective,2021/22,2,12155.243100,6077.621550
RY319,non_elective,2022/23,8,108861.879575,13607.734946
RY319,non_elective,2023/24,8,71281.008925,8910.126115
RY332,elective,2019/20,1,10541.222725,10541.222725
RY332,elective,2020/21,1,3316.078225,3316.078225
RY332,elective,2021/22,13,98411.730100,7570.133084
RY332,elective,2022/23,16,77287.795725,4830.487232
RY332,elective,2023/24,18,121428.976150,6746.054230
RY332,non_elective,2012/13,7,34726.088803,4960.869829
RY332,non_elective,2013/14,49,138254.050106,2821.511226
RY332,non_elective,2014/15,33,120883.228246,3663.128128
RY332,non_elective,2015/16,14,73197.594875,5228.399633
RY332,non_elective,2016/17,13,47351.006525,3642.385117
RY332,non_elective,2017/18,2,7792.834425,3896.417212
RY332,non_elective,2018/19,3,10332.766175,3444.255391
RY332,non_elective,2019/20,11,39252.570750,3568.415522
RY332,non_elective,2020/21,1,4495.982775,4495.982775
RY332,non_elective,2021/22,2,7175.560175,3587.780087
RY332,non_elective,2022/23,10,58816.116775,5881.611677
RY332,non_elective,2023/24,11,71938.760175,6539.887288
RY335,elective,2012/13,11,23221.396434,2111.036039
RY335,elective,2013/14,4,8919.780537,2229.945134
RY335,elective,2014/15,24,99960.794417,4165.033100
RY335,elective,2015/16,6,26669.283375,4444.880562
RY335,elective,2016/17,1,506.974425,506.974425
RY335,elective,2020/21,4,28859.089075,7214.772268
RY335,elective,2021/22,1,883.410525,883.410525
RY335,elective,2022/23,16,105417.286875,6588.580429
RY335,elective,2023/24,17,58399.203675,3435.247275
RY335,non_elective,2012/13,10,22813.681634,2281.368163
RY335,non_elective,2013/14,76,245652.244148,3232.266370
RY335,non_elective,2014/15,68,281873.801953,4145.202969
RY335,non_elective,2015/16,46,262180.660175,5699.579569
RY335,non_elective,2016/17,60,298453.111800,4974.218530
RY335,non_elective,2017/18,22,113046.189450,5138.463156
RY335,non_elective,2018/19,16,85874.991275,5367.186954
RY335,non_elective,2019/20,25,102211.508475,4088.460339
RY335,non_elective,2020/21,1,5519.038950,5519.038950
RY335,non_elective,2021/22,11,65393.629275,5944.875388
RY335,non_elective,2022/23,6,27815.794400,4635.965733
RY335,non_elective,2023/24,3,10001.866700,3333.955566
RY33E,elective,2012/13,2,4670.373034,2335.186517
RY33E,elective,2013/14,39,120715.178697,3095.260992
RY33E,elective,2014/15,60,172207.763901,2870.129398
RY33E,elective,2015/16,58,191311.504725,3298.474219
RY33E,elective,2016/17,107,418834.745575,3914.343416
RY33E,elective,2017/18,52,243520.763175,4683.091599
RY33E,elective,2018/19,8,32664.939000,4083.117375
RY33E,elective,2019/20,20,93915.747325,4695.787366
RY33E,elective,2020/21,1,10005.914400,10005.914400
RY33E,elective,2021/22,13,68631.789275,5279.368405
RY33E,elective,2022/23,6,48519.779900,8086.629983
RY33E,elective,2023/24,6,58884.927675,9814.154612
RY33E,non_elective,2013/14,6,21461.087785,3576.847964
RY33E,non_elective,2015/16,2,4773.250225,2386.625112
RY33E,non_elective,2016/17,2,7534.793550,3767.396775
RY33E,non_elective,2019/20,1,3211.849950,3211.849950
RY33E,non_elective,2020/21,2,9311.733850,4655.866925
RY33E,non_elective,2021/22,14,71753.577900,5125.255564
RY33E,non_elective,2022/23,15,91507.365825,6100.491055
RY33E,non_elective,2023/24,5,23339.038200,4667.807640
RY352,elective,2020/21,7,10256.871800,1465.267400
RY352,elective,2021/22,207,303310.351800,1465.267400
RY352,elective,2022/23,203,299471.108350,1475.227134
RY352,elective,2023/24,98,123835.333800,1263.625855
RY386,elective,2013/14,5,9792.290209,1958.458041
RY386,elective,2014/15,48,161737.980117,3369.541252
RY386,elective,2015/16,69,441003.998475,6391.362296
RY386,elective,2016/17,11,45705.616475,4155.056043
RY386,elective,2017/18,2,6762.694775,3381.347387
RY386,elective,2018/19,1,963.352600,963.352600
RY386,elective,2019/20,1,3949.543275,3949.543275
RY386,elective,2020/21,1,3836.207675,3836.207675
RY386,elective,2021/22,2,12764.421950,6382.210975
RY386,elective,2022/23,1,9292.507275,9292.507275
RY386,elective,2023/24,2,3943.471725,1971.735862
RY386,non_elective,2013/14,11,26380.166847,2398.196986
RY386,non_elective,2014/15,8,24703.439732,3087.929966
RY386,non_elective,2019/20,1,1329.669450,1329.669450
RY386,non_elective,2020/21,1,19179.014525,19179.014525
RY386,non_elective,2021/22,4,19846.885025,4961.721256
RY386,non_elective,2022/23,7,71716.136675,10245.162382
RY386,non_elective,2023/24,12,51378.468025,4281.539002
RY387,elective,2013/14,10,26488.211269,2648.821126
RY387,elective,2014/15,11,44115.760647,4010.523695
RY387,elective,2015/16,5,25762.598575,5152.519715
RY387,elective,2016/17,7,51057.687800,7293.955400
RY387,non_elective,2012/13,4,10552.678311,2638.169577
RY387,non_elective,2013/14,30,124172.600201,4139.086673
RY387,non_elective,2014/15,20,85911.970047,4295.598502
RY387,non_elective,2015/16,20,76303.192700,3815.159635
RY387,non_elective,2016/17,26,140385.367175,5399.437199
RY387,non_elective,2017/18,3,10039.307925,3346.435975
RY390,elective,2013/14,1,2065.075462,2065.075462
RY390,non_elective,2012/13,10,28742.874113,2874.287411
RY390,non_elective,2013/14,58,185092.326330,3191.247005
RY390,non_elective,2014/15,43,146684.572883,3411.269136
RY390,non_elective,2015/16,26,129348.301200,4974.934661
RY390,non_elective,2016/17,41,171936.176750,4193.565286
RY390,non_elective,2017/18,19,64714.627600,3406.033031
RY400,elective,2012/13,1,4742.834859,4742.834859
RY400,elective,2014/15,3,20648.752674,6882.917558
RY400,non_elective,2014/15,1,6113.819427,6113.819427
RY407,elective,2013/14,7,43961.164935,6280.166419
RY407,elective,2014/15,1,5848.247913,5848.247913
RY407,elective,2015/16,1,2205.098640,2205.098640
RY407,elective,2016/17,1,2205.098640,2205.098640
RY409,elective,2013/14,8,33378.026610,4172.253326
RY409,elective,2014/15,10,29627.112705,2962.711270
RY409,elective,2015/16,5,18862.918416,3772.583683
RY409,non_elective,2013/14,2,4898.319036,2449.159518
RY409,non_elective,2014/15,2,2780.556450,1390.278225
RY409,non_elective,2015/16,5,14305.714560,2861.142912
RY411,elective,2012/13,78,109014.836655,1397.626110
RY411,elective,2013/14,44,178515.128853,4057.162019
RY412,elective,2012/13,20,81273.962652,4063.698132
RY412,elective,2013/14,62,381777.210111,6157.696937
RY412,elective,2014/15,3,13802.909202,4600.969734
RY412,elective,2015/16,4,7589.488752,1897.372188
RY412,non_elective,2013/14,1,2496.826200,2496.826200
RY539,elective,2021/22,22,123153.544260,5597.888375
RY539,elective,2022/23,372,1580263.387524,4248.019858
RY539,elective,2023/24,255,1109696.441562,4351.750751
RY539,non_elective,2022/23,37,196315.932096,5305.836002
RY539,non_elective,2023/24,19,84485.500308,4446.605279
RY567,elective,2021/22,3,13137.324012,4379.108004
RY567,elective,2022/23,68,375366.448782,5520.094835
RY567,elective,2023/24,49,234673.837092,4789.261981
RY567,non_elective,2021/22,4,27550.677258,6887.669314
RY567,non_elective,2022/23,87,389908.519830,4481.707124
RY567,non_elective,2023/24,30,156136.720878,5204.557362
RY568,elective,2021/22,18,115550.072208,6419.448456
RY568,elective,2022/23,285,1290925.025622,4529.561493
RY568,elective,2023/24,189,824261.168286,4361.170202
RY568,non_elective,2022/23,5,14993.090118,2998.618023
RY568,non_elective,2023/24,11,44801.903304,4072.900300
RY572,elective,2012/13,4,21174.670073,5293.667518
RY572,elective,2013/14,14,39469.316918,2819.236922
RY572,elective,2014/15,17,48851.733915,2873.631406
RY572,elective,2015/16,6,23108.392800,3851.398800
RY572,elective,2016/17,10,48271.202802,4827.120280
RY572,elective,2017/18,27,114421.004244,4237.814972
RY572,elective,2018/19,59,251683.843950,4265.827863
RY572,elective,2019/20,154,648093.119544,4208.396880
RY572,elective,2020/21,163,608032.490868,3730.260680
RY572,elective,2021/22,202,677422.534932,3353.576905
RY572,elective,2022/23,164,668398.099428,4075.598167
RY572,elective,2023/24,176,740842.910856,4209.334720
RY572,non_elective,2012/13,288,168040.621856,583.474381
RY572,non_elective,2013/14,1361,2904131.744020,2133.822001
RY572,non_elective,2014/15,1120,2661604.707950,2376.432774
RY572,non_elective,2015/16,903,2806342.006140,3107.798456
RY572,non_elective,2016/17,640,2115803.431242,3305.942861
RY572,non_elective,2017/18,139,542944.864674,3906.078163
RY572,non_elective,2018/19,47,187290.483066,3984.903895
RY572,non_elective,2019/20,66,198858.868830,3013.013164
RY572,non_elective,2020/21,44,175712.975568,3993.476717
RY572,non_elective,2021/22,100,361241.950446,3612.419504
RY572,non_elective,2022/23,33,145370.034180,4405.152550
RY572,non_elective,2023/24,10,40125.494340,4012.549434
RY800,elective,2023/24,1,1244.729420,1244.729420
RY800,non_elective,2020/21,1,738.608036,738.608036
RY800,non_elective,2022/23,5,44476.959672,8895.391934
RY800,non_elective,2023/24,23,84437.917564,3671.213807
RY87V,non_elective,2012/13,2,6692.876675,3346.438337
RY87V,non_elective,2013/14,50,175736.261290,3514.725225
RY87V,non_elective,2014/15,31,112036.927457,3614.094434
RY87V,non_elective,2015/16,41,208464.402896,5084.497631
RY87V,non_elective,2016/17,27,209016.815870,7741.363550
RY87V,non_elective,2017/18,36,159830.458442,4439.734956
RY87V,non_elective,2018/19,34,157899.584788,4644.105434
RY87V,non_elective,2019/20,43,217880.112302,5066.979355
RY87V,non_elective,2020/21,21,86272.093230,4108.194915
RY87V,non_elective,2021/22,27,167800.841538,6214.845982
RY87V,non_elective,2022/23,19,78220.442676,4116.865404
RY87V,non_elective,2023/24,4,15803.948826,3950.987206
RY8AE,non_elective,2012/13,7,26834.462055,3833.494579
RY8AE,non_elective,2013/14,94,371725.569900,3954.527339
RY8AE,non_elective,2014/15,98,391342.938632,3993.295292
RY8AE,non_elective,2015/16,89,359041.686848,4034.176256
RY8AE,non_elective,2016/17,72,309849.157208,4303.460516
RY8AE,non_elective,2017/18,67,301256.409402,4496.364319
RY8AE,non_elective,2018/19,60,270474.559456,4507.909324
RY8AE,non_elective,2019/20,34,162457.763350,4778.169510
RY8AE,non_elective,2020/21,13,59116.417834,4547.416756
RY8AE,non_elective,2021/22,13,57770.875618,4443.913509
RY8AE,non_elective,2022/23,14,77404.681990,5528.905856
RY8AE,non_elective,2023/24,5,15080.771320,3016.154264
RY8AH,elective,2013/14,11,21258.268890,1932.569899
RY8AH,elective,2014/15,5,11460.970775,2292.194155
RY8AH,elective,2015/16,5,15529.285392,3105.857078
RY8AH,elective,2016/17,1,1244.729420,1244.729420
RY8AH,elective,2017/18,5,9310.781802,1862.156360
RY8AH,elective,2018/19,8,25862.596982,3232.824622
RY8AH,elective,2019/20,2,4199.161564,2099.580782
RY8AH,elective,2020/21,1,604.876776,604.876776
RY8AH,elective,2021/22,5,14045.897108,2809.179421
RY8AH,elective,2022/23,2,5684.607252,2842.303626
RY8AH,elective,2023/24,1,4099.377470,4099.377470
RY8AH,non_elective,2021/22,1,4163.156994,4163.156994
RY8AH,non_elective,2022/23,1,6660.845450,6660.845450
RY8AJ,non_elective,2012/13,5,12143.159130,2428.631826
RY8AJ,non_elective,2013/14,23,100367.348750,4363.797771
RY8DE,non_elective,2012/13,6,16286.859955,2714.476659
RY8DE,non_elective,2013/14,55,182994.704105,3327.176438
RY8DE,non_elective,2014/15,34,111066.278766,3266.655257
RY8DE,non_elective,2015/16,42,217642.482140,5181.963860
RY8DE,non_elective,2016/17,22,108667.964472,4939.452930
RY8DE,non_elective,2017/18,16,100908.465286,6306.779080
RY8DE,non_elective,2018/19,7,50539.100558,7219.871508
RY8DE,non_elective,2019/20,9,48845.857066,5427.317451
RY8DE,non_elective,2020/21,2,6367.665380,3183.832690
RY8DF,elective,2018/19,1,741.694142,741.694142
RY8DF,elective,2019/20,2,5791.592260,2895.796130
RY8DF,elective,2021/22,1,2895.796130,2895.796130
RY8DF,non_elective,2012/13,5,14844.047065,2968.809413
RY8DF,non_elective,2013/14,27,89779.496505,3325.166537
RY8DG,elective,2016/17,1,6888.188592,6888.188592
RY8DG,elective,2017/18,1,674.828512,674.828512
RY8DG,elective,2018/19,3,7196.799192,2398.933064
RY8DG,non_elective,2012/13,4,7980.881315,1995.220328
RY8DG,non_elective,2013/14,41,108242.960455,2640.072206
RY8DG,non_elective,2014/15,35,103283.962471,2950.970356
RY8DG,non_elective,2015/16,45,200579.402066,4457.320045
RY8DG,non_elective,2016/17,48,227985.052048,4749.688584
RY8DG,non_elective,2017/18,44,155545.914612,3535.134423
RY8DG,non_elective,2018/19,33,126921.252760,3846.098568
RY8DG,non_elective,2019/20,23,100374.568948,4364.111693
RY8DG,non_elective,2020/21,16,61027.746150,3814.234134
RY8DG,non_elective,2021/22,4,23850.455870,5962.613967
RY8NA,non_elective,2012/13,8,20641.100000,2580.137500
RY8NA,non_elective,2013/14,105,344461.772965,3280.588313
RY8NA,non_elective,2014/15,76,270590.244371,3560.397952
RY8NA,non_elective,2015/16,58,263654.265196,4545.763193
RY8NA,non_elective,2016/17,35,156023.232340,4457.806638
RY8NA,non_elective,2017/18,52,243993.712572,4692.186780
RY8NR,elective,2015/16,1,2071.805828,2071.805828
RY8NR,elective,2017/18,1,2935.915508,2935.915508
RY8NR,elective,2018/19,1,3371.056454,3371.056454
RY8NR,non_elective,2014/15,2,6387.388395,3193.694197
RY8NR,non_elective,2015/16,2,22321.804698,11160.902349
RY8NR,non_elective,2016/17,2,8228.587298,4114.293649
RY8NR,non_elective,2018/19,3,10794.170086,3598.056695
RY8NR,non_elective,2019/20,4,10964.934618,2741.233654
RY8NR,non_elective,2022/23,2,4980.975084,2490.487542
RY8NR,non_elective,2023/24,2,18638.022836,9319.011418
RY8NT,non_elective,2012/13,1,2836.087140,2836.087140
RY8NT,non_elective,2014/15,11,38134.570448,3466.779131
RY8NT,non_elective,2015/16,7,31277.684310,4468.240615
RY8NT,non_elective,2016/17,2,5465.493726,2732.746863
RY8NT,non_elective,2017/18,1,7111.416926,7111.416926
RY8NW,elective,2013/14,22,65355.914930,2970.723405
RY8NW,elective,2014/15,1,419.014330,419.014330
RY8NW,elective,2018/19,2,3208.521538,1604.260769
RY8NW,elective,2020/21,2,16969.468192,8484.734096
RY8NW,elective,2021/22,1,4252.654068,4252.654068
RY8NW,elective,2023/24,2,7645.313264,3822.656632
RY8NW,non_elective,2012/13,2,6000.367770,3000.183885
RY8NW,non_elective,2013/14,45,123575.169535,2746.114878
RY8NW,non_elective,2014/15,52,145561.107621,2799.252069
RY8NW,non_elective,2015/16,48,142047.286968,2959.318478
RY8NW,non_elective,2016/17,33,131359.073188,3980.577975
RY8NW,non_elective,2017/18,33,120344.760874,3646.810935
RY8NW,non_elective,2018/19,34,147308.068996,4332.590264
RY8NW,non_elective,2019/20,29,132217.010656,4559.207264
RY8NW,non_elective,2020/21,20,90425.991906,4521.299595
RY8NW,non_elective,2021/22,19,109987.789138,5788.831007
RY8NW,non_elective,2022/23,17,81913.482856,4818.440168
RY8NW,non_elective,2023/24,4,12700.354892,3175.088723
RY8RH,elective,2013/14,7,9665.195075,1380.742153
RY8RH,elective,2014/15,25,36934.364870,1477.374594
RY8RH,elective,2015/16,26,55119.910564,2119.996560
RY8RH,elective,2016/17,31,48585.595460,1567.277272
RY8RH,elective,2017/18,21,44392.606108,2113.933624
RY8RH,elective,2018/19,16,43605.649078,2725.353067
RY8RH,elective,2019/20,7,7503.352388,1071.907484
RY8RH,elective,2020/21,2,3316.535248,1658.267624
RY8RH,elective,2021/22,11,36365.644402,3305.967672
RY8RH,elective,2022/23,8,36006.627404,4500.828425
RY8RH,elective,2023/24,1,1244.729420,1244.729420
RY8RH,non_elective,2012/13,8,28131.755190,3516.469398
RY8RH,non_elective,2013/14,86,292999.382445,3406.969563
RY8RH,non_elective,2014/15,95,283335.697622,2982.481027
RY8RH,non_elective,2015/16,113,467767.258632,4139.533262
RY8RH,non_elective,2016/17,89,406540.972996,4567.876101
RY8RH,non_elective,2017/18,83,367781.539040,4431.102880
RY8RH,non_elective,2018/19,62,266554.176134,4299.260905
RY8RH,non_elective,2019/20,22,75675.433928,3439.792451
RY8RH,non_elective,2020/21,4,14435.775166,3608.943791
RY8RH,non_elective,2021/22,22,103255.963250,4693.452875
RY8RH,non_elective,2022/23,17,99985.719592,5881.512917
RY8RH,non_elective,2023/24,21,90078.290630,4289.442410
RY8RK,elective,2013/14,1,824.611945,824.611945
RY8RK,elective,2014/15,2,1626.518680,813.259340
RY8RK,elective,2016/17,1,2895.796130,2895.796130
RY8RL,elective,2013/14,1,613.040670,613.040670
RY8RL,elective,2014/15,2,1209.568460,604.784230
RY8RL,elective,2016/17,6,10912.470816,1818.745136
RY8RL,elective,2019/20,3,8687.388390,2895.796130
RY8RL,elective,2021/22,2,1483.388284,741.694142
RY8RL,elective,2022/23,2,1483.388284,741.694142
RYJ00,elective,2014/15,136,431311.024312,3171.404590
RYJ00,elective,2015/16,50,143331.749197,2866.634983
RYJ00,elective,2018/19,1,867.380459,867.380459
RYJ00,elective,2019/20,5,3181.179621,636.235924
RYJ00,elective,2020/21,117,314818.103180,2690.753018
RYJ00,elective,2021/22,61,47881.107852,784.936194
RYJ00,elective,2023/24,2,4691.151302,2345.575651
RYJ00,non_elective,2013/14,2,4655.227025,2327.613512
RYJ00,non_elective,2014/15,312,841802.739231,2698.085702
RYJ00,non_elective,2015/16,3172,11359810.723920,3581.277025
RYJ00,non_elective,2016/17,1806,7714641.438007,4271.673000
RYJ00,non_elective,2017/18,2159,11930194.382207,5525.796378
RYJ00,non_elective,2018/19,2209,11953170.737415,5411.123013
RYJ00,non_elective,2019/20,2057,10252457.715402,4984.179735
RYJ00,non_elective,2020/21,742,3016732.347784,4065.677018
RYJ00,non_elective,2021/22,792,2471290.091009,3120.315771
RYJ00,non_elective,2022/23,5,17433.523391,3486.704678
RYJ00,non_elective,2023/24,4,14221.744188,3555.436047
RYJ01,elective,2012/13,657,145167.586300,220.955230
RYJ01,elective,2013/14,4308,13799154.278961,3203.146304
RYJ01,elective,2014/15,4491,15110312.754174,3364.576431
RYJ01,elective,2015/16,3628,15417167.830483,4249.494991
RYJ01,elective,2016/17,3714,15994747.592458,4306.609475
RYJ01,elective,2017/18,3758,17070497.211533,4542.442046
RYJ01,elective,2018/19,3950,20052374.234484,5076.550439
RYJ01,elective,2019/20,3706,16659009.532573,4495.145583
RYJ01,elective,2020/21,2650,13411672.579763,5061.008520
RYJ01,elective,2021/22,3256,14378074.615927,4415.870582
RYJ01,elective,2022/23,3541,13921109.014417,3931.406104
RYJ01,elective,2023/24,2690,9927517.211468,3690.526844
RYJ01,non_elective,2012/13,3640,631443.586408,173.473512
RYJ01,non_elective,2013/14,18152,30611887.914158,1686.419563
RYJ01,non_elective,2014/15,22687,51891597.193394,2287.283342
RYJ01,non_elective,2015/16,22668,67147088.223142,2962.197292
RYJ01,non_elective,2016/17,21537,70597442.045535,3277.960813
RYJ01,non_elective,2017/18,22896,81388806.476604,3554.717264
RYJ01,non_elective,2018/19,24058,84540206.902171,3514.016414
RYJ01,non_elective,2019/20,24934,96128484.379720,3855.317413
RYJ01,non_elective,2020/21,17915,79991090.668543,4465.034366
RYJ01,non_elective,2021/22,23446,94824770.852400,4044.390124
RYJ01,non_elective,2022/23,23060,96829928.483939,4199.042865
RYJ01,non_elective,2023/24,16330,64265963.372069,3935.453972
RYJ02,elective,2012/13,1770,202217.052017,114.246922
RYJ02,elective,2013/14,7868,23351105.364593,2967.857824
RYJ02,elective,2014/15,6808,21344765.070206,3135.247513
RYJ02,elective,2015/16,6442,23208089.424910,3602.621767
RYJ02,elective,2016/17,6716,25516803.607236,3799.404944
RYJ02,elective,2017/18,6815,26753100.229631,3925.619989
RYJ02,elective,2018/19,6762,28080644.699653,4152.712910
RYJ02,elective,2019/20,5620,27184880.350865,4837.167322
RYJ02,elective,2020/21,3647,16269999.965589,4461.200977
RYJ02,elective,2021/22,6563,28387796.889661,4325.429969
RYJ02,elective,2022/23,5389,28261935.548116,5244.374753
RYJ02,elective,2023/24,3417,19133714.348885,5599.565217
RYJ02,non_elective,2012/13,3920,428452.641702,109.299143
RYJ02,non_elective,2013/14,19626,22170902.325084,1129.669944
RYJ02,non_elective,2014/15,20411,44153987.283377,2163.244685
RYJ02,non_elective,2015/16,21886,54656760.501227,2497.338961
RYJ02,non_elective,2016/17,21134,59592165.869787,2819.729623
RYJ02,non_elective,2017/18,21965,65509774.063164,2982.461828
RYJ02,non_elective,2018/19,21160,69829129.180864,3300.053363
RYJ02,non_elective,2019/20,21882,78562105.312408,3590.261644
RYJ02,non_elective,2020/21,13754,64934576.737508,4721.141248
RYJ02,non_elective,2021/22,15944,76167409.717680,4777.183248
RYJ02,non_elective,2022/23,16398,82186063.532995,5011.956551
RYJ02,non_elective,2023/24,14556,56526809.032601,3883.402654
RYJ03,elective,2012/13,864,206793.156325,239.343930
RYJ03,elective,2013/14,4830,15513262.561755,3211.855602
RYJ03,elective,2014/15,4296,16230329.814314,3778.009733
RYJ03,elective,2015/16,3542,19066023.860190,5382.841293
RYJ03,elective,2016/17,4067,21060043.538063,5178.274781
RYJ03,elective,2017/18,4275,22087346.839635,5166.630839
RYJ03,elective,2018/19,4374,25220131.656385,5765.919445
RYJ03,elective,2019/20,4014,26260702.360034,6542.277618
RYJ03,elective,2020/21,2580,16856291.546232,6533.446335
RYJ03,elective,2021/22,3401,21380920.358466,6286.656971
RYJ03,elective,2022/23,3910,24536554.424487,6275.333612
RYJ03,elective,2023/24,2406,16697386.551691,6939.894659
RYJ03,non_elective,2012/13,2809,717862.133149,255.557897
RYJ03,non_elective,2013/14,11873,18512072.244813,1559.173944
RYJ03,non_elective,2014/15,11466,28595800.228935,2493.964785
RYJ03,non_elective,2015/16,10067,32378229.109201,3216.273875
RYJ03,non_elective,2016/17,7363,29888592.156136,4059.295417
RYJ03,non_elective,2017/18,7068,28528338.262933,4036.267439
RYJ03,non_elective,2018/19,7126,31209070.158720,4379.605691
RYJ03,non_elective,2019/20,7139,33199815.057601,4650.485370
RYJ03,non_elective,2020/21,6066,28892196.080034,4762.973306
RYJ03,non_elective,2021/22,6610,30665127.104921,4639.202285
RYJ03,non_elective,2022/23,6340,30059432.941297,4741.235479
RYJ03,non_elective,2023/24,4305,20689527.122414,4805.929645
RYJ04,elective,2013/14,1,10704.911225,10704.911225
RYJ04,elective,2014/15,763,3397657.458782,4453.024192
RYJ04,elective,2015/16,821,4867260.911516,5928.454216
RYJ04,elective,2016/17,877,5081924.217225,5794.668434
RYJ04,elective,2017/18,948,5528347.744862,5831.590448
RYJ04,elective,2018/19,905,5779041.764145,6385.681507
RYJ04,elective,2019/20,1012,8113363.806874,8017.157911
RYJ04,elective,2020/21,906,5852999.423862,6460.264264
RYJ04,elective,2021/22,1400,9560318.826394,6828.799161
RYJ04,elective,2022/23,1489,10971165.421167,7368.143331
RYJ04,elective,2023/24,1067,7656051.229679,7175.305744
RYJ04,non_elective,2014/15,748,1438797.800832,1923.526471
RYJ04,non_elective,2015/16,724,1839976.109573,2541.403466
RYJ04,non_elective,2016/17,884,2558653.839516,2894.404795
RYJ04,non_elective,2017/18,664,1663566.741844,2505.371599
RYJ04,non_elective,2018/19,592,1486694.967348,2511.309066
RYJ04,non_elective,2019/20,533,1314583.875828,2466.386258
RYJ04,non_elective,2020/21,95,317992.597966,3347.290504
RYJ04,non_elective,2021/22,166,637953.690582,3843.094521
RYJ04,non_elective,2022/23,234,819043.205532,3500.184639
RYJ04,non_elective,2023/24,174,639944.428771,3677.841544
RYJ05,elective,2015/16,1,517.839080,517.839080
RYJ05,elective,2016/17,1,2017.218598,2017.218598
RYJ05,elective,2020/21,3,14102.876581,4700.958860
RYJ05,elective,2021/22,2,12716.268292,6358.134146
RYJ07,elective,2013/14,261,421561.912325,1615.179740
RYJ07,elective,2014/15,267,389110.005408,1457.340844
RYJ07,elective,2015/16,199,375780.697102,1888.345211
RYJ07,elective,2016/17,188,325002.962203,1728.739160
RYJ07,elective,2017/18,91,165202.435590,1815.411380
RYJ07,elective,2018/19,110,206028.150744,1872.983188
RYJ07,elective,2019/20,101,167436.205076,1657.784208
RYJ07,elective,2020/21,28,50875.335796,1816.976278
RYJ07,elective,2021/22,51,76594.284467,1501.848715
RYJ07,elective,2022/23,3,5984.572095,1994.857365
RYJ07,elective,2023/24,79,125744.274601,1591.699678
RYJ07,non_elective,2012/13,27,5294.715400,196.100570
RYJ07,non_elective,2013/14,330,740571.097963,2244.154842
RYJ07,non_elective,2014/15,370,822087.315069,2221.857608
RYJ07,non_elective,2015/16,343,824080.885332,2402.568178
RYJ07,non_elective,2016/17,504,987560.740992,1959.445914
RYJ07,non_elective,2017/18,525,967955.706495,1843.725155
RYJ07,non_elective,2018/19,343,669601.237650,1952.190197
RYJ07,non_elective,2019/20,288,595138.331760,2066.452540
RYJ07,non_elective,2020/21,124,255678.338122,2061.922081
RYJ07,non_elective,2021/22,132,264905.300771,2006.858339
RYJ07,non_elective,2023/24,32,89235.442554,2788.607579
RYQ10,elective,2012/13,174,18734.486370,107.669461
RYQ10,elective,2013/14,1105,3091260.164693,2797.520511
RYQ10,non_elective,2012/13,28,23408.035658,836.001273
RYQ10,non_elective,2013/14,48,127370.807776,2653.558495
RYQ30,elective,2012/13,483,72891.490201,150.914058
RYQ30,elective,2013/14,2551,6315308.852006,2475.620874
RYQ30,non_elective,2012/13,3561,777303.437805,218.282347
RYQ30,non_elective,2013/14,11817,25505628.619435,2158.384413
RYQ50,elective,2012/13,404,106448.853864,263.487262
RYQ50,elective,2013/14,1746,5041419.472765,2887.410923
RYQ50,non_elective,2012/13,5265,736887.427266,139.959625
RYQ50,non_elective,2013/14,11526,23913815.835979,2074.771458
RYR00,elective,2022/23,14,45903.621450,3278.830103
RYR00,non_elective,2022/23,2,23549.236697,11774.618348
RYR07,elective,2013/14,1,373.994168,373.994168
RYR07,elective,2014/15,1,2243.965008,2243.965008
RYR07,elective,2015/16,5,26345.232024,5269.046404
RYR07,elective,2021/22,150,849620.154911,5664.134366
RYR07,elective,2022/23,182,1102557.986934,6058.010917
RYR07,elective,2023/24,26,164154.274768,6313.625952
RYR14,elective,2013/14,36,60692.984200,1685.916227
RYR14,elective,2014/15,25,37172.426120,1486.897044
RYR14,elective,2015/16,15,36367.783820,2424.518921
RYR14,elective,2016/17,35,88946.491611,2541.328331
RYR14,elective,2017/18,16,42048.552809,2628.034550
RYR14,elective,2018/19,15,36421.050821,2428.070054
RYR14,elective,2019/20,15,33789.034301,2252.602286
RYR14,elective,2020/21,5,11242.470564,2248.494112
RYR14,elective,2021/22,3,9703.994241,3234.664747
RYR14,elective,2022/23,450,518932.345997,1153.182991
RYR14,elective,2023/24,141,166610.823520,1181.637046
RYR14,non_elective,2013/14,1,779.334668,779.334668
RYR14,non_elective,2017/18,7,9130.590642,1304.370091
RYR14,non_elective,2018/19,4,8652.232084,2163.058021
RYR14,non_elective,2019/20,2,1796.455720,898.227860
RYR14,non_elective,2020/21,2,3028.907900,1514.453950
RYR16,elective,2012/13,619,151813.528600,245.256104
RYR16,elective,2013/14,5570,20405607.522899,3663.484294
RYR16,elective,2014/15,5111,19394857.419307,3794.728510
RYR16,elective,2015/16,4696,22165794.335520,4720.143597
RYR16,elective,2016/17,4402,20974872.232408,4764.850575
RYR16,elective,2017/18,3865,18846308.260577,4876.147027
RYR16,elective,2018/19,3733,19508271.256757,5225.896398
RYR16,elective,2019/20,3470,18306172.138829,5275.553930
RYR16,elective,2020/21,1414,7973520.240247,5638.981782
RYR16,elective,2021/22,2591,14734435.585063,5686.775602
RYR16,elective,2022/23,2316,13204562.895844,5701.452027
RYR16,elective,2023/24,1650,9156127.479395,5549.168169
RYR16,non_elective,2012/13,2836,502798.408004,177.291399
RYR16,non_elective,2013/14,22529,41400263.729408,1837.643203
RYR16,non_elective,2014/15,24383,43982141.253556,1803.803521
RYR16,non_elective,2015/16,26381,55262546.679591,2094.785894
RYR16,non_elective,2016/17,28190,60814898.684345,2157.321698
RYR16,non_elective,2017/18,28714,65205532.355079,2270.862030
RYR16,non_elective,2018/19,30883,66685424.690371,2159.292319
RYR16,non_elective,2019/20,30977,69937382.987037,2257.719694
RYR16,non_elective,2020/21,26210,66402451.915178,2533.477753
RYR16,non_elective,2021/22,29428,74144377.428911,2519.518058
RYR16,non_elective,2022/23,26240,67926670.406225,2588.668841
RYR16,non_elective,2023/24,18836,48269786.953147,2562.634686
RYR18,elective,2012/13,329,23055.767640,70.078321
RYR18,elective,2013/14,3484,8199054.688720,2353.345203
RYR18,elective,2014/15,3260,7861539.716465,2411.515250
RYR18,elective,2015/16,2953,8977536.782012,3040.141138
RYR18,elective,2016/17,2998,9218986.697485,3075.045596
RYR18,elective,2017/18,2384,7901373.889196,3314.334685
RYR18,elective,2018/19,2166,7540289.046827,3481.204546
RYR18,elective,2019/20,2211,7770980.751441,3514.690525
RYR18,elective,2020/21,1052,4263121.337721,4052.396708
RYR18,elective,2021/22,1648,6940203.683245,4211.288642
RYR18,elective,2022/23,1695,7290669.832522,4301.280137
RYR18,elective,2023/24,957,3734389.064658,3902.182930
RYR18,non_elective,2012/13,3918,625126.928180,159.552559
RYR18,non_elective,2013/14,25319,48941448.105976,1932.992934
RYR18,non_elective,2014/15,26332,51052588.896794,1938.804074
RYR18,non_elective,2015/16,28750,66203733.978603,2302.738573
RYR18,non_elective,2016/17,30502,72753957.967670,2385.219263
RYR18,non_elective,2017/18,30821,75029282.815100,2434.355887
RYR18,non_elective,2018/19,32497,78372145.416308,2411.673244
RYR18,non_elective,2019/20,33700,80284146.243755,2382.318879
RYR18,non_elective,2020/21,30024,74758132.400092,2489.945790
RYR18,non_elective,2021/22,30868,83981534.221732,2720.666522
RYR18,non_elective,2022/23,26941,73832482.301507,2740.524936
RYR18,non_elective,2023/24,23587,53041306.909862,2248.751723
RYR23,elective,2014/15,18,69921.776704,3884.543150
RYR23,elective,2015/16,33,215783.576600,6538.896260
RYR23,elective,2019/20,2,14058.310460,7029.155230
RYR23,elective,2020/21,4,23709.037700,5927.259425
RYR23,elective,2021/22,171,1047597.544416,6126.301429
RYR23,elective,2022/23,128,851013.452545,6648.542598
RYR23,elective,2023/24,45,263070.709178,5846.015759
RYR24,elective,2018/19,116,848915.150486,7318.234055
RYR24,elective,2019/20,169,1310975.050631,7757.248820
RYR24,elective,2022/23,1007,6286928.158926,6243.225579
RYR24,elective,2023/24,481,3030455.055711,6300.322361
RYR24,non_elective,2021/22,1,2096.213157,2096.213157
RYR24,non_elective,2022/23,36,113332.333559,3148.120376
RYR24,non_elective,2023/24,8,26788.079248,3348.509906
RYR98,elective,2020/21,4,13093.237736,3273.309434
RYV00,elective,2013/14,121,112820.457525,932.400475
RYV00,elective,2014/15,6,5906.286725,984.381120
RYV00,non_elective,2012/13,345,11366.733490,32.947053
RYV00,non_elective,2013/14,3544,2733904.840405,771.417844
RYV00,non_elective,2014/15,234,171717.227535,733.834305
RYV01,elective,2012/13,23,29699.716355,1291.292015
RYV01,elective,2013/14,219,724920.476530,3310.139162
RYV01,non_elective,2012/13,2,2364.700180,1182.350090
RYV01,non_elective,2013/14,20,48409.696245,2420.484812
RYV02,non_elective,2013/14,4,15591.285660,3897.821415
RYV02,non_elective,2014/15,11,37789.307590,3435.391599
RYV03,elective,2013/14,59,440807.869275,7471.319818
RYV03,elective,2014/15,25,115224.496525,4608.979861
RYV03,non_elective,2013/14,6,21319.454950,3553.242491
RYV03,non_elective,2014/15,1,545.279755,545.279755
RYV05,elective,2014/15,125,119245.798125,953.966385
RYV05,elective,2015/16,276,179782.429614,651.385614
RYV05,elective,2016/17,88,89756.097877,1019.955657
RYV05,elective,2017/18,120,97406.834198,811.723618
RYV05,elective,2018/19,108,81560.736392,755.192003
RYV05,non_elective,2014/15,3269,2593917.130990,793.489486
RYV05,non_elective,2015/16,3867,3763435.756593,973.218452
RYV05,non_elective,2016/17,3477,3301531.255861,949.534442
RYV05,non_elective,2017/18,3315,3317603.934365,1000.785500
RYV05,non_elective,2018/19,3688,3679035.485949,997.569274
RYV06,non_elective,2014/15,6,3767.784760,627.964126
RYW00,elective,2012/13,69,169626.218940,2458.350999
RYW00,elective,2013/14,661,1994477.014440,3017.363108
RYW00,elective,2015/16,148,919868.279182,6215.326210
RYW00,elective,2016/17,228,1536983.115714,6741.154016
RYW00,elective,2017/18,154,1129434.154522,7333.988016
RYW00,elective,2018/19,61,381800.109832,6259.018193
RYW00,non_elective,2012/13,111,630122.210730,5676.776673
RYW00,non_elective,2013/14,767,3362876.827470,4384.454794
RYW00,non_elective,2015/16,139,1056174.688460,7598.379053
RYW00,non_elective,2016/17,341,1450814.626574,4254.588347
RYW00,non_elective,2017/18,162,172870.616934,1067.102573
RYW00,non_elective,2018/19,152,252426.809432,1660.702693
RYW04,elective,2015/16,60,353054.914124,5884.248568
RYW04,non_elective,2015/16,45,480017.929130,10667.065091
RYW21,elective,2014/15,3,1692.817380,564.272460
RYW21,elective,2015/16,4,3556.193152,889.048288
RYW22,elective,2013/14,1,48157.590060,48157.590060
RYW22,elective,2014/15,202,520758.944678,2578.014577
RYW22,elective,2015/16,92,335973.235166,3651.882990
RYW22,non_elective,2014/15,29,125220.095366,4317.934322
RYW22,non_elective,2015/16,46,308434.754764,6705.103364
RYW23,elective,2013/14,7,44652.549330,6378.935618
RYW23,elective,2014/15,57,288262.382594,5057.234782
RYW23,elective,2015/16,19,84589.589704,4452.083668
RYW23,non_elective,2013/14,36,245827.304910,6828.536247
RYW23,non_elective,2014/15,471,1792062.177376,3804.802924
RYW23,non_elective,2015/16,628,3535889.721404,5630.397645
RYW24,elective,2013/14,6,38993.974380,6498.995730
RYW24,elective,2014/15,77,390157.399052,5066.979208
RYW24,elective,2015/16,23,131995.363806,5738.928861
RYW24,non_elective,2013/14,29,204726.290670,7059.527264
RYW24,non_elective,2014/15,297,1532601.512960,5160.274454
RYW24,non_elective,2015/16,228,1620608.171898,7107.930578
RYW77,elective,2013/14,3,6377.124150,2125.708050
RYW77,elective,2014/15,156,182834.843940,1172.018230
RYW77,elective,2015/16,9,15046.722912,1671.858101
RYWK5,elective,2015/16,9,30843.056114,3427.006234
RYWK5,non_elective,2015/16,42,284475.532446,6773.226963
